2026-05-13 13:31:22.106 [main] INFO  com.in28minutes.webscraper.Main - In28Minutes Interview Guide Scraper starting...
2026-05-13 13:31:22.108 [main] INFO  com.in28minutes.webscraper.Main - Phase 1: Web scraping initiated.
2026-05-13 13:31:22.110 [main] INFO  c.i.webscraper.scraper.WebScraper - ===== Starting topic discovery from: https://interview.in28minutes.com =====
2026-05-13 13:31:22.112 [main] DEBUG c.i.webscraper.scraper.WebScraper - Sleeping 2500ms before fetching: https://interview.in28minutes.com
2026-05-13 13:31:25.667 [main] WARN  c.i.webscraper.scraper.WebScraper - IOException on attempt 1/3 for URL 'https://interview.in28minutes.com': PKIX path building failed: sun.security.provider.certpath.SunCertPathBuilderException: unable to find valid certification path to requested target. Backing off 5000ms.
2026-05-13 13:31:30.681 [main] DEBUG c.i.webscraper.scraper.WebScraper - Sleeping 2500ms before fetching: https://interview.in28minutes.com
2026-05-13 13:31:33.284 [main] WARN  c.i.webscraper.scraper.WebScraper - IOException on attempt 2/3 for URL 'https://interview.in28minutes.com': PKIX path building failed: sun.security.provider.certpath.SunCertPathBuilderException: unable to find valid certification path to requested target. Backing off 10000ms.
2026-05-13 13:31:43.292 [main] DEBUG c.i.webscraper.scraper.WebScraper - Sleeping 2500ms before fetching: https://interview.in28minutes.com
2026-05-13 13:31:45.922 [main] WARN  c.i.webscraper.scraper.WebScraper - IOException on attempt 3/3 for URL 'https://interview.in28minutes.com': PKIX path building failed: sun.security.provider.certpath.SunCertPathBuilderException: unable to find valid certification path to requested target. Backing off 15000ms.
2026-05-13 13:31:45.922 [main] ERROR c.i.webscraper.scraper.WebScraper - All 3 attempts exhausted for URL: https://interview.in28minutes.com
2026-05-13 13:31:45.923 [main] WARN  c.i.webscraper.scraper.WebScraper - Dynamic topic discovery returned no results – using fallback topic list.
2026-05-13 13:31:45.923 [main] INFO  c.i.webscraper.scraper.WebScraper - Discovered 12 topics to scrape: [Java, Spring, Spring Boot, Hibernate, Microservices, DevOps, Docker, Kubernetes, Terraform, AWS, Azure, Git]
2026-05-13 13:31:45.923 [main] INFO  c.i.webscraper.scraper.WebScraper - ---------- Scraping topic: Java (https://interview.in28minutes.com/java/)
2026-05-13 13:31:45.927 [main] DEBUG c.i.webscraper.scraper.WebScraper - Sleeping 2500ms before fetching: https://interview.in28minutes.com/java/
2026-05-13 13:31:48.536 [main] WARN  c.i.webscraper.scraper.WebScraper - IOException on attempt 1/3 for URL 'https://interview.in28minutes.com/java/': PKIX path building failed: sun.security.provider.certpath.SunCertPathBuilderException: unable to find valid certification path to requested target. Backing off 5000ms.
2026-05-13 13:31:53.542 [main] DEBUG c.i.webscraper.scraper.WebScraper - Sleeping 2500ms before fetching: https://interview.in28minutes.com/java/
2026-05-13 13:31:56.195 [main] WARN  c.i.webscraper.scraper.WebScraper - IOException on attempt 2/3 for URL 'https://interview.in28minutes.com/java/': PKIX path building failed: sun.security.provider.certpath.SunCertPathBuilderException: unable to find valid certification path to requested target. Backing off 10000ms.
2026-05-13 13:32:06.197 [main] DEBUG c.i.webscraper.scraper.WebScraper - Sleeping 2500ms before fetching: https://interview.in28minutes.com/java/
2026-05-13 13:32:08.862 [main] WARN  c.i.webscraper.scraper.WebScraper - IOException on attempt 3/3 for URL 'https://interview.in28minutes.com/java/': PKIX path building failed: sun.security.provider.certpath.SunCertPathBuilderException: unable to find valid certification path to requested target. Backing off 15000ms.
2026-05-13 13:32:08.863 [main] ERROR c.i.webscraper.scraper.WebScraper - All 3 attempts exhausted for URL: https://interview.in28minutes.com/java/
2026-05-13 13:32:08.864 [main] WARN  c.i.webscraper.scraper.WebScraper - Could not fetch topic page for 'Java' (https://interview.in28minutes.com/java/)
2026-05-13 13:32:08.874 [main] WARN  c.i.webscraper.scraper.WebScraper - Topic 'Java' yielded no sections – skipping.
2026-05-13 13:32:08.875 [main] INFO  c.i.webscraper.scraper.WebScraper - ---------- Scraping topic: Spring (https://interview.in28minutes.com/spring/)
2026-05-13 13:32:08.876 [main] DEBUG c.i.webscraper.scraper.WebScraper - Sleeping 2500ms before fetching: https://interview.in28minutes.com/spring/
2026-05-13 13:32:11.484 [main] WARN  c.i.webscraper.scraper.WebScraper - IOException on attempt 1/3 for URL 'https://interview.in28minutes.com/spring/': PKIX path building failed: sun.security.provider.certpath.SunCertPathBuilderException: unable to find valid certification path to requested target. Backing off 5000ms.
2026-05-13 13:32:16.491 [main] DEBUG c.i.webscraper.scraper.WebScraper - Sleeping 2500ms before fetching: https://interview.in28minutes.com/spring/
2026-05-13 13:32:19.144 [main] WARN  c.i.webscraper.scraper.WebScraper - IOException on attempt 2/3 for URL 'https://interview.in28minutes.com/spring/': PKIX path building failed: sun.security.provider.certpath.SunCertPathBuilderException: unable to find valid certification path to requested target. Backing off 10000ms.
2026-05-13 13:32:29.147 [main] DEBUG c.i.webscraper.scraper.WebScraper - Sleeping 2500ms before fetching: https://interview.in28minutes.com/spring/
2026-05-13 13:32:31.764 [main] WARN  c.i.webscraper.scraper.WebScraper - IOException on attempt 3/3 for URL 'https://interview.in28minutes.com/spring/': PKIX path building failed: sun.security.provider.certpath.SunCertPathBuilderException: unable to find valid certification path to requested target. Backing off 15000ms.
2026-05-13 13:32:31.765 [main] ERROR c.i.webscraper.scraper.WebScraper - All 3 attempts exhausted for URL: https://interview.in28minutes.com/spring/
2026-05-13 13:32:31.766 [main] WARN  c.i.webscraper.scraper.WebScraper - Could not fetch topic page for 'Spring' (https://interview.in28minutes.com/spring/)
2026-05-13 13:32:31.766 [main] WARN  c.i.webscraper.scraper.WebScraper - Topic 'Spring' yielded no sections – skipping.
2026-05-13 13:32:31.766 [main] INFO  c.i.webscraper.scraper.WebScraper - ---------- Scraping topic: Spring Boot (https://interview.in28minutes.com/spring-boot/)
2026-05-13 13:32:31.767 [main] DEBUG c.i.webscraper.scraper.WebScraper - Sleeping 2500ms before fetching: https://interview.in28minutes.com/spring-boot/
2026-05-13 13:32:34.388 [main] WARN  c.i.webscraper.scraper.WebScraper - IOException on attempt 1/3 for URL 'https://interview.in28minutes.com/spring-boot/': PKIX path building failed: sun.security.provider.certpath.SunCertPathBuilderException: unable to find valid certification path to requested target. Backing off 5000ms.
2026-05-13 13:32:39.390 [main] DEBUG c.i.webscraper.scraper.WebScraper - Sleeping 2500ms before fetching: https://interview.in28minutes.com/spring-boot/
2026-05-13 13:32:41.990 [main] WARN  c.i.webscraper.scraper.WebScraper - IOException on attempt 2/3 for URL 'https://interview.in28minutes.com/spring-boot/': PKIX path building failed: sun.security.provider.certpath.SunCertPathBuilderException: unable to find valid certification path to requested target. Backing off 10000ms.
2026-05-13 13:32:52.004 [main] DEBUG c.i.webscraper.scraper.WebScraper - Sleeping 2500ms before fetching: https://interview.in28minutes.com/spring-boot/
2026-05-13 13:32:54.734 [main] WARN  c.i.webscraper.scraper.WebScraper - IOException on attempt 3/3 for URL 'https://interview.in28minutes.com/spring-boot/': PKIX path building failed: sun.security.provider.certpath.SunCertPathBuilderException: unable to find valid certification path to requested target. Backing off 15000ms.
2026-05-13 13:32:54.735 [main] ERROR c.i.webscraper.scraper.WebScraper - All 3 attempts exhausted for URL: https://interview.in28minutes.com/spring-boot/
2026-05-13 13:32:54.735 [main] WARN  c.i.webscraper.scraper.WebScraper - Could not fetch topic page for 'Spring Boot' (https://interview.in28minutes.com/spring-boot/)
2026-05-13 13:32:54.736 [main] WARN  c.i.webscraper.scraper.WebScraper - Topic 'Spring Boot' yielded no sections – skipping.
2026-05-13 13:32:54.736 [main] INFO  c.i.webscraper.scraper.WebScraper - ---------- Scraping topic: Hibernate (https://interview.in28minutes.com/hibernate/)
2026-05-13 13:32:54.736 [main] DEBUG c.i.webscraper.scraper.WebScraper - Sleeping 2500ms before fetching: https://interview.in28minutes.com/hibernate/
2026-05-13 13:32:57.404 [main] WARN  c.i.webscraper.scraper.WebScraper - IOException on attempt 1/3 for URL 'https://interview.in28minutes.com/hibernate/': PKIX path building failed: sun.security.provider.certpath.SunCertPathBuilderException: unable to find valid certification path to requested target. Backing off 5000ms.
2026-05-13 13:33:02.415 [main] DEBUG c.i.webscraper.scraper.WebScraper - Sleeping 2500ms before fetching: https://interview.in28minutes.com/hibernate/
2026-05-13 13:33:05.079 [main] WARN  c.i.webscraper.scraper.WebScraper - IOException on attempt 2/3 for URL 'https://interview.in28minutes.com/hibernate/': PKIX path building failed: sun.security.provider.certpath.SunCertPathBuilderException: unable to find valid certification path to requested target. Backing off 10000ms.
2026-05-13 13:33:15.084 [main] DEBUG c.i.webscraper.scraper.WebScraper - Sleeping 2500ms before fetching: https://interview.in28minutes.com/hibernate/
2026-05-13 13:33:17.771 [main] WARN  c.i.webscraper.scraper.WebScraper - IOException on attempt 3/3 for URL 'https://interview.in28minutes.com/hibernate/': PKIX path building failed: sun.security.provider.certpath.SunCertPathBuilderException: unable to find valid certification path to requested target. Backing off 15000ms.
2026-05-13 13:33:17.772 [main] ERROR c.i.webscraper.scraper.WebScraper - All 3 attempts exhausted for URL: https://interview.in28minutes.com/hibernate/
2026-05-13 13:33:17.772 [main] WARN  c.i.webscraper.scraper.WebScraper - Could not fetch topic page for 'Hibernate' (https://interview.in28minutes.com/hibernate/)
2026-05-13 13:33:17.772 [main] WARN  c.i.webscraper.scraper.WebScraper - Topic 'Hibernate' yielded no sections – skipping.
2026-05-13 13:33:17.772 [main] INFO  c.i.webscraper.scraper.WebScraper - ---------- Scraping topic: Microservices (https://interview.in28minutes.com/microservices/)
2026-05-13 13:33:17.772 [main] DEBUG c.i.webscraper.scraper.WebScraper - Sleeping 2500ms before fetching: https://interview.in28minutes.com/microservices/
2026-05-13 13:33:20.361 [main] WARN  c.i.webscraper.scraper.WebScraper - IOException on attempt 1/3 for URL 'https://interview.in28minutes.com/microservices/': PKIX path building failed: sun.security.provider.certpath.SunCertPathBuilderException: unable to find valid certification path to requested target. Backing off 5000ms.
2026-05-13 13:33:25.373 [main] DEBUG c.i.webscraper.scraper.WebScraper - Sleeping 2500ms before fetching: https://interview.in28minutes.com/microservices/
2026-05-13 13:33:28.005 [main] WARN  c.i.webscraper.scraper.WebScraper - IOException on attempt 2/3 for URL 'https://interview.in28minutes.com/microservices/': PKIX path building failed: sun.security.provider.certpath.SunCertPathBuilderException: unable to find valid certification path to requested target. Backing off 10000ms.
2026-05-13 13:33:38.012 [main] DEBUG c.i.webscraper.scraper.WebScraper - Sleeping 2500ms before fetching: https://interview.in28minutes.com/microservices/
2026-05-13 13:33:40.666 [main] WARN  c.i.webscraper.scraper.WebScraper - IOException on attempt 3/3 for URL 'https://interview.in28minutes.com/microservices/': PKIX path building failed: sun.security.provider.certpath.SunCertPathBuilderException: unable to find valid certification path to requested target. Backing off 15000ms.
2026-05-13 13:33:40.666 [main] ERROR c.i.webscraper.scraper.WebScraper - All 3 attempts exhausted for URL: https://interview.in28minutes.com/microservices/
2026-05-13 13:33:40.667 [main] WARN  c.i.webscraper.scraper.WebScraper - Could not fetch topic page for 'Microservices' (https://interview.in28minutes.com/microservices/)
2026-05-13 13:33:40.667 [main] WARN  c.i.webscraper.scraper.WebScraper - Topic 'Microservices' yielded no sections – skipping.
2026-05-13 13:33:40.667 [main] INFO  c.i.webscraper.scraper.WebScraper - ---------- Scraping topic: DevOps (https://interview.in28minutes.com/devops/)
2026-05-13 13:33:40.667 [main] DEBUG c.i.webscraper.scraper.WebScraper - Sleeping 2500ms before fetching: https://interview.in28minutes.com/devops/
2026-05-13 13:33:43.300 [main] WARN  c.i.webscraper.scraper.WebScraper - IOException on attempt 1/3 for URL 'https://interview.in28minutes.com/devops/': PKIX path building failed: sun.security.provider.certpath.SunCertPathBuilderException: unable to find valid certification path to requested target. Backing off 5000ms.
2026-05-13 13:33:48.305 [main] DEBUG c.i.webscraper.scraper.WebScraper - Sleeping 2500ms before fetching: https://interview.in28minutes.com/devops/
2026-05-13 13:33:50.891 [main] WARN  c.i.webscraper.scraper.WebScraper - IOException on attempt 2/3 for URL 'https://interview.in28minutes.com/devops/': PKIX path building failed: sun.security.provider.certpath.SunCertPathBuilderException: unable to find valid certification path to requested target. Backing off 10000ms.
2026-05-13 13:34:00.905 [main] DEBUG c.i.webscraper.scraper.WebScraper - Sleeping 2500ms before fetching: https://interview.in28minutes.com/devops/
2026-05-13 13:34:03.702 [main] WARN  c.i.webscraper.scraper.WebScraper - IOException on attempt 3/3 for URL 'https://interview.in28minutes.com/devops/': PKIX path building failed: sun.security.provider.certpath.SunCertPathBuilderException: unable to find valid certification path to requested target. Backing off 15000ms.
2026-05-13 13:34:03.703 [main] ERROR c.i.webscraper.scraper.WebScraper - All 3 attempts exhausted for URL: https://interview.in28minutes.com/devops/
2026-05-13 13:34:03.704 [main] WARN  c.i.webscraper.scraper.WebScraper - Could not fetch topic page for 'DevOps' (https://interview.in28minutes.com/devops/)
2026-05-13 13:34:03.704 [main] WARN  c.i.webscraper.scraper.WebScraper - Topic 'DevOps' yielded no sections – skipping.
2026-05-13 13:34:03.705 [main] INFO  c.i.webscraper.scraper.WebScraper - ---------- Scraping topic: Docker (https://interview.in28minutes.com/docker/)
2026-05-13 13:34:03.705 [main] DEBUG c.i.webscraper.scraper.WebScraper - Sleeping 2500ms before fetching: https://interview.in28minutes.com/docker/
2026-05-13 13:34:06.428 [main] WARN  c.i.webscraper.scraper.WebScraper - IOException on attempt 1/3 for URL 'https://interview.in28minutes.com/docker/': PKIX path building failed: sun.security.provider.certpath.SunCertPathBuilderException: unable to find valid certification path to requested target. Backing off 5000ms.
2026-05-13 13:34:11.436 [main] DEBUG c.i.webscraper.scraper.WebScraper - Sleeping 2500ms before fetching: https://interview.in28minutes.com/docker/
2026-05-13 13:34:14.047 [main] WARN  c.i.webscraper.scraper.WebScraper - IOException on attempt 2/3 for URL 'https://interview.in28minutes.com/docker/': PKIX path building failed: sun.security.provider.certpath.SunCertPathBuilderException: unable to find valid certification path to requested target. Backing off 10000ms.
2026-05-13 13:34:24.057 [main] DEBUG c.i.webscraper.scraper.WebScraper - Sleeping 2500ms before fetching: https://interview.in28minutes.com/docker/
2026-05-13 13:34:26.886 [main] WARN  c.i.webscraper.scraper.WebScraper - IOException on attempt 3/3 for URL 'https://interview.in28minutes.com/docker/': PKIX path building failed: sun.security.provider.certpath.SunCertPathBuilderException: unable to find valid certification path to requested target. Backing off 15000ms.
2026-05-13 13:34:26.887 [main] ERROR c.i.webscraper.scraper.WebScraper - All 3 attempts exhausted for URL: https://interview.in28minutes.com/docker/
2026-05-13 13:34:26.887 [main] WARN  c.i.webscraper.scraper.WebScraper - Could not fetch topic page for 'Docker' (https://interview.in28minutes.com/docker/)
2026-05-13 13:34:26.887 [main] WARN  c.i.webscraper.scraper.WebScraper - Topic 'Docker' yielded no sections – skipping.
2026-05-13 13:34:26.888 [main] INFO  c.i.webscraper.scraper.WebScraper - ---------- Scraping topic: Kubernetes (https://interview.in28minutes.com/kubernetes/)
2026-05-13 13:34:26.888 [main] DEBUG c.i.webscraper.scraper.WebScraper - Sleeping 2500ms before fetching: https://interview.in28minutes.com/kubernetes/
2026-05-13 13:34:29.470 [main] WARN  c.i.webscraper.scraper.WebScraper - IOException on attempt 1/3 for URL 'https://interview.in28minutes.com/kubernetes/': PKIX path building failed: sun.security.provider.certpath.SunCertPathBuilderException: unable to find valid certification path to requested target. Backing off 5000ms.
2026-05-13 13:34:34.474 [main] DEBUG c.i.webscraper.scraper.WebScraper - Sleeping 2500ms before fetching: https://interview.in28minutes.com/kubernetes/
2026-05-13 13:34:37.062 [main] WARN  c.i.webscraper.scraper.WebScraper - IOException on attempt 2/3 for URL 'https://interview.in28minutes.com/kubernetes/': PKIX path building failed: sun.security.provider.certpath.SunCertPathBuilderException: unable to find valid certification path to requested target. Backing off 10000ms.
2026-05-13 13:34:47.074 [main] DEBUG c.i.webscraper.scraper.WebScraper - Sleeping 2500ms before fetching: https://interview.in28minutes.com/kubernetes/
2026-05-13 13:34:49.691 [main] WARN  c.i.webscraper.scraper.WebScraper - IOException on attempt 3/3 for URL 'https://interview.in28minutes.com/kubernetes/': PKIX path building failed: sun.security.provider.certpath.SunCertPathBuilderException: unable to find valid certification path to requested target. Backing off 15000ms.
2026-05-13 13:34:49.692 [main] ERROR c.i.webscraper.scraper.WebScraper - All 3 attempts exhausted for URL: https://interview.in28minutes.com/kubernetes/
2026-05-13 13:34:49.693 [main] WARN  c.i.webscraper.scraper.WebScraper - Could not fetch topic page for 'Kubernetes' (https://interview.in28minutes.com/kubernetes/)
2026-05-13 13:34:49.695 [main] WARN  c.i.webscraper.scraper.WebScraper - Topic 'Kubernetes' yielded no sections – skipping.
2026-05-13 13:34:49.695 [main] INFO  c.i.webscraper.scraper.WebScraper - ---------- Scraping topic: Terraform (https://interview.in28minutes.com/terraform/)
2026-05-13 13:34:49.696 [main] DEBUG c.i.webscraper.scraper.WebScraper - Sleeping 2500ms before fetching: https://interview.in28minutes.com/terraform/
2026-05-13 13:34:52.295 [main] WARN  c.i.webscraper.scraper.WebScraper - IOException on attempt 1/3 for URL 'https://interview.in28minutes.com/terraform/': PKIX path building failed: sun.security.provider.certpath.SunCertPathBuilderException: unable to find valid certification path to requested target. Backing off 5000ms.
2026-05-13 13:34:57.310 [main] DEBUG c.i.webscraper.scraper.WebScraper - Sleeping 2500ms before fetching: https://interview.in28minutes.com/terraform/
2026-05-13 13:34:59.893 [main] WARN  c.i.webscraper.scraper.WebScraper - IOException on attempt 2/3 for URL 'https://interview.in28minutes.com/terraform/': PKIX path building failed: sun.security.provider.certpath.SunCertPathBuilderException: unable to find valid certification path to requested target. Backing off 10000ms.
2026-05-13 13:35:09.895 [main] DEBUG c.i.webscraper.scraper.WebScraper - Sleeping 2500ms before fetching: https://interview.in28minutes.com/terraform/
2026-05-13 13:35:12.487 [main] WARN  c.i.webscraper.scraper.WebScraper - IOException on attempt 3/3 for URL 'https://interview.in28minutes.com/terraform/': PKIX path building failed: sun.security.provider.certpath.SunCertPathBuilderException: unable to find valid certification path to requested target. Backing off 15000ms.
2026-05-13 13:35:12.488 [main] ERROR c.i.webscraper.scraper.WebScraper - All 3 attempts exhausted for URL: https://interview.in28minutes.com/terraform/
2026-05-13 13:35:12.488 [main] WARN  c.i.webscraper.scraper.WebScraper - Could not fetch topic page for 'Terraform' (https://interview.in28minutes.com/terraform/)
2026-05-13 13:35:12.489 [main] WARN  c.i.webscraper.scraper.WebScraper - Topic 'Terraform' yielded no sections – skipping.
2026-05-13 13:35:12.490 [main] INFO  c.i.webscraper.scraper.WebScraper - ---------- Scraping topic: AWS (https://interview.in28minutes.com/aws/)
2026-05-13 13:35:12.492 [main] DEBUG c.i.webscraper.scraper.WebScraper - Sleeping 2500ms before fetching: https://interview.in28minutes.com/aws/
2026-05-13 13:35:15.116 [main] WARN  c.i.webscraper.scraper.WebScraper - IOException on attempt 1/3 for URL 'https://interview.in28minutes.com/aws/': PKIX path building failed: sun.security.provider.certpath.SunCertPathBuilderException: unable to find valid certification path to requested target. Backing off 5000ms.
2026-05-13 13:35:20.130 [main] DEBUG c.i.webscraper.scraper.WebScraper - Sleeping 2500ms before fetching: https://interview.in28minutes.com/aws/
2026-05-13 13:35:22.715 [main] WARN  c.i.webscraper.scraper.WebScraper - IOException on attempt 2/3 for URL 'https://interview.in28minutes.com/aws/': PKIX path building failed: sun.security.provider.certpath.SunCertPathBuilderException: unable to find valid certification path to requested target. Backing off 10000ms.
2026-05-13 13:35:32.724 [main] DEBUG c.i.webscraper.scraper.WebScraper - Sleeping 2500ms before fetching: https://interview.in28minutes.com/aws/
2026-05-13 13:35:35.301 [main] WARN  c.i.webscraper.scraper.WebScraper - IOException on attempt 3/3 for URL 'https://interview.in28minutes.com/aws/': PKIX path building failed: sun.security.provider.certpath.SunCertPathBuilderException: unable to find valid certification path to requested target. Backing off 15000ms.
2026-05-13 13:35:35.302 [main] ERROR c.i.webscraper.scraper.WebScraper - All 3 attempts exhausted for URL: https://interview.in28minutes.com/aws/
2026-05-13 13:35:35.302 [main] WARN  c.i.webscraper.scraper.WebScraper - Could not fetch topic page for 'AWS' (https://interview.in28minutes.com/aws/)
2026-05-13 13:35:35.302 [main] WARN  c.i.webscraper.scraper.WebScraper - Topic 'AWS' yielded no sections – skipping.
2026-05-13 13:35:35.302 [main] INFO  c.i.webscraper.scraper.WebScraper - ---------- Scraping topic: Azure (https://interview.in28minutes.com/azure/)
2026-05-13 13:35:35.302 [main] DEBUG c.i.webscraper.scraper.WebScraper - Sleeping 2500ms before fetching: https://interview.in28minutes.com/azure/
2026-05-13 13:35:37.948 [main] WARN  c.i.webscraper.scraper.WebScraper - IOException on attempt 1/3 for URL 'https://interview.in28minutes.com/azure/': PKIX path building failed: sun.security.provider.certpath.SunCertPathBuilderException: unable to find valid certification path to requested target. Backing off 5000ms.
2026-05-13 13:35:42.950 [main] DEBUG c.i.webscraper.scraper.WebScraper - Sleeping 2500ms before fetching: https://interview.in28minutes.com/azure/
2026-05-13 13:35:45.528 [main] WARN  c.i.webscraper.scraper.WebScraper - IOException on attempt 2/3 for URL 'https://interview.in28minutes.com/azure/': PKIX path building failed: sun.security.provider.certpath.SunCertPathBuilderException: unable to find valid certification path to requested target. Backing off 10000ms.
2026-05-13 13:35:55.537 [main] DEBUG c.i.webscraper.scraper.WebScraper - Sleeping 2500ms before fetching: https://interview.in28minutes.com/azure/
2026-05-13 13:35:58.171 [main] WARN  c.i.webscraper.scraper.WebScraper - IOException on attempt 3/3 for URL 'https://interview.in28minutes.com/azure/': PKIX path building failed: sun.security.provider.certpath.SunCertPathBuilderException: unable to find valid certification path to requested target. Backing off 15000ms.
2026-05-13 13:35:58.172 [main] ERROR c.i.webscraper.scraper.WebScraper - All 3 attempts exhausted for URL: https://interview.in28minutes.com/azure/
2026-05-13 13:35:58.172 [main] WARN  c.i.webscraper.scraper.WebScraper - Could not fetch topic page for 'Azure' (https://interview.in28minutes.com/azure/)
2026-05-13 13:35:58.172 [main] WARN  c.i.webscraper.scraper.WebScraper - Topic 'Azure' yielded no sections – skipping.
2026-05-13 13:35:58.172 [main] INFO  c.i.webscraper.scraper.WebScraper - ---------- Scraping topic: Git (https://interview.in28minutes.com/git/)
2026-05-13 13:35:58.172 [main] DEBUG c.i.webscraper.scraper.WebScraper - Sleeping 2500ms before fetching: https://interview.in28minutes.com/git/
2026-05-13 13:36:00.769 [main] WARN  c.i.webscraper.scraper.WebScraper - IOException on attempt 1/3 for URL 'https://interview.in28minutes.com/git/': PKIX path building failed: sun.security.provider.certpath.SunCertPathBuilderException: unable to find valid certification path to requested target. Backing off 5000ms.
2026-05-13 13:36:05.779 [main] DEBUG c.i.webscraper.scraper.WebScraper - Sleeping 2500ms before fetching: https://interview.in28minutes.com/git/
2026-05-13 13:36:08.370 [main] WARN  c.i.webscraper.scraper.WebScraper - IOException on attempt 2/3 for URL 'https://interview.in28minutes.com/git/': PKIX path building failed: sun.security.provider.certpath.SunCertPathBuilderException: unable to find valid certification path to requested target. Backing off 10000ms.
2026-05-13 14:56:12.477 [main] INFO  com.in28minutes.webscraper.Main - In28Minutes Interview Guide Scraper starting...
2026-05-13 14:56:12.481 [main] INFO  com.in28minutes.webscraper.Main - Phase 1: Web scraping initiated.
2026-05-13 14:56:12.483 [main] INFO  c.i.webscraper.scraper.WebScraper - ===== Starting scrape for 7 topic(s) =====
2026-05-13 14:56:12.491 [main] INFO  c.i.webscraper.scraper.WebScraper - ---------- Topic: Java → https://interview.in28minutes.com/java/
2026-05-13 14:56:12.494 [main] DEBUG c.i.webscraper.scraper.WebScraper - Sleeping 2500ms (attempt 1/3) before: https://interview.in28minutes.com/java/
2026-05-13 14:56:15.943 [main] WARN  c.i.webscraper.scraper.WebScraper - IOException attempt 1/3 for 'https://interview.in28minutes.com/java/': (certificate_unknown) PKIX path building failed: sun.security.provider.certpath.SunCertPathBuilderException: unable to find valid certification path to requested target – retrying in 5000ms.
2026-05-13 14:56:20.948 [main] DEBUG c.i.webscraper.scraper.WebScraper - Sleeping 2500ms (attempt 2/3) before: https://interview.in28minutes.com/java/
2026-05-13 14:56:23.572 [main] WARN  c.i.webscraper.scraper.WebScraper - IOException attempt 2/3 for 'https://interview.in28minutes.com/java/': (certificate_unknown) PKIX path building failed: sun.security.provider.certpath.SunCertPathBuilderException: unable to find valid certification path to requested target – retrying in 10000ms.
2026-05-13 14:56:33.577 [main] DEBUG c.i.webscraper.scraper.WebScraper - Sleeping 2500ms (attempt 3/3) before: https://interview.in28minutes.com/java/
2026-05-13 14:56:36.194 [main] WARN  c.i.webscraper.scraper.WebScraper - IOException attempt 3/3 for 'https://interview.in28minutes.com/java/': (certificate_unknown) PKIX path building failed: sun.security.provider.certpath.SunCertPathBuilderException: unable to find valid certification path to requested target – retrying in 15000ms.
2026-05-13 14:56:36.195 [main] ERROR c.i.webscraper.scraper.WebScraper - All 3 retries exhausted for: https://interview.in28minutes.com/java/
2026-05-13 14:56:36.195 [main] WARN  c.i.webscraper.scraper.WebScraper - Failed to fetch topic page for 'Java'.
2026-05-13 14:56:36.197 [main] WARN  c.i.webscraper.scraper.WebScraper - Topic 'Java' yielded no sections – skipping PDF.
2026-05-13 14:56:36.197 [main] INFO  c.i.webscraper.scraper.WebScraper - ---------- Topic: DevOps → https://interview.in28minutes.com/devops/
2026-05-13 14:56:36.199 [main] DEBUG c.i.webscraper.scraper.WebScraper - Sleeping 2500ms (attempt 1/3) before: https://interview.in28minutes.com/devops/
2026-05-13 14:56:38.793 [main] WARN  c.i.webscraper.scraper.WebScraper - IOException attempt 1/3 for 'https://interview.in28minutes.com/devops/': (certificate_unknown) PKIX path building failed: sun.security.provider.certpath.SunCertPathBuilderException: unable to find valid certification path to requested target – retrying in 5000ms.
2026-05-13 14:56:43.806 [main] DEBUG c.i.webscraper.scraper.WebScraper - Sleeping 2500ms (attempt 2/3) before: https://interview.in28minutes.com/devops/
2026-05-13 14:56:46.389 [main] WARN  c.i.webscraper.scraper.WebScraper - IOException attempt 2/3 for 'https://interview.in28minutes.com/devops/': (certificate_unknown) PKIX path building failed: sun.security.provider.certpath.SunCertPathBuilderException: unable to find valid certification path to requested target – retrying in 10000ms.
2026-05-13 14:56:56.406 [main] DEBUG c.i.webscraper.scraper.WebScraper - Sleeping 2500ms (attempt 3/3) before: https://interview.in28minutes.com/devops/
2026-05-13 14:56:59.035 [main] WARN  c.i.webscraper.scraper.WebScraper - IOException attempt 3/3 for 'https://interview.in28minutes.com/devops/': (certificate_unknown) PKIX path building failed: sun.security.provider.certpath.SunCertPathBuilderException: unable to find valid certification path to requested target – retrying in 15000ms.
2026-05-13 14:56:59.037 [main] ERROR c.i.webscraper.scraper.WebScraper - All 3 retries exhausted for: https://interview.in28minutes.com/devops/
2026-05-13 14:56:59.037 [main] WARN  c.i.webscraper.scraper.WebScraper - Failed to fetch topic page for 'DevOps'.
2026-05-13 14:56:59.038 [main] WARN  c.i.webscraper.scraper.WebScraper - Topic 'DevOps' yielded no sections – skipping PDF.
2026-05-13 14:56:59.038 [main] INFO  c.i.webscraper.scraper.WebScraper - ---------- Topic: Cloud → https://interview.in28minutes.com/cloud/
2026-05-13 14:56:59.039 [main] DEBUG c.i.webscraper.scraper.WebScraper - Sleeping 2500ms (attempt 1/3) before: https://interview.in28minutes.com/cloud/
2026-05-13 14:57:01.616 [main] WARN  c.i.webscraper.scraper.WebScraper - IOException attempt 1/3 for 'https://interview.in28minutes.com/cloud/': (certificate_unknown) PKIX path building failed: sun.security.provider.certpath.SunCertPathBuilderException: unable to find valid certification path to requested target – retrying in 5000ms.
2026-05-13 14:57:06.632 [main] DEBUG c.i.webscraper.scraper.WebScraper - Sleeping 2500ms (attempt 2/3) before: https://interview.in28minutes.com/cloud/
2026-05-13 14:57:09.257 [main] WARN  c.i.webscraper.scraper.WebScraper - IOException attempt 2/3 for 'https://interview.in28minutes.com/cloud/': (certificate_unknown) PKIX path building failed: sun.security.provider.certpath.SunCertPathBuilderException: unable to find valid certification path to requested target – retrying in 10000ms.
2026-05-13 15:00:34.479 [main] INFO  com.in28minutes.webscraper.Main - In28Minutes Interview Guide Scraper starting...
2026-05-13 15:00:34.481 [main] INFO  com.in28minutes.webscraper.Main - Phase 1: Web scraping initiated.
2026-05-13 15:00:34.702 [main] INFO  c.i.webscraper.scraper.WebScraper - SSL trust-all installed (scraper mode).
2026-05-13 15:00:34.703 [main] INFO  c.i.webscraper.scraper.WebScraper - ===== Starting scrape for 7 topic(s) =====
2026-05-13 15:00:34.707 [main] INFO  c.i.webscraper.scraper.WebScraper - ---------- Topic: Java → https://interview.in28minutes.com/java/
2026-05-13 15:00:34.710 [main] DEBUG c.i.webscraper.scraper.WebScraper - Sleeping 2500ms (attempt 1/3) before: https://interview.in28minutes.com/java/
2026-05-13 15:00:38.951 [main] DEBUG c.i.webscraper.scraper.WebScraper - HTTP 200 ← https://interview.in28minutes.com/java/
2026-05-13 15:00:39.099 [main] DEBUG c.i.webscraper.scraper.WebScraper - Topic 'Java' → 17 card(s) found.
2026-05-13 15:00:39.102 [main] INFO  c.i.webscraper.scraper.WebScraper -   → Section: 'Java Platform' (https://interview.in28minutes.com/interview-guides/java/java-platform/)
2026-05-13 15:00:39.103 [main] DEBUG c.i.webscraper.scraper.WebScraper - Sleeping 2500ms (attempt 1/3) before: https://interview.in28minutes.com/interview-guides/java/java-platform/
2026-05-13 15:00:42.423 [main] DEBUG c.i.webscraper.scraper.WebScraper - HTTP 200 ← https://interview.in28minutes.com/interview-guides/java/java-platform/
2026-05-13 15:00:42.622 [main] DEBUG c.i.webscraper.scraper.WebScraper -      19 question heading(s) in 'Java Platform'.
2026-05-13 15:00:42.626 [main] DEBUG c.i.webscraper.scraper.WebScraper -        Q[30chars] | A[203chars] | Code[1]
2026-05-13 15:00:42.628 [main] DEBUG c.i.webscraper.scraper.WebScraper -        Q[36chars] | A[366chars] | Code[0]
2026-05-13 15:00:42.639 [main] DEBUG c.i.webscraper.scraper.WebScraper -        Q[32chars] | A[435chars] | Code[3]
2026-05-13 15:00:42.648 [main] DEBUG c.i.webscraper.scraper.WebScraper -        Q[66chars] | A[1195chars] | Code[6]
2026-05-13 15:00:42.650 [main] DEBUG c.i.webscraper.scraper.WebScraper -        Q[17chars] | A[290chars] | Code[0]
2026-05-13 15:00:42.653 [main] DEBUG c.i.webscraper.scraper.WebScraper -        Q[39chars] | A[208chars] | Code[2]
2026-05-13 15:00:42.654 [main] DEBUG c.i.webscraper.scraper.WebScraper -        Q[48chars] | A[154chars] | Code[3]
2026-05-13 15:00:42.656 [main] DEBUG c.i.webscraper.scraper.WebScraper -        Q[18chars] | A[151chars] | Code[1]
2026-05-13 15:00:42.656 [main] DEBUG c.i.webscraper.scraper.WebScraper -        Q[43chars] | A[64chars] | Code[0]
2026-05-13 15:00:42.658 [main] DEBUG c.i.webscraper.scraper.WebScraper -        Q[27chars] | A[478chars] | Code[1]
2026-05-13 15:00:42.659 [main] DEBUG c.i.webscraper.scraper.WebScraper -        Q[53chars] | A[131chars] | Code[0]
2026-05-13 15:00:42.660 [main] DEBUG c.i.webscraper.scraper.WebScraper -        Q[89chars] | A[365chars] | Code[2]
2026-05-13 15:00:42.661 [main] DEBUG c.i.webscraper.scraper.WebScraper -        Q[29chars] | A[366chars] | Code[0]
2026-05-13 15:00:42.662 [main] DEBUG c.i.webscraper.scraper.WebScraper -        Q[32chars] | A[172chars] | Code[0]
2026-05-13 15:00:42.662 [main] DEBUG c.i.webscraper.scraper.WebScraper -        Q[74chars] | A[118chars] | Code[0]
2026-05-13 15:00:42.664 [main] DEBUG c.i.webscraper.scraper.WebScraper -        Q[39chars] | A[347chars] | Code[1]
2026-05-13 15:00:42.670 [main] DEBUG c.i.webscraper.scraper.WebScraper -        Q[55chars] | A[1352chars] | Code[6]
2026-05-13 15:00:42.673 [main] DEBUG c.i.webscraper.scraper.WebScraper -        Q[55chars] | A[446chars] | Code[0]
2026-05-13 15:00:42.673 [main] INFO  c.i.webscraper.scraper.WebScraper -      18 Q&A pair(s) extracted.
2026-05-13 15:00:42.674 [main] INFO  c.i.webscraper.scraper.WebScraper -   → Section: 'Java Landscape' (https://interview.in28minutes.com/interview-guides/java/java-landscape/)
2026-05-13 15:00:42.674 [main] DEBUG c.i.webscraper.scraper.WebScraper - Sleeping 2500ms (attempt 1/3) before: https://interview.in28minutes.com/interview-guides/java/java-landscape/
2026-05-13 15:10:13.778 [main] INFO  com.in28minutes.webscraper.Main - In28Minutes Interview Guide Scraper starting...
2026-05-13 15:10:13.780 [main] INFO  com.in28minutes.webscraper.Main - Phase 1: Web scraping initiated.
2026-05-13 15:10:13.917 [main] INFO  c.i.webscraper.scraper.WebScraper - SSL trust-all installed (scraper mode).
2026-05-13 15:10:13.918 [main] INFO  c.i.webscraper.scraper.WebScraper - ===== Starting scrape for 7 topic(s) =====
2026-05-13 15:10:13.920 [main] INFO  c.i.webscraper.scraper.WebScraper - ---------- Topic: Java → https://interview.in28minutes.com/java/
2026-05-13 15:10:13.920 [main] DEBUG c.i.webscraper.scraper.WebScraper - Sleeping 2500ms (attempt 1/3) before: https://interview.in28minutes.com/java/
2026-05-13 15:10:17.847 [main] DEBUG c.i.webscraper.scraper.WebScraper - HTTP 200 ← https://interview.in28minutes.com/java/
2026-05-13 15:10:17.954 [main] DEBUG c.i.webscraper.scraper.WebScraper - Topic 'Java' → 17 card(s) found.
2026-05-13 15:10:17.957 [main] INFO  c.i.webscraper.scraper.WebScraper -   → Section: 'Java Platform' (https://interview.in28minutes.com/interview-guides/java/java-platform/)
2026-05-13 15:10:17.958 [main] DEBUG c.i.webscraper.scraper.WebScraper - Sleeping 2500ms (attempt 1/3) before: https://interview.in28minutes.com/interview-guides/java/java-platform/
2026-05-13 15:10:21.637 [main] DEBUG c.i.webscraper.scraper.WebScraper - HTTP 200 ← https://interview.in28minutes.com/interview-guides/java/java-platform/
2026-05-13 15:10:21.718 [main] DEBUG c.i.webscraper.scraper.WebScraper -      19 question heading(s) in 'Java Platform'.
2026-05-13 15:10:21.721 [main] DEBUG c.i.webscraper.scraper.WebScraper -        Q[30chars] | A[203chars] | Code[1]
2026-05-13 15:10:21.723 [main] DEBUG c.i.webscraper.scraper.WebScraper -        Q[36chars] | A[366chars] | Code[0]
2026-05-13 15:10:21.725 [main] DEBUG c.i.webscraper.scraper.WebScraper -        Q[32chars] | A[435chars] | Code[3]
2026-05-13 15:10:21.730 [main] DEBUG c.i.webscraper.scraper.WebScraper -        Q[66chars] | A[1195chars] | Code[6]
2026-05-13 15:10:21.732 [main] DEBUG c.i.webscraper.scraper.WebScraper -        Q[17chars] | A[290chars] | Code[0]
2026-05-13 15:10:21.734 [main] DEBUG c.i.webscraper.scraper.WebScraper -        Q[39chars] | A[208chars] | Code[2]
2026-05-13 15:10:21.735 [main] DEBUG c.i.webscraper.scraper.WebScraper -        Q[48chars] | A[154chars] | Code[3]
2026-05-13 15:10:21.736 [main] DEBUG c.i.webscraper.scraper.WebScraper -        Q[18chars] | A[151chars] | Code[1]
2026-05-13 15:10:21.736 [main] DEBUG c.i.webscraper.scraper.WebScraper -        Q[43chars] | A[64chars] | Code[0]
2026-05-13 15:10:21.738 [main] DEBUG c.i.webscraper.scraper.WebScraper -        Q[27chars] | A[478chars] | Code[1]
2026-05-13 15:10:21.739 [main] DEBUG c.i.webscraper.scraper.WebScraper -        Q[53chars] | A[131chars] | Code[0]
2026-05-13 15:10:21.739 [main] DEBUG c.i.webscraper.scraper.WebScraper -        Q[89chars] | A[365chars] | Code[2]
2026-05-13 15:10:21.740 [main] DEBUG c.i.webscraper.scraper.WebScraper -        Q[29chars] | A[366chars] | Code[0]
2026-05-13 15:10:21.742 [main] DEBUG c.i.webscraper.scraper.WebScraper -        Q[32chars] | A[172chars] | Code[0]
2026-05-13 15:10:21.743 [main] DEBUG c.i.webscraper.scraper.WebScraper -        Q[74chars] | A[118chars] | Code[0]
2026-05-13 15:10:21.744 [main] DEBUG c.i.webscraper.scraper.WebScraper -        Q[39chars] | A[347chars] | Code[1]
2026-05-13 15:10:21.749 [main] DEBUG c.i.webscraper.scraper.WebScraper -        Q[55chars] | A[1352chars] | Code[6]
2026-05-13 15:10:21.750 [main] DEBUG c.i.webscraper.scraper.WebScraper -        Q[55chars] | A[446chars] | Code[0]
2026-05-13 15:10:21.751 [main] INFO  c.i.webscraper.scraper.WebScraper -      18 Q&A pair(s) extracted.
2026-05-13 15:10:21.751 [main] INFO  c.i.webscraper.scraper.WebScraper -   → Section: 'Java Landscape' (https://interview.in28minutes.com/interview-guides/java/java-landscape/)
2026-05-13 15:10:21.752 [main] DEBUG c.i.webscraper.scraper.WebScraper - Sleeping 2500ms (attempt 1/3) before: https://interview.in28minutes.com/interview-guides/java/java-landscape/
2026-05-13 15:10:25.377 [main] DEBUG c.i.webscraper.scraper.WebScraper - HTTP 200 ← https://interview.in28minutes.com/interview-guides/java/java-landscape/
2026-05-13 15:10:25.401 [main] DEBUG c.i.webscraper.scraper.WebScraper -      12 question heading(s) in 'Java Landscape'.
2026-05-13 15:10:25.405 [main] DEBUG c.i.webscraper.scraper.WebScraper -        Q[14chars] | A[77chars] | Code[0]
2026-05-13 15:10:25.407 [main] DEBUG c.i.webscraper.scraper.WebScraper -        Q[29chars] | A[524chars] | Code[0]
2026-05-13 15:10:25.411 [main] DEBUG c.i.webscraper.scraper.WebScraper -        Q[47chars] | A[825chars] | Code[0]
2026-05-13 15:10:25.413 [main] DEBUG c.i.webscraper.scraper.WebScraper -        Q[19chars] | A[182chars] | Code[2]
2026-05-13 15:10:25.415 [main] DEBUG c.i.webscraper.scraper.WebScraper -        Q[51chars] | A[972chars] | Code[0]
2026-05-13 15:10:25.417 [main] DEBUG c.i.webscraper.scraper.WebScraper -        Q[12chars] | A[810chars] | Code[0]
2026-05-13 15:10:25.418 [main] DEBUG c.i.webscraper.scraper.WebScraper -        Q[10chars] | A[518chars] | Code[0]
2026-05-13 15:10:25.419 [main] DEBUG c.i.webscraper.scraper.WebScraper -        Q[22chars] | A[48chars] | Code[0]
2026-05-13 15:10:25.422 [main] DEBUG c.i.webscraper.scraper.WebScraper -        Q[63chars] | A[237chars] | Code[0]
2026-05-13 15:10:25.424 [main] DEBUG c.i.webscraper.scraper.WebScraper -        Q[36chars] | A[521chars] | Code[0]
2026-05-13 15:10:25.426 [main] DEBUG c.i.webscraper.scraper.WebScraper -        Q[43chars] | A[557chars] | Code[0]
2026-05-13 15:10:25.427 [main] DEBUG c.i.webscraper.scraper.WebScraper -        Q[26chars] | A[147chars] | Code[0]
2026-05-13 15:10:25.428 [main] INFO  c.i.webscraper.scraper.WebScraper -      12 Q&A pair(s) extracted.
2026-05-13 15:10:25.429 [main] INFO  c.i.webscraper.scraper.WebScraper -   → Section: 'Java Memory Management' (https://interview.in28minutes.com/interview-guides/java/java-memory-management/)
2026-05-13 15:10:25.430 [main] DEBUG c.i.webscraper.scraper.WebScraper - Sleeping 2500ms (attempt 1/3) before: https://interview.in28minutes.com/interview-guides/java/java-memory-management/
2026-05-13 15:10:29.191 [main] DEBUG c.i.webscraper.scraper.WebScraper - HTTP 200 ← https://interview.in28minutes.com/interview-guides/java/java-memory-management/
2026-05-13 15:10:29.224 [main] DEBUG c.i.webscraper.scraper.WebScraper -      13 question heading(s) in 'Java Memory Management'.
2026-05-13 15:10:29.229 [main] DEBUG c.i.webscraper.scraper.WebScraper -        Q[65chars] | A[522chars] | Code[3]
2026-05-13 15:10:29.235 [main] DEBUG c.i.webscraper.scraper.WebScraper -        Q[22chars] | A[610chars] | Code[4]
2026-05-13 15:10:29.237 [main] DEBUG c.i.webscraper.scraper.WebScraper -        Q[33chars] | A[175chars] | Code[1]
2026-05-13 15:10:29.240 [main] DEBUG c.i.webscraper.scraper.WebScraper -        Q[21chars] | A[1149chars] | Code[2]
2026-05-13 15:10:29.242 [main] DEBUG c.i.webscraper.scraper.WebScraper -        Q[18chars] | A[131chars] | Code[0]
2026-05-13 15:10:29.247 [main] DEBUG c.i.webscraper.scraper.WebScraper -        Q[34chars] | A[745chars] | Code[1]
2026-05-13 15:10:29.249 [main] DEBUG c.i.webscraper.scraper.WebScraper -        Q[48chars] | A[1171chars] | Code[0]
2026-05-13 15:10:29.251 [main] DEBUG c.i.webscraper.scraper.WebScraper -        Q[32chars] | A[172chars] | Code[0]
2026-05-13 15:10:29.255 [main] DEBUG c.i.webscraper.scraper.WebScraper -        Q[35chars] | A[1125chars] | Code[4]
2026-05-13 15:10:29.257 [main] DEBUG c.i.webscraper.scraper.WebScraper -        Q[46chars] | A[310chars] | Code[0]
2026-05-13 15:10:29.262 [main] DEBUG c.i.webscraper.scraper.WebScraper -        Q[23chars] | A[363chars] | Code[2]
2026-05-13 15:10:29.264 [main] INFO  c.i.webscraper.scraper.WebScraper -      11 Q&A pair(s) extracted.
2026-05-13 15:10:29.266 [main] INFO  c.i.webscraper.scraper.WebScraper -   → Section: 'Java Object Oriented Programming Concepts' (https://interview.in28minutes.com/interview-guides/java/java-object-oriented-programming-concepts/)
2026-05-13 15:10:29.269 [main] DEBUG c.i.webscraper.scraper.WebScraper - Sleeping 2500ms (attempt 1/3) before: https://interview.in28minutes.com/interview-guides/java/java-object-oriented-programming-concepts/
2026-05-13 15:10:33.109 [main] DEBUG c.i.webscraper.scraper.WebScraper - HTTP 200 ← https://interview.in28minutes.com/interview-guides/java/java-object-oriented-programming-concepts/
2026-05-13 15:10:33.146 [main] DEBUG c.i.webscraper.scraper.WebScraper -      24 question heading(s) in 'Java Object Oriented Programming Concepts'.
2026-05-13 15:10:33.147 [main] DEBUG c.i.webscraper.scraper.WebScraper -        Q[41chars] | A[394chars] | Code[2]
2026-05-13 15:10:33.150 [main] DEBUG c.i.webscraper.scraper.WebScraper -        Q[36chars] | A[443chars] | Code[4]
2026-05-13 15:10:33.151 [main] DEBUG c.i.webscraper.scraper.WebScraper -        Q[37chars] | A[173chars] | Code[0]
2026-05-13 15:10:33.152 [main] DEBUG c.i.webscraper.scraper.WebScraper -        Q[42chars] | A[1271chars] | Code[3]
2026-05-13 15:10:33.154 [main] DEBUG c.i.webscraper.scraper.WebScraper -        Q[80chars] | A[203chars] | Code[3]
2026-05-13 15:10:33.157 [main] DEBUG c.i.webscraper.scraper.WebScraper -        Q[25chars] | A[992chars] | Code[8]
2026-05-13 15:10:33.158 [main] DEBUG c.i.webscraper.scraper.WebScraper -        Q[29chars] | A[196chars] | Code[4]
2026-05-13 15:10:33.160 [main] DEBUG c.i.webscraper.scraper.WebScraper -        Q[61chars] | A[591chars] | Code[5]
2026-05-13 15:10:33.163 [main] DEBUG c.i.webscraper.scraper.WebScraper -        Q[47chars] | A[543chars] | Code[3]
2026-05-13 15:10:33.164 [main] DEBUG c.i.webscraper.scraper.WebScraper -        Q[22chars] | A[548chars] | Code[3]
2026-05-13 15:10:33.166 [main] DEBUG c.i.webscraper.scraper.WebScraper -        Q[27chars] | A[692chars] | Code[3]
2026-05-13 15:10:33.167 [main] DEBUG c.i.webscraper.scraper.WebScraper -        Q[59chars] | A[848chars] | Code[3]
2026-05-13 15:10:33.168 [main] DEBUG c.i.webscraper.scraper.WebScraper -        Q[20chars] | A[623chars] | Code[0]
2026-05-13 15:10:33.170 [main] DEBUG c.i.webscraper.scraper.WebScraper -        Q[17chars] | A[580chars] | Code[2]
2026-05-13 15:10:33.171 [main] DEBUG c.i.webscraper.scraper.WebScraper -        Q[17chars] | A[499chars] | Code[4]
2026-05-13 15:10:33.173 [main] DEBUG c.i.webscraper.scraper.WebScraper -        Q[31chars] | A[478chars] | Code[4]
2026-05-13 15:10:33.173 [main] DEBUG c.i.webscraper.scraper.WebScraper -        Q[52chars] | A[63chars] | Code[0]
2026-05-13 15:10:33.174 [main] DEBUG c.i.webscraper.scraper.WebScraper -        Q[34chars] | A[915chars] | Code[2]
2026-05-13 15:10:33.175 [main] DEBUG c.i.webscraper.scraper.WebScraper -        Q[21chars] | A[543chars] | Code[4]
2026-05-13 15:10:33.176 [main] DEBUG c.i.webscraper.scraper.WebScraper -        Q[32chars] | A[456chars] | Code[1]
2026-05-13 15:10:33.177 [main] DEBUG c.i.webscraper.scraper.WebScraper -        Q[25chars] | A[335chars] | Code[2]
2026-05-13 15:10:33.177 [main] DEBUG c.i.webscraper.scraper.WebScraper -        Q[51chars] | A[513chars] | Code[2]
2026-05-13 15:10:33.177 [main] INFO  c.i.webscraper.scraper.WebScraper -      22 Q&A pair(s) extracted.
2026-05-13 15:10:33.179 [main] INFO  c.i.webscraper.scraper.WebScraper -   → Section: 'Java Object Oriented Programming Details' (https://interview.in28minutes.com/interview-guides/java/java-object-oriented-programming-details/)
2026-05-13 15:10:33.179 [main] DEBUG c.i.webscraper.scraper.WebScraper - Sleeping 2500ms (attempt 1/3) before: https://interview.in28minutes.com/interview-guides/java/java-object-oriented-programming-details/
2026-05-13 15:10:36.827 [main] DEBUG c.i.webscraper.scraper.WebScraper - HTTP 200 ← https://interview.in28minutes.com/interview-guides/java/java-object-oriented-programming-details/
2026-05-13 15:10:36.866 [main] DEBUG c.i.webscraper.scraper.WebScraper -      14 question heading(s) in 'Java Object Oriented Programming Details'.
2026-05-13 15:10:36.868 [main] DEBUG c.i.webscraper.scraper.WebScraper -        Q[46chars] | A[190chars] | Code[1]
2026-05-13 15:10:36.870 [main] DEBUG c.i.webscraper.scraper.WebScraper -        Q[66chars] | A[493chars] | Code[5]
2026-05-13 15:10:36.871 [main] DEBUG c.i.webscraper.scraper.WebScraper -        Q[64chars] | A[1218chars] | Code[5]
2026-05-13 15:10:36.873 [main] DEBUG c.i.webscraper.scraper.WebScraper -        Q[66chars] | A[379chars] | Code[3]
2026-05-13 15:10:36.875 [main] DEBUG c.i.webscraper.scraper.WebScraper -        Q[64chars] | A[1836chars] | Code[8]
2026-05-13 15:10:36.876 [main] DEBUG c.i.webscraper.scraper.WebScraper -        Q[46chars] | A[565chars] | Code[4]
2026-05-13 15:10:36.878 [main] DEBUG c.i.webscraper.scraper.WebScraper -        Q[33chars] | A[239chars] | Code[1]
2026-05-13 15:10:36.879 [main] DEBUG c.i.webscraper.scraper.WebScraper -        Q[43chars] | A[557chars] | Code[4]
2026-05-13 15:10:36.880 [main] DEBUG c.i.webscraper.scraper.WebScraper -        Q[36chars] | A[145chars] | Code[4]
2026-05-13 15:10:36.881 [main] DEBUG c.i.webscraper.scraper.WebScraper -        Q[47chars] | A[234chars] | Code[1]
2026-05-13 15:10:36.882 [main] DEBUG c.i.webscraper.scraper.WebScraper -        Q[64chars] | A[906chars] | Code[3]
2026-05-13 15:10:36.884 [main] DEBUG c.i.webscraper.scraper.WebScraper -        Q[43chars] | A[515chars] | Code[1]
2026-05-13 15:10:36.887 [main] DEBUG c.i.webscraper.scraper.WebScraper -        Q[40chars] | A[1644chars] | Code[4]
2026-05-13 15:10:36.888 [main] DEBUG c.i.webscraper.scraper.WebScraper -        Q[64chars] | A[664chars] | Code[3]
2026-05-13 15:10:36.888 [main] INFO  c.i.webscraper.scraper.WebScraper -      14 Q&A pair(s) extracted.
2026-05-13 15:10:36.889 [main] INFO  c.i.webscraper.scraper.WebScraper -   → Section: 'Core Java in Depth' (https://interview.in28minutes.com/interview-guides/java/core-java-in-depth/)
2026-05-13 15:10:36.889 [main] DEBUG c.i.webscraper.scraper.WebScraper - Sleeping 2500ms (attempt 1/3) before: https://interview.in28minutes.com/interview-guides/java/core-java-in-depth/
2026-05-13 15:10:40.584 [main] DEBUG c.i.webscraper.scraper.WebScraper - HTTP 200 ← https://interview.in28minutes.com/interview-guides/java/core-java-in-depth/
2026-05-13 15:10:40.607 [main] DEBUG c.i.webscraper.scraper.WebScraper -      17 question heading(s) in 'Core Java in Depth'.
2026-05-13 15:10:40.608 [main] DEBUG c.i.webscraper.scraper.WebScraper -        Q[31chars] | A[453chars] | Code[3]
2026-05-13 15:10:40.608 [main] DEBUG c.i.webscraper.scraper.WebScraper -        Q[39chars] | A[152chars] | Code[6]
2026-05-13 15:10:40.609 [main] DEBUG c.i.webscraper.scraper.WebScraper -        Q[59chars] | A[738chars] | Code[2]
2026-05-13 15:10:40.609 [main] DEBUG c.i.webscraper.scraper.WebScraper -        Q[42chars] | A[589chars] | Code[2]
2026-05-13 15:10:40.611 [main] DEBUG c.i.webscraper.scraper.WebScraper -        Q[39chars] | A[930chars] | Code[5]
2026-05-13 15:10:40.613 [main] DEBUG c.i.webscraper.scraper.WebScraper -        Q[41chars] | A[490chars] | Code[1]
2026-05-13 15:10:40.614 [main] DEBUG c.i.webscraper.scraper.WebScraper -        Q[24chars] | A[248chars] | Code[2]
2026-05-13 15:10:40.615 [main] DEBUG c.i.webscraper.scraper.WebScraper -        Q[22chars] | A[677chars] | Code[2]
2026-05-13 15:10:40.616 [main] DEBUG c.i.webscraper.scraper.WebScraper -        Q[23chars] | A[272chars] | Code[1]
2026-05-13 15:10:40.616 [main] DEBUG c.i.webscraper.scraper.WebScraper -        Q[63chars] | A[320chars] | Code[3]
2026-05-13 15:10:40.618 [main] DEBUG c.i.webscraper.scraper.WebScraper -        Q[46chars] | A[99chars] | Code[5]
2026-05-13 15:10:40.621 [main] DEBUG c.i.webscraper.scraper.WebScraper -        Q[39chars] | A[16chars] | Code[5]
2026-05-13 15:10:40.623 [main] DEBUG c.i.webscraper.scraper.WebScraper -        Q[46chars] | A[22chars] | Code[9]
2026-05-13 15:10:40.623 [main] DEBUG c.i.webscraper.scraper.WebScraper -        Q[54chars] | A[209chars] | Code[1]
2026-05-13 15:10:40.623 [main] DEBUG c.i.webscraper.scraper.WebScraper -        Q[52chars] | A[200chars] | Code[2]
2026-05-13 15:10:40.625 [main] DEBUG c.i.webscraper.scraper.WebScraper -        Q[41chars] | A[315chars] | Code[5]
2026-05-13 15:10:40.627 [main] DEBUG c.i.webscraper.scraper.WebScraper -        Q[72chars] | A[523chars] | Code[6]
2026-05-13 15:10:40.628 [main] INFO  c.i.webscraper.scraper.WebScraper -      17 Q&A pair(s) extracted.
2026-05-13 15:10:40.631 [main] INFO  c.i.webscraper.scraper.WebScraper -   → Section: 'Functional Programming in Java' (https://interview.in28minutes.com/interview-guides/java/functional-programming-in-java/)
2026-05-13 15:10:40.631 [main] DEBUG c.i.webscraper.scraper.WebScraper - Sleeping 2500ms (attempt 1/3) before: https://interview.in28minutes.com/interview-guides/java/functional-programming-in-java/
2026-05-13 15:10:44.912 [main] DEBUG c.i.webscraper.scraper.WebScraper - HTTP 200 ← https://interview.in28minutes.com/interview-guides/java/functional-programming-in-java/
2026-05-13 15:10:44.985 [main] DEBUG c.i.webscraper.scraper.WebScraper -      16 question heading(s) in 'Functional Programming in Java'.
2026-05-13 15:10:44.987 [main] DEBUG c.i.webscraper.scraper.WebScraper -        Q[61chars] | A[458chars] | Code[2]
2026-05-13 15:10:44.988 [main] DEBUG c.i.webscraper.scraper.WebScraper -        Q[73chars] | A[744chars] | Code[1]
2026-05-13 15:10:44.990 [main] DEBUG c.i.webscraper.scraper.WebScraper -        Q[50chars] | A[860chars] | Code[9]
2026-05-13 15:10:44.992 [main] DEBUG c.i.webscraper.scraper.WebScraper -        Q[47chars] | A[296chars] | Code[0]
2026-05-13 15:10:44.994 [main] DEBUG c.i.webscraper.scraper.WebScraper -        Q[55chars] | A[797chars] | Code[4]
2026-05-13 15:10:44.996 [main] DEBUG c.i.webscraper.scraper.WebScraper -        Q[50chars] | A[362chars] | Code[5]
2026-05-13 15:10:44.998 [main] DEBUG c.i.webscraper.scraper.WebScraper -        Q[66chars] | A[569chars] | Code[8]
2026-05-13 15:10:45.006 [main] DEBUG c.i.webscraper.scraper.WebScraper -        Q[54chars] | A[172chars] | Code[4]
2026-05-13 15:10:45.014 [main] DEBUG c.i.webscraper.scraper.WebScraper -        Q[62chars] | A[1763chars] | Code[28]
2026-05-13 15:10:45.017 [main] DEBUG c.i.webscraper.scraper.WebScraper -        Q[60chars] | A[307chars] | Code[2]
2026-05-13 15:10:45.018 [main] DEBUG c.i.webscraper.scraper.WebScraper -        Q[38chars] | A[303chars] | Code[9]
2026-05-13 15:10:45.020 [main] DEBUG c.i.webscraper.scraper.WebScraper -        Q[55chars] | A[110chars] | Code[1]
2026-05-13 15:10:45.023 [main] DEBUG c.i.webscraper.scraper.WebScraper -        Q[52chars] | A[526chars] | Code[5]
2026-05-13 15:10:45.029 [main] DEBUG c.i.webscraper.scraper.WebScraper -        Q[60chars] | A[324chars] | Code[8]
2026-05-13 15:10:45.031 [main] DEBUG c.i.webscraper.scraper.WebScraper -        Q[91chars] | A[500chars] | Code[2]
2026-05-13 15:10:45.032 [main] DEBUG c.i.webscraper.scraper.WebScraper -        Q[54chars] | A[818chars] | Code[1]
2026-05-13 15:10:45.032 [main] INFO  c.i.webscraper.scraper.WebScraper -      16 Q&A pair(s) extracted.
2026-05-13 15:10:45.032 [main] INFO  c.i.webscraper.scraper.WebScraper -   → Section: 'Threads and Concurrency in Java' (https://interview.in28minutes.com/interview-guides/java/threads-and-concurrency-in-java/)
2026-05-13 15:10:45.033 [main] DEBUG c.i.webscraper.scraper.WebScraper - Sleeping 2500ms (attempt 1/3) before: https://interview.in28minutes.com/interview-guides/java/threads-and-concurrency-in-java/
2026-05-13 15:10:48.650 [main] DEBUG c.i.webscraper.scraper.WebScraper - HTTP 200 ← https://interview.in28minutes.com/interview-guides/java/threads-and-concurrency-in-java/
2026-05-13 15:10:48.666 [main] DEBUG c.i.webscraper.scraper.WebScraper -      21 question heading(s) in 'Threads and Concurrency in Java'.
2026-05-13 15:10:48.667 [main] DEBUG c.i.webscraper.scraper.WebScraper -        Q[78chars] | A[895chars] | Code[0]
2026-05-13 15:10:48.668 [main] DEBUG c.i.webscraper.scraper.WebScraper -        Q[69chars] | A[57chars] | Code[2]
2026-05-13 15:10:48.668 [main] DEBUG c.i.webscraper.scraper.WebScraper -        Q[49chars] | A[29chars] | Code[1]
2026-05-13 15:10:48.669 [main] DEBUG c.i.webscraper.scraper.WebScraper -        Q[45chars] | A[592chars] | Code[3]
2026-05-13 15:10:48.670 [main] DEBUG c.i.webscraper.scraper.WebScraper -        Q[42chars] | A[191chars] | Code[0]
2026-05-13 15:10:48.671 [main] DEBUG c.i.webscraper.scraper.WebScraper -        Q[30chars] | A[545chars] | Code[1]
2026-05-13 15:10:48.671 [main] DEBUG c.i.webscraper.scraper.WebScraper -        Q[87chars] | A[109chars] | Code[0]
2026-05-13 15:10:48.672 [main] DEBUG c.i.webscraper.scraper.WebScraper -        Q[39chars] | A[775chars] | Code[3]
2026-05-13 15:10:48.672 [main] DEBUG c.i.webscraper.scraper.WebScraper -        Q[37chars] | A[674chars] | Code[2]
2026-05-13 15:10:48.674 [main] DEBUG c.i.webscraper.scraper.WebScraper -        Q[71chars] | A[1449chars] | Code[5]
2026-05-13 15:10:48.676 [main] DEBUG c.i.webscraper.scraper.WebScraper -        Q[48chars] | A[1470chars] | Code[4]
2026-05-13 15:10:48.677 [main] DEBUG c.i.webscraper.scraper.WebScraper -        Q[31chars] | A[1604chars] | Code[6]
2026-05-13 15:10:48.677 [main] DEBUG c.i.webscraper.scraper.WebScraper -        Q[31chars] | A[442chars] | Code[3]
2026-05-13 15:10:48.678 [main] DEBUG c.i.webscraper.scraper.WebScraper -        Q[28chars] | A[199chars] | Code[1]
2026-05-13 15:10:48.678 [main] DEBUG c.i.webscraper.scraper.WebScraper -        Q[28chars] | A[214chars] | Code[1]
2026-05-13 15:10:48.678 [main] DEBUG c.i.webscraper.scraper.WebScraper -        Q[33chars] | A[217chars] | Code[1]
2026-05-13 15:10:48.678 [main] DEBUG c.i.webscraper.scraper.WebScraper -        Q[61chars] | A[520chars] | Code[1]
2026-05-13 15:10:48.679 [main] DEBUG c.i.webscraper.scraper.WebScraper -        Q[23chars] | A[334chars] | Code[1]
2026-05-13 15:10:48.680 [main] DEBUG c.i.webscraper.scraper.WebScraper -        Q[41chars] | A[734chars] | Code[1]
2026-05-13 15:10:48.680 [main] DEBUG c.i.webscraper.scraper.WebScraper -        Q[51chars] | A[162chars] | Code[1]
2026-05-13 15:10:48.680 [main] DEBUG c.i.webscraper.scraper.WebScraper -        Q[58chars] | A[127chars] | Code[1]
2026-05-13 15:10:48.681 [main] INFO  c.i.webscraper.scraper.WebScraper -      21 Q&A pair(s) extracted.
2026-05-13 15:10:48.681 [main] INFO  c.i.webscraper.scraper.WebScraper -   → Section: 'Collections in Java' (https://interview.in28minutes.com/interview-guides/java/collections-in-java/)
2026-05-13 15:10:48.681 [main] DEBUG c.i.webscraper.scraper.WebScraper - Sleeping 2500ms (attempt 1/3) before: https://interview.in28minutes.com/interview-guides/java/collections-in-java/
2026-05-13 15:10:51.817 [main] DEBUG c.i.webscraper.scraper.WebScraper - HTTP 200 ← https://interview.in28minutes.com/interview-guides/java/collections-in-java/
2026-05-13 15:10:51.868 [main] DEBUG c.i.webscraper.scraper.WebScraper -      22 question heading(s) in 'Collections in Java'.
2026-05-13 15:10:51.870 [main] DEBUG c.i.webscraper.scraper.WebScraper -        Q[49chars] | A[268chars] | Code[0]
2026-05-13 15:10:51.870 [main] DEBUG c.i.webscraper.scraper.WebScraper -        Q[35chars] | A[487chars] | Code[1]
2026-05-13 15:10:51.871 [main] DEBUG c.i.webscraper.scraper.WebScraper -        Q[74chars] | A[149chars] | Code[0]
2026-05-13 15:10:51.872 [main] DEBUG c.i.webscraper.scraper.WebScraper -        Q[58chars] | A[161chars] | Code[0]
2026-05-13 15:10:51.872 [main] DEBUG c.i.webscraper.scraper.WebScraper -        Q[53chars] | A[734chars] | Code[1]
2026-05-13 15:10:51.872 [main] DEBUG c.i.webscraper.scraper.WebScraper -        Q[62chars] | A[627chars] | Code[1]
2026-05-13 15:10:51.873 [main] DEBUG c.i.webscraper.scraper.WebScraper -        Q[47chars] | A[411chars] | Code[2]
2026-05-13 15:10:51.874 [main] DEBUG c.i.webscraper.scraper.WebScraper -        Q[51chars] | A[1395chars] | Code[0]
2026-05-13 15:10:51.875 [main] DEBUG c.i.webscraper.scraper.WebScraper -        Q[52chars] | A[553chars] | Code[5]
2026-05-13 15:10:51.875 [main] DEBUG c.i.webscraper.scraper.WebScraper -        Q[59chars] | A[261chars] | Code[2]
2026-05-13 15:10:51.877 [main] DEBUG c.i.webscraper.scraper.WebScraper -        Q[50chars] | A[1444chars] | Code[1]
2026-05-13 15:10:51.878 [main] DEBUG c.i.webscraper.scraper.WebScraper -        Q[46chars] | A[246chars] | Code[6]
2026-05-13 15:10:51.879 [main] DEBUG c.i.webscraper.scraper.WebScraper -        Q[43chars] | A[977chars] | Code[4]
2026-05-13 15:10:51.879 [main] DEBUG c.i.webscraper.scraper.WebScraper -        Q[50chars] | A[48chars] | Code[1]
2026-05-13 15:10:51.880 [main] DEBUG c.i.webscraper.scraper.WebScraper -        Q[59chars] | A[389chars] | Code[0]
2026-05-13 15:10:51.880 [main] DEBUG c.i.webscraper.scraper.WebScraper -        Q[44chars] | A[373chars] | Code[0]
2026-05-13 15:10:51.880 [main] DEBUG c.i.webscraper.scraper.WebScraper -        Q[77chars] | A[353chars] | Code[1]
2026-05-13 15:10:51.882 [main] DEBUG c.i.webscraper.scraper.WebScraper -        Q[65chars] | A[422chars] | Code[2]
2026-05-13 15:10:51.882 [main] DEBUG c.i.webscraper.scraper.WebScraper -        Q[59chars] | A[570chars] | Code[3]
2026-05-13 15:10:51.883 [main] DEBUG c.i.webscraper.scraper.WebScraper -        Q[41chars] | A[182chars] | Code[4]
2026-05-13 15:10:51.883 [main] INFO  c.i.webscraper.scraper.WebScraper -      20 Q&A pair(s) extracted.
2026-05-13 15:10:51.883 [main] INFO  c.i.webscraper.scraper.WebScraper -   → Section: 'Generics in Java' (https://interview.in28minutes.com/interview-guides/java/generics-in-java/)
2026-05-13 15:10:51.883 [main] DEBUG c.i.webscraper.scraper.WebScraper - Sleeping 2500ms (attempt 1/3) before: https://interview.in28minutes.com/interview-guides/java/generics-in-java/
2026-05-13 15:10:55.008 [main] DEBUG c.i.webscraper.scraper.WebScraper - HTTP 200 ← https://interview.in28minutes.com/interview-guides/java/generics-in-java/
2026-05-13 15:10:55.015 [main] DEBUG c.i.webscraper.scraper.WebScraper -      5 question heading(s) in 'Generics in Java'.
2026-05-13 15:10:55.016 [main] DEBUG c.i.webscraper.scraper.WebScraper -        Q[32chars] | A[956chars] | Code[3]
2026-05-13 15:10:55.017 [main] DEBUG c.i.webscraper.scraper.WebScraper -        Q[61chars] | A[610chars] | Code[3]
2026-05-13 15:10:55.018 [main] DEBUG c.i.webscraper.scraper.WebScraper -        Q[42chars] | A[726chars] | Code[4]
2026-05-13 15:10:55.019 [main] DEBUG c.i.webscraper.scraper.WebScraper -        Q[45chars] | A[718chars] | Code[3]
2026-05-13 15:10:55.021 [main] DEBUG c.i.webscraper.scraper.WebScraper -        Q[50chars] | A[1781chars] | Code[5]
2026-05-13 15:10:55.021 [main] INFO  c.i.webscraper.scraper.WebScraper -      5 Q&A pair(s) extracted.
2026-05-13 15:10:55.021 [main] INFO  c.i.webscraper.scraper.WebScraper -   → Section: 'Modifiers in Java' (https://interview.in28minutes.com/interview-guides/java/modifiers-in-java/)
2026-05-13 15:10:55.021 [main] DEBUG c.i.webscraper.scraper.WebScraper - Sleeping 2500ms (attempt 1/3) before: https://interview.in28minutes.com/interview-guides/java/modifiers-in-java/
2026-05-13 15:10:58.279 [main] DEBUG c.i.webscraper.scraper.WebScraper - HTTP 200 ← https://interview.in28minutes.com/interview-guides/java/modifiers-in-java/
2026-05-13 15:10:58.287 [main] DEBUG c.i.webscraper.scraper.WebScraper -      5 question heading(s) in 'Modifiers in Java'.
2026-05-13 15:10:58.288 [main] DEBUG c.i.webscraper.scraper.WebScraper -        Q[77chars] | A[278chars] | Code[0]
2026-05-13 15:10:58.290 [main] DEBUG c.i.webscraper.scraper.WebScraper -        Q[59chars] | A[1654chars] | Code[10]
2026-05-13 15:10:58.292 [main] DEBUG c.i.webscraper.scraper.WebScraper -        Q[65chars] | A[811chars] | Code[5]
2026-05-13 15:10:58.294 [main] DEBUG c.i.webscraper.scraper.WebScraper -        Q[68chars] | A[824chars] | Code[6]
2026-05-13 15:10:58.294 [main] INFO  c.i.webscraper.scraper.WebScraper -      4 Q&A pair(s) extracted.
2026-05-13 15:10:58.295 [main] INFO  c.i.webscraper.scraper.WebScraper -   → Section: 'Exception Handling in Java' (https://interview.in28minutes.com/interview-guides/java/exception-handling-in-java/)
2026-05-13 15:10:58.295 [main] DEBUG c.i.webscraper.scraper.WebScraper - Sleeping 2500ms (attempt 1/3) before: https://interview.in28minutes.com/interview-guides/java/exception-handling-in-java/
2026-05-13 15:11:02.073 [main] DEBUG c.i.webscraper.scraper.WebScraper - HTTP 200 ← https://interview.in28minutes.com/interview-guides/java/exception-handling-in-java/
2026-05-13 15:11:02.078 [main] DEBUG c.i.webscraper.scraper.WebScraper -      10 question heading(s) in 'Exception Handling in Java'.
2026-05-13 15:11:02.079 [main] DEBUG c.i.webscraper.scraper.WebScraper -        Q[36chars] | A[628chars] | Code[0]
2026-05-13 15:11:02.080 [main] DEBUG c.i.webscraper.scraper.WebScraper -        Q[50chars] | A[444chars] | Code[1]
2026-05-13 15:11:02.081 [main] DEBUG c.i.webscraper.scraper.WebScraper -        Q[68chars] | A[1361chars] | Code[6]
2026-05-13 15:11:02.081 [main] DEBUG c.i.webscraper.scraper.WebScraper -        Q[61chars] | A[695chars] | Code[1]
2026-05-13 15:11:02.081 [main] DEBUG c.i.webscraper.scraper.WebScraper -        Q[50chars] | A[332chars] | Code[2]
2026-05-13 15:11:02.083 [main] DEBUG c.i.webscraper.scraper.WebScraper -        Q[57chars] | A[65chars] | Code[4]
2026-05-13 15:11:02.083 [main] DEBUG c.i.webscraper.scraper.WebScraper -        Q[51chars] | A[2chars] | Code[0]
2026-05-13 15:11:02.083 [main] DEBUG c.i.webscraper.scraper.WebScraper -        Q[55chars] | A[740chars] | Code[2]
2026-05-13 15:11:02.084 [main] DEBUG c.i.webscraper.scraper.WebScraper -        Q[28chars] | A[560chars] | Code[8]
2026-05-13 15:11:02.084 [main] DEBUG c.i.webscraper.scraper.WebScraper -        Q[67chars] | A[614chars] | Code[3]
2026-05-13 15:11:02.084 [main] INFO  c.i.webscraper.scraper.WebScraper -      10 Q&A pair(s) extracted.
2026-05-13 15:11:02.084 [main] INFO  c.i.webscraper.scraper.WebScraper -   → Section: 'Serialization in Java' (https://interview.in28minutes.com/interview-guides/java/serialization-in-java/)
2026-05-13 15:11:02.085 [main] DEBUG c.i.webscraper.scraper.WebScraper - Sleeping 2500ms (attempt 1/3) before: https://interview.in28minutes.com/interview-guides/java/serialization-in-java/
2026-05-13 15:11:05.767 [main] DEBUG c.i.webscraper.scraper.WebScraper - HTTP 200 ← https://interview.in28minutes.com/interview-guides/java/serialization-in-java/
2026-05-13 15:11:05.777 [main] DEBUG c.i.webscraper.scraper.WebScraper -      7 question heading(s) in 'Serialization in Java'.
2026-05-13 15:11:05.779 [main] DEBUG c.i.webscraper.scraper.WebScraper -        Q[22chars] | A[533chars] | Code[0]
2026-05-13 15:11:05.781 [main] DEBUG c.i.webscraper.scraper.WebScraper -        Q[27chars] | A[106chars] | Code[1]
2026-05-13 15:11:05.782 [main] DEBUG c.i.webscraper.scraper.WebScraper -        Q[37chars] | A[333chars] | Code[1]
2026-05-13 15:11:05.783 [main] DEBUG c.i.webscraper.scraper.WebScraper -        Q[62chars] | A[402chars] | Code[2]
2026-05-13 15:11:05.784 [main] DEBUG c.i.webscraper.scraper.WebScraper -        Q[48chars] | A[223chars] | Code[2]
2026-05-13 15:11:05.787 [main] DEBUG c.i.webscraper.scraper.WebScraper -        Q[49chars] | A[710chars] | Code[6]
2026-05-13 15:11:05.788 [main] DEBUG c.i.webscraper.scraper.WebScraper -        Q[60chars] | A[506chars] | Code[2]
2026-05-13 15:11:05.789 [main] INFO  c.i.webscraper.scraper.WebScraper -      7 Q&A pair(s) extracted.
2026-05-13 15:11:05.789 [main] INFO  c.i.webscraper.scraper.WebScraper -   → Section: 'Built-in Classes in Java' (https://interview.in28minutes.com/interview-guides/java/built-in-classes-in-java/)
2026-05-13 15:11:05.790 [main] DEBUG c.i.webscraper.scraper.WebScraper - Sleeping 2500ms (attempt 1/3) before: https://interview.in28minutes.com/interview-guides/java/built-in-classes-in-java/
2026-05-13 15:11:09.487 [main] DEBUG c.i.webscraper.scraper.WebScraper - HTTP 200 ← https://interview.in28minutes.com/interview-guides/java/built-in-classes-in-java/
2026-05-13 15:11:09.499 [main] DEBUG c.i.webscraper.scraper.WebScraper -      9 question heading(s) in 'Built-in Classes in Java'.
2026-05-13 15:11:09.502 [main] DEBUG c.i.webscraper.scraper.WebScraper -        Q[6chars] | A[271chars] | Code[1]
2026-05-13 15:11:09.503 [main] DEBUG c.i.webscraper.scraper.WebScraper -        Q[4chars] | A[165chars] | Code[2]
2026-05-13 15:11:09.504 [main] DEBUG c.i.webscraper.scraper.WebScraper -        Q[7chars] | A[169chars] | Code[1]
2026-05-13 15:11:09.505 [main] DEBUG c.i.webscraper.scraper.WebScraper -        Q[6chars] | A[193chars] | Code[1]
2026-05-13 15:11:09.506 [main] DEBUG c.i.webscraper.scraper.WebScraper -        Q[11chars] | A[138chars] | Code[1]
2026-05-13 15:11:09.506 [main] DEBUG c.i.webscraper.scraper.WebScraper -        Q[4chars] | A[296chars] | Code[1]
2026-05-13 15:11:09.507 [main] DEBUG c.i.webscraper.scraper.WebScraper -        Q[5chars] | A[160chars] | Code[2]
2026-05-13 15:11:09.507 [main] DEBUG c.i.webscraper.scraper.WebScraper -        Q[5chars] | A[183chars] | Code[1]
2026-05-13 15:11:09.508 [main] DEBUG c.i.webscraper.scraper.WebScraper -        Q[6chars] | A[170chars] | Code[2]
2026-05-13 15:11:09.508 [main] INFO  c.i.webscraper.scraper.WebScraper -      9 Q&A pair(s) extracted.
2026-05-13 15:11:09.508 [main] INFO  c.i.webscraper.scraper.WebScraper -   → Section: 'Miscellaneous Topics in Java' (https://interview.in28minutes.com/interview-guides/java/miscellaneous-topics-in-java/)
2026-05-13 15:11:09.509 [main] DEBUG c.i.webscraper.scraper.WebScraper - Sleeping 2500ms (attempt 1/3) before: https://interview.in28minutes.com/interview-guides/java/miscellaneous-topics-in-java/
2026-05-13 15:11:12.795 [main] DEBUG c.i.webscraper.scraper.WebScraper - HTTP 200 ← https://interview.in28minutes.com/interview-guides/java/miscellaneous-topics-in-java/
2026-05-13 15:11:12.809 [main] DEBUG c.i.webscraper.scraper.WebScraper -      11 question heading(s) in 'Miscellaneous Topics in Java'.
2026-05-13 15:11:12.811 [main] DEBUG c.i.webscraper.scraper.WebScraper -        Q[53chars] | A[994chars] | Code[4]
2026-05-13 15:11:12.814 [main] DEBUG c.i.webscraper.scraper.WebScraper -        Q[44chars] | A[398chars] | Code[1]
2026-05-13 15:11:12.815 [main] DEBUG c.i.webscraper.scraper.WebScraper -        Q[48chars] | A[692chars] | Code[2]
2026-05-13 15:11:12.817 [main] DEBUG c.i.webscraper.scraper.WebScraper -        Q[61chars] | A[698chars] | Code[1]
2026-05-13 15:11:12.818 [main] DEBUG c.i.webscraper.scraper.WebScraper -        Q[72chars] | A[355chars] | Code[3]
2026-05-13 15:11:12.820 [main] DEBUG c.i.webscraper.scraper.WebScraper -        Q[30chars] | A[807chars] | Code[2]
2026-05-13 15:11:12.823 [main] DEBUG c.i.webscraper.scraper.WebScraper -        Q[33chars] | A[511chars] | Code[1]
2026-05-13 15:11:12.825 [main] DEBUG c.i.webscraper.scraper.WebScraper -        Q[54chars] | A[493chars] | Code[5]
2026-05-13 15:11:12.826 [main] DEBUG c.i.webscraper.scraper.WebScraper -        Q[65chars] | A[564chars] | Code[5]
2026-05-13 15:11:12.827 [main] DEBUG c.i.webscraper.scraper.WebScraper -        Q[61chars] | A[342chars] | Code[4]
2026-05-13 15:11:12.828 [main] DEBUG c.i.webscraper.scraper.WebScraper -        Q[52chars] | A[619chars] | Code[6]
2026-05-13 15:11:12.828 [main] INFO  c.i.webscraper.scraper.WebScraper -      11 Q&A pair(s) extracted.
2026-05-13 15:11:12.829 [main] INFO  c.i.webscraper.scraper.WebScraper -   → Section: 'New Features in Java' (https://interview.in28minutes.com/interview-guides/java/new-features-in-java/)
2026-05-13 15:11:12.829 [main] DEBUG c.i.webscraper.scraper.WebScraper - Sleeping 2500ms (attempt 1/3) before: https://interview.in28minutes.com/interview-guides/java/new-features-in-java/
2026-05-13 15:11:16.195 [main] DEBUG c.i.webscraper.scraper.WebScraper - HTTP 200 ← https://interview.in28minutes.com/interview-guides/java/new-features-in-java/
2026-05-13 15:11:16.204 [main] DEBUG c.i.webscraper.scraper.WebScraper -      3 question heading(s) in 'New Features in Java'.
2026-05-13 15:11:16.206 [main] DEBUG c.i.webscraper.scraper.WebScraper -        Q[29chars] | A[432chars] | Code[0]
2026-05-13 15:11:16.207 [main] DEBUG c.i.webscraper.scraper.WebScraper -        Q[55chars] | A[393chars] | Code[6]
2026-05-13 15:11:16.208 [main] DEBUG c.i.webscraper.scraper.WebScraper -        Q[68chars] | A[1555chars] | Code[23]
2026-05-13 15:11:16.208 [main] INFO  c.i.webscraper.scraper.WebScraper -      3 Q&A pair(s) extracted.
2026-05-13 15:11:16.209 [main] INFO  c.i.webscraper.scraper.WebScraper -   → Section: 'Java Interview - Diagrams' (https://interview.in28minutes.com/interview-guides/java/java-interview-diagrams/)
2026-05-13 15:11:16.209 [main] DEBUG c.i.webscraper.scraper.WebScraper - Sleeping 2500ms (attempt 1/3) before: https://interview.in28minutes.com/interview-guides/java/java-interview-diagrams/
2026-05-13 15:11:19.219 [main] DEBUG c.i.webscraper.scraper.WebScraper - HTTP 200 ← https://interview.in28minutes.com/interview-guides/java/java-interview-diagrams/
2026-05-13 15:11:19.228 [main] DEBUG c.i.webscraper.scraper.WebScraper -      7 question heading(s) in 'Java Interview - Diagrams'.
2026-05-13 15:11:19.229 [main] DEBUG c.i.webscraper.scraper.WebScraper -        Q[17chars] | A[0chars] | Code[1]
2026-05-13 15:11:19.229 [main] DEBUG c.i.webscraper.scraper.WebScraper -        Q[26chars] | A[0chars] | Code[1]
2026-05-13 15:11:19.230 [main] DEBUG c.i.webscraper.scraper.WebScraper -        Q[18chars] | A[0chars] | Code[1]
2026-05-13 15:11:19.230 [main] DEBUG c.i.webscraper.scraper.WebScraper -        Q[17chars] | A[0chars] | Code[1]
2026-05-13 15:11:19.231 [main] DEBUG c.i.webscraper.scraper.WebScraper -        Q[44chars] | A[0chars] | Code[1]
2026-05-13 15:11:19.232 [main] DEBUG c.i.webscraper.scraper.WebScraper -        Q[25chars] | A[0chars] | Code[1]
2026-05-13 15:11:19.232 [main] DEBUG c.i.webscraper.scraper.WebScraper -        Q[27chars] | A[141chars] | Code[7]
2026-05-13 15:11:19.232 [main] INFO  c.i.webscraper.scraper.WebScraper -      7 Q&A pair(s) extracted.
2026-05-13 15:11:19.232 [main] INFO  c.i.webscraper.scraper.WebScraper - Topic 'Java' complete → 17 section(s).
2026-05-13 15:11:19.233 [main] INFO  c.i.webscraper.scraper.WebScraper - ---------- Topic: DevOps → https://interview.in28minutes.com/devops/
2026-05-13 15:11:19.233 [main] DEBUG c.i.webscraper.scraper.WebScraper - Sleeping 2500ms (attempt 1/3) before: https://interview.in28minutes.com/devops/
2026-05-13 15:11:22.583 [main] DEBUG c.i.webscraper.scraper.WebScraper - HTTP 200 ← https://interview.in28minutes.com/devops/
2026-05-13 15:11:22.586 [main] DEBUG c.i.webscraper.scraper.WebScraper - Topic 'DevOps' → 2 card(s) found.
2026-05-13 15:11:22.586 [main] INFO  c.i.webscraper.scraper.WebScraper -   → Section: 'DevOps Fundamentals' (https://interview.in28minutes.com/interview-guides/devops/devops-fundamentals/)
2026-05-13 15:11:22.587 [main] DEBUG c.i.webscraper.scraper.WebScraper - Sleeping 2500ms (attempt 1/3) before: https://interview.in28minutes.com/interview-guides/devops/devops-fundamentals/
2026-05-13 15:11:26.074 [main] DEBUG c.i.webscraper.scraper.WebScraper - HTTP 200 ← https://interview.in28minutes.com/interview-guides/devops/devops-fundamentals/
2026-05-13 15:11:26.081 [main] DEBUG c.i.webscraper.scraper.WebScraper -      7 question heading(s) in 'DevOps Fundamentals'.
2026-05-13 15:11:26.082 [main] DEBUG c.i.webscraper.scraper.WebScraper -        Q[15chars] | A[2214chars] | Code[0]
2026-05-13 15:11:26.082 [main] DEBUG c.i.webscraper.scraper.WebScraper -        Q[28chars] | A[361chars] | Code[0]
2026-05-13 15:11:26.083 [main] DEBUG c.i.webscraper.scraper.WebScraper -        Q[67chars] | A[1382chars] | Code[0]
2026-05-13 15:11:26.084 [main] DEBUG c.i.webscraper.scraper.WebScraper -        Q[31chars] | A[1103chars] | Code[0]
2026-05-13 15:11:26.085 [main] DEBUG c.i.webscraper.scraper.WebScraper -        Q[87chars] | A[1584chars] | Code[0]
2026-05-13 15:11:26.086 [main] DEBUG c.i.webscraper.scraper.WebScraper -        Q[22chars] | A[1411chars] | Code[0]
2026-05-13 15:11:26.086 [main] DEBUG c.i.webscraper.scraper.WebScraper -        Q[33chars] | A[555chars] | Code[0]
2026-05-13 15:11:26.087 [main] INFO  c.i.webscraper.scraper.WebScraper -      7 Q&A pair(s) extracted.
2026-05-13 15:11:26.087 [main] INFO  c.i.webscraper.scraper.WebScraper -   → Section: 'DevOps Interview - Diagrams' (https://interview.in28minutes.com/interview-guides/devops/devops-interview-diagrams/)
2026-05-13 15:11:26.087 [main] DEBUG c.i.webscraper.scraper.WebScraper - Sleeping 2500ms (attempt 1/3) before: https://interview.in28minutes.com/interview-guides/devops/devops-interview-diagrams/
2026-05-13 15:11:29.197 [main] DEBUG c.i.webscraper.scraper.WebScraper - HTTP 200 ← https://interview.in28minutes.com/interview-guides/devops/devops-interview-diagrams/
2026-05-13 15:11:29.204 [main] DEBUG c.i.webscraper.scraper.WebScraper -      10 question heading(s) in 'DevOps Interview - Diagrams'.
2026-05-13 15:11:29.206 [main] WARN  c.i.webscraper.scraper.WebScraper -      Section 'DevOps Interview - Diagrams' had no Q&A pairs.
2026-05-13 15:11:29.207 [main] INFO  c.i.webscraper.scraper.WebScraper - Topic 'DevOps' complete → 1 section(s).
2026-05-13 15:11:29.207 [main] INFO  c.i.webscraper.scraper.WebScraper - ---------- Topic: Cloud → https://interview.in28minutes.com/cloud/
2026-05-13 15:11:29.207 [main] DEBUG c.i.webscraper.scraper.WebScraper - Sleeping 2500ms (attempt 1/3) before: https://interview.in28minutes.com/cloud/
2026-05-13 15:11:32.200 [main] DEBUG c.i.webscraper.scraper.WebScraper - HTTP 200 ← https://interview.in28minutes.com/cloud/
2026-05-13 15:11:32.205 [main] DEBUG c.i.webscraper.scraper.WebScraper - Topic 'Cloud' → 8 card(s) found.
2026-05-13 15:11:32.206 [main] INFO  c.i.webscraper.scraper.WebScraper -   → Section: 'Cloud Fundamentals' (https://interview.in28minutes.com/interview-guides/cloud/cloud-fundamentals/)
2026-05-13 15:11:32.207 [main] DEBUG c.i.webscraper.scraper.WebScraper - Sleeping 2500ms (attempt 1/3) before: https://interview.in28minutes.com/interview-guides/cloud/cloud-fundamentals/
2026-05-13 15:11:35.666 [main] DEBUG c.i.webscraper.scraper.WebScraper - HTTP 200 ← https://interview.in28minutes.com/interview-guides/cloud/cloud-fundamentals/
2026-05-13 15:11:35.674 [main] DEBUG c.i.webscraper.scraper.WebScraper -      8 question heading(s) in 'Cloud Fundamentals'.
2026-05-13 15:11:35.674 [main] DEBUG c.i.webscraper.scraper.WebScraper -        Q[39chars] | A[768chars] | Code[0]
2026-05-13 15:11:35.675 [main] DEBUG c.i.webscraper.scraper.WebScraper -        Q[32chars] | A[1868chars] | Code[0]
2026-05-13 15:11:35.677 [main] DEBUG c.i.webscraper.scraper.WebScraper -        Q[41chars] | A[294chars] | Code[0]
2026-05-13 15:11:35.677 [main] DEBUG c.i.webscraper.scraper.WebScraper -        Q[34chars] | A[832chars] | Code[0]
2026-05-13 15:11:35.678 [main] DEBUG c.i.webscraper.scraper.WebScraper -        Q[23chars] | A[941chars] | Code[0]
2026-05-13 15:11:35.678 [main] DEBUG c.i.webscraper.scraper.WebScraper -        Q[49chars] | A[782chars] | Code[0]
2026-05-13 15:11:35.680 [main] DEBUG c.i.webscraper.scraper.WebScraper -        Q[102chars] | A[1617chars] | Code[0]
2026-05-13 15:11:35.680 [main] INFO  c.i.webscraper.scraper.WebScraper -      7 Q&A pair(s) extracted.
2026-05-13 15:11:35.681 [main] INFO  c.i.webscraper.scraper.WebScraper -   → Section: 'Cloud Storage and Databases Fundamentals' (https://interview.in28minutes.com/interview-guides/cloud/cloud-storage-and-databases-fundamentals/)
2026-05-13 15:11:35.681 [main] DEBUG c.i.webscraper.scraper.WebScraper - Sleeping 2500ms (attempt 1/3) before: https://interview.in28minutes.com/interview-guides/cloud/cloud-storage-and-databases-fundamentals/
2026-05-13 15:11:38.785 [main] DEBUG c.i.webscraper.scraper.WebScraper - HTTP 200 ← https://interview.in28minutes.com/interview-guides/cloud/cloud-storage-and-databases-fundamentals/
2026-05-13 15:11:38.796 [main] DEBUG c.i.webscraper.scraper.WebScraper -      12 question heading(s) in 'Cloud Storage and Databases Fundamentals'.
2026-05-13 15:11:38.799 [main] DEBUG c.i.webscraper.scraper.WebScraper -        Q[49chars] | A[1106chars] | Code[0]
2026-05-13 15:11:38.800 [main] DEBUG c.i.webscraper.scraper.WebScraper -        Q[18chars] | A[408chars] | Code[0]
2026-05-13 15:11:38.800 [main] DEBUG c.i.webscraper.scraper.WebScraper -        Q[35chars] | A[448chars] | Code[0]
2026-05-13 15:11:38.801 [main] DEBUG c.i.webscraper.scraper.WebScraper -        Q[46chars] | A[423chars] | Code[0]
2026-05-13 15:11:38.803 [main] DEBUG c.i.webscraper.scraper.WebScraper -        Q[55chars] | A[1860chars] | Code[4]
2026-05-13 15:11:38.804 [main] DEBUG c.i.webscraper.scraper.WebScraper -        Q[67chars] | A[1176chars] | Code[0]
2026-05-13 15:11:38.805 [main] DEBUG c.i.webscraper.scraper.WebScraper -        Q[22chars] | A[1960chars] | Code[0]
2026-05-13 15:11:38.806 [main] DEBUG c.i.webscraper.scraper.WebScraper -        Q[21chars] | A[935chars] | Code[0]
2026-05-13 15:11:38.807 [main] DEBUG c.i.webscraper.scraper.WebScraper -        Q[23chars] | A[2371chars] | Code[0]
2026-05-13 15:11:38.808 [main] DEBUG c.i.webscraper.scraper.WebScraper -        Q[23chars] | A[832chars] | Code[0]
2026-05-13 15:11:38.809 [main] DEBUG c.i.webscraper.scraper.WebScraper -        Q[36chars] | A[1618chars] | Code[0]
2026-05-13 15:11:38.811 [main] DEBUG c.i.webscraper.scraper.WebScraper -        Q[35chars] | A[1675chars] | Code[0]
2026-05-13 15:11:38.811 [main] INFO  c.i.webscraper.scraper.WebScraper -      12 Q&A pair(s) extracted.
2026-05-13 15:11:38.812 [main] INFO  c.i.webscraper.scraper.WebScraper -   → Section: 'Asynchronous Communication in the Cloud' (https://interview.in28minutes.com/interview-guides/cloud/asynchronous-communication-in-the-cloud/)
2026-05-13 15:11:38.812 [main] DEBUG c.i.webscraper.scraper.WebScraper - Sleeping 2500ms (attempt 1/3) before: https://interview.in28minutes.com/interview-guides/cloud/asynchronous-communication-in-the-cloud/
2026-05-13 15:11:42.534 [main] DEBUG c.i.webscraper.scraper.WebScraper - HTTP 200 ← https://interview.in28minutes.com/interview-guides/cloud/asynchronous-communication-in-the-cloud/
2026-05-13 15:11:42.540 [main] DEBUG c.i.webscraper.scraper.WebScraper -      6 question heading(s) in 'Asynchronous Communication in the Cloud'.
2026-05-13 15:11:42.542 [main] DEBUG c.i.webscraper.scraper.WebScraper -        Q[31chars] | A[984chars] | Code[0]
2026-05-13 15:11:42.544 [main] DEBUG c.i.webscraper.scraper.WebScraper -        Q[37chars] | A[1371chars] | Code[0]
2026-05-13 15:11:42.544 [main] DEBUG c.i.webscraper.scraper.WebScraper -        Q[43chars] | A[1183chars] | Code[0]
2026-05-13 15:11:42.545 [main] DEBUG c.i.webscraper.scraper.WebScraper -        Q[36chars] | A[1170chars] | Code[0]
2026-05-13 15:11:42.547 [main] DEBUG c.i.webscraper.scraper.WebScraper -        Q[28chars] | A[3000chars] | Code[0]
2026-05-13 15:11:42.547 [main] DEBUG c.i.webscraper.scraper.WebScraper -        Q[44chars] | A[1240chars] | Code[0]
2026-05-13 15:11:42.548 [main] INFO  c.i.webscraper.scraper.WebScraper -      6 Q&A pair(s) extracted.
2026-05-13 15:11:42.548 [main] INFO  c.i.webscraper.scraper.WebScraper -   → Section: 'Networking in the Cloud' (https://interview.in28minutes.com/interview-guides/cloud/networking-in-the-cloud/)
2026-05-13 15:11:42.548 [main] DEBUG c.i.webscraper.scraper.WebScraper - Sleeping 2500ms (attempt 1/3) before: https://interview.in28minutes.com/interview-guides/cloud/networking-in-the-cloud/
2026-05-13 15:11:45.806 [main] DEBUG c.i.webscraper.scraper.WebScraper - HTTP 200 ← https://interview.in28minutes.com/interview-guides/cloud/networking-in-the-cloud/
2026-05-13 15:11:45.814 [main] DEBUG c.i.webscraper.scraper.WebScraper -      7 question heading(s) in 'Networking in the Cloud'.
2026-05-13 15:11:45.815 [main] DEBUG c.i.webscraper.scraper.WebScraper -        Q[65chars] | A[926chars] | Code[0]
2026-05-13 15:11:45.816 [main] DEBUG c.i.webscraper.scraper.WebScraper -        Q[47chars] | A[811chars] | Code[0]
2026-05-13 15:11:45.816 [main] DEBUG c.i.webscraper.scraper.WebScraper -        Q[47chars] | A[1919chars] | Code[0]
2026-05-13 15:11:45.817 [main] DEBUG c.i.webscraper.scraper.WebScraper -        Q[65chars] | A[817chars] | Code[0]
2026-05-13 15:11:45.819 [main] DEBUG c.i.webscraper.scraper.WebScraper -        Q[37chars] | A[481chars] | Code[0]
2026-05-13 15:11:45.820 [main] DEBUG c.i.webscraper.scraper.WebScraper -        Q[37chars] | A[915chars] | Code[0]
2026-05-13 15:11:45.820 [main] INFO  c.i.webscraper.scraper.WebScraper -      6 Q&A pair(s) extracted.
2026-05-13 15:11:45.820 [main] INFO  c.i.webscraper.scraper.WebScraper -   → Section: 'Cost Management in the Cloud' (https://interview.in28minutes.com/interview-guides/cloud/cost-management-in-the-cloud/)
2026-05-13 15:11:45.820 [main] DEBUG c.i.webscraper.scraper.WebScraper - Sleeping 2500ms (attempt 1/3) before: https://interview.in28minutes.com/interview-guides/cloud/cost-management-in-the-cloud/
2026-05-13 15:11:49.301 [main] DEBUG c.i.webscraper.scraper.WebScraper - HTTP 200 ← https://interview.in28minutes.com/interview-guides/cloud/cost-management-in-the-cloud/
2026-05-13 15:11:49.306 [main] DEBUG c.i.webscraper.scraper.WebScraper -      6 question heading(s) in 'Cost Management in the Cloud'.
2026-05-13 15:11:49.312 [main] DEBUG c.i.webscraper.scraper.WebScraper -        Q[38chars] | A[675chars] | Code[0]
2026-05-13 15:11:49.318 [main] DEBUG c.i.webscraper.scraper.WebScraper -        Q[21chars] | A[278chars] | Code[0]
2026-05-13 15:11:49.325 [main] DEBUG c.i.webscraper.scraper.WebScraper -        Q[56chars] | A[333chars] | Code[0]
2026-05-13 15:11:49.329 [main] DEBUG c.i.webscraper.scraper.WebScraper -        Q[39chars] | A[1192chars] | Code[0]
2026-05-13 15:11:49.330 [main] DEBUG c.i.webscraper.scraper.WebScraper -        Q[15chars] | A[848chars] | Code[0]
2026-05-13 15:11:49.330 [main] INFO  c.i.webscraper.scraper.WebScraper -      5 Q&A pair(s) extracted.
2026-05-13 15:11:49.330 [main] INFO  c.i.webscraper.scraper.WebScraper -   → Section: 'AI, ML and Generative AI in the Cloud' (https://interview.in28minutes.com/interview-guides/cloud/ai-ml-and-generative-ai-in-the-cloud/)
2026-05-13 15:11:49.331 [main] DEBUG c.i.webscraper.scraper.WebScraper - Sleeping 2500ms (attempt 1/3) before: https://interview.in28minutes.com/interview-guides/cloud/ai-ml-and-generative-ai-in-the-cloud/
2026-05-13 15:11:53.287 [main] DEBUG c.i.webscraper.scraper.WebScraper - HTTP 200 ← https://interview.in28minutes.com/interview-guides/cloud/ai-ml-and-generative-ai-in-the-cloud/
2026-05-13 15:11:53.294 [main] DEBUG c.i.webscraper.scraper.WebScraper -      5 question heading(s) in 'AI, ML and Generative AI in the Cloud'.
2026-05-13 15:11:53.296 [main] DEBUG c.i.webscraper.scraper.WebScraper -        Q[16chars] | A[924chars] | Code[0]
2026-05-13 15:11:53.297 [main] DEBUG c.i.webscraper.scraper.WebScraper -        Q[53chars] | A[730chars] | Code[0]
2026-05-13 15:11:53.298 [main] DEBUG c.i.webscraper.scraper.WebScraper -        Q[22chars] | A[2020chars] | Code[0]
2026-05-13 15:11:53.299 [main] DEBUG c.i.webscraper.scraper.WebScraper -        Q[52chars] | A[1044chars] | Code[0]
2026-05-13 15:11:53.300 [main] INFO  c.i.webscraper.scraper.WebScraper -      4 Q&A pair(s) extracted.
2026-05-13 15:11:53.300 [main] INFO  c.i.webscraper.scraper.WebScraper -   → Section: 'Security in the Cloud' (https://interview.in28minutes.com/interview-guides/cloud/security-in-the-cloud/)
2026-05-13 15:11:53.301 [main] DEBUG c.i.webscraper.scraper.WebScraper - Sleeping 2500ms (attempt 1/3) before: https://interview.in28minutes.com/interview-guides/cloud/security-in-the-cloud/
2026-05-13 15:11:56.719 [main] DEBUG c.i.webscraper.scraper.WebScraper - HTTP 200 ← https://interview.in28minutes.com/interview-guides/cloud/security-in-the-cloud/
2026-05-13 15:11:56.728 [main] DEBUG c.i.webscraper.scraper.WebScraper -      7 question heading(s) in 'Security in the Cloud'.
2026-05-13 15:11:56.730 [main] DEBUG c.i.webscraper.scraper.WebScraper -        Q[31chars] | A[2385chars] | Code[0]
2026-05-13 15:11:56.730 [main] DEBUG c.i.webscraper.scraper.WebScraper -        Q[43chars] | A[2724chars] | Code[0]
2026-05-13 15:11:56.731 [main] DEBUG c.i.webscraper.scraper.WebScraper -        Q[22chars] | A[745chars] | Code[0]
2026-05-13 15:11:56.732 [main] DEBUG c.i.webscraper.scraper.WebScraper -        Q[14chars] | A[1159chars] | Code[0]
2026-05-13 15:11:56.732 [main] DEBUG c.i.webscraper.scraper.WebScraper -        Q[51chars] | A[1033chars] | Code[0]
2026-05-13 15:11:56.732 [main] DEBUG c.i.webscraper.scraper.WebScraper -        Q[34chars] | A[1081chars] | Code[0]
2026-05-13 15:11:56.733 [main] DEBUG c.i.webscraper.scraper.WebScraper -        Q[24chars] | A[1443chars] | Code[0]
2026-05-13 15:11:56.734 [main] INFO  c.i.webscraper.scraper.WebScraper -      7 Q&A pair(s) extracted.
2026-05-13 15:11:56.734 [main] INFO  c.i.webscraper.scraper.WebScraper -   → Section: 'Cloud Interview - Diagrams' (https://interview.in28minutes.com/interview-guides/cloud/cloud-interview-diagrams/)
2026-05-13 15:11:56.734 [main] DEBUG c.i.webscraper.scraper.WebScraper - Sleeping 2500ms (attempt 1/3) before: https://interview.in28minutes.com/interview-guides/cloud/cloud-interview-diagrams/
2026-05-13 15:12:00.211 [main] DEBUG c.i.webscraper.scraper.WebScraper - HTTP 200 ← https://interview.in28minutes.com/interview-guides/cloud/cloud-interview-diagrams/
2026-05-13 15:12:00.215 [main] DEBUG c.i.webscraper.scraper.WebScraper -      10 question heading(s) in 'Cloud Interview - Diagrams'.
2026-05-13 15:12:00.217 [main] WARN  c.i.webscraper.scraper.WebScraper -      Section 'Cloud Interview - Diagrams' had no Q&A pairs.
2026-05-13 15:12:00.217 [main] INFO  c.i.webscraper.scraper.WebScraper - Topic 'Cloud' complete → 7 section(s).
2026-05-13 15:12:00.218 [main] INFO  c.i.webscraper.scraper.WebScraper - ---------- Topic: Docker → https://interview.in28minutes.com/docker/
2026-05-13 15:12:00.218 [main] DEBUG c.i.webscraper.scraper.WebScraper - Sleeping 2500ms (attempt 1/3) before: https://interview.in28minutes.com/docker/
2026-05-13 15:12:03.566 [main] DEBUG c.i.webscraper.scraper.WebScraper - HTTP 200 ← https://interview.in28minutes.com/docker/
2026-05-13 15:12:03.572 [main] DEBUG c.i.webscraper.scraper.WebScraper - Topic 'Docker' → 10 card(s) found.
2026-05-13 15:12:03.574 [main] INFO  c.i.webscraper.scraper.WebScraper -   → Section: 'Docker Fundamentals' (https://interview.in28minutes.com/interview-guides/docker/docker-fundamentals/)
2026-05-13 15:12:03.577 [main] DEBUG c.i.webscraper.scraper.WebScraper - Sleeping 2500ms (attempt 1/3) before: https://interview.in28minutes.com/interview-guides/docker/docker-fundamentals/
2026-05-13 15:12:06.774 [main] DEBUG c.i.webscraper.scraper.WebScraper - HTTP 200 ← https://interview.in28minutes.com/interview-guides/docker/docker-fundamentals/
2026-05-13 15:12:06.781 [main] DEBUG c.i.webscraper.scraper.WebScraper -      6 question heading(s) in 'Docker Fundamentals'.
2026-05-13 15:12:06.781 [main] DEBUG c.i.webscraper.scraper.WebScraper -        Q[60chars] | A[429chars] | Code[0]
2026-05-13 15:12:06.783 [main] DEBUG c.i.webscraper.scraper.WebScraper -        Q[82chars] | A[201chars] | Code[0]
2026-05-13 15:12:06.783 [main] DEBUG c.i.webscraper.scraper.WebScraper -        Q[40chars] | A[281chars] | Code[0]
2026-05-13 15:12:06.784 [main] DEBUG c.i.webscraper.scraper.WebScraper -        Q[54chars] | A[264chars] | Code[0]
2026-05-13 15:12:06.784 [main] DEBUG c.i.webscraper.scraper.WebScraper -        Q[63chars] | A[1303chars] | Code[0]
2026-05-13 15:12:06.784 [main] INFO  c.i.webscraper.scraper.WebScraper -      5 Q&A pair(s) extracted.
2026-05-13 15:12:06.784 [main] INFO  c.i.webscraper.scraper.WebScraper -   → Section: 'Building Docker Images' (https://interview.in28minutes.com/interview-guides/docker/building-docker-images/)
2026-05-13 15:12:06.784 [main] DEBUG c.i.webscraper.scraper.WebScraper - Sleeping 2500ms (attempt 1/3) before: https://interview.in28minutes.com/interview-guides/docker/building-docker-images/
2026-05-13 15:12:09.899 [main] DEBUG c.i.webscraper.scraper.WebScraper - HTTP 200 ← https://interview.in28minutes.com/interview-guides/docker/building-docker-images/
2026-05-13 15:12:09.906 [main] DEBUG c.i.webscraper.scraper.WebScraper -      13 question heading(s) in 'Building Docker Images'.
2026-05-13 15:12:09.908 [main] DEBUG c.i.webscraper.scraper.WebScraper -        Q[54chars] | A[145chars] | Code[3]
2026-05-13 15:12:09.908 [main] DEBUG c.i.webscraper.scraper.WebScraper -        Q[21chars] | A[175chars] | Code[0]
2026-05-13 15:12:09.908 [main] DEBUG c.i.webscraper.scraper.WebScraper -        Q[35chars] | A[299chars] | Code[0]
2026-05-13 15:12:09.909 [main] DEBUG c.i.webscraper.scraper.WebScraper -        Q[87chars] | A[788chars] | Code[6]
2026-05-13 15:12:09.909 [main] DEBUG c.i.webscraper.scraper.WebScraper -        Q[47chars] | A[202chars] | Code[1]
2026-05-13 15:12:09.910 [main] DEBUG c.i.webscraper.scraper.WebScraper -        Q[59chars] | A[32chars] | Code[1]
2026-05-13 15:12:09.910 [main] DEBUG c.i.webscraper.scraper.WebScraper -        Q[59chars] | A[448chars] | Code[2]
2026-05-13 15:12:09.910 [main] DEBUG c.i.webscraper.scraper.WebScraper -        Q[55chars] | A[872chars] | Code[2]
2026-05-13 15:12:09.911 [main] DEBUG c.i.webscraper.scraper.WebScraper -        Q[92chars] | A[911chars] | Code[2]
2026-05-13 15:12:09.911 [main] DEBUG c.i.webscraper.scraper.WebScraper -        Q[62chars] | A[525chars] | Code[4]
2026-05-13 15:12:09.911 [main] DEBUG c.i.webscraper.scraper.WebScraper -        Q[46chars] | A[246chars] | Code[1]
2026-05-13 15:12:09.911 [main] DEBUG c.i.webscraper.scraper.WebScraper -        Q[44chars] | A[191chars] | Code[1]
2026-05-13 15:12:09.912 [main] DEBUG c.i.webscraper.scraper.WebScraper -        Q[36chars] | A[306chars] | Code[0]
2026-05-13 15:12:09.912 [main] INFO  c.i.webscraper.scraper.WebScraper -      13 Q&A pair(s) extracted.
2026-05-13 15:12:09.912 [main] INFO  c.i.webscraper.scraper.WebScraper -   → Section: 'Managing Docker Containers' (https://interview.in28minutes.com/interview-guides/docker/managing-docker-containers/)
2026-05-13 15:12:09.912 [main] DEBUG c.i.webscraper.scraper.WebScraper - Sleeping 2500ms (attempt 1/3) before: https://interview.in28minutes.com/interview-guides/docker/managing-docker-containers/
2026-05-13 15:12:13.616 [main] DEBUG c.i.webscraper.scraper.WebScraper - HTTP 200 ← https://interview.in28minutes.com/interview-guides/docker/managing-docker-containers/
2026-05-13 15:12:13.621 [main] DEBUG c.i.webscraper.scraper.WebScraper -      5 question heading(s) in 'Managing Docker Containers'.
2026-05-13 15:12:13.622 [main] DEBUG c.i.webscraper.scraper.WebScraper -        Q[50chars] | A[329chars] | Code[0]
2026-05-13 15:12:13.624 [main] DEBUG c.i.webscraper.scraper.WebScraper -        Q[47chars] | A[1615chars] | Code[30]
2026-05-13 15:12:13.625 [main] DEBUG c.i.webscraper.scraper.WebScraper -        Q[108chars] | A[50chars] | Code[3]
2026-05-13 15:12:13.626 [main] DEBUG c.i.webscraper.scraper.WebScraper -        Q[38chars] | A[506chars] | Code[9]
2026-05-13 15:12:13.627 [main] DEBUG c.i.webscraper.scraper.WebScraper -        Q[101chars] | A[793chars] | Code[16]
2026-05-13 15:12:13.627 [main] INFO  c.i.webscraper.scraper.WebScraper -      5 Q&A pair(s) extracted.
2026-05-13 15:12:13.627 [main] INFO  c.i.webscraper.scraper.WebScraper -   → Section: 'Persisting Data in Docker' (https://interview.in28minutes.com/interview-guides/docker/persisting-data-in-docker/)
2026-05-13 15:12:13.628 [main] DEBUG c.i.webscraper.scraper.WebScraper - Sleeping 2500ms (attempt 1/3) before: https://interview.in28minutes.com/interview-guides/docker/persisting-data-in-docker/
2026-05-13 15:12:16.664 [main] DEBUG c.i.webscraper.scraper.WebScraper - HTTP 200 ← https://interview.in28minutes.com/interview-guides/docker/persisting-data-in-docker/
2026-05-13 15:12:16.670 [main] DEBUG c.i.webscraper.scraper.WebScraper -      8 question heading(s) in 'Persisting Data in Docker'.
2026-05-13 15:12:16.671 [main] DEBUG c.i.webscraper.scraper.WebScraper -        Q[46chars] | A[480chars] | Code[0]
2026-05-13 15:12:16.673 [main] DEBUG c.i.webscraper.scraper.WebScraper -        Q[27chars] | A[774chars] | Code[6]
2026-05-13 15:12:16.673 [main] DEBUG c.i.webscraper.scraper.WebScraper -        Q[39chars] | A[250chars] | Code[7]
2026-05-13 15:12:16.674 [main] DEBUG c.i.webscraper.scraper.WebScraper -        Q[35chars] | A[495chars] | Code[2]
2026-05-13 15:12:16.675 [main] DEBUG c.i.webscraper.scraper.WebScraper -        Q[57chars] | A[620chars] | Code[10]
2026-05-13 15:12:16.675 [main] DEBUG c.i.webscraper.scraper.WebScraper -        Q[65chars] | A[341chars] | Code[0]
2026-05-13 15:12:16.676 [main] DEBUG c.i.webscraper.scraper.WebScraper -        Q[24chars] | A[319chars] | Code[0]
2026-05-13 15:12:16.676 [main] INFO  c.i.webscraper.scraper.WebScraper -      7 Q&A pair(s) extracted.
2026-05-13 15:12:16.676 [main] INFO  c.i.webscraper.scraper.WebScraper -   → Section: 'Docker Networking' (https://interview.in28minutes.com/interview-guides/docker/docker-networking/)
2026-05-13 15:12:16.676 [main] DEBUG c.i.webscraper.scraper.WebScraper - Sleeping 2500ms (attempt 1/3) before: https://interview.in28minutes.com/interview-guides/docker/docker-networking/
2026-05-13 15:12:20.044 [main] DEBUG c.i.webscraper.scraper.WebScraper - HTTP 200 ← https://interview.in28minutes.com/interview-guides/docker/docker-networking/
2026-05-13 15:12:20.051 [main] DEBUG c.i.webscraper.scraper.WebScraper -      7 question heading(s) in 'Docker Networking'.
2026-05-13 15:12:20.051 [main] DEBUG c.i.webscraper.scraper.WebScraper -        Q[36chars] | A[238chars] | Code[0]
2026-05-13 15:12:20.052 [main] DEBUG c.i.webscraper.scraper.WebScraper -        Q[42chars] | A[2214chars] | Code[6]
2026-05-13 15:12:20.052 [main] DEBUG c.i.webscraper.scraper.WebScraper -        Q[55chars] | A[188chars] | Code[4]
2026-05-13 15:12:20.053 [main] DEBUG c.i.webscraper.scraper.WebScraper -        Q[61chars] | A[162chars] | Code[2]
2026-05-13 15:12:20.053 [main] DEBUG c.i.webscraper.scraper.WebScraper -        Q[63chars] | A[200chars] | Code[1]
2026-05-13 15:12:20.053 [main] DEBUG c.i.webscraper.scraper.WebScraper -        Q[55chars] | A[424chars] | Code[1]
2026-05-13 15:12:20.054 [main] DEBUG c.i.webscraper.scraper.WebScraper -        Q[106chars] | A[258chars] | Code[2]
2026-05-13 15:12:20.054 [main] INFO  c.i.webscraper.scraper.WebScraper -      7 Q&A pair(s) extracted.
2026-05-13 15:12:20.055 [main] INFO  c.i.webscraper.scraper.WebScraper -   → Section: 'Docker Security' (https://interview.in28minutes.com/interview-guides/docker/docker-security/)
2026-05-13 15:12:20.055 [main] DEBUG c.i.webscraper.scraper.WebScraper - Sleeping 2500ms (attempt 1/3) before: https://interview.in28minutes.com/interview-guides/docker/docker-security/
2026-05-13 15:12:23.445 [main] DEBUG c.i.webscraper.scraper.WebScraper - HTTP 200 ← https://interview.in28minutes.com/interview-guides/docker/docker-security/
2026-05-13 15:12:23.452 [main] DEBUG c.i.webscraper.scraper.WebScraper -      9 question heading(s) in 'Docker Security'.
2026-05-13 15:12:23.453 [main] DEBUG c.i.webscraper.scraper.WebScraper -        Q[36chars] | A[645chars] | Code[0]
2026-05-13 15:12:23.453 [main] DEBUG c.i.webscraper.scraper.WebScraper -        Q[53chars] | A[1058chars] | Code[0]
2026-05-13 15:12:23.453 [main] DEBUG c.i.webscraper.scraper.WebScraper -        Q[45chars] | A[235chars] | Code[1]
2026-05-13 15:12:23.455 [main] DEBUG c.i.webscraper.scraper.WebScraper -        Q[54chars] | A[324chars] | Code[1]
2026-05-13 15:12:23.456 [main] DEBUG c.i.webscraper.scraper.WebScraper -        Q[43chars] | A[1259chars] | Code[5]
2026-05-13 15:12:23.456 [main] DEBUG c.i.webscraper.scraper.WebScraper -        Q[74chars] | A[394chars] | Code[3]
2026-05-13 15:12:23.456 [main] DEBUG c.i.webscraper.scraper.WebScraper -        Q[53chars] | A[469chars] | Code[0]
2026-05-13 15:12:23.457 [main] DEBUG c.i.webscraper.scraper.WebScraper -        Q[44chars] | A[229chars] | Code[0]
2026-05-13 15:12:23.457 [main] DEBUG c.i.webscraper.scraper.WebScraper -        Q[42chars] | A[759chars] | Code[1]
2026-05-13 15:12:23.458 [main] INFO  c.i.webscraper.scraper.WebScraper -      9 Q&A pair(s) extracted.
2026-05-13 15:12:23.458 [main] INFO  c.i.webscraper.scraper.WebScraper -   → Section: 'Docker Compose' (https://interview.in28minutes.com/interview-guides/docker/docker-compose/)
2026-05-13 15:12:23.458 [main] DEBUG c.i.webscraper.scraper.WebScraper - Sleeping 2500ms (attempt 1/3) before: https://interview.in28minutes.com/interview-guides/docker/docker-compose/
2026-05-13 15:12:27.071 [main] DEBUG c.i.webscraper.scraper.WebScraper - HTTP 200 ← https://interview.in28minutes.com/interview-guides/docker/docker-compose/
2026-05-13 15:12:27.079 [main] DEBUG c.i.webscraper.scraper.WebScraper -      6 question heading(s) in 'Docker Compose'.
2026-05-13 15:12:27.080 [main] DEBUG c.i.webscraper.scraper.WebScraper -        Q[36chars] | A[1231chars] | Code[4]
2026-05-13 15:12:27.080 [main] DEBUG c.i.webscraper.scraper.WebScraper -        Q[64chars] | A[264chars] | Code[0]
2026-05-13 15:12:27.081 [main] DEBUG c.i.webscraper.scraper.WebScraper -        Q[43chars] | A[1213chars] | Code[3]
2026-05-13 15:12:27.082 [main] DEBUG c.i.webscraper.scraper.WebScraper -        Q[68chars] | A[479chars] | Code[8]
2026-05-13 15:12:27.083 [main] DEBUG c.i.webscraper.scraper.WebScraper -        Q[48chars] | A[426chars] | Code[4]
2026-05-13 15:12:27.083 [main] DEBUG c.i.webscraper.scraper.WebScraper -        Q[18chars] | A[360chars] | Code[0]
2026-05-13 15:12:27.083 [main] INFO  c.i.webscraper.scraper.WebScraper -      6 Q&A pair(s) extracted.
2026-05-13 15:12:27.084 [main] INFO  c.i.webscraper.scraper.WebScraper -   → Section: 'Advanced Docker Concepts' (https://interview.in28minutes.com/interview-guides/docker/advanced-docker-concepts/)
2026-05-13 15:12:27.084 [main] DEBUG c.i.webscraper.scraper.WebScraper - Sleeping 2500ms (attempt 1/3) before: https://interview.in28minutes.com/interview-guides/docker/advanced-docker-concepts/
2026-05-13 15:12:30.539 [main] DEBUG c.i.webscraper.scraper.WebScraper - HTTP 200 ← https://interview.in28minutes.com/interview-guides/docker/advanced-docker-concepts/
2026-05-13 15:12:30.544 [main] DEBUG c.i.webscraper.scraper.WebScraper -      5 question heading(s) in 'Advanced Docker Concepts'.
2026-05-13 15:12:30.545 [main] DEBUG c.i.webscraper.scraper.WebScraper -        Q[10chars] | A[343chars] | Code[0]
2026-05-13 15:12:30.545 [main] DEBUG c.i.webscraper.scraper.WebScraper -        Q[60chars] | A[636chars] | Code[5]
2026-05-13 15:12:30.546 [main] DEBUG c.i.webscraper.scraper.WebScraper -        Q[64chars] | A[911chars] | Code[0]
2026-05-13 15:12:30.546 [main] INFO  c.i.webscraper.scraper.WebScraper -      3 Q&A pair(s) extracted.
2026-05-13 15:12:30.547 [main] INFO  c.i.webscraper.scraper.WebScraper -   → Section: 'Docker Cheat Sheet' (https://interview.in28minutes.com/interview-guides/docker/docker-cheat-sheet/)
2026-05-13 15:12:30.547 [main] DEBUG c.i.webscraper.scraper.WebScraper - Sleeping 2500ms (attempt 1/3) before: https://interview.in28minutes.com/interview-guides/docker/docker-cheat-sheet/
2026-05-13 15:12:33.627 [main] DEBUG c.i.webscraper.scraper.WebScraper - HTTP 200 ← https://interview.in28minutes.com/interview-guides/docker/docker-cheat-sheet/
2026-05-13 15:12:33.634 [main] DEBUG c.i.webscraper.scraper.WebScraper -      9 question heading(s) in 'Docker Cheat Sheet'.
2026-05-13 15:12:33.636 [main] WARN  c.i.webscraper.scraper.WebScraper -      Section 'Docker Cheat Sheet' had no Q&A pairs.
2026-05-13 15:12:33.636 [main] INFO  c.i.webscraper.scraper.WebScraper -   → Section: 'Docker Interview - Diagrams' (https://interview.in28minutes.com/interview-guides/docker/docker-interview-diagrams/)
2026-05-13 15:12:33.637 [main] DEBUG c.i.webscraper.scraper.WebScraper - Sleeping 2500ms (attempt 1/3) before: https://interview.in28minutes.com/interview-guides/docker/docker-interview-diagrams/
2026-05-13 15:12:37.119 [main] DEBUG c.i.webscraper.scraper.WebScraper - HTTP 200 ← https://interview.in28minutes.com/interview-guides/docker/docker-interview-diagrams/
2026-05-13 15:12:37.124 [main] DEBUG c.i.webscraper.scraper.WebScraper -      10 question heading(s) in 'Docker Interview - Diagrams'.
2026-05-13 15:12:37.124 [main] DEBUG c.i.webscraper.scraper.WebScraper -        Q[29chars] | A[0chars] | Code[1]
2026-05-13 15:12:37.125 [main] INFO  c.i.webscraper.scraper.WebScraper -      1 Q&A pair(s) extracted.
2026-05-13 15:12:37.125 [main] INFO  c.i.webscraper.scraper.WebScraper - Topic 'Docker' complete → 9 section(s).
2026-05-13 15:12:37.125 [main] INFO  c.i.webscraper.scraper.WebScraper - ---------- Topic: Kubernetes → https://interview.in28minutes.com/kubernetes/
2026-05-13 15:12:37.125 [main] DEBUG c.i.webscraper.scraper.WebScraper - Sleeping 2500ms (attempt 1/3) before: https://interview.in28minutes.com/kubernetes/
2026-05-13 15:12:40.584 [main] DEBUG c.i.webscraper.scraper.WebScraper - HTTP 200 ← https://interview.in28minutes.com/kubernetes/
2026-05-13 15:12:40.592 [main] DEBUG c.i.webscraper.scraper.WebScraper - Topic 'Kubernetes' → 10 card(s) found.
2026-05-13 15:12:40.594 [main] INFO  c.i.webscraper.scraper.WebScraper -   → Section: 'Kubernetes Landscape' (https://interview.in28minutes.com/interview-guides/kubernetes/kubernetes-landscape/)
2026-05-13 15:12:40.596 [main] DEBUG c.i.webscraper.scraper.WebScraper - Sleeping 2500ms (attempt 1/3) before: https://interview.in28minutes.com/interview-guides/kubernetes/kubernetes-landscape/
2026-05-13 15:12:43.907 [main] DEBUG c.i.webscraper.scraper.WebScraper - HTTP 200 ← https://interview.in28minutes.com/interview-guides/kubernetes/kubernetes-landscape/
2026-05-13 15:12:43.914 [main] DEBUG c.i.webscraper.scraper.WebScraper -      6 question heading(s) in 'Kubernetes Landscape'.
2026-05-13 15:12:43.916 [main] DEBUG c.i.webscraper.scraper.WebScraper -        Q[60chars] | A[399chars] | Code[0]
2026-05-13 15:12:43.917 [main] DEBUG c.i.webscraper.scraper.WebScraper -        Q[57chars] | A[2055chars] | Code[0]
2026-05-13 15:12:43.918 [main] DEBUG c.i.webscraper.scraper.WebScraper -        Q[38chars] | A[730chars] | Code[0]
2026-05-13 15:12:43.918 [main] DEBUG c.i.webscraper.scraper.WebScraper -        Q[53chars] | A[960chars] | Code[0]
2026-05-13 15:12:43.918 [main] DEBUG c.i.webscraper.scraper.WebScraper -        Q[39chars] | A[565chars] | Code[0]
2026-05-13 15:12:43.918 [main] INFO  c.i.webscraper.scraper.WebScraper -      5 Q&A pair(s) extracted.
2026-05-13 15:12:43.918 [main] INFO  c.i.webscraper.scraper.WebScraper -   → Section: 'Kubernetes Fundamentals' (https://interview.in28minutes.com/interview-guides/kubernetes/kubernetes-fundamentals/)
2026-05-13 15:12:43.919 [main] DEBUG c.i.webscraper.scraper.WebScraper - Sleeping 2500ms (attempt 1/3) before: https://interview.in28minutes.com/interview-guides/kubernetes/kubernetes-fundamentals/
2026-05-13 15:12:47.038 [main] DEBUG c.i.webscraper.scraper.WebScraper - HTTP 200 ← https://interview.in28minutes.com/interview-guides/kubernetes/kubernetes-fundamentals/
2026-05-13 15:12:47.042 [main] DEBUG c.i.webscraper.scraper.WebScraper -      6 question heading(s) in 'Kubernetes Fundamentals'.
2026-05-13 15:12:47.043 [main] DEBUG c.i.webscraper.scraper.WebScraper -        Q[40chars] | A[1446chars] | Code[0]
2026-05-13 15:12:47.043 [main] DEBUG c.i.webscraper.scraper.WebScraper -        Q[53chars] | A[762chars] | Code[2]
2026-05-13 15:12:47.045 [main] DEBUG c.i.webscraper.scraper.WebScraper -        Q[63chars] | A[782chars] | Code[0]
2026-05-13 15:12:47.045 [main] DEBUG c.i.webscraper.scraper.WebScraper -        Q[60chars] | A[950chars] | Code[1]
2026-05-13 15:12:47.046 [main] DEBUG c.i.webscraper.scraper.WebScraper -        Q[62chars] | A[1218chars] | Code[1]
2026-05-13 15:12:47.046 [main] DEBUG c.i.webscraper.scraper.WebScraper -        Q[73chars] | A[1191chars] | Code[1]
2026-05-13 15:12:47.046 [main] INFO  c.i.webscraper.scraper.WebScraper -      6 Q&A pair(s) extracted.
2026-05-13 15:12:47.047 [main] INFO  c.i.webscraper.scraper.WebScraper -   → Section: 'Kubernetes Services and Networking' (https://interview.in28minutes.com/interview-guides/kubernetes/kubernetes-services-and-networking/)
2026-05-13 15:12:47.047 [main] DEBUG c.i.webscraper.scraper.WebScraper - Sleeping 2500ms (attempt 1/3) before: https://interview.in28minutes.com/interview-guides/kubernetes/kubernetes-services-and-networking/
2026-05-13 15:12:50.520 [main] DEBUG c.i.webscraper.scraper.WebScraper - HTTP 200 ← https://interview.in28minutes.com/interview-guides/kubernetes/kubernetes-services-and-networking/
2026-05-13 15:12:50.527 [main] DEBUG c.i.webscraper.scraper.WebScraper -      9 question heading(s) in 'Kubernetes Services and Networking'.
2026-05-13 15:12:50.530 [main] DEBUG c.i.webscraper.scraper.WebScraper -        Q[36chars] | A[191chars] | Code[1]
2026-05-13 15:12:50.530 [main] DEBUG c.i.webscraper.scraper.WebScraper -        Q[41chars] | A[936chars] | Code[0]
2026-05-13 15:12:50.532 [main] DEBUG c.i.webscraper.scraper.WebScraper -        Q[29chars] | A[2701chars] | Code[0]
2026-05-13 15:12:50.534 [main] DEBUG c.i.webscraper.scraper.WebScraper -        Q[56chars] | A[454chars] | Code[0]
2026-05-13 15:12:50.535 [main] DEBUG c.i.webscraper.scraper.WebScraper -        Q[47chars] | A[1131chars] | Code[0]
2026-05-13 15:12:50.536 [main] DEBUG c.i.webscraper.scraper.WebScraper -        Q[45chars] | A[2237chars] | Code[0]
2026-05-13 15:12:50.537 [main] DEBUG c.i.webscraper.scraper.WebScraper -        Q[26chars] | A[342chars] | Code[1]
2026-05-13 15:12:50.538 [main] DEBUG c.i.webscraper.scraper.WebScraper -        Q[37chars] | A[1017chars] | Code[0]
2026-05-13 15:12:50.539 [main] INFO  c.i.webscraper.scraper.WebScraper -      8 Q&A pair(s) extracted.
2026-05-13 15:12:50.539 [main] INFO  c.i.webscraper.scraper.WebScraper -   → Section: 'More Kubernetes Fundamentals' (https://interview.in28minutes.com/interview-guides/kubernetes/more-kubernetes-fundamentals/)
2026-05-13 15:12:50.540 [main] DEBUG c.i.webscraper.scraper.WebScraper - Sleeping 2500ms (attempt 1/3) before: https://interview.in28minutes.com/interview-guides/kubernetes/more-kubernetes-fundamentals/
2026-05-13 15:12:54.007 [main] DEBUG c.i.webscraper.scraper.WebScraper - HTTP 200 ← https://interview.in28minutes.com/interview-guides/kubernetes/more-kubernetes-fundamentals/
2026-05-13 15:12:54.015 [main] DEBUG c.i.webscraper.scraper.WebScraper -      18 question heading(s) in 'More Kubernetes Fundamentals'.
2026-05-13 15:12:54.015 [main] DEBUG c.i.webscraper.scraper.WebScraper -        Q[36chars] | A[1033chars] | Code[1]
2026-05-13 15:12:54.015 [main] DEBUG c.i.webscraper.scraper.WebScraper -        Q[34chars] | A[31chars] | Code[2]
2026-05-13 15:12:54.016 [main] DEBUG c.i.webscraper.scraper.WebScraper -        Q[31chars] | A[62chars] | Code[1]
2026-05-13 15:12:54.016 [main] DEBUG c.i.webscraper.scraper.WebScraper -        Q[35chars] | A[321chars] | Code[3]
2026-05-13 15:12:54.016 [main] DEBUG c.i.webscraper.scraper.WebScraper -        Q[47chars] | A[888chars] | Code[0]
2026-05-13 15:12:54.016 [main] DEBUG c.i.webscraper.scraper.WebScraper -        Q[39chars] | A[608chars] | Code[0]
2026-05-13 15:12:54.016 [main] DEBUG c.i.webscraper.scraper.WebScraper -        Q[20chars] | A[140chars] | Code[2]
2026-05-13 15:12:54.017 [main] DEBUG c.i.webscraper.scraper.WebScraper -        Q[19chars] | A[141chars] | Code[0]
2026-05-13 15:12:54.017 [main] DEBUG c.i.webscraper.scraper.WebScraper -        Q[33chars] | A[630chars] | Code[0]
2026-05-13 15:12:54.017 [main] DEBUG c.i.webscraper.scraper.WebScraper -        Q[60chars] | A[154chars] | Code[1]
2026-05-13 15:12:54.017 [main] DEBUG c.i.webscraper.scraper.WebScraper -        Q[43chars] | A[211chars] | Code[0]
2026-05-13 15:12:54.017 [main] DEBUG c.i.webscraper.scraper.WebScraper -        Q[40chars] | A[218chars] | Code[1]
2026-05-13 15:12:54.018 [main] DEBUG c.i.webscraper.scraper.WebScraper -        Q[32chars] | A[952chars] | Code[1]
2026-05-13 15:12:54.029 [main] DEBUG c.i.webscraper.scraper.WebScraper -        Q[27chars] | A[226chars] | Code[0]
2026-05-13 15:12:54.029 [main] DEBUG c.i.webscraper.scraper.WebScraper -        Q[49chars] | A[893chars] | Code[0]
2026-05-13 15:12:54.029 [main] INFO  c.i.webscraper.scraper.WebScraper -      15 Q&A pair(s) extracted.
2026-05-13 15:12:54.030 [main] INFO  c.i.webscraper.scraper.WebScraper -   → Section: 'Kubernetes Storage' (https://interview.in28minutes.com/interview-guides/kubernetes/kubernetes-storage/)
2026-05-13 15:12:54.030 [main] DEBUG c.i.webscraper.scraper.WebScraper - Sleeping 2500ms (attempt 1/3) before: https://interview.in28minutes.com/interview-guides/kubernetes/kubernetes-storage/
2026-05-13 15:12:57.745 [main] DEBUG c.i.webscraper.scraper.WebScraper - HTTP 200 ← https://interview.in28minutes.com/interview-guides/kubernetes/kubernetes-storage/
2026-05-13 15:12:57.753 [main] DEBUG c.i.webscraper.scraper.WebScraper -      11 question heading(s) in 'Kubernetes Storage'.
2026-05-13 15:12:57.754 [main] DEBUG c.i.webscraper.scraper.WebScraper -        Q[69chars] | A[391chars] | Code[0]
2026-05-13 15:12:57.755 [main] DEBUG c.i.webscraper.scraper.WebScraper -        Q[43chars] | A[583chars] | Code[0]
2026-05-13 15:12:57.755 [main] DEBUG c.i.webscraper.scraper.WebScraper -        Q[57chars] | A[480chars] | Code[1]
2026-05-13 15:12:57.755 [main] DEBUG c.i.webscraper.scraper.WebScraper -        Q[35chars] | A[577chars] | Code[1]
2026-05-13 15:12:57.756 [main] DEBUG c.i.webscraper.scraper.WebScraper -        Q[36chars] | A[568chars] | Code[1]
2026-05-13 15:12:57.756 [main] DEBUG c.i.webscraper.scraper.WebScraper -        Q[47chars] | A[251chars] | Code[1]
2026-05-13 15:12:57.756 [main] DEBUG c.i.webscraper.scraper.WebScraper -        Q[59chars] | A[180chars] | Code[1]
2026-05-13 15:12:57.758 [main] DEBUG c.i.webscraper.scraper.WebScraper -        Q[42chars] | A[809chars] | Code[0]
2026-05-13 15:12:57.758 [main] DEBUG c.i.webscraper.scraper.WebScraper -        Q[112chars] | A[535chars] | Code[0]
2026-05-13 15:12:57.758 [main] DEBUG c.i.webscraper.scraper.WebScraper -        Q[46chars] | A[485chars] | Code[1]
2026-05-13 15:12:57.759 [main] DEBUG c.i.webscraper.scraper.WebScraper -        Q[78chars] | A[921chars] | Code[1]
2026-05-13 15:12:57.759 [main] INFO  c.i.webscraper.scraper.WebScraper -      11 Q&A pair(s) extracted.
2026-05-13 15:12:57.759 [main] INFO  c.i.webscraper.scraper.WebScraper -   → Section: 'Kubernetes Security' (https://interview.in28minutes.com/interview-guides/kubernetes/kubernetes-security/)
2026-05-13 15:12:57.760 [main] DEBUG c.i.webscraper.scraper.WebScraper - Sleeping 2500ms (attempt 1/3) before: https://interview.in28minutes.com/interview-guides/kubernetes/kubernetes-security/
2026-05-13 15:13:01.410 [main] DEBUG c.i.webscraper.scraper.WebScraper - HTTP 200 ← https://interview.in28minutes.com/interview-guides/kubernetes/kubernetes-security/
2026-05-13 15:13:01.423 [main] DEBUG c.i.webscraper.scraper.WebScraper -      10 question heading(s) in 'Kubernetes Security'.
2026-05-13 15:13:01.424 [main] DEBUG c.i.webscraper.scraper.WebScraper -        Q[49chars] | A[626chars] | Code[1]
2026-05-13 15:13:01.425 [main] DEBUG c.i.webscraper.scraper.WebScraper -        Q[44chars] | A[409chars] | Code[1]
2026-05-13 15:13:01.425 [main] DEBUG c.i.webscraper.scraper.WebScraper -        Q[56chars] | A[560chars] | Code[1]
2026-05-13 15:13:01.426 [main] DEBUG c.i.webscraper.scraper.WebScraper -        Q[38chars] | A[839chars] | Code[0]
2026-05-13 15:13:01.426 [main] DEBUG c.i.webscraper.scraper.WebScraper -        Q[42chars] | A[0chars] | Code[1]
2026-05-13 15:13:01.427 [main] DEBUG c.i.webscraper.scraper.WebScraper -        Q[39chars] | A[748chars] | Code[0]
2026-05-13 15:13:01.427 [main] DEBUG c.i.webscraper.scraper.WebScraper -        Q[87chars] | A[654chars] | Code[1]
2026-05-13 15:13:01.427 [main] DEBUG c.i.webscraper.scraper.WebScraper -        Q[37chars] | A[637chars] | Code[1]
2026-05-13 15:13:01.429 [main] INFO  c.i.webscraper.scraper.WebScraper -      8 Q&A pair(s) extracted.
2026-05-13 15:13:01.429 [main] INFO  c.i.webscraper.scraper.WebScraper -   → Section: 'Kubernetes Scheduling' (https://interview.in28minutes.com/interview-guides/kubernetes/kubernetes-scheduling/)
2026-05-13 15:13:01.430 [main] DEBUG c.i.webscraper.scraper.WebScraper - Sleeping 2500ms (attempt 1/3) before: https://interview.in28minutes.com/interview-guides/kubernetes/kubernetes-scheduling/
2026-05-13 15:13:04.655 [main] DEBUG c.i.webscraper.scraper.WebScraper - HTTP 200 ← https://interview.in28minutes.com/interview-guides/kubernetes/kubernetes-scheduling/
2026-05-13 15:13:04.665 [main] DEBUG c.i.webscraper.scraper.WebScraper -      13 question heading(s) in 'Kubernetes Scheduling'.
2026-05-13 15:13:04.666 [main] DEBUG c.i.webscraper.scraper.WebScraper -        Q[35chars] | A[647chars] | Code[0]
2026-05-13 15:13:04.666 [main] DEBUG c.i.webscraper.scraper.WebScraper -        Q[32chars] | A[0chars] | Code[1]
2026-05-13 15:13:04.668 [main] DEBUG c.i.webscraper.scraper.WebScraper -        Q[63chars] | A[354chars] | Code[1]
2026-05-13 15:13:04.668 [main] DEBUG c.i.webscraper.scraper.WebScraper -        Q[28chars] | A[636chars] | Code[0]
2026-05-13 15:13:04.668 [main] DEBUG c.i.webscraper.scraper.WebScraper -        Q[31chars] | A[0chars] | Code[1]
2026-05-13 15:13:04.669 [main] DEBUG c.i.webscraper.scraper.WebScraper -        Q[22chars] | A[518chars] | Code[0]
2026-05-13 15:13:04.669 [main] DEBUG c.i.webscraper.scraper.WebScraper -        Q[32chars] | A[0chars] | Code[1]
2026-05-13 15:13:04.671 [main] DEBUG c.i.webscraper.scraper.WebScraper -        Q[32chars] | A[508chars] | Code[0]
2026-05-13 15:13:04.671 [main] DEBUG c.i.webscraper.scraper.WebScraper -        Q[41chars] | A[0chars] | Code[1]
2026-05-13 15:13:04.673 [main] DEBUG c.i.webscraper.scraper.WebScraper -        Q[32chars] | A[478chars] | Code[1]
2026-05-13 15:13:04.673 [main] DEBUG c.i.webscraper.scraper.WebScraper -        Q[40chars] | A[176chars] | Code[0]
2026-05-13 15:13:04.673 [main] INFO  c.i.webscraper.scraper.WebScraper -      11 Q&A pair(s) extracted.
2026-05-13 15:13:04.673 [main] INFO  c.i.webscraper.scraper.WebScraper -   → Section: 'Kubernetes Observability' (https://interview.in28minutes.com/interview-guides/kubernetes/kubernetes-observability/)
2026-05-13 15:13:04.673 [main] DEBUG c.i.webscraper.scraper.WebScraper - Sleeping 2500ms (attempt 1/3) before: https://interview.in28minutes.com/interview-guides/kubernetes/kubernetes-observability/
2026-05-13 15:13:08.028 [main] DEBUG c.i.webscraper.scraper.WebScraper - HTTP 200 ← https://interview.in28minutes.com/interview-guides/kubernetes/kubernetes-observability/
2026-05-13 15:13:08.036 [main] DEBUG c.i.webscraper.scraper.WebScraper -      9 question heading(s) in 'Kubernetes Observability'.
2026-05-13 15:13:08.037 [main] DEBUG c.i.webscraper.scraper.WebScraper -        Q[19chars] | A[780chars] | Code[0]
2026-05-13 15:13:08.038 [main] DEBUG c.i.webscraper.scraper.WebScraper -        Q[22chars] | A[789chars] | Code[0]
2026-05-13 15:13:08.038 [main] DEBUG c.i.webscraper.scraper.WebScraper -        Q[22chars] | A[886chars] | Code[0]
2026-05-13 15:13:08.038 [main] DEBUG c.i.webscraper.scraper.WebScraper -        Q[50chars] | A[370chars] | Code[0]
2026-05-13 15:13:08.039 [main] DEBUG c.i.webscraper.scraper.WebScraper -        Q[29chars] | A[571chars] | Code[0]
2026-05-13 15:13:08.039 [main] DEBUG c.i.webscraper.scraper.WebScraper -        Q[24chars] | A[206chars] | Code[1]
2026-05-13 15:13:08.039 [main] DEBUG c.i.webscraper.scraper.WebScraper -        Q[33chars] | A[433chars] | Code[1]
2026-05-13 15:13:08.039 [main] INFO  c.i.webscraper.scraper.WebScraper -      7 Q&A pair(s) extracted.
2026-05-13 15:13:08.040 [main] INFO  c.i.webscraper.scraper.WebScraper -   → Section: 'More Kubernetes Essentials' (https://interview.in28minutes.com/interview-guides/kubernetes/more-kubernetes-essentials/)
2026-05-13 15:13:08.041 [main] DEBUG c.i.webscraper.scraper.WebScraper - Sleeping 2500ms (attempt 1/3) before: https://interview.in28minutes.com/interview-guides/kubernetes/more-kubernetes-essentials/
2026-05-13 15:13:11.203 [main] DEBUG c.i.webscraper.scraper.WebScraper - HTTP 200 ← https://interview.in28minutes.com/interview-guides/kubernetes/more-kubernetes-essentials/
2026-05-13 15:13:11.211 [main] DEBUG c.i.webscraper.scraper.WebScraper -      11 question heading(s) in 'More Kubernetes Essentials'.
2026-05-13 15:13:11.212 [main] DEBUG c.i.webscraper.scraper.WebScraper -        Q[12chars] | A[448chars] | Code[0]
2026-05-13 15:13:11.213 [main] DEBUG c.i.webscraper.scraper.WebScraper -        Q[12chars] | A[156chars] | Code[0]
2026-05-13 15:13:11.214 [main] DEBUG c.i.webscraper.scraper.WebScraper -        Q[12chars] | A[618chars] | Code[0]
2026-05-13 15:13:11.215 [main] DEBUG c.i.webscraper.scraper.WebScraper -        Q[53chars] | A[761chars] | Code[0]
2026-05-13 15:13:11.215 [main] DEBUG c.i.webscraper.scraper.WebScraper -        Q[45chars] | A[682chars] | Code[0]
2026-05-13 15:13:11.215 [main] DEBUG c.i.webscraper.scraper.WebScraper -        Q[19chars] | A[808chars] | Code[1]
2026-05-13 15:13:11.215 [main] DEBUG c.i.webscraper.scraper.WebScraper -        Q[26chars] | A[672chars] | Code[1]
2026-05-13 15:13:11.217 [main] DEBUG c.i.webscraper.scraper.WebScraper -        Q[18chars] | A[747chars] | Code[2]
2026-05-13 15:13:11.218 [main] DEBUG c.i.webscraper.scraper.WebScraper -        Q[56chars] | A[1243chars] | Code[0]
2026-05-13 15:13:11.218 [main] INFO  c.i.webscraper.scraper.WebScraper -      9 Q&A pair(s) extracted.
2026-05-13 15:13:11.218 [main] INFO  c.i.webscraper.scraper.WebScraper -   → Section: 'Kubernetes Interview - Diagrams' (https://interview.in28minutes.com/interview-guides/kubernetes/kubernetes-interview-diagrams/)
2026-05-13 15:13:11.218 [main] DEBUG c.i.webscraper.scraper.WebScraper - Sleeping 2500ms (attempt 1/3) before: https://interview.in28minutes.com/interview-guides/kubernetes/kubernetes-interview-diagrams/
2026-05-13 15:13:14.507 [main] DEBUG c.i.webscraper.scraper.WebScraper - HTTP 200 ← https://interview.in28minutes.com/interview-guides/kubernetes/kubernetes-interview-diagrams/
2026-05-13 15:13:14.513 [main] DEBUG c.i.webscraper.scraper.WebScraper -      16 question heading(s) in 'Kubernetes Interview - Diagrams'.
2026-05-13 15:13:14.514 [main] DEBUG c.i.webscraper.scraper.WebScraper -        Q[26chars] | A[0chars] | Code[1]
2026-05-13 15:13:14.515 [main] DEBUG c.i.webscraper.scraper.WebScraper -        Q[26chars] | A[0chars] | Code[1]
2026-05-13 15:13:14.515 [main] DEBUG c.i.webscraper.scraper.WebScraper -        Q[7chars] | A[0chars] | Code[1]
2026-05-13 15:13:14.515 [main] DEBUG c.i.webscraper.scraper.WebScraper -        Q[6chars] | A[17chars] | Code[0]
2026-05-13 15:13:14.516 [main] DEBUG c.i.webscraper.scraper.WebScraper -        Q[7chars] | A[0chars] | Code[1]
2026-05-13 15:13:14.516 [main] DEBUG c.i.webscraper.scraper.WebScraper -        Q[12chars] | A[0chars] | Code[1]
2026-05-13 15:13:14.516 [main] INFO  c.i.webscraper.scraper.WebScraper -      6 Q&A pair(s) extracted.
2026-05-13 15:13:14.516 [main] INFO  c.i.webscraper.scraper.WebScraper - Topic 'Kubernetes' complete → 10 section(s).
2026-05-13 15:13:14.516 [main] INFO  c.i.webscraper.scraper.WebScraper - ---------- Topic: Terraform → https://interview.in28minutes.com/terraform/
2026-05-13 15:13:14.517 [main] DEBUG c.i.webscraper.scraper.WebScraper - Sleeping 2500ms (attempt 1/3) before: https://interview.in28minutes.com/terraform/
2026-05-13 15:13:17.961 [main] DEBUG c.i.webscraper.scraper.WebScraper - HTTP 200 ← https://interview.in28minutes.com/terraform/
2026-05-13 15:13:17.966 [main] DEBUG c.i.webscraper.scraper.WebScraper - Topic 'Terraform' → 5 card(s) found.
2026-05-13 15:13:17.966 [main] INFO  c.i.webscraper.scraper.WebScraper -   → Section: 'Introduction to Terraform' (https://interview.in28minutes.com/interview-guides/terraform/introduction-to-terraform/)
2026-05-13 15:13:17.967 [main] DEBUG c.i.webscraper.scraper.WebScraper - Sleeping 2500ms (attempt 1/3) before: https://interview.in28minutes.com/interview-guides/terraform/introduction-to-terraform/
2026-05-13 15:13:21.646 [main] DEBUG c.i.webscraper.scraper.WebScraper - HTTP 200 ← https://interview.in28minutes.com/interview-guides/terraform/introduction-to-terraform/
2026-05-13 15:13:21.650 [main] DEBUG c.i.webscraper.scraper.WebScraper -      9 question heading(s) in 'Introduction to Terraform'.
2026-05-13 15:13:21.651 [main] DEBUG c.i.webscraper.scraper.WebScraper -        Q[18chars] | A[927chars] | Code[0]
2026-05-13 15:13:21.651 [main] DEBUG c.i.webscraper.scraper.WebScraper -        Q[58chars] | A[1789chars] | Code[0]
2026-05-13 15:13:21.653 [main] DEBUG c.i.webscraper.scraper.WebScraper -        Q[80chars] | A[933chars] | Code[0]
2026-05-13 15:13:21.653 [main] DEBUG c.i.webscraper.scraper.WebScraper -        Q[46chars] | A[653chars] | Code[1]
2026-05-13 15:13:21.653 [main] DEBUG c.i.webscraper.scraper.WebScraper -        Q[43chars] | A[743chars] | Code[0]
2026-05-13 15:13:21.653 [main] DEBUG c.i.webscraper.scraper.WebScraper -        Q[62chars] | A[614chars] | Code[0]
2026-05-13 15:13:21.654 [main] DEBUG c.i.webscraper.scraper.WebScraper -        Q[42chars] | A[731chars] | Code[1]
2026-05-13 15:13:21.654 [main] DEBUG c.i.webscraper.scraper.WebScraper -        Q[60chars] | A[357chars] | Code[1]
2026-05-13 15:13:21.654 [main] INFO  c.i.webscraper.scraper.WebScraper -      8 Q&A pair(s) extracted.
2026-05-13 15:13:21.654 [main] INFO  c.i.webscraper.scraper.WebScraper -   → Section: 'Terraform Language - HCL' (https://interview.in28minutes.com/interview-guides/terraform/terraform-language-hcl/)
2026-05-13 15:13:21.654 [main] DEBUG c.i.webscraper.scraper.WebScraper - Sleeping 2500ms (attempt 1/3) before: https://interview.in28minutes.com/interview-guides/terraform/terraform-language-hcl/
2026-05-13 15:13:24.829 [main] DEBUG c.i.webscraper.scraper.WebScraper - HTTP 200 ← https://interview.in28minutes.com/interview-guides/terraform/terraform-language-hcl/
2026-05-13 15:13:24.836 [main] DEBUG c.i.webscraper.scraper.WebScraper -      8 question heading(s) in 'Terraform Language - HCL'.
2026-05-13 15:13:24.837 [main] DEBUG c.i.webscraper.scraper.WebScraper -        Q[68chars] | A[593chars] | Code[0]
2026-05-13 15:13:24.838 [main] DEBUG c.i.webscraper.scraper.WebScraper -        Q[68chars] | A[519chars] | Code[1]
2026-05-13 15:13:24.838 [main] DEBUG c.i.webscraper.scraper.WebScraper -        Q[38chars] | A[519chars] | Code[1]
2026-05-13 15:13:24.839 [main] DEBUG c.i.webscraper.scraper.WebScraper -        Q[65chars] | A[331chars] | Code[1]
2026-05-13 15:13:24.841 [main] DEBUG c.i.webscraper.scraper.WebScraper -        Q[35chars] | A[338chars] | Code[1]
2026-05-13 15:13:24.842 [main] DEBUG c.i.webscraper.scraper.WebScraper -        Q[54chars] | A[139chars] | Code[2]
2026-05-13 15:13:24.843 [main] DEBUG c.i.webscraper.scraper.WebScraper -        Q[49chars] | A[557chars] | Code[1]
2026-05-13 15:13:24.843 [main] DEBUG c.i.webscraper.scraper.WebScraper -        Q[50chars] | A[77chars] | Code[1]
2026-05-13 15:13:24.844 [main] INFO  c.i.webscraper.scraper.WebScraper -      8 Q&A pair(s) extracted.
2026-05-13 15:13:24.844 [main] INFO  c.i.webscraper.scraper.WebScraper -   → Section: 'Terraform State Management' (https://interview.in28minutes.com/interview-guides/terraform/terraform-state-management/)
2026-05-13 15:13:24.845 [main] DEBUG c.i.webscraper.scraper.WebScraper - Sleeping 2500ms (attempt 1/3) before: https://interview.in28minutes.com/interview-guides/terraform/terraform-state-management/
2026-05-13 15:13:28.413 [main] DEBUG c.i.webscraper.scraper.WebScraper - HTTP 200 ← https://interview.in28minutes.com/interview-guides/terraform/terraform-state-management/
2026-05-13 15:13:28.424 [main] DEBUG c.i.webscraper.scraper.WebScraper -      8 question heading(s) in 'Terraform State Management'.
2026-05-13 15:13:28.425 [main] DEBUG c.i.webscraper.scraper.WebScraper -        Q[37chars] | A[603chars] | Code[0]
2026-05-13 15:13:28.426 [main] DEBUG c.i.webscraper.scraper.WebScraper -        Q[42chars] | A[426chars] | Code[2]
2026-05-13 15:13:28.426 [main] DEBUG c.i.webscraper.scraper.WebScraper -        Q[49chars] | A[9chars] | Code[1]
2026-05-13 15:13:28.427 [main] DEBUG c.i.webscraper.scraper.WebScraper -        Q[60chars] | A[422chars] | Code[1]
2026-05-13 15:13:28.428 [main] DEBUG c.i.webscraper.scraper.WebScraper -        Q[18chars] | A[1621chars] | Code[0]
2026-05-13 15:13:28.428 [main] DEBUG c.i.webscraper.scraper.WebScraper -        Q[30chars] | A[2068chars] | Code[0]
2026-05-13 15:13:28.429 [main] DEBUG c.i.webscraper.scraper.WebScraper -        Q[73chars] | A[480chars] | Code[2]
2026-05-13 15:13:28.430 [main] DEBUG c.i.webscraper.scraper.WebScraper -        Q[64chars] | A[460chars] | Code[1]
2026-05-13 15:13:28.430 [main] INFO  c.i.webscraper.scraper.WebScraper -      8 Q&A pair(s) extracted.
2026-05-13 15:13:28.430 [main] INFO  c.i.webscraper.scraper.WebScraper -   → Section: 'Terraform Best Practices' (https://interview.in28minutes.com/interview-guides/terraform/terraform-best-practices/)
2026-05-13 15:13:28.431 [main] DEBUG c.i.webscraper.scraper.WebScraper - Sleeping 2500ms (attempt 1/3) before: https://interview.in28minutes.com/interview-guides/terraform/terraform-best-practices/
2026-05-13 15:13:31.888 [main] DEBUG c.i.webscraper.scraper.WebScraper - HTTP 200 ← https://interview.in28minutes.com/interview-guides/terraform/terraform-best-practices/
2026-05-13 15:13:31.893 [main] DEBUG c.i.webscraper.scraper.WebScraper -      8 question heading(s) in 'Terraform Best Practices'.
2026-05-13 15:13:31.894 [main] DEBUG c.i.webscraper.scraper.WebScraper -        Q[52chars] | A[39chars] | Code[1]
2026-05-13 15:13:31.894 [main] DEBUG c.i.webscraper.scraper.WebScraper -        Q[55chars] | A[733chars] | Code[1]
2026-05-13 15:13:31.895 [main] DEBUG c.i.webscraper.scraper.WebScraper -        Q[27chars] | A[962chars] | Code[3]
2026-05-13 15:13:31.896 [main] DEBUG c.i.webscraper.scraper.WebScraper -        Q[42chars] | A[849chars] | Code[0]
2026-05-13 15:13:31.896 [main] DEBUG c.i.webscraper.scraper.WebScraper -        Q[62chars] | A[741chars] | Code[0]
2026-05-13 15:13:31.897 [main] DEBUG c.i.webscraper.scraper.WebScraper -        Q[37chars] | A[572chars] | Code[0]
2026-05-13 15:13:31.897 [main] DEBUG c.i.webscraper.scraper.WebScraper -        Q[38chars] | A[882chars] | Code[0]
2026-05-13 15:13:31.897 [main] DEBUG c.i.webscraper.scraper.WebScraper -        Q[27chars] | A[1950chars] | Code[0]
2026-05-13 15:13:31.898 [main] INFO  c.i.webscraper.scraper.WebScraper -      8 Q&A pair(s) extracted.
2026-05-13 15:13:31.898 [main] INFO  c.i.webscraper.scraper.WebScraper -   → Section: 'Terraform Interview - Diagrams' (https://interview.in28minutes.com/interview-guides/terraform/terraform-interview-diagrams/)
2026-05-13 15:13:31.898 [main] DEBUG c.i.webscraper.scraper.WebScraper - Sleeping 2500ms (attempt 1/3) before: https://interview.in28minutes.com/interview-guides/terraform/terraform-interview-diagrams/
2026-05-13 15:13:35.161 [main] DEBUG c.i.webscraper.scraper.WebScraper - HTTP 200 ← https://interview.in28minutes.com/interview-guides/terraform/terraform-interview-diagrams/
2026-05-13 15:13:35.166 [main] DEBUG c.i.webscraper.scraper.WebScraper -      4 question heading(s) in 'Terraform Interview - Diagrams'.
2026-05-13 15:13:35.166 [main] WARN  c.i.webscraper.scraper.WebScraper -      Section 'Terraform Interview - Diagrams' had no Q&A pairs.
2026-05-13 15:13:35.167 [main] INFO  c.i.webscraper.scraper.WebScraper - Topic 'Terraform' complete → 4 section(s).
2026-05-13 15:13:35.167 [main] INFO  c.i.webscraper.scraper.WebScraper - ---------- Topic: Git → https://interview.in28minutes.com/git/
2026-05-13 15:13:35.168 [main] DEBUG c.i.webscraper.scraper.WebScraper - Sleeping 2500ms (attempt 1/3) before: https://interview.in28minutes.com/git/
2026-05-13 15:13:38.334 [main] DEBUG c.i.webscraper.scraper.WebScraper - HTTP 200 ← https://interview.in28minutes.com/git/
2026-05-13 15:13:38.338 [main] DEBUG c.i.webscraper.scraper.WebScraper - Topic 'Git' → 4 card(s) found.
2026-05-13 15:13:38.338 [main] INFO  c.i.webscraper.scraper.WebScraper -   → Section: 'Introduction to Git' (https://interview.in28minutes.com/interview-guides/git/introduction-to-git/)
2026-05-13 15:13:38.338 [main] DEBUG c.i.webscraper.scraper.WebScraper - Sleeping 2500ms (attempt 1/3) before: https://interview.in28minutes.com/interview-guides/git/introduction-to-git/
2026-05-13 15:13:41.690 [main] DEBUG c.i.webscraper.scraper.WebScraper - HTTP 200 ← https://interview.in28minutes.com/interview-guides/git/introduction-to-git/
2026-05-13 15:13:41.698 [main] DEBUG c.i.webscraper.scraper.WebScraper -      10 question heading(s) in 'Introduction to Git'.
2026-05-13 15:13:41.700 [main] DEBUG c.i.webscraper.scraper.WebScraper -        Q[33chars] | A[566chars] | Code[1]
2026-05-13 15:13:41.701 [main] DEBUG c.i.webscraper.scraper.WebScraper -        Q[78chars] | A[659chars] | Code[0]
2026-05-13 15:13:41.703 [main] DEBUG c.i.webscraper.scraper.WebScraper -        Q[42chars] | A[1433chars] | Code[4]
2026-05-13 15:13:41.704 [main] DEBUG c.i.webscraper.scraper.WebScraper -        Q[27chars] | A[1595chars] | Code[0]
2026-05-13 15:13:41.704 [main] DEBUG c.i.webscraper.scraper.WebScraper -        Q[64chars] | A[66chars] | Code[0]
2026-05-13 15:13:41.705 [main] DEBUG c.i.webscraper.scraper.WebScraper -        Q[15chars] | A[1134chars] | Code[0]
2026-05-13 15:13:41.705 [main] DEBUG c.i.webscraper.scraper.WebScraper -        Q[85chars] | A[846chars] | Code[1]
2026-05-13 15:13:41.706 [main] DEBUG c.i.webscraper.scraper.WebScraper -        Q[38chars] | A[1877chars] | Code[0]
2026-05-13 15:13:41.707 [main] DEBUG c.i.webscraper.scraper.WebScraper -        Q[54chars] | A[1599chars] | Code[0]
2026-05-13 15:13:41.707 [main] DEBUG c.i.webscraper.scraper.WebScraper -        Q[65chars] | A[775chars] | Code[0]
2026-05-13 15:13:41.707 [main] INFO  c.i.webscraper.scraper.WebScraper -      10 Q&A pair(s) extracted.
2026-05-13 15:13:41.708 [main] INFO  c.i.webscraper.scraper.WebScraper -   → Section: 'Git Branching' (https://interview.in28minutes.com/interview-guides/git/git-branching/)
2026-05-13 15:13:41.709 [main] DEBUG c.i.webscraper.scraper.WebScraper - Sleeping 2500ms (attempt 1/3) before: https://interview.in28minutes.com/interview-guides/git/git-branching/
2026-05-13 15:13:44.903 [main] DEBUG c.i.webscraper.scraper.WebScraper - HTTP 200 ← https://interview.in28minutes.com/interview-guides/git/git-branching/
2026-05-13 15:13:44.909 [main] DEBUG c.i.webscraper.scraper.WebScraper -      7 question heading(s) in 'Git Branching'.
2026-05-13 15:13:44.910 [main] DEBUG c.i.webscraper.scraper.WebScraper -        Q[38chars] | A[823chars] | Code[0]
2026-05-13 15:13:44.911 [main] DEBUG c.i.webscraper.scraper.WebScraper -        Q[69chars] | A[471chars] | Code[1]
2026-05-13 15:13:44.911 [main] DEBUG c.i.webscraper.scraper.WebScraper -        Q[52chars] | A[1520chars] | Code[6]
2026-05-13 15:13:44.913 [main] DEBUG c.i.webscraper.scraper.WebScraper -        Q[57chars] | A[3009chars] | Code[0]
2026-05-13 15:13:44.914 [main] DEBUG c.i.webscraper.scraper.WebScraper -        Q[18chars] | A[2004chars] | Code[5]
2026-05-13 15:13:44.915 [main] DEBUG c.i.webscraper.scraper.WebScraper -        Q[18chars] | A[685chars] | Code[0]
2026-05-13 15:13:44.916 [main] DEBUG c.i.webscraper.scraper.WebScraper -        Q[29chars] | A[977chars] | Code[0]
2026-05-13 15:13:44.917 [main] INFO  c.i.webscraper.scraper.WebScraper -      7 Q&A pair(s) extracted.
2026-05-13 15:13:44.919 [main] INFO  c.i.webscraper.scraper.WebScraper -   → Section: 'Git - Other Features You Need To Know' (https://interview.in28minutes.com/interview-guides/git/git-other-features-you-need-to-know/)
2026-05-13 15:13:44.919 [main] DEBUG c.i.webscraper.scraper.WebScraper - Sleeping 2500ms (attempt 1/3) before: https://interview.in28minutes.com/interview-guides/git/git-other-features-you-need-to-know/
2026-05-13 15:13:48.009 [main] DEBUG c.i.webscraper.scraper.WebScraper - HTTP 200 ← https://interview.in28minutes.com/interview-guides/git/git-other-features-you-need-to-know/
2026-05-13 15:13:48.014 [main] DEBUG c.i.webscraper.scraper.WebScraper -      9 question heading(s) in 'Git - Other Features You Need To Know'.
2026-05-13 15:13:48.015 [main] DEBUG c.i.webscraper.scraper.WebScraper -        Q[67chars] | A[370chars] | Code[1]
2026-05-13 15:13:48.015 [main] DEBUG c.i.webscraper.scraper.WebScraper -        Q[54chars] | A[455chars] | Code[1]
2026-05-13 15:13:48.016 [main] DEBUG c.i.webscraper.scraper.WebScraper -        Q[80chars] | A[353chars] | Code[1]
2026-05-13 15:13:48.016 [main] DEBUG c.i.webscraper.scraper.WebScraper -        Q[59chars] | A[439chars] | Code[2]
2026-05-13 15:13:48.017 [main] DEBUG c.i.webscraper.scraper.WebScraper -        Q[69chars] | A[605chars] | Code[0]
2026-05-13 15:13:48.017 [main] DEBUG c.i.webscraper.scraper.WebScraper -        Q[70chars] | A[204chars] | Code[1]
2026-05-13 15:13:48.017 [main] DEBUG c.i.webscraper.scraper.WebScraper -        Q[51chars] | A[181chars] | Code[1]
2026-05-13 15:13:48.018 [main] DEBUG c.i.webscraper.scraper.WebScraper -        Q[60chars] | A[268chars] | Code[1]
2026-05-13 15:13:48.018 [main] INFO  c.i.webscraper.scraper.WebScraper -      8 Q&A pair(s) extracted.
2026-05-13 15:13:48.020 [main] INFO  c.i.webscraper.scraper.WebScraper -   → Section: 'Git Interview - Diagrams' (https://interview.in28minutes.com/interview-guides/git/git-interview-diagrams/)
2026-05-13 15:13:48.020 [main] DEBUG c.i.webscraper.scraper.WebScraper - Sleeping 2500ms (attempt 1/3) before: https://interview.in28minutes.com/interview-guides/git/git-interview-diagrams/
2026-05-13 15:13:51.441 [main] DEBUG c.i.webscraper.scraper.WebScraper - HTTP 200 ← https://interview.in28minutes.com/interview-guides/git/git-interview-diagrams/
2026-05-13 15:13:51.444 [main] DEBUG c.i.webscraper.scraper.WebScraper -      9 question heading(s) in 'Git Interview - Diagrams'.
2026-05-13 15:13:51.445 [main] DEBUG c.i.webscraper.scraper.WebScraper -        Q[9chars] | A[38chars] | Code[0]
2026-05-13 15:13:51.445 [main] DEBUG c.i.webscraper.scraper.WebScraper -        Q[16chars] | A[0chars] | Code[1]
2026-05-13 15:13:51.447 [main] DEBUG c.i.webscraper.scraper.WebScraper -        Q[15chars] | A[0chars] | Code[1]
2026-05-13 15:13:51.447 [main] DEBUG c.i.webscraper.scraper.WebScraper -        Q[20chars] | A[0chars] | Code[1]
2026-05-13 15:13:51.447 [main] DEBUG c.i.webscraper.scraper.WebScraper -        Q[19chars] | A[0chars] | Code[1]
2026-05-13 15:13:51.447 [main] DEBUG c.i.webscraper.scraper.WebScraper -        Q[19chars] | A[0chars] | Code[1]
2026-05-13 15:13:51.448 [main] DEBUG c.i.webscraper.scraper.WebScraper -        Q[38chars] | A[0chars] | Code[1]
2026-05-13 15:13:51.448 [main] DEBUG c.i.webscraper.scraper.WebScraper -        Q[7chars] | A[0chars] | Code[1]
2026-05-13 15:13:51.448 [main] DEBUG c.i.webscraper.scraper.WebScraper -        Q[10chars] | A[0chars] | Code[1]
2026-05-13 15:13:51.448 [main] INFO  c.i.webscraper.scraper.WebScraper -      9 Q&A pair(s) extracted.
2026-05-13 15:13:51.449 [main] INFO  c.i.webscraper.scraper.WebScraper - Topic 'Git' complete → 4 section(s).
2026-05-13 15:13:51.449 [main] INFO  c.i.webscraper.scraper.WebScraper - ===== Done. 7 book(s) populated. =====
2026-05-13 15:13:51.449 [main] INFO  com.in28minutes.webscraper.Main - Phase 1 complete. 7 topic(s) scraped successfully:
2026-05-13 15:13:51.450 [main] INFO  com.in28minutes.webscraper.Main -   • Java → 17 section(s)
2026-05-13 15:13:51.450 [main] INFO  com.in28minutes.webscraper.Main -   • DevOps → 1 section(s)
2026-05-13 15:13:51.450 [main] INFO  com.in28minutes.webscraper.Main -   • Cloud → 7 section(s)
2026-05-13 15:13:51.450 [main] INFO  com.in28minutes.webscraper.Main -   • Docker → 9 section(s)
2026-05-13 15:13:51.451 [main] INFO  com.in28minutes.webscraper.Main -   • Kubernetes → 10 section(s)
2026-05-13 15:13:51.451 [main] INFO  com.in28minutes.webscraper.Main -   • Terraform → 4 section(s)
2026-05-13 15:13:51.451 [main] INFO  com.in28minutes.webscraper.Main -   • Git → 4 section(s)
2026-05-13 15:13:51.451 [main] INFO  com.in28minutes.webscraper.Main - Phase 2: PDF generation initiated.
2026-05-13 15:13:51.639 [main] INFO  c.i.webscraper.pdf.PdfGenerator - Created output directory: C:\Users\mmohamm1\OneDrive - Capgemini\Desktop\WebScraper\output
2026-05-13 15:13:51.640 [main] INFO  c.i.webscraper.pdf.PdfGenerator - ===== Starting PDF generation for 7 book(s) =====
2026-05-13 15:13:51.640 [main] INFO  c.i.webscraper.pdf.PdfGenerator - Generating PDF: C:\Users\mmohamm1\OneDrive - Capgemini\Desktop\WebScraper\output\Java_Interview_Guide.pdf
2026-05-13 15:13:52.309 [main] INFO  c.i.webscraper.pdf.PdfGenerator - PDF written: Java_Interview_Guide.pdf (316 KB)
2026-05-13 15:13:52.310 [main] INFO  c.i.webscraper.pdf.PdfGenerator - Generating PDF: C:\Users\mmohamm1\OneDrive - Capgemini\Desktop\WebScraper\output\DevOps_Interview_Guide.pdf
2026-05-13 15:13:52.328 [main] INFO  c.i.webscraper.pdf.PdfGenerator - PDF written: DevOps_Interview_Guide.pdf (17 KB)
2026-05-13 15:13:52.328 [main] INFO  c.i.webscraper.pdf.PdfGenerator - Generating PDF: C:\Users\mmohamm1\OneDrive - Capgemini\Desktop\WebScraper\output\Cloud_Interview_Guide.pdf
2026-05-13 15:13:52.374 [main] INFO  c.i.webscraper.pdf.PdfGenerator - PDF written: Cloud_Interview_Guide.pdf (65 KB)
2026-05-13 15:13:52.374 [main] INFO  c.i.webscraper.pdf.PdfGenerator - Generating PDF: C:\Users\mmohamm1\OneDrive - Capgemini\Desktop\WebScraper\output\Docker_Interview_Guide.pdf
2026-05-13 15:13:52.445 [main] INFO  c.i.webscraper.pdf.PdfGenerator - PDF written: Docker_Interview_Guide.pdf (70 KB)
2026-05-13 15:13:52.446 [main] INFO  c.i.webscraper.pdf.PdfGenerator - Generating PDF: C:\Users\mmohamm1\OneDrive - Capgemini\Desktop\WebScraper\output\Kubernetes_Interview_Guide.pdf
2026-05-13 15:13:52.536 [main] INFO  c.i.webscraper.pdf.PdfGenerator - PDF written: Kubernetes_Interview_Guide.pdf (106 KB)
2026-05-13 15:13:52.537 [main] INFO  c.i.webscraper.pdf.PdfGenerator - Generating PDF: C:\Users\mmohamm1\OneDrive - Capgemini\Desktop\WebScraper\output\Terraform_Interview_Guide.pdf
2026-05-13 15:13:52.576 [main] INFO  c.i.webscraper.pdf.PdfGenerator - PDF written: Terraform_Interview_Guide.pdf (53 KB)
2026-05-13 15:13:52.577 [main] INFO  c.i.webscraper.pdf.PdfGenerator - Generating PDF: C:\Users\mmohamm1\OneDrive - Capgemini\Desktop\WebScraper\output\Git_Interview_Guide.pdf
2026-05-13 15:13:52.604 [main] INFO  c.i.webscraper.pdf.PdfGenerator - PDF written: Git_Interview_Guide.pdf (45 KB)
2026-05-13 15:13:52.605 [main] INFO  c.i.webscraper.pdf.PdfGenerator - ===== PDF generation complete. 7/7 book(s) written to 'C:\Users\mmohamm1\OneDrive - Capgemini\Desktop\WebScraper\output' =====
2026-05-13 15:13:52.605 [main] INFO  com.in28minutes.webscraper.Main - =========================================================
2026-05-13 15:13:52.605 [main] INFO  com.in28minutes.webscraper.Main -   All done!  Elapsed time: 218s
2026-05-13 15:13:52.605 [main] INFO  com.in28minutes.webscraper.Main -   Output directory: C:\Users\mmohamm1\OneDrive - Capgemini\Desktop\WebScraper\output
2026-05-13 15:13:52.609 [main] INFO  com.in28minutes.webscraper.Main -   7 PDF file(s) generated:
2026-05-13 15:13:52.609 [main] INFO  com.in28minutes.webscraper.Main -     → Cloud_Interview_Guide.pdf (65 KB)
2026-05-13 15:13:52.610 [main] INFO  com.in28minutes.webscraper.Main -     → DevOps_Interview_Guide.pdf (17 KB)
2026-05-13 15:13:52.610 [main] INFO  com.in28minutes.webscraper.Main -     → Docker_Interview_Guide.pdf (70 KB)
2026-05-13 15:13:52.610 [main] INFO  com.in28minutes.webscraper.Main -     → Git_Interview_Guide.pdf (45 KB)
2026-05-13 15:13:52.611 [main] INFO  com.in28minutes.webscraper.Main -     → Java_Interview_Guide.pdf (316 KB)
2026-05-13 15:13:52.611 [main] INFO  com.in28minutes.webscraper.Main -     → Kubernetes_Interview_Guide.pdf (106 KB)
2026-05-13 15:13:52.611 [main] INFO  com.in28minutes.webscraper.Main -     → Terraform_Interview_Guide.pdf (53 KB)
2026-05-13 15:13:52.611 [main] INFO  com.in28minutes.webscraper.Main - =========================================================
2026-05-13 15:30:40.550 [main] INFO  com.in28minutes.webscraper.Main - In28Minutes Interview Guide Scraper starting...
2026-05-13 15:30:40.554 [main] INFO  com.in28minutes.webscraper.Main - Phase 1: Web scraping initiated.
2026-05-13 15:30:40.744 [main] INFO  c.i.webscraper.scraper.WebScraper - SSL trust-all installed (scraper mode).
2026-05-13 15:30:40.745 [main] INFO  c.i.webscraper.scraper.WebScraper - ===== Starting scrape for 7 topic(s) =====
2026-05-13 15:30:40.748 [main] INFO  c.i.webscraper.scraper.WebScraper - ---------- Topic: Java → https://interview.in28minutes.com/java/
2026-05-13 15:30:40.749 [main] DEBUG c.i.webscraper.scraper.WebScraper - Sleeping 2500ms (attempt 1/3) before: https://interview.in28minutes.com/java/
2026-05-13 15:30:44.885 [main] DEBUG c.i.webscraper.scraper.WebScraper - HTTP 200 ← https://interview.in28minutes.com/java/
2026-05-13 15:30:45.023 [main] DEBUG c.i.webscraper.scraper.WebScraper - Topic 'Java' → 17 card(s) found.
2026-05-13 15:30:45.028 [main] INFO  c.i.webscraper.scraper.WebScraper -   → Section: 'Java Platform' (https://interview.in28minutes.com/interview-guides/java/java-platform/)
2026-05-13 15:30:45.029 [main] DEBUG c.i.webscraper.scraper.WebScraper - Sleeping 2500ms (attempt 1/3) before: https://interview.in28minutes.com/interview-guides/java/java-platform/
2026-05-13 15:30:48.303 [main] DEBUG c.i.webscraper.scraper.WebScraper - HTTP 200 ← https://interview.in28minutes.com/interview-guides/java/java-platform/
2026-05-13 15:30:48.412 [main] DEBUG c.i.webscraper.scraper.WebScraper -      19 question heading(s) in 'Java Platform'.
2026-05-13 15:30:48.418 [main] DEBUG c.i.webscraper.scraper.WebScraper -        Q[30chars] | A[343chars] | Code[1]
2026-05-13 15:30:48.425 [main] DEBUG c.i.webscraper.scraper.WebScraper -        Q[36chars] | A[744chars] | Code[0]
2026-05-13 15:30:48.430 [main] DEBUG c.i.webscraper.scraper.WebScraper -        Q[32chars] | A[656chars] | Code[3]
2026-05-13 15:30:48.445 [main] DEBUG c.i.webscraper.scraper.WebScraper -        Q[66chars] | A[1977chars] | Code[6]
2026-05-13 15:30:48.451 [main] DEBUG c.i.webscraper.scraper.WebScraper -        Q[17chars] | A[1093chars] | Code[0]
2026-05-13 15:30:48.453 [main] DEBUG c.i.webscraper.scraper.WebScraper -        Q[39chars] | A[351chars] | Code[4]
2026-05-13 15:30:48.458 [main] DEBUG c.i.webscraper.scraper.WebScraper -        Q[48chars] | A[648chars] | Code[9]
2026-05-13 15:30:48.459 [main] DEBUG c.i.webscraper.scraper.WebScraper -        Q[18chars] | A[259chars] | Code[1]
2026-05-13 15:30:48.460 [main] DEBUG c.i.webscraper.scraper.WebScraper -        Q[43chars] | A[321chars] | Code[0]
2026-05-13 15:30:48.467 [main] DEBUG c.i.webscraper.scraper.WebScraper -        Q[27chars] | A[1574chars] | Code[1]
2026-05-13 15:30:48.469 [main] DEBUG c.i.webscraper.scraper.WebScraper -        Q[53chars] | A[590chars] | Code[0]
2026-05-13 15:30:48.471 [main] DEBUG c.i.webscraper.scraper.WebScraper -        Q[89chars] | A[516chars] | Code[2]
2026-05-13 15:30:48.473 [main] DEBUG c.i.webscraper.scraper.WebScraper -        Q[29chars] | A[568chars] | Code[0]
2026-05-13 15:30:48.475 [main] DEBUG c.i.webscraper.scraper.WebScraper -        Q[32chars] | A[375chars] | Code[0]
2026-05-13 15:30:48.477 [main] DEBUG c.i.webscraper.scraper.WebScraper -        Q[74chars] | A[757chars] | Code[0]
2026-05-13 15:30:48.479 [main] DEBUG c.i.webscraper.scraper.WebScraper -        Q[39chars] | A[410chars] | Code[2]
2026-05-13 15:30:48.484 [main] DEBUG c.i.webscraper.scraper.WebScraper -        Q[55chars] | A[1659chars] | Code[8]
2026-05-13 15:30:48.487 [main] DEBUG c.i.webscraper.scraper.WebScraper -        Q[55chars] | A[557chars] | Code[0]
2026-05-13 15:30:48.487 [main] INFO  c.i.webscraper.scraper.WebScraper -      18 Q&A pair(s) extracted.
2026-05-13 15:30:48.488 [main] INFO  c.i.webscraper.scraper.WebScraper -   → Section: 'Java Landscape' (https://interview.in28minutes.com/interview-guides/java/java-landscape/)
2026-05-13 15:30:48.489 [main] DEBUG c.i.webscraper.scraper.WebScraper - Sleeping 2500ms (attempt 1/3) before: https://interview.in28minutes.com/interview-guides/java/java-landscape/
2026-05-13 15:30:51.576 [main] DEBUG c.i.webscraper.scraper.WebScraper - HTTP 200 ← https://interview.in28minutes.com/interview-guides/java/java-landscape/
2026-05-13 15:30:51.599 [main] DEBUG c.i.webscraper.scraper.WebScraper -      12 question heading(s) in 'Java Landscape'.
2026-05-13 15:30:51.600 [main] DEBUG c.i.webscraper.scraper.WebScraper -        Q[14chars] | A[182chars] | Code[0]
2026-05-13 15:30:51.603 [main] DEBUG c.i.webscraper.scraper.WebScraper -        Q[29chars] | A[1077chars] | Code[0]
2026-05-13 15:30:51.605 [main] DEBUG c.i.webscraper.scraper.WebScraper -        Q[47chars] | A[1114chars] | Code[0]
2026-05-13 15:30:51.607 [main] DEBUG c.i.webscraper.scraper.WebScraper -        Q[19chars] | A[310chars] | Code[2]
2026-05-13 15:30:51.611 [main] DEBUG c.i.webscraper.scraper.WebScraper -        Q[51chars] | A[1438chars] | Code[0]
2026-05-13 15:30:51.613 [main] DEBUG c.i.webscraper.scraper.WebScraper -        Q[12chars] | A[844chars] | Code[0]
2026-05-13 15:30:51.616 [main] DEBUG c.i.webscraper.scraper.WebScraper -        Q[10chars] | A[1018chars] | Code[0]
2026-05-13 15:30:51.617 [main] DEBUG c.i.webscraper.scraper.WebScraper -        Q[22chars] | A[100chars] | Code[0]
2026-05-13 15:30:51.619 [main] DEBUG c.i.webscraper.scraper.WebScraper -        Q[63chars] | A[485chars] | Code[0]
2026-05-13 15:30:51.621 [main] DEBUG c.i.webscraper.scraper.WebScraper -        Q[36chars] | A[947chars] | Code[0]
2026-05-13 15:30:51.624 [main] DEBUG c.i.webscraper.scraper.WebScraper -        Q[43chars] | A[711chars] | Code[0]
2026-05-13 15:30:51.625 [main] DEBUG c.i.webscraper.scraper.WebScraper -        Q[26chars] | A[147chars] | Code[0]
2026-05-13 15:30:51.628 [main] INFO  c.i.webscraper.scraper.WebScraper -      12 Q&A pair(s) extracted.
2026-05-13 15:30:51.629 [main] INFO  c.i.webscraper.scraper.WebScraper -   → Section: 'Java Memory Management' (https://interview.in28minutes.com/interview-guides/java/java-memory-management/)
2026-05-13 15:30:51.629 [main] DEBUG c.i.webscraper.scraper.WebScraper - Sleeping 2500ms (attempt 1/3) before: https://interview.in28minutes.com/interview-guides/java/java-memory-management/
2026-05-13 15:30:54.734 [main] DEBUG c.i.webscraper.scraper.WebScraper - HTTP 200 ← https://interview.in28minutes.com/interview-guides/java/java-memory-management/
2026-05-13 15:30:54.764 [main] DEBUG c.i.webscraper.scraper.WebScraper -      13 question heading(s) in 'Java Memory Management'.
2026-05-13 15:30:54.768 [main] DEBUG c.i.webscraper.scraper.WebScraper -        Q[65chars] | A[878chars] | Code[3]
2026-05-13 15:30:54.771 [main] DEBUG c.i.webscraper.scraper.WebScraper -        Q[22chars] | A[730chars] | Code[4]
2026-05-13 15:30:54.772 [main] DEBUG c.i.webscraper.scraper.WebScraper -        Q[33chars] | A[411chars] | Code[1]
2026-05-13 15:30:54.773 [main] DEBUG c.i.webscraper.scraper.WebScraper -        Q[21chars] | A[1486chars] | Code[2]
2026-05-13 15:30:54.774 [main] DEBUG c.i.webscraper.scraper.WebScraper -        Q[18chars] | A[224chars] | Code[0]
2026-05-13 15:30:54.776 [main] DEBUG c.i.webscraper.scraper.WebScraper -        Q[34chars] | A[1118chars] | Code[1]
2026-05-13 15:30:54.777 [main] DEBUG c.i.webscraper.scraper.WebScraper -        Q[48chars] | A[1343chars] | Code[0]
2026-05-13 15:30:54.779 [main] DEBUG c.i.webscraper.scraper.WebScraper -        Q[32chars] | A[385chars] | Code[0]
2026-05-13 15:30:54.781 [main] DEBUG c.i.webscraper.scraper.WebScraper -        Q[35chars] | A[1968chars] | Code[4]
2026-05-13 15:30:54.782 [main] DEBUG c.i.webscraper.scraper.WebScraper -        Q[46chars] | A[686chars] | Code[0]
2026-05-13 15:30:54.784 [main] DEBUG c.i.webscraper.scraper.WebScraper -        Q[23chars] | A[497chars] | Code[2]
2026-05-13 15:30:54.785 [main] INFO  c.i.webscraper.scraper.WebScraper -      11 Q&A pair(s) extracted.
2026-05-13 15:30:54.785 [main] INFO  c.i.webscraper.scraper.WebScraper -   → Section: 'Java Object Oriented Programming Concepts' (https://interview.in28minutes.com/interview-guides/java/java-object-oriented-programming-concepts/)
2026-05-13 15:30:54.786 [main] DEBUG c.i.webscraper.scraper.WebScraper - Sleeping 2500ms (attempt 1/3) before: https://interview.in28minutes.com/interview-guides/java/java-object-oriented-programming-concepts/
2026-05-13 15:30:58.051 [main] DEBUG c.i.webscraper.scraper.WebScraper - HTTP 200 ← https://interview.in28minutes.com/interview-guides/java/java-object-oriented-programming-concepts/
2026-05-13 15:30:58.122 [main] DEBUG c.i.webscraper.scraper.WebScraper -      24 question heading(s) in 'Java Object Oriented Programming Concepts'.
2026-05-13 15:30:58.125 [main] DEBUG c.i.webscraper.scraper.WebScraper -        Q[41chars] | A[514chars] | Code[2]
2026-05-13 15:30:58.128 [main] DEBUG c.i.webscraper.scraper.WebScraper -        Q[36chars] | A[548chars] | Code[4]
2026-05-13 15:30:58.129 [main] DEBUG c.i.webscraper.scraper.WebScraper -        Q[37chars] | A[220chars] | Code[0]
2026-05-13 15:30:58.133 [main] DEBUG c.i.webscraper.scraper.WebScraper -        Q[42chars] | A[1544chars] | Code[3]
2026-05-13 15:30:58.136 [main] DEBUG c.i.webscraper.scraper.WebScraper -        Q[80chars] | A[547chars] | Code[3]
2026-05-13 15:30:58.141 [main] DEBUG c.i.webscraper.scraper.WebScraper -        Q[25chars] | A[1234chars] | Code[8]
2026-05-13 15:30:58.143 [main] DEBUG c.i.webscraper.scraper.WebScraper -        Q[29chars] | A[492chars] | Code[6]
2026-05-13 15:30:58.148 [main] DEBUG c.i.webscraper.scraper.WebScraper -        Q[61chars] | A[953chars] | Code[5]
2026-05-13 15:30:58.151 [main] DEBUG c.i.webscraper.scraper.WebScraper -        Q[47chars] | A[740chars] | Code[3]
2026-05-13 15:30:58.152 [main] DEBUG c.i.webscraper.scraper.WebScraper -        Q[22chars] | A[745chars] | Code[3]
2026-05-13 15:30:58.154 [main] DEBUG c.i.webscraper.scraper.WebScraper -        Q[27chars] | A[858chars] | Code[3]
2026-05-13 15:30:58.156 [main] DEBUG c.i.webscraper.scraper.WebScraper -        Q[59chars] | A[1059chars] | Code[3]
2026-05-13 15:30:58.161 [main] DEBUG c.i.webscraper.scraper.WebScraper -        Q[20chars] | A[1751chars] | Code[0]
2026-05-13 15:30:58.162 [main] DEBUG c.i.webscraper.scraper.WebScraper -        Q[17chars] | A[825chars] | Code[2]
2026-05-13 15:30:58.165 [main] DEBUG c.i.webscraper.scraper.WebScraper -        Q[17chars] | A[875chars] | Code[4]
2026-05-13 15:30:58.169 [main] DEBUG c.i.webscraper.scraper.WebScraper -        Q[31chars] | A[846chars] | Code[4]
2026-05-13 15:30:58.171 [main] DEBUG c.i.webscraper.scraper.WebScraper -        Q[52chars] | A[71chars] | Code[0]
2026-05-13 15:30:58.174 [main] DEBUG c.i.webscraper.scraper.WebScraper -        Q[34chars] | A[1713chars] | Code[2]
2026-05-13 15:30:58.176 [main] DEBUG c.i.webscraper.scraper.WebScraper -        Q[21chars] | A[774chars] | Code[4]
2026-05-13 15:30:58.180 [main] DEBUG c.i.webscraper.scraper.WebScraper -        Q[32chars] | A[468chars] | Code[1]
2026-05-13 15:30:58.181 [main] DEBUG c.i.webscraper.scraper.WebScraper -        Q[25chars] | A[381chars] | Code[2]
2026-05-13 15:30:58.183 [main] DEBUG c.i.webscraper.scraper.WebScraper -        Q[51chars] | A[727chars] | Code[2]
2026-05-13 15:30:58.184 [main] INFO  c.i.webscraper.scraper.WebScraper -      22 Q&A pair(s) extracted.
2026-05-13 15:30:58.184 [main] INFO  c.i.webscraper.scraper.WebScraper -   → Section: 'Java Object Oriented Programming Details' (https://interview.in28minutes.com/interview-guides/java/java-object-oriented-programming-details/)
2026-05-13 15:30:58.185 [main] DEBUG c.i.webscraper.scraper.WebScraper - Sleeping 2500ms (attempt 1/3) before: https://interview.in28minutes.com/interview-guides/java/java-object-oriented-programming-details/
2026-05-13 15:31:01.428 [main] DEBUG c.i.webscraper.scraper.WebScraper - HTTP 200 ← https://interview.in28minutes.com/interview-guides/java/java-object-oriented-programming-details/
2026-05-13 15:31:01.508 [main] DEBUG c.i.webscraper.scraper.WebScraper -      14 question heading(s) in 'Java Object Oriented Programming Details'.
2026-05-13 15:31:01.514 [main] DEBUG c.i.webscraper.scraper.WebScraper -        Q[46chars] | A[529chars] | Code[1]
2026-05-13 15:31:01.548 [main] DEBUG c.i.webscraper.scraper.WebScraper -        Q[66chars] | A[807chars] | Code[5]
2026-05-13 15:31:01.562 [main] DEBUG c.i.webscraper.scraper.WebScraper -        Q[64chars] | A[1739chars] | Code[5]
2026-05-13 15:31:01.566 [main] DEBUG c.i.webscraper.scraper.WebScraper -        Q[66chars] | A[531chars] | Code[3]
2026-05-13 15:31:01.584 [main] DEBUG c.i.webscraper.scraper.WebScraper -        Q[64chars] | A[2637chars] | Code[8]
2026-05-13 15:31:01.591 [main] DEBUG c.i.webscraper.scraper.WebScraper -        Q[46chars] | A[591chars] | Code[4]
2026-05-13 15:31:01.612 [main] DEBUG c.i.webscraper.scraper.WebScraper -        Q[33chars] | A[274chars] | Code[1]
2026-05-13 15:31:01.631 [main] DEBUG c.i.webscraper.scraper.WebScraper -        Q[43chars] | A[691chars] | Code[4]
2026-05-13 15:31:01.633 [main] DEBUG c.i.webscraper.scraper.WebScraper -        Q[36chars] | A[197chars] | Code[4]
2026-05-13 15:31:01.639 [main] DEBUG c.i.webscraper.scraper.WebScraper -        Q[47chars] | A[333chars] | Code[1]
2026-05-13 15:31:01.652 [main] DEBUG c.i.webscraper.scraper.WebScraper -        Q[64chars] | A[933chars] | Code[3]
2026-05-13 15:31:01.664 [main] DEBUG c.i.webscraper.scraper.WebScraper -        Q[43chars] | A[600chars] | Code[1]
2026-05-13 15:31:01.668 [main] DEBUG c.i.webscraper.scraper.WebScraper -        Q[40chars] | A[2241chars] | Code[4]
2026-05-13 15:31:01.671 [main] DEBUG c.i.webscraper.scraper.WebScraper -        Q[64chars] | A[768chars] | Code[3]
2026-05-13 15:31:01.678 [main] INFO  c.i.webscraper.scraper.WebScraper -      14 Q&A pair(s) extracted.
2026-05-13 15:31:01.682 [main] INFO  c.i.webscraper.scraper.WebScraper -   → Section: 'Core Java in Depth' (https://interview.in28minutes.com/interview-guides/java/core-java-in-depth/)
2026-05-13 15:31:01.690 [main] DEBUG c.i.webscraper.scraper.WebScraper - Sleeping 2500ms (attempt 1/3) before: https://interview.in28minutes.com/interview-guides/java/core-java-in-depth/
2026-05-13 15:31:04.953 [main] DEBUG c.i.webscraper.scraper.WebScraper - HTTP 200 ← https://interview.in28minutes.com/interview-guides/java/core-java-in-depth/
2026-05-13 15:31:04.993 [main] DEBUG c.i.webscraper.scraper.WebScraper -      17 question heading(s) in 'Core Java in Depth'.
2026-05-13 15:31:04.994 [main] DEBUG c.i.webscraper.scraper.WebScraper -        Q[31chars] | A[761chars] | Code[3]
2026-05-13 15:31:04.996 [main] DEBUG c.i.webscraper.scraper.WebScraper -        Q[39chars] | A[375chars] | Code[6]
2026-05-13 15:31:04.997 [main] DEBUG c.i.webscraper.scraper.WebScraper -        Q[59chars] | A[927chars] | Code[2]
2026-05-13 15:31:04.998 [main] DEBUG c.i.webscraper.scraper.WebScraper -        Q[42chars] | A[755chars] | Code[2]
2026-05-13 15:31:04.999 [main] DEBUG c.i.webscraper.scraper.WebScraper -        Q[39chars] | A[1224chars] | Code[5]
2026-05-13 15:31:05.000 [main] DEBUG c.i.webscraper.scraper.WebScraper -        Q[41chars] | A[608chars] | Code[1]
2026-05-13 15:31:05.001 [main] DEBUG c.i.webscraper.scraper.WebScraper -        Q[24chars] | A[342chars] | Code[2]
2026-05-13 15:31:05.002 [main] DEBUG c.i.webscraper.scraper.WebScraper -        Q[22chars] | A[870chars] | Code[2]
2026-05-13 15:31:05.002 [main] DEBUG c.i.webscraper.scraper.WebScraper -        Q[23chars] | A[310chars] | Code[1]
2026-05-13 15:31:05.002 [main] DEBUG c.i.webscraper.scraper.WebScraper -        Q[63chars] | A[403chars] | Code[3]
2026-05-13 15:31:05.003 [main] DEBUG c.i.webscraper.scraper.WebScraper -        Q[46chars] | A[268chars] | Code[5]
2026-05-13 15:31:05.003 [main] DEBUG c.i.webscraper.scraper.WebScraper -        Q[39chars] | A[302chars] | Code[5]
2026-05-13 15:31:05.004 [main] DEBUG c.i.webscraper.scraper.WebScraper -        Q[46chars] | A[434chars] | Code[9]
2026-05-13 15:31:05.004 [main] DEBUG c.i.webscraper.scraper.WebScraper -        Q[54chars] | A[261chars] | Code[1]
2026-05-13 15:31:05.005 [main] DEBUG c.i.webscraper.scraper.WebScraper -        Q[52chars] | A[279chars] | Code[2]
2026-05-13 15:31:05.006 [main] DEBUG c.i.webscraper.scraper.WebScraper -        Q[41chars] | A[556chars] | Code[5]
2026-05-13 15:31:05.008 [main] DEBUG c.i.webscraper.scraper.WebScraper -        Q[72chars] | A[831chars] | Code[6]
2026-05-13 15:31:05.010 [main] INFO  c.i.webscraper.scraper.WebScraper -      17 Q&A pair(s) extracted.
2026-05-13 15:31:05.010 [main] INFO  c.i.webscraper.scraper.WebScraper -   → Section: 'Functional Programming in Java' (https://interview.in28minutes.com/interview-guides/java/functional-programming-in-java/)
2026-05-13 15:31:05.012 [main] DEBUG c.i.webscraper.scraper.WebScraper - Sleeping 2500ms (attempt 1/3) before: https://interview.in28minutes.com/interview-guides/java/functional-programming-in-java/
2026-05-13 15:31:08.332 [main] DEBUG c.i.webscraper.scraper.WebScraper - HTTP 200 ← https://interview.in28minutes.com/interview-guides/java/functional-programming-in-java/
2026-05-13 15:31:08.438 [main] DEBUG c.i.webscraper.scraper.WebScraper -      16 question heading(s) in 'Functional Programming in Java'.
2026-05-13 15:31:08.439 [main] DEBUG c.i.webscraper.scraper.WebScraper -        Q[61chars] | A[468chars] | Code[2]
2026-05-13 15:31:08.441 [main] DEBUG c.i.webscraper.scraper.WebScraper -        Q[73chars] | A[913chars] | Code[1]
2026-05-13 15:31:08.443 [main] DEBUG c.i.webscraper.scraper.WebScraper -        Q[50chars] | A[1164chars] | Code[9]
2026-05-13 15:31:08.444 [main] DEBUG c.i.webscraper.scraper.WebScraper -        Q[47chars] | A[335chars] | Code[0]
2026-05-13 15:31:08.449 [main] DEBUG c.i.webscraper.scraper.WebScraper -        Q[55chars] | A[973chars] | Code[4]
2026-05-13 15:31:08.450 [main] DEBUG c.i.webscraper.scraper.WebScraper -        Q[50chars] | A[414chars] | Code[5]
2026-05-13 15:31:08.462 [main] DEBUG c.i.webscraper.scraper.WebScraper -        Q[66chars] | A[860chars] | Code[12]
2026-05-13 15:31:08.463 [main] DEBUG c.i.webscraper.scraper.WebScraper -        Q[54chars] | A[343chars] | Code[8]
2026-05-13 15:31:08.467 [main] DEBUG c.i.webscraper.scraper.WebScraper -        Q[62chars] | A[1919chars] | Code[28]
2026-05-13 15:31:08.474 [main] DEBUG c.i.webscraper.scraper.WebScraper -        Q[60chars] | A[641chars] | Code[2]
2026-05-13 15:31:08.476 [main] DEBUG c.i.webscraper.scraper.WebScraper -        Q[38chars] | A[316chars] | Code[9]
2026-05-13 15:31:08.479 [main] DEBUG c.i.webscraper.scraper.WebScraper -        Q[55chars] | A[138chars] | Code[1]
2026-05-13 15:31:08.490 [main] DEBUG c.i.webscraper.scraper.WebScraper -        Q[52chars] | A[1067chars] | Code[8]
2026-05-13 15:31:08.494 [main] DEBUG c.i.webscraper.scraper.WebScraper -        Q[60chars] | A[429chars] | Code[8]
2026-05-13 15:31:08.499 [main] DEBUG c.i.webscraper.scraper.WebScraper -        Q[91chars] | A[490chars] | Code[2]
2026-05-13 15:31:08.501 [main] DEBUG c.i.webscraper.scraper.WebScraper -        Q[54chars] | A[980chars] | Code[1]
2026-05-13 15:31:08.501 [main] INFO  c.i.webscraper.scraper.WebScraper -      16 Q&A pair(s) extracted.
2026-05-13 15:31:08.502 [main] INFO  c.i.webscraper.scraper.WebScraper -   → Section: 'Threads and Concurrency in Java' (https://interview.in28minutes.com/interview-guides/java/threads-and-concurrency-in-java/)
2026-05-13 15:31:08.503 [main] DEBUG c.i.webscraper.scraper.WebScraper - Sleeping 2500ms (attempt 1/3) before: https://interview.in28minutes.com/interview-guides/java/threads-and-concurrency-in-java/
2026-05-13 15:31:11.876 [main] DEBUG c.i.webscraper.scraper.WebScraper - HTTP 200 ← https://interview.in28minutes.com/interview-guides/java/threads-and-concurrency-in-java/
2026-05-13 15:31:11.928 [main] DEBUG c.i.webscraper.scraper.WebScraper -      21 question heading(s) in 'Threads and Concurrency in Java'.
2026-05-13 15:31:11.931 [main] DEBUG c.i.webscraper.scraper.WebScraper -        Q[78chars] | A[1752chars] | Code[0]
2026-05-13 15:31:11.931 [main] DEBUG c.i.webscraper.scraper.WebScraper -        Q[69chars] | A[73chars] | Code[2]
2026-05-13 15:31:11.932 [main] DEBUG c.i.webscraper.scraper.WebScraper -        Q[49chars] | A[47chars] | Code[1]
2026-05-13 15:31:11.933 [main] DEBUG c.i.webscraper.scraper.WebScraper -        Q[45chars] | A[868chars] | Code[3]
2026-05-13 15:31:11.933 [main] DEBUG c.i.webscraper.scraper.WebScraper -        Q[42chars] | A[736chars] | Code[0]
2026-05-13 15:31:11.934 [main] DEBUG c.i.webscraper.scraper.WebScraper -        Q[30chars] | A[705chars] | Code[1]
2026-05-13 15:31:11.934 [main] DEBUG c.i.webscraper.scraper.WebScraper -        Q[87chars] | A[126chars] | Code[0]
2026-05-13 15:31:11.935 [main] DEBUG c.i.webscraper.scraper.WebScraper -        Q[39chars] | A[887chars] | Code[3]
2026-05-13 15:31:11.937 [main] DEBUG c.i.webscraper.scraper.WebScraper -        Q[37chars] | A[808chars] | Code[2]
2026-05-13 15:31:11.938 [main] DEBUG c.i.webscraper.scraper.WebScraper -        Q[71chars] | A[1721chars] | Code[5]
2026-05-13 15:31:11.939 [main] DEBUG c.i.webscraper.scraper.WebScraper -        Q[48chars] | A[1643chars] | Code[4]
2026-05-13 15:31:11.943 [main] DEBUG c.i.webscraper.scraper.WebScraper -        Q[31chars] | A[3570chars] | Code[6]
2026-05-13 15:31:11.945 [main] DEBUG c.i.webscraper.scraper.WebScraper -        Q[31chars] | A[760chars] | Code[3]
2026-05-13 15:31:11.945 [main] DEBUG c.i.webscraper.scraper.WebScraper -        Q[28chars] | A[212chars] | Code[1]
2026-05-13 15:31:11.946 [main] DEBUG c.i.webscraper.scraper.WebScraper -        Q[28chars] | A[227chars] | Code[1]
2026-05-13 15:31:11.947 [main] DEBUG c.i.webscraper.scraper.WebScraper -        Q[33chars] | A[230chars] | Code[1]
2026-05-13 15:31:11.947 [main] DEBUG c.i.webscraper.scraper.WebScraper -        Q[61chars] | A[923chars] | Code[1]
2026-05-13 15:31:11.948 [main] DEBUG c.i.webscraper.scraper.WebScraper -        Q[23chars] | A[344chars] | Code[1]
2026-05-13 15:31:11.950 [main] DEBUG c.i.webscraper.scraper.WebScraper -        Q[41chars] | A[873chars] | Code[2]
2026-05-13 15:31:11.952 [main] DEBUG c.i.webscraper.scraper.WebScraper -        Q[51chars] | A[192chars] | Code[1]
2026-05-13 15:31:11.953 [main] DEBUG c.i.webscraper.scraper.WebScraper -        Q[58chars] | A[580chars] | Code[1]
2026-05-13 15:31:11.953 [main] INFO  c.i.webscraper.scraper.WebScraper -      21 Q&A pair(s) extracted.
2026-05-13 15:31:11.953 [main] INFO  c.i.webscraper.scraper.WebScraper -   → Section: 'Collections in Java' (https://interview.in28minutes.com/interview-guides/java/collections-in-java/)
2026-05-13 15:31:11.954 [main] DEBUG c.i.webscraper.scraper.WebScraper - Sleeping 2500ms (attempt 1/3) before: https://interview.in28minutes.com/interview-guides/java/collections-in-java/
2026-05-13 15:31:15.910 [main] DEBUG c.i.webscraper.scraper.WebScraper - HTTP 200 ← https://interview.in28minutes.com/interview-guides/java/collections-in-java/
2026-05-13 15:31:16.061 [main] DEBUG c.i.webscraper.scraper.WebScraper -      22 question heading(s) in 'Collections in Java'.
2026-05-13 15:31:16.062 [main] DEBUG c.i.webscraper.scraper.WebScraper -        Q[49chars] | A[798chars] | Code[0]
2026-05-13 15:31:16.063 [main] DEBUG c.i.webscraper.scraper.WebScraper -        Q[35chars] | A[643chars] | Code[1]
2026-05-13 15:31:16.064 [main] DEBUG c.i.webscraper.scraper.WebScraper -        Q[74chars] | A[703chars] | Code[0]
2026-05-13 15:31:16.064 [main] DEBUG c.i.webscraper.scraper.WebScraper -        Q[58chars] | A[165chars] | Code[0]
2026-05-13 15:31:16.066 [main] DEBUG c.i.webscraper.scraper.WebScraper -        Q[53chars] | A[937chars] | Code[1]
2026-05-13 15:31:16.066 [main] DEBUG c.i.webscraper.scraper.WebScraper -        Q[62chars] | A[692chars] | Code[1]
2026-05-13 15:31:16.067 [main] DEBUG c.i.webscraper.scraper.WebScraper -        Q[47chars] | A[488chars] | Code[2]
2026-05-13 15:31:16.068 [main] DEBUG c.i.webscraper.scraper.WebScraper -        Q[51chars] | A[1619chars] | Code[0]
2026-05-13 15:31:16.070 [main] DEBUG c.i.webscraper.scraper.WebScraper -        Q[52chars] | A[982chars] | Code[5]
2026-05-13 15:31:16.070 [main] DEBUG c.i.webscraper.scraper.WebScraper -        Q[59chars] | A[455chars] | Code[2]
2026-05-13 15:31:16.072 [main] DEBUG c.i.webscraper.scraper.WebScraper -        Q[50chars] | A[1701chars] | Code[1]
2026-05-13 15:31:16.082 [main] DEBUG c.i.webscraper.scraper.WebScraper -        Q[46chars] | A[505chars] | Code[6]
2026-05-13 15:31:16.083 [main] DEBUG c.i.webscraper.scraper.WebScraper -        Q[43chars] | A[1289chars] | Code[4]
2026-05-13 15:31:16.083 [main] DEBUG c.i.webscraper.scraper.WebScraper -        Q[50chars] | A[76chars] | Code[1]
2026-05-13 15:31:16.084 [main] DEBUG c.i.webscraper.scraper.WebScraper -        Q[59chars] | A[515chars] | Code[0]
2026-05-13 15:31:16.084 [main] DEBUG c.i.webscraper.scraper.WebScraper -        Q[44chars] | A[468chars] | Code[0]
2026-05-13 15:31:16.085 [main] DEBUG c.i.webscraper.scraper.WebScraper -        Q[77chars] | A[509chars] | Code[1]
2026-05-13 15:31:16.085 [main] DEBUG c.i.webscraper.scraper.WebScraper -        Q[65chars] | A[558chars] | Code[2]
2026-05-13 15:31:16.085 [main] DEBUG c.i.webscraper.scraper.WebScraper -        Q[59chars] | A[668chars] | Code[3]
2026-05-13 15:31:16.086 [main] DEBUG c.i.webscraper.scraper.WebScraper -        Q[41chars] | A[215chars] | Code[4]
2026-05-13 15:31:16.087 [main] INFO  c.i.webscraper.scraper.WebScraper -      20 Q&A pair(s) extracted.
2026-05-13 15:31:16.087 [main] INFO  c.i.webscraper.scraper.WebScraper -   → Section: 'Generics in Java' (https://interview.in28minutes.com/interview-guides/java/generics-in-java/)
2026-05-13 15:31:16.087 [main] DEBUG c.i.webscraper.scraper.WebScraper - Sleeping 2500ms (attempt 1/3) before: https://interview.in28minutes.com/interview-guides/java/generics-in-java/
2026-05-13 15:31:19.450 [main] DEBUG c.i.webscraper.scraper.WebScraper - HTTP 200 ← https://interview.in28minutes.com/interview-guides/java/generics-in-java/
2026-05-13 15:31:19.460 [main] DEBUG c.i.webscraper.scraper.WebScraper -      5 question heading(s) in 'Generics in Java'.
2026-05-13 15:31:19.461 [main] DEBUG c.i.webscraper.scraper.WebScraper -        Q[32chars] | A[1257chars] | Code[3]
2026-05-13 15:31:19.463 [main] DEBUG c.i.webscraper.scraper.WebScraper -        Q[61chars] | A[784chars] | Code[3]
2026-05-13 15:31:19.465 [main] DEBUG c.i.webscraper.scraper.WebScraper -        Q[42chars] | A[992chars] | Code[4]
2026-05-13 15:31:19.466 [main] DEBUG c.i.webscraper.scraper.WebScraper -        Q[45chars] | A[868chars] | Code[6]
2026-05-13 15:31:19.467 [main] DEBUG c.i.webscraper.scraper.WebScraper -        Q[50chars] | A[2646chars] | Code[5]
2026-05-13 15:31:19.469 [main] INFO  c.i.webscraper.scraper.WebScraper -      5 Q&A pair(s) extracted.
2026-05-13 15:31:19.470 [main] INFO  c.i.webscraper.scraper.WebScraper -   → Section: 'Modifiers in Java' (https://interview.in28minutes.com/interview-guides/java/modifiers-in-java/)
2026-05-13 15:31:19.470 [main] DEBUG c.i.webscraper.scraper.WebScraper - Sleeping 2500ms (attempt 1/3) before: https://interview.in28minutes.com/interview-guides/java/modifiers-in-java/
2026-05-13 15:31:22.691 [main] DEBUG c.i.webscraper.scraper.WebScraper - HTTP 200 ← https://interview.in28minutes.com/interview-guides/java/modifiers-in-java/
2026-05-13 15:31:22.702 [main] DEBUG c.i.webscraper.scraper.WebScraper -      5 question heading(s) in 'Modifiers in Java'.
2026-05-13 15:31:22.704 [main] DEBUG c.i.webscraper.scraper.WebScraper -        Q[77chars] | A[1373chars] | Code[0]
2026-05-13 15:31:22.706 [main] DEBUG c.i.webscraper.scraper.WebScraper -        Q[59chars] | A[2617chars] | Code[10]
2026-05-13 15:31:22.707 [main] DEBUG c.i.webscraper.scraper.WebScraper -        Q[65chars] | A[924chars] | Code[5]
2026-05-13 15:31:22.708 [main] DEBUG c.i.webscraper.scraper.WebScraper -        Q[68chars] | A[921chars] | Code[6]
2026-05-13 15:31:22.709 [main] INFO  c.i.webscraper.scraper.WebScraper -      4 Q&A pair(s) extracted.
2026-05-13 15:31:22.709 [main] INFO  c.i.webscraper.scraper.WebScraper -   → Section: 'Exception Handling in Java' (https://interview.in28minutes.com/interview-guides/java/exception-handling-in-java/)
2026-05-13 15:31:22.709 [main] DEBUG c.i.webscraper.scraper.WebScraper - Sleeping 2500ms (attempt 1/3) before: https://interview.in28minutes.com/interview-guides/java/exception-handling-in-java/
2026-05-13 15:31:25.869 [main] DEBUG c.i.webscraper.scraper.WebScraper - HTTP 200 ← https://interview.in28minutes.com/interview-guides/java/exception-handling-in-java/
2026-05-13 15:31:25.888 [main] DEBUG c.i.webscraper.scraper.WebScraper -      10 question heading(s) in 'Exception Handling in Java'.
2026-05-13 15:31:25.889 [main] DEBUG c.i.webscraper.scraper.WebScraper -        Q[36chars] | A[1041chars] | Code[0]
2026-05-13 15:31:25.890 [main] DEBUG c.i.webscraper.scraper.WebScraper -        Q[50chars] | A[485chars] | Code[1]
2026-05-13 15:31:25.892 [main] DEBUG c.i.webscraper.scraper.WebScraper -        Q[68chars] | A[2098chars] | Code[6]
2026-05-13 15:31:25.893 [main] DEBUG c.i.webscraper.scraper.WebScraper -        Q[61chars] | A[777chars] | Code[1]
2026-05-13 15:31:25.894 [main] DEBUG c.i.webscraper.scraper.WebScraper -        Q[50chars] | A[401chars] | Code[2]
2026-05-13 15:31:25.895 [main] DEBUG c.i.webscraper.scraper.WebScraper -        Q[57chars] | A[323chars] | Code[4]
2026-05-13 15:31:25.895 [main] DEBUG c.i.webscraper.scraper.WebScraper -        Q[51chars] | A[18chars] | Code[0]
2026-05-13 15:31:25.897 [main] DEBUG c.i.webscraper.scraper.WebScraper -        Q[55chars] | A[1336chars] | Code[2]
2026-05-13 15:31:25.898 [main] DEBUG c.i.webscraper.scraper.WebScraper -        Q[28chars] | A[1142chars] | Code[15]
2026-05-13 15:31:25.899 [main] DEBUG c.i.webscraper.scraper.WebScraper -        Q[67chars] | A[841chars] | Code[3]
2026-05-13 15:31:25.899 [main] INFO  c.i.webscraper.scraper.WebScraper -      10 Q&A pair(s) extracted.
2026-05-13 15:31:25.899 [main] INFO  c.i.webscraper.scraper.WebScraper -   → Section: 'Serialization in Java' (https://interview.in28minutes.com/interview-guides/java/serialization-in-java/)
2026-05-13 15:31:25.900 [main] DEBUG c.i.webscraper.scraper.WebScraper - Sleeping 2500ms (attempt 1/3) before: https://interview.in28minutes.com/interview-guides/java/serialization-in-java/
2026-05-13 15:31:29.130 [main] DEBUG c.i.webscraper.scraper.WebScraper - HTTP 200 ← https://interview.in28minutes.com/interview-guides/java/serialization-in-java/
2026-05-13 15:31:29.142 [main] DEBUG c.i.webscraper.scraper.WebScraper -      7 question heading(s) in 'Serialization in Java'.
2026-05-13 15:31:29.144 [main] DEBUG c.i.webscraper.scraper.WebScraper -        Q[22chars] | A[561chars] | Code[0]
2026-05-13 15:31:29.145 [main] DEBUG c.i.webscraper.scraper.WebScraper -        Q[27chars] | A[274chars] | Code[1]
2026-05-13 15:31:29.145 [main] DEBUG c.i.webscraper.scraper.WebScraper -        Q[37chars] | A[382chars] | Code[1]
2026-05-13 15:31:29.146 [main] DEBUG c.i.webscraper.scraper.WebScraper -        Q[62chars] | A[601chars] | Code[2]
2026-05-13 15:31:29.146 [main] DEBUG c.i.webscraper.scraper.WebScraper -        Q[48chars] | A[321chars] | Code[2]
2026-05-13 15:31:29.147 [main] DEBUG c.i.webscraper.scraper.WebScraper -        Q[49chars] | A[1348chars] | Code[6]
2026-05-13 15:31:29.149 [main] DEBUG c.i.webscraper.scraper.WebScraper -        Q[60chars] | A[763chars] | Code[2]
2026-05-13 15:31:29.149 [main] INFO  c.i.webscraper.scraper.WebScraper -      7 Q&A pair(s) extracted.
2026-05-13 15:31:29.149 [main] INFO  c.i.webscraper.scraper.WebScraper -   → Section: 'Built-in Classes in Java' (https://interview.in28minutes.com/interview-guides/java/built-in-classes-in-java/)
2026-05-13 15:31:29.151 [main] DEBUG c.i.webscraper.scraper.WebScraper - Sleeping 2500ms (attempt 1/3) before: https://interview.in28minutes.com/interview-guides/java/built-in-classes-in-java/
2026-05-13 15:31:32.328 [main] DEBUG c.i.webscraper.scraper.WebScraper - HTTP 200 ← https://interview.in28minutes.com/interview-guides/java/built-in-classes-in-java/
2026-05-13 15:31:32.341 [main] DEBUG c.i.webscraper.scraper.WebScraper -      9 question heading(s) in 'Built-in Classes in Java'.
2026-05-13 15:31:32.342 [main] DEBUG c.i.webscraper.scraper.WebScraper -        Q[6chars] | A[359chars] | Code[1]
2026-05-13 15:31:32.343 [main] DEBUG c.i.webscraper.scraper.WebScraper -        Q[4chars] | A[210chars] | Code[2]
2026-05-13 15:31:32.345 [main] DEBUG c.i.webscraper.scraper.WebScraper -        Q[7chars] | A[188chars] | Code[1]
2026-05-13 15:31:32.345 [main] DEBUG c.i.webscraper.scraper.WebScraper -        Q[6chars] | A[211chars] | Code[1]
2026-05-13 15:31:32.348 [main] DEBUG c.i.webscraper.scraper.WebScraper -        Q[11chars] | A[161chars] | Code[1]
2026-05-13 15:31:32.349 [main] DEBUG c.i.webscraper.scraper.WebScraper -        Q[4chars] | A[301chars] | Code[1]
2026-05-13 15:31:32.349 [main] DEBUG c.i.webscraper.scraper.WebScraper -        Q[5chars] | A[227chars] | Code[2]
2026-05-13 15:31:32.350 [main] DEBUG c.i.webscraper.scraper.WebScraper -        Q[5chars] | A[212chars] | Code[1]
2026-05-13 15:31:32.351 [main] DEBUG c.i.webscraper.scraper.WebScraper -        Q[6chars] | A[188chars] | Code[2]
2026-05-13 15:31:32.351 [main] INFO  c.i.webscraper.scraper.WebScraper -      9 Q&A pair(s) extracted.
2026-05-13 15:31:32.352 [main] INFO  c.i.webscraper.scraper.WebScraper -   → Section: 'Miscellaneous Topics in Java' (https://interview.in28minutes.com/interview-guides/java/miscellaneous-topics-in-java/)
2026-05-13 15:31:32.353 [main] DEBUG c.i.webscraper.scraper.WebScraper - Sleeping 2500ms (attempt 1/3) before: https://interview.in28minutes.com/interview-guides/java/miscellaneous-topics-in-java/
2026-05-13 15:31:35.648 [main] DEBUG c.i.webscraper.scraper.WebScraper - HTTP 200 ← https://interview.in28minutes.com/interview-guides/java/miscellaneous-topics-in-java/
2026-05-13 15:31:35.671 [main] DEBUG c.i.webscraper.scraper.WebScraper -      11 question heading(s) in 'Miscellaneous Topics in Java'.
2026-05-13 15:31:35.672 [main] DEBUG c.i.webscraper.scraper.WebScraper -        Q[53chars] | A[1219chars] | Code[5]
2026-05-13 15:31:35.674 [main] DEBUG c.i.webscraper.scraper.WebScraper -        Q[44chars] | A[689chars] | Code[1]
2026-05-13 15:31:35.676 [main] DEBUG c.i.webscraper.scraper.WebScraper -        Q[48chars] | A[899chars] | Code[2]
2026-05-13 15:31:35.677 [main] DEBUG c.i.webscraper.scraper.WebScraper -        Q[61chars] | A[918chars] | Code[1]
2026-05-13 15:31:35.678 [main] DEBUG c.i.webscraper.scraper.WebScraper -        Q[72chars] | A[463chars] | Code[3]
2026-05-13 15:31:35.678 [main] DEBUG c.i.webscraper.scraper.WebScraper -        Q[30chars] | A[1123chars] | Code[2]
2026-05-13 15:31:35.680 [main] DEBUG c.i.webscraper.scraper.WebScraper -        Q[33chars] | A[683chars] | Code[1]
2026-05-13 15:31:35.682 [main] DEBUG c.i.webscraper.scraper.WebScraper -        Q[54chars] | A[1029chars] | Code[7]
2026-05-13 15:31:35.683 [main] DEBUG c.i.webscraper.scraper.WebScraper -        Q[65chars] | A[637chars] | Code[5]
2026-05-13 15:31:35.684 [main] DEBUG c.i.webscraper.scraper.WebScraper -        Q[61chars] | A[538chars] | Code[4]
2026-05-13 15:31:35.687 [main] DEBUG c.i.webscraper.scraper.WebScraper -        Q[52chars] | A[869chars] | Code[6]
2026-05-13 15:31:35.687 [main] INFO  c.i.webscraper.scraper.WebScraper -      11 Q&A pair(s) extracted.
2026-05-13 15:31:35.687 [main] INFO  c.i.webscraper.scraper.WebScraper -   → Section: 'New Features in Java' (https://interview.in28minutes.com/interview-guides/java/new-features-in-java/)
2026-05-13 15:31:35.688 [main] DEBUG c.i.webscraper.scraper.WebScraper - Sleeping 2500ms (attempt 1/3) before: https://interview.in28minutes.com/interview-guides/java/new-features-in-java/
2026-05-13 15:31:38.975 [main] DEBUG c.i.webscraper.scraper.WebScraper - HTTP 200 ← https://interview.in28minutes.com/interview-guides/java/new-features-in-java/
2026-05-13 15:31:38.980 [main] DEBUG c.i.webscraper.scraper.WebScraper -      3 question heading(s) in 'New Features in Java'.
2026-05-13 15:31:38.981 [main] DEBUG c.i.webscraper.scraper.WebScraper -        Q[29chars] | A[1122chars] | Code[0]
2026-05-13 15:31:38.982 [main] DEBUG c.i.webscraper.scraper.WebScraper -        Q[55chars] | A[1158chars] | Code[12]
2026-05-13 15:31:38.985 [main] DEBUG c.i.webscraper.scraper.WebScraper -        Q[68chars] | A[2207chars] | Code[23]
2026-05-13 15:31:38.986 [main] INFO  c.i.webscraper.scraper.WebScraper -      3 Q&A pair(s) extracted.
2026-05-13 15:31:38.986 [main] INFO  c.i.webscraper.scraper.WebScraper -   → Section: 'Java Interview - Diagrams' (https://interview.in28minutes.com/interview-guides/java/java-interview-diagrams/)
2026-05-13 15:31:38.987 [main] DEBUG c.i.webscraper.scraper.WebScraper - Sleeping 2500ms (attempt 1/3) before: https://interview.in28minutes.com/interview-guides/java/java-interview-diagrams/
2026-05-13 15:31:41.885 [main] DEBUG c.i.webscraper.scraper.WebScraper - HTTP 200 ← https://interview.in28minutes.com/interview-guides/java/java-interview-diagrams/
2026-05-13 15:31:41.889 [main] DEBUG c.i.webscraper.scraper.WebScraper -      7 question heading(s) in 'Java Interview - Diagrams'.
2026-05-13 15:31:41.891 [main] DEBUG c.i.webscraper.scraper.WebScraper -        Q[17chars] | A[0chars] | Code[1]
2026-05-13 15:31:41.891 [main] DEBUG c.i.webscraper.scraper.WebScraper -        Q[26chars] | A[0chars] | Code[1]
2026-05-13 15:31:41.891 [main] DEBUG c.i.webscraper.scraper.WebScraper -        Q[18chars] | A[0chars] | Code[1]
2026-05-13 15:31:41.892 [main] DEBUG c.i.webscraper.scraper.WebScraper -        Q[17chars] | A[0chars] | Code[1]
2026-05-13 15:31:41.892 [main] DEBUG c.i.webscraper.scraper.WebScraper -        Q[44chars] | A[0chars] | Code[1]
2026-05-13 15:31:41.893 [main] DEBUG c.i.webscraper.scraper.WebScraper -        Q[25chars] | A[0chars] | Code[1]
2026-05-13 15:31:41.894 [main] DEBUG c.i.webscraper.scraper.WebScraper -        Q[27chars] | A[141chars] | Code[7]
2026-05-13 15:31:41.894 [main] INFO  c.i.webscraper.scraper.WebScraper -      7 Q&A pair(s) extracted.
2026-05-13 15:31:41.896 [main] INFO  c.i.webscraper.scraper.WebScraper - Topic 'Java' complete → 17 section(s).
2026-05-13 15:31:41.897 [main] INFO  c.i.webscraper.scraper.WebScraper - ---------- Topic: DevOps → https://interview.in28minutes.com/devops/
2026-05-13 15:31:41.897 [main] DEBUG c.i.webscraper.scraper.WebScraper - Sleeping 2500ms (attempt 1/3) before: https://interview.in28minutes.com/devops/
2026-05-13 15:31:44.821 [main] DEBUG c.i.webscraper.scraper.WebScraper - HTTP 200 ← https://interview.in28minutes.com/devops/
2026-05-13 15:31:44.829 [main] DEBUG c.i.webscraper.scraper.WebScraper - Topic 'DevOps' → 2 card(s) found.
2026-05-13 15:31:44.830 [main] INFO  c.i.webscraper.scraper.WebScraper -   → Section: 'DevOps Fundamentals' (https://interview.in28minutes.com/interview-guides/devops/devops-fundamentals/)
2026-05-13 15:31:44.830 [main] DEBUG c.i.webscraper.scraper.WebScraper - Sleeping 2500ms (attempt 1/3) before: https://interview.in28minutes.com/interview-guides/devops/devops-fundamentals/
2026-05-13 15:31:48.539 [main] DEBUG c.i.webscraper.scraper.WebScraper - HTTP 200 ← https://interview.in28minutes.com/interview-guides/devops/devops-fundamentals/
2026-05-13 15:31:48.545 [main] DEBUG c.i.webscraper.scraper.WebScraper -      7 question heading(s) in 'DevOps Fundamentals'.
2026-05-13 15:31:48.548 [main] DEBUG c.i.webscraper.scraper.WebScraper -        Q[15chars] | A[2715chars] | Code[0]
2026-05-13 15:31:48.549 [main] DEBUG c.i.webscraper.scraper.WebScraper -        Q[28chars] | A[1346chars] | Code[0]
2026-05-13 15:31:48.550 [main] DEBUG c.i.webscraper.scraper.WebScraper -        Q[67chars] | A[1724chars] | Code[0]
2026-05-13 15:31:48.550 [main] DEBUG c.i.webscraper.scraper.WebScraper -        Q[31chars] | A[1269chars] | Code[0]
2026-05-13 15:31:48.551 [main] DEBUG c.i.webscraper.scraper.WebScraper -        Q[87chars] | A[2013chars] | Code[0]
2026-05-13 15:31:48.552 [main] DEBUG c.i.webscraper.scraper.WebScraper -        Q[22chars] | A[1717chars] | Code[0]
2026-05-13 15:31:48.555 [main] DEBUG c.i.webscraper.scraper.WebScraper -        Q[33chars] | A[800chars] | Code[0]
2026-05-13 15:31:48.557 [main] INFO  c.i.webscraper.scraper.WebScraper -      7 Q&A pair(s) extracted.
2026-05-13 15:31:48.560 [main] INFO  c.i.webscraper.scraper.WebScraper -   → Section: 'DevOps Interview - Diagrams' (https://interview.in28minutes.com/interview-guides/devops/devops-interview-diagrams/)
2026-05-13 15:31:48.565 [main] DEBUG c.i.webscraper.scraper.WebScraper - Sleeping 2500ms (attempt 1/3) before: https://interview.in28minutes.com/interview-guides/devops/devops-interview-diagrams/
2026-05-13 15:31:51.476 [main] DEBUG c.i.webscraper.scraper.WebScraper - HTTP 200 ← https://interview.in28minutes.com/interview-guides/devops/devops-interview-diagrams/
2026-05-13 15:31:51.488 [main] DEBUG c.i.webscraper.scraper.WebScraper -      10 question heading(s) in 'DevOps Interview - Diagrams'.
2026-05-13 15:31:51.489 [main] WARN  c.i.webscraper.scraper.WebScraper -      Section 'DevOps Interview - Diagrams' had no Q&A pairs.
2026-05-13 15:31:51.490 [main] INFO  c.i.webscraper.scraper.WebScraper - Topic 'DevOps' complete → 1 section(s).
2026-05-13 15:31:51.491 [main] INFO  c.i.webscraper.scraper.WebScraper - ---------- Topic: Cloud → https://interview.in28minutes.com/cloud/
2026-05-13 15:31:51.491 [main] DEBUG c.i.webscraper.scraper.WebScraper - Sleeping 2500ms (attempt 1/3) before: https://interview.in28minutes.com/cloud/
2026-05-13 15:31:54.396 [main] DEBUG c.i.webscraper.scraper.WebScraper - HTTP 200 ← https://interview.in28minutes.com/cloud/
2026-05-13 15:31:54.401 [main] DEBUG c.i.webscraper.scraper.WebScraper - Topic 'Cloud' → 8 card(s) found.
2026-05-13 15:31:54.402 [main] INFO  c.i.webscraper.scraper.WebScraper -   → Section: 'Cloud Fundamentals' (https://interview.in28minutes.com/interview-guides/cloud/cloud-fundamentals/)
2026-05-13 15:31:54.402 [main] DEBUG c.i.webscraper.scraper.WebScraper - Sleeping 2500ms (attempt 1/3) before: https://interview.in28minutes.com/interview-guides/cloud/cloud-fundamentals/
2026-05-13 15:31:57.503 [main] DEBUG c.i.webscraper.scraper.WebScraper - HTTP 200 ← https://interview.in28minutes.com/interview-guides/cloud/cloud-fundamentals/
2026-05-13 15:31:57.510 [main] DEBUG c.i.webscraper.scraper.WebScraper -      8 question heading(s) in 'Cloud Fundamentals'.
2026-05-13 15:31:57.511 [main] DEBUG c.i.webscraper.scraper.WebScraper -        Q[39chars] | A[914chars] | Code[0]
2026-05-13 15:31:57.513 [main] DEBUG c.i.webscraper.scraper.WebScraper -        Q[32chars] | A[2396chars] | Code[0]
2026-05-13 15:31:57.513 [main] DEBUG c.i.webscraper.scraper.WebScraper -        Q[41chars] | A[1115chars] | Code[0]
2026-05-13 15:31:57.515 [main] DEBUG c.i.webscraper.scraper.WebScraper -        Q[34chars] | A[2782chars] | Code[0]
2026-05-13 15:31:57.516 [main] DEBUG c.i.webscraper.scraper.WebScraper -        Q[23chars] | A[1214chars] | Code[0]
2026-05-13 15:31:57.516 [main] DEBUG c.i.webscraper.scraper.WebScraper -        Q[49chars] | A[970chars] | Code[0]
2026-05-13 15:31:57.518 [main] DEBUG c.i.webscraper.scraper.WebScraper -        Q[102chars] | A[2665chars] | Code[0]
2026-05-13 15:31:57.518 [main] INFO  c.i.webscraper.scraper.WebScraper -      7 Q&A pair(s) extracted.
2026-05-13 15:31:57.519 [main] INFO  c.i.webscraper.scraper.WebScraper -   → Section: 'Cloud Storage and Databases Fundamentals' (https://interview.in28minutes.com/interview-guides/cloud/cloud-storage-and-databases-fundamentals/)
2026-05-13 15:31:57.519 [main] DEBUG c.i.webscraper.scraper.WebScraper - Sleeping 2500ms (attempt 1/3) before: https://interview.in28minutes.com/interview-guides/cloud/cloud-storage-and-databases-fundamentals/
2026-05-13 15:32:00.678 [main] DEBUG c.i.webscraper.scraper.WebScraper - HTTP 200 ← https://interview.in28minutes.com/interview-guides/cloud/cloud-storage-and-databases-fundamentals/
2026-05-13 15:32:00.691 [main] DEBUG c.i.webscraper.scraper.WebScraper -      12 question heading(s) in 'Cloud Storage and Databases Fundamentals'.
2026-05-13 15:32:00.695 [main] DEBUG c.i.webscraper.scraper.WebScraper -        Q[49chars] | A[2169chars] | Code[0]
2026-05-13 15:32:00.696 [main] DEBUG c.i.webscraper.scraper.WebScraper -        Q[18chars] | A[764chars] | Code[0]
2026-05-13 15:32:00.697 [main] DEBUG c.i.webscraper.scraper.WebScraper -        Q[35chars] | A[795chars] | Code[0]
2026-05-13 15:32:00.699 [main] DEBUG c.i.webscraper.scraper.WebScraper -        Q[46chars] | A[801chars] | Code[0]
2026-05-13 15:32:00.700 [main] DEBUG c.i.webscraper.scraper.WebScraper -        Q[55chars] | A[1982chars] | Code[4]
2026-05-13 15:32:00.701 [main] DEBUG c.i.webscraper.scraper.WebScraper -        Q[67chars] | A[1210chars] | Code[0]
2026-05-13 15:32:00.703 [main] DEBUG c.i.webscraper.scraper.WebScraper -        Q[22chars] | A[2144chars] | Code[0]
2026-05-13 15:32:00.705 [main] DEBUG c.i.webscraper.scraper.WebScraper -        Q[21chars] | A[1214chars] | Code[0]
2026-05-13 15:32:00.707 [main] DEBUG c.i.webscraper.scraper.WebScraper -        Q[23chars] | A[2709chars] | Code[0]
2026-05-13 15:32:00.709 [main] DEBUG c.i.webscraper.scraper.WebScraper -        Q[23chars] | A[1082chars] | Code[0]
2026-05-13 15:32:00.711 [main] DEBUG c.i.webscraper.scraper.WebScraper -        Q[36chars] | A[1915chars] | Code[0]
2026-05-13 15:32:00.713 [main] DEBUG c.i.webscraper.scraper.WebScraper -        Q[35chars] | A[1864chars] | Code[0]
2026-05-13 15:32:00.713 [main] INFO  c.i.webscraper.scraper.WebScraper -      12 Q&A pair(s) extracted.
2026-05-13 15:32:00.714 [main] INFO  c.i.webscraper.scraper.WebScraper -   → Section: 'Asynchronous Communication in the Cloud' (https://interview.in28minutes.com/interview-guides/cloud/asynchronous-communication-in-the-cloud/)
2026-05-13 15:32:00.714 [main] DEBUG c.i.webscraper.scraper.WebScraper - Sleeping 2500ms (attempt 1/3) before: https://interview.in28minutes.com/interview-guides/cloud/asynchronous-communication-in-the-cloud/
2026-05-13 15:32:03.817 [main] DEBUG c.i.webscraper.scraper.WebScraper - HTTP 200 ← https://interview.in28minutes.com/interview-guides/cloud/asynchronous-communication-in-the-cloud/
2026-05-13 15:32:03.822 [main] DEBUG c.i.webscraper.scraper.WebScraper -      6 question heading(s) in 'Asynchronous Communication in the Cloud'.
2026-05-13 15:32:03.823 [main] DEBUG c.i.webscraper.scraper.WebScraper -        Q[31chars] | A[1110chars] | Code[0]
2026-05-13 15:32:03.824 [main] DEBUG c.i.webscraper.scraper.WebScraper -        Q[37chars] | A[1576chars] | Code[0]
2026-05-13 15:32:03.825 [main] DEBUG c.i.webscraper.scraper.WebScraper -        Q[43chars] | A[1395chars] | Code[0]
2026-05-13 15:32:03.825 [main] DEBUG c.i.webscraper.scraper.WebScraper -        Q[36chars] | A[1407chars] | Code[0]
2026-05-13 15:32:03.828 [main] DEBUG c.i.webscraper.scraper.WebScraper -        Q[28chars] | A[3668chars] | Code[0]
2026-05-13 15:32:03.828 [main] DEBUG c.i.webscraper.scraper.WebScraper -        Q[44chars] | A[1470chars] | Code[0]
2026-05-13 15:32:03.829 [main] INFO  c.i.webscraper.scraper.WebScraper -      6 Q&A pair(s) extracted.
2026-05-13 15:32:03.829 [main] INFO  c.i.webscraper.scraper.WebScraper -   → Section: 'Networking in the Cloud' (https://interview.in28minutes.com/interview-guides/cloud/networking-in-the-cloud/)
2026-05-13 15:32:03.829 [main] DEBUG c.i.webscraper.scraper.WebScraper - Sleeping 2500ms (attempt 1/3) before: https://interview.in28minutes.com/interview-guides/cloud/networking-in-the-cloud/
2026-05-13 15:32:06.920 [main] DEBUG c.i.webscraper.scraper.WebScraper - HTTP 200 ← https://interview.in28minutes.com/interview-guides/cloud/networking-in-the-cloud/
2026-05-13 15:32:06.923 [main] DEBUG c.i.webscraper.scraper.WebScraper -      7 question heading(s) in 'Networking in the Cloud'.
2026-05-13 15:32:06.923 [main] DEBUG c.i.webscraper.scraper.WebScraper -        Q[65chars] | A[1512chars] | Code[0]
2026-05-13 15:32:06.924 [main] DEBUG c.i.webscraper.scraper.WebScraper -        Q[47chars] | A[1096chars] | Code[0]
2026-05-13 15:32:06.924 [main] DEBUG c.i.webscraper.scraper.WebScraper -        Q[47chars] | A[2101chars] | Code[0]
2026-05-13 15:32:06.924 [main] DEBUG c.i.webscraper.scraper.WebScraper -        Q[65chars] | A[1150chars] | Code[0]
2026-05-13 15:32:06.925 [main] DEBUG c.i.webscraper.scraper.WebScraper -        Q[37chars] | A[980chars] | Code[0]
2026-05-13 15:32:06.925 [main] DEBUG c.i.webscraper.scraper.WebScraper -        Q[37chars] | A[1105chars] | Code[0]
2026-05-13 15:32:06.925 [main] INFO  c.i.webscraper.scraper.WebScraper -      6 Q&A pair(s) extracted.
2026-05-13 15:32:06.926 [main] INFO  c.i.webscraper.scraper.WebScraper -   → Section: 'Cost Management in the Cloud' (https://interview.in28minutes.com/interview-guides/cloud/cost-management-in-the-cloud/)
2026-05-13 15:32:06.926 [main] DEBUG c.i.webscraper.scraper.WebScraper - Sleeping 2500ms (attempt 1/3) before: https://interview.in28minutes.com/interview-guides/cloud/cost-management-in-the-cloud/
2026-05-13 15:32:10.031 [main] DEBUG c.i.webscraper.scraper.WebScraper - HTTP 200 ← https://interview.in28minutes.com/interview-guides/cloud/cost-management-in-the-cloud/
2026-05-13 15:32:10.037 [main] DEBUG c.i.webscraper.scraper.WebScraper -      6 question heading(s) in 'Cost Management in the Cloud'.
2026-05-13 15:32:10.038 [main] DEBUG c.i.webscraper.scraper.WebScraper -        Q[38chars] | A[1020chars] | Code[0]
2026-05-13 15:32:10.038 [main] DEBUG c.i.webscraper.scraper.WebScraper -        Q[21chars] | A[641chars] | Code[0]
2026-05-13 15:32:10.039 [main] DEBUG c.i.webscraper.scraper.WebScraper -        Q[56chars] | A[682chars] | Code[0]
2026-05-13 15:32:10.040 [main] DEBUG c.i.webscraper.scraper.WebScraper -        Q[39chars] | A[1261chars] | Code[0]
2026-05-13 15:32:10.041 [main] DEBUG c.i.webscraper.scraper.WebScraper -        Q[15chars] | A[1604chars] | Code[0]
2026-05-13 15:32:10.041 [main] INFO  c.i.webscraper.scraper.WebScraper -      5 Q&A pair(s) extracted.
2026-05-13 15:32:10.041 [main] INFO  c.i.webscraper.scraper.WebScraper -   → Section: 'AI, ML and Generative AI in the Cloud' (https://interview.in28minutes.com/interview-guides/cloud/ai-ml-and-generative-ai-in-the-cloud/)
2026-05-13 15:32:10.041 [main] DEBUG c.i.webscraper.scraper.WebScraper - Sleeping 2500ms (attempt 1/3) before: https://interview.in28minutes.com/interview-guides/cloud/ai-ml-and-generative-ai-in-the-cloud/
2026-05-13 15:32:13.176 [main] DEBUG c.i.webscraper.scraper.WebScraper - HTTP 200 ← https://interview.in28minutes.com/interview-guides/cloud/ai-ml-and-generative-ai-in-the-cloud/
2026-05-13 15:32:13.179 [main] DEBUG c.i.webscraper.scraper.WebScraper -      5 question heading(s) in 'AI, ML and Generative AI in the Cloud'.
2026-05-13 15:32:13.179 [main] DEBUG c.i.webscraper.scraper.WebScraper -        Q[16chars] | A[1171chars] | Code[0]
2026-05-13 15:32:13.181 [main] DEBUG c.i.webscraper.scraper.WebScraper -        Q[53chars] | A[848chars] | Code[0]
2026-05-13 15:32:13.181 [main] DEBUG c.i.webscraper.scraper.WebScraper -        Q[22chars] | A[2236chars] | Code[0]
2026-05-13 15:32:13.181 [main] DEBUG c.i.webscraper.scraper.WebScraper -        Q[52chars] | A[2601chars] | Code[0]
2026-05-13 15:32:13.181 [main] INFO  c.i.webscraper.scraper.WebScraper -      4 Q&A pair(s) extracted.
2026-05-13 15:32:13.181 [main] INFO  c.i.webscraper.scraper.WebScraper -   → Section: 'Security in the Cloud' (https://interview.in28minutes.com/interview-guides/cloud/security-in-the-cloud/)
2026-05-13 15:32:13.181 [main] DEBUG c.i.webscraper.scraper.WebScraper - Sleeping 2500ms (attempt 1/3) before: https://interview.in28minutes.com/interview-guides/cloud/security-in-the-cloud/
2026-05-13 15:32:16.347 [main] DEBUG c.i.webscraper.scraper.WebScraper - HTTP 200 ← https://interview.in28minutes.com/interview-guides/cloud/security-in-the-cloud/
2026-05-13 15:32:16.355 [main] DEBUG c.i.webscraper.scraper.WebScraper -      7 question heading(s) in 'Security in the Cloud'.
2026-05-13 15:32:16.356 [main] DEBUG c.i.webscraper.scraper.WebScraper -        Q[31chars] | A[2931chars] | Code[0]
2026-05-13 15:32:16.357 [main] DEBUG c.i.webscraper.scraper.WebScraper -        Q[43chars] | A[3777chars] | Code[0]
2026-05-13 15:32:16.359 [main] DEBUG c.i.webscraper.scraper.WebScraper -        Q[22chars] | A[1085chars] | Code[0]
2026-05-13 15:32:16.360 [main] DEBUG c.i.webscraper.scraper.WebScraper -        Q[14chars] | A[1377chars] | Code[0]
2026-05-13 15:32:16.361 [main] DEBUG c.i.webscraper.scraper.WebScraper -        Q[51chars] | A[1442chars] | Code[0]
2026-05-13 15:32:16.361 [main] DEBUG c.i.webscraper.scraper.WebScraper -        Q[34chars] | A[1374chars] | Code[0]
2026-05-13 15:32:16.363 [main] DEBUG c.i.webscraper.scraper.WebScraper -        Q[24chars] | A[1664chars] | Code[0]
2026-05-13 15:32:16.363 [main] INFO  c.i.webscraper.scraper.WebScraper -      7 Q&A pair(s) extracted.
2026-05-13 15:32:16.364 [main] INFO  c.i.webscraper.scraper.WebScraper -   → Section: 'Cloud Interview - Diagrams' (https://interview.in28minutes.com/interview-guides/cloud/cloud-interview-diagrams/)
2026-05-13 15:32:16.364 [main] DEBUG c.i.webscraper.scraper.WebScraper - Sleeping 2500ms (attempt 1/3) before: https://interview.in28minutes.com/interview-guides/cloud/cloud-interview-diagrams/
2026-05-13 15:32:19.252 [main] DEBUG c.i.webscraper.scraper.WebScraper - HTTP 200 ← https://interview.in28minutes.com/interview-guides/cloud/cloud-interview-diagrams/
2026-05-13 15:32:19.256 [main] DEBUG c.i.webscraper.scraper.WebScraper -      10 question heading(s) in 'Cloud Interview - Diagrams'.
2026-05-13 15:32:19.257 [main] WARN  c.i.webscraper.scraper.WebScraper -      Section 'Cloud Interview - Diagrams' had no Q&A pairs.
2026-05-13 15:32:19.257 [main] INFO  c.i.webscraper.scraper.WebScraper - Topic 'Cloud' complete → 7 section(s).
2026-05-13 15:32:19.258 [main] INFO  c.i.webscraper.scraper.WebScraper - ---------- Topic: Docker → https://interview.in28minutes.com/docker/
2026-05-13 15:32:19.258 [main] DEBUG c.i.webscraper.scraper.WebScraper - Sleeping 2500ms (attempt 1/3) before: https://interview.in28minutes.com/docker/
2026-05-13 15:32:22.385 [main] DEBUG c.i.webscraper.scraper.WebScraper - HTTP 200 ← https://interview.in28minutes.com/docker/
2026-05-13 15:32:22.390 [main] DEBUG c.i.webscraper.scraper.WebScraper - Topic 'Docker' → 10 card(s) found.
2026-05-13 15:32:22.390 [main] INFO  c.i.webscraper.scraper.WebScraper -   → Section: 'Docker Fundamentals' (https://interview.in28minutes.com/interview-guides/docker/docker-fundamentals/)
2026-05-13 15:32:22.392 [main] DEBUG c.i.webscraper.scraper.WebScraper - Sleeping 2500ms (attempt 1/3) before: https://interview.in28minutes.com/interview-guides/docker/docker-fundamentals/
2026-05-13 15:32:25.613 [main] DEBUG c.i.webscraper.scraper.WebScraper - HTTP 200 ← https://interview.in28minutes.com/interview-guides/docker/docker-fundamentals/
2026-05-13 15:32:25.617 [main] DEBUG c.i.webscraper.scraper.WebScraper -      6 question heading(s) in 'Docker Fundamentals'.
2026-05-13 15:32:25.618 [main] DEBUG c.i.webscraper.scraper.WebScraper -        Q[60chars] | A[523chars] | Code[0]
2026-05-13 15:32:25.619 [main] DEBUG c.i.webscraper.scraper.WebScraper -        Q[82chars] | A[337chars] | Code[0]
2026-05-13 15:32:25.620 [main] DEBUG c.i.webscraper.scraper.WebScraper -        Q[40chars] | A[390chars] | Code[0]
2026-05-13 15:32:25.620 [main] DEBUG c.i.webscraper.scraper.WebScraper -        Q[54chars] | A[955chars] | Code[0]
2026-05-13 15:32:25.621 [main] DEBUG c.i.webscraper.scraper.WebScraper -        Q[63chars] | A[1637chars] | Code[0]
2026-05-13 15:32:25.622 [main] INFO  c.i.webscraper.scraper.WebScraper -      5 Q&A pair(s) extracted.
2026-05-13 15:32:25.622 [main] INFO  c.i.webscraper.scraper.WebScraper -   → Section: 'Building Docker Images' (https://interview.in28minutes.com/interview-guides/docker/building-docker-images/)
2026-05-13 15:32:25.623 [main] DEBUG c.i.webscraper.scraper.WebScraper - Sleeping 2500ms (attempt 1/3) before: https://interview.in28minutes.com/interview-guides/docker/building-docker-images/
2026-05-13 15:32:28.776 [main] DEBUG c.i.webscraper.scraper.WebScraper - HTTP 200 ← https://interview.in28minutes.com/interview-guides/docker/building-docker-images/
2026-05-13 15:32:28.786 [main] DEBUG c.i.webscraper.scraper.WebScraper -      13 question heading(s) in 'Building Docker Images'.
2026-05-13 15:32:28.787 [main] DEBUG c.i.webscraper.scraper.WebScraper -        Q[54chars] | A[171chars] | Code[3]
2026-05-13 15:32:28.787 [main] DEBUG c.i.webscraper.scraper.WebScraper -        Q[21chars] | A[665chars] | Code[0]
2026-05-13 15:32:28.788 [main] DEBUG c.i.webscraper.scraper.WebScraper -        Q[35chars] | A[333chars] | Code[0]
2026-05-13 15:32:28.790 [main] DEBUG c.i.webscraper.scraper.WebScraper -        Q[87chars] | A[1092chars] | Code[7]
2026-05-13 15:32:28.791 [main] DEBUG c.i.webscraper.scraper.WebScraper -        Q[47chars] | A[214chars] | Code[1]
2026-05-13 15:32:28.792 [main] DEBUG c.i.webscraper.scraper.WebScraper -        Q[59chars] | A[659chars] | Code[1]
2026-05-13 15:32:28.792 [main] DEBUG c.i.webscraper.scraper.WebScraper -        Q[59chars] | A[510chars] | Code[2]
2026-05-13 15:32:28.794 [main] DEBUG c.i.webscraper.scraper.WebScraper -        Q[55chars] | A[1459chars] | Code[2]
2026-05-13 15:32:28.794 [main] DEBUG c.i.webscraper.scraper.WebScraper -        Q[92chars] | A[1309chars] | Code[2]
2026-05-13 15:32:28.795 [main] DEBUG c.i.webscraper.scraper.WebScraper -        Q[62chars] | A[725chars] | Code[4]
2026-05-13 15:32:28.796 [main] DEBUG c.i.webscraper.scraper.WebScraper -        Q[46chars] | A[313chars] | Code[1]
2026-05-13 15:32:28.797 [main] DEBUG c.i.webscraper.scraper.WebScraper -        Q[44chars] | A[680chars] | Code[1]
2026-05-13 15:32:28.798 [main] DEBUG c.i.webscraper.scraper.WebScraper -        Q[36chars] | A[768chars] | Code[0]
2026-05-13 15:32:28.798 [main] INFO  c.i.webscraper.scraper.WebScraper -      13 Q&A pair(s) extracted.
2026-05-13 15:32:28.799 [main] INFO  c.i.webscraper.scraper.WebScraper -   → Section: 'Managing Docker Containers' (https://interview.in28minutes.com/interview-guides/docker/managing-docker-containers/)
2026-05-13 15:32:28.799 [main] DEBUG c.i.webscraper.scraper.WebScraper - Sleeping 2500ms (attempt 1/3) before: https://interview.in28minutes.com/interview-guides/docker/managing-docker-containers/
2026-05-13 15:32:31.969 [main] DEBUG c.i.webscraper.scraper.WebScraper - HTTP 200 ← https://interview.in28minutes.com/interview-guides/docker/managing-docker-containers/
2026-05-13 15:32:31.975 [main] DEBUG c.i.webscraper.scraper.WebScraper -      5 question heading(s) in 'Managing Docker Containers'.
2026-05-13 15:32:31.976 [main] DEBUG c.i.webscraper.scraper.WebScraper -        Q[50chars] | A[416chars] | Code[0]
2026-05-13 15:32:31.977 [main] DEBUG c.i.webscraper.scraper.WebScraper -        Q[47chars] | A[2156chars] | Code[33]
2026-05-13 15:32:31.978 [main] DEBUG c.i.webscraper.scraper.WebScraper -        Q[108chars] | A[151chars] | Code[3]
2026-05-13 15:32:31.979 [main] DEBUG c.i.webscraper.scraper.WebScraper -        Q[38chars] | A[535chars] | Code[9]
2026-05-13 15:32:31.980 [main] DEBUG c.i.webscraper.scraper.WebScraper -        Q[101chars] | A[775chars] | Code[16]
2026-05-13 15:32:31.980 [main] INFO  c.i.webscraper.scraper.WebScraper -      5 Q&A pair(s) extracted.
2026-05-13 15:32:31.980 [main] INFO  c.i.webscraper.scraper.WebScraper -   → Section: 'Persisting Data in Docker' (https://interview.in28minutes.com/interview-guides/docker/persisting-data-in-docker/)
2026-05-13 15:32:31.980 [main] DEBUG c.i.webscraper.scraper.WebScraper - Sleeping 2500ms (attempt 1/3) before: https://interview.in28minutes.com/interview-guides/docker/persisting-data-in-docker/
2026-05-13 15:32:35.263 [main] DEBUG c.i.webscraper.scraper.WebScraper - HTTP 200 ← https://interview.in28minutes.com/interview-guides/docker/persisting-data-in-docker/
2026-05-13 15:32:35.271 [main] DEBUG c.i.webscraper.scraper.WebScraper -      8 question heading(s) in 'Persisting Data in Docker'.
2026-05-13 15:32:35.273 [main] DEBUG c.i.webscraper.scraper.WebScraper -        Q[46chars] | A[813chars] | Code[0]
2026-05-13 15:32:35.274 [main] DEBUG c.i.webscraper.scraper.WebScraper -        Q[27chars] | A[941chars] | Code[6]
2026-05-13 15:32:35.275 [main] DEBUG c.i.webscraper.scraper.WebScraper -        Q[39chars] | A[310chars] | Code[7]
2026-05-13 15:32:35.276 [main] DEBUG c.i.webscraper.scraper.WebScraper -        Q[35chars] | A[574chars] | Code[2]
2026-05-13 15:32:35.278 [main] DEBUG c.i.webscraper.scraper.WebScraper -        Q[57chars] | A[805chars] | Code[10]
2026-05-13 15:32:35.279 [main] DEBUG c.i.webscraper.scraper.WebScraper -        Q[65chars] | A[695chars] | Code[0]
2026-05-13 15:32:35.280 [main] DEBUG c.i.webscraper.scraper.WebScraper -        Q[24chars] | A[1109chars] | Code[0]
2026-05-13 15:32:35.281 [main] INFO  c.i.webscraper.scraper.WebScraper -      7 Q&A pair(s) extracted.
2026-05-13 15:32:35.282 [main] INFO  c.i.webscraper.scraper.WebScraper -   → Section: 'Docker Networking' (https://interview.in28minutes.com/interview-guides/docker/docker-networking/)
2026-05-13 15:32:35.282 [main] DEBUG c.i.webscraper.scraper.WebScraper - Sleeping 2500ms (attempt 1/3) before: https://interview.in28minutes.com/interview-guides/docker/docker-networking/
2026-05-13 15:32:38.371 [main] DEBUG c.i.webscraper.scraper.WebScraper - HTTP 200 ← https://interview.in28minutes.com/interview-guides/docker/docker-networking/
2026-05-13 15:32:38.374 [main] DEBUG c.i.webscraper.scraper.WebScraper -      7 question heading(s) in 'Docker Networking'.
2026-05-13 15:32:38.375 [main] DEBUG c.i.webscraper.scraper.WebScraper -        Q[36chars] | A[749chars] | Code[0]
2026-05-13 15:32:38.377 [main] DEBUG c.i.webscraper.scraper.WebScraper -        Q[42chars] | A[2776chars] | Code[6]
2026-05-13 15:32:38.377 [main] DEBUG c.i.webscraper.scraper.WebScraper -        Q[55chars] | A[206chars] | Code[4]
2026-05-13 15:32:38.377 [main] DEBUG c.i.webscraper.scraper.WebScraper -        Q[61chars] | A[358chars] | Code[2]
2026-05-13 15:32:38.378 [main] DEBUG c.i.webscraper.scraper.WebScraper -        Q[63chars] | A[219chars] | Code[1]
2026-05-13 15:32:38.379 [main] DEBUG c.i.webscraper.scraper.WebScraper -        Q[55chars] | A[445chars] | Code[1]
2026-05-13 15:32:38.381 [main] DEBUG c.i.webscraper.scraper.WebScraper -        Q[106chars] | A[409chars] | Code[2]
2026-05-13 15:32:38.381 [main] INFO  c.i.webscraper.scraper.WebScraper -      7 Q&A pair(s) extracted.
2026-05-13 15:32:38.381 [main] INFO  c.i.webscraper.scraper.WebScraper -   → Section: 'Docker Security' (https://interview.in28minutes.com/interview-guides/docker/docker-security/)
2026-05-13 15:32:38.381 [main] DEBUG c.i.webscraper.scraper.WebScraper - Sleeping 2500ms (attempt 1/3) before: https://interview.in28minutes.com/interview-guides/docker/docker-security/
2026-05-13 15:32:41.540 [main] DEBUG c.i.webscraper.scraper.WebScraper - HTTP 200 ← https://interview.in28minutes.com/interview-guides/docker/docker-security/
2026-05-13 15:32:41.547 [main] DEBUG c.i.webscraper.scraper.WebScraper -      9 question heading(s) in 'Docker Security'.
2026-05-13 15:32:41.548 [main] DEBUG c.i.webscraper.scraper.WebScraper -        Q[36chars] | A[733chars] | Code[0]
2026-05-13 15:32:41.549 [main] DEBUG c.i.webscraper.scraper.WebScraper -        Q[53chars] | A[1621chars] | Code[0]
2026-05-13 15:32:41.549 [main] DEBUG c.i.webscraper.scraper.WebScraper -        Q[45chars] | A[303chars] | Code[1]
2026-05-13 15:32:41.550 [main] DEBUG c.i.webscraper.scraper.WebScraper -        Q[54chars] | A[1036chars] | Code[1]
2026-05-13 15:32:41.551 [main] DEBUG c.i.webscraper.scraper.WebScraper -        Q[43chars] | A[1965chars] | Code[5]
2026-05-13 15:32:41.553 [main] DEBUG c.i.webscraper.scraper.WebScraper -        Q[74chars] | A[878chars] | Code[3]
2026-05-13 15:32:41.554 [main] DEBUG c.i.webscraper.scraper.WebScraper -        Q[53chars] | A[1020chars] | Code[0]
2026-05-13 15:32:41.555 [main] DEBUG c.i.webscraper.scraper.WebScraper -        Q[44chars] | A[1841chars] | Code[0]
2026-05-13 15:32:41.556 [main] DEBUG c.i.webscraper.scraper.WebScraper -        Q[42chars] | A[1142chars] | Code[1]
2026-05-13 15:32:41.556 [main] INFO  c.i.webscraper.scraper.WebScraper -      9 Q&A pair(s) extracted.
2026-05-13 15:32:41.557 [main] INFO  c.i.webscraper.scraper.WebScraper -   → Section: 'Docker Compose' (https://interview.in28minutes.com/interview-guides/docker/docker-compose/)
2026-05-13 15:32:41.557 [main] DEBUG c.i.webscraper.scraper.WebScraper - Sleeping 2500ms (attempt 1/3) before: https://interview.in28minutes.com/interview-guides/docker/docker-compose/
2026-05-13 15:32:44.627 [main] DEBUG c.i.webscraper.scraper.WebScraper - HTTP 200 ← https://interview.in28minutes.com/interview-guides/docker/docker-compose/
2026-05-13 15:32:44.635 [main] DEBUG c.i.webscraper.scraper.WebScraper -      6 question heading(s) in 'Docker Compose'.
2026-05-13 15:32:44.636 [main] DEBUG c.i.webscraper.scraper.WebScraper -        Q[36chars] | A[1907chars] | Code[4]
2026-05-13 15:32:44.637 [main] DEBUG c.i.webscraper.scraper.WebScraper -        Q[64chars] | A[722chars] | Code[0]
2026-05-13 15:32:44.639 [main] DEBUG c.i.webscraper.scraper.WebScraper -        Q[43chars] | A[2667chars] | Code[3]
2026-05-13 15:32:44.640 [main] DEBUG c.i.webscraper.scraper.WebScraper -        Q[68chars] | A[580chars] | Code[8]
2026-05-13 15:32:44.642 [main] DEBUG c.i.webscraper.scraper.WebScraper -        Q[48chars] | A[559chars] | Code[4]
2026-05-13 15:32:44.644 [main] DEBUG c.i.webscraper.scraper.WebScraper -        Q[18chars] | A[923chars] | Code[0]
2026-05-13 15:32:44.644 [main] INFO  c.i.webscraper.scraper.WebScraper -      6 Q&A pair(s) extracted.
2026-05-13 15:32:44.644 [main] INFO  c.i.webscraper.scraper.WebScraper -   → Section: 'Advanced Docker Concepts' (https://interview.in28minutes.com/interview-guides/docker/advanced-docker-concepts/)
2026-05-13 15:32:44.644 [main] DEBUG c.i.webscraper.scraper.WebScraper - Sleeping 2500ms (attempt 1/3) before: https://interview.in28minutes.com/interview-guides/docker/advanced-docker-concepts/
2026-05-13 15:32:47.889 [main] DEBUG c.i.webscraper.scraper.WebScraper - HTTP 200 ← https://interview.in28minutes.com/interview-guides/docker/advanced-docker-concepts/
2026-05-13 15:32:47.894 [main] DEBUG c.i.webscraper.scraper.WebScraper -      5 question heading(s) in 'Advanced Docker Concepts'.
2026-05-13 15:32:47.895 [main] DEBUG c.i.webscraper.scraper.WebScraper -        Q[10chars] | A[1446chars] | Code[0]
2026-05-13 15:32:47.896 [main] DEBUG c.i.webscraper.scraper.WebScraper -        Q[60chars] | A[894chars] | Code[5]
2026-05-13 15:32:47.898 [main] DEBUG c.i.webscraper.scraper.WebScraper -        Q[64chars] | A[1599chars] | Code[0]
2026-05-13 15:32:47.899 [main] INFO  c.i.webscraper.scraper.WebScraper -      3 Q&A pair(s) extracted.
2026-05-13 15:32:47.900 [main] INFO  c.i.webscraper.scraper.WebScraper -   → Section: 'Docker Cheat Sheet' (https://interview.in28minutes.com/interview-guides/docker/docker-cheat-sheet/)
2026-05-13 15:32:47.900 [main] DEBUG c.i.webscraper.scraper.WebScraper - Sleeping 2500ms (attempt 1/3) before: https://interview.in28minutes.com/interview-guides/docker/docker-cheat-sheet/
2026-05-13 15:32:51.052 [main] DEBUG c.i.webscraper.scraper.WebScraper - HTTP 200 ← https://interview.in28minutes.com/interview-guides/docker/docker-cheat-sheet/
2026-05-13 15:32:51.058 [main] DEBUG c.i.webscraper.scraper.WebScraper -      9 question heading(s) in 'Docker Cheat Sheet'.
2026-05-13 15:32:51.059 [main] WARN  c.i.webscraper.scraper.WebScraper -      Section 'Docker Cheat Sheet' had no Q&A pairs.
2026-05-13 15:32:51.059 [main] INFO  c.i.webscraper.scraper.WebScraper -   → Section: 'Docker Interview - Diagrams' (https://interview.in28minutes.com/interview-guides/docker/docker-interview-diagrams/)
2026-05-13 15:32:51.059 [main] DEBUG c.i.webscraper.scraper.WebScraper - Sleeping 2500ms (attempt 1/3) before: https://interview.in28minutes.com/interview-guides/docker/docker-interview-diagrams/
2026-05-13 15:32:53.964 [main] DEBUG c.i.webscraper.scraper.WebScraper - HTTP 200 ← https://interview.in28minutes.com/interview-guides/docker/docker-interview-diagrams/
2026-05-13 15:32:53.976 [main] DEBUG c.i.webscraper.scraper.WebScraper -      10 question heading(s) in 'Docker Interview - Diagrams'.
2026-05-13 15:32:53.977 [main] DEBUG c.i.webscraper.scraper.WebScraper -        Q[29chars] | A[0chars] | Code[1]
2026-05-13 15:32:53.977 [main] INFO  c.i.webscraper.scraper.WebScraper -      1 Q&A pair(s) extracted.
2026-05-13 15:32:53.978 [main] INFO  c.i.webscraper.scraper.WebScraper - Topic 'Docker' complete → 9 section(s).
2026-05-13 15:32:53.978 [main] INFO  c.i.webscraper.scraper.WebScraper - ---------- Topic: Kubernetes → https://interview.in28minutes.com/kubernetes/
2026-05-13 15:32:53.978 [main] DEBUG c.i.webscraper.scraper.WebScraper - Sleeping 2500ms (attempt 1/3) before: https://interview.in28minutes.com/kubernetes/
2026-05-13 15:32:56.912 [main] DEBUG c.i.webscraper.scraper.WebScraper - HTTP 200 ← https://interview.in28minutes.com/kubernetes/
2026-05-13 15:32:56.919 [main] DEBUG c.i.webscraper.scraper.WebScraper - Topic 'Kubernetes' → 10 card(s) found.
2026-05-13 15:32:56.920 [main] INFO  c.i.webscraper.scraper.WebScraper -   → Section: 'Kubernetes Landscape' (https://interview.in28minutes.com/interview-guides/kubernetes/kubernetes-landscape/)
2026-05-13 15:32:56.920 [main] DEBUG c.i.webscraper.scraper.WebScraper - Sleeping 2500ms (attempt 1/3) before: https://interview.in28minutes.com/interview-guides/kubernetes/kubernetes-landscape/
2026-05-13 15:33:00.010 [main] DEBUG c.i.webscraper.scraper.WebScraper - HTTP 200 ← https://interview.in28minutes.com/interview-guides/kubernetes/kubernetes-landscape/
2026-05-13 15:33:00.015 [main] DEBUG c.i.webscraper.scraper.WebScraper -      6 question heading(s) in 'Kubernetes Landscape'.
2026-05-13 15:33:00.016 [main] DEBUG c.i.webscraper.scraper.WebScraper -        Q[60chars] | A[505chars] | Code[0]
2026-05-13 15:33:00.016 [main] DEBUG c.i.webscraper.scraper.WebScraper -        Q[57chars] | A[2666chars] | Code[0]
2026-05-13 15:33:00.016 [main] DEBUG c.i.webscraper.scraper.WebScraper -        Q[38chars] | A[893chars] | Code[0]
2026-05-13 15:33:00.018 [main] DEBUG c.i.webscraper.scraper.WebScraper -        Q[53chars] | A[988chars] | Code[0]
2026-05-13 15:33:00.018 [main] DEBUG c.i.webscraper.scraper.WebScraper -        Q[39chars] | A[674chars] | Code[0]
2026-05-13 15:33:00.018 [main] INFO  c.i.webscraper.scraper.WebScraper -      5 Q&A pair(s) extracted.
2026-05-13 15:33:00.018 [main] INFO  c.i.webscraper.scraper.WebScraper -   → Section: 'Kubernetes Fundamentals' (https://interview.in28minutes.com/interview-guides/kubernetes/kubernetes-fundamentals/)
2026-05-13 15:33:00.018 [main] DEBUG c.i.webscraper.scraper.WebScraper - Sleeping 2500ms (attempt 1/3) before: https://interview.in28minutes.com/interview-guides/kubernetes/kubernetes-fundamentals/
2026-05-13 15:33:03.264 [main] DEBUG c.i.webscraper.scraper.WebScraper - HTTP 200 ← https://interview.in28minutes.com/interview-guides/kubernetes/kubernetes-fundamentals/
2026-05-13 15:33:03.268 [main] DEBUG c.i.webscraper.scraper.WebScraper -      6 question heading(s) in 'Kubernetes Fundamentals'.
2026-05-13 15:33:03.268 [main] DEBUG c.i.webscraper.scraper.WebScraper -        Q[40chars] | A[1535chars] | Code[0]
2026-05-13 15:33:03.269 [main] DEBUG c.i.webscraper.scraper.WebScraper -        Q[53chars] | A[1268chars] | Code[2]
2026-05-13 15:33:03.270 [main] DEBUG c.i.webscraper.scraper.WebScraper -        Q[63chars] | A[1213chars] | Code[0]
2026-05-13 15:33:03.270 [main] DEBUG c.i.webscraper.scraper.WebScraper -        Q[60chars] | A[1250chars] | Code[1]
2026-05-13 15:33:03.271 [main] DEBUG c.i.webscraper.scraper.WebScraper -        Q[62chars] | A[1511chars] | Code[1]
2026-05-13 15:33:03.271 [main] DEBUG c.i.webscraper.scraper.WebScraper -        Q[73chars] | A[1854chars] | Code[1]
2026-05-13 15:33:03.271 [main] INFO  c.i.webscraper.scraper.WebScraper -      6 Q&A pair(s) extracted.
2026-05-13 15:33:03.271 [main] INFO  c.i.webscraper.scraper.WebScraper -   → Section: 'Kubernetes Services and Networking' (https://interview.in28minutes.com/interview-guides/kubernetes/kubernetes-services-and-networking/)
2026-05-13 15:33:03.272 [main] DEBUG c.i.webscraper.scraper.WebScraper - Sleeping 2500ms (attempt 1/3) before: https://interview.in28minutes.com/interview-guides/kubernetes/kubernetes-services-and-networking/
2026-05-13 15:33:06.539 [main] DEBUG c.i.webscraper.scraper.WebScraper - HTTP 200 ← https://interview.in28minutes.com/interview-guides/kubernetes/kubernetes-services-and-networking/
2026-05-13 15:33:06.545 [main] DEBUG c.i.webscraper.scraper.WebScraper -      9 question heading(s) in 'Kubernetes Services and Networking'.
2026-05-13 15:33:06.545 [main] DEBUG c.i.webscraper.scraper.WebScraper -        Q[36chars] | A[220chars] | Code[1]
2026-05-13 15:33:06.546 [main] DEBUG c.i.webscraper.scraper.WebScraper -        Q[41chars] | A[1007chars] | Code[0]
2026-05-13 15:33:06.547 [main] DEBUG c.i.webscraper.scraper.WebScraper -        Q[29chars] | A[2847chars] | Code[0]
2026-05-13 15:33:06.547 [main] DEBUG c.i.webscraper.scraper.WebScraper -        Q[56chars] | A[967chars] | Code[0]
2026-05-13 15:33:06.548 [main] DEBUG c.i.webscraper.scraper.WebScraper -        Q[47chars] | A[1420chars] | Code[0]
2026-05-13 15:33:06.549 [main] DEBUG c.i.webscraper.scraper.WebScraper -        Q[45chars] | A[3682chars] | Code[0]
2026-05-13 15:33:06.549 [main] DEBUG c.i.webscraper.scraper.WebScraper -        Q[26chars] | A[710chars] | Code[1]
2026-05-13 15:33:06.549 [main] DEBUG c.i.webscraper.scraper.WebScraper -        Q[37chars] | A[1063chars] | Code[0]
2026-05-13 15:33:06.550 [main] INFO  c.i.webscraper.scraper.WebScraper -      8 Q&A pair(s) extracted.
2026-05-13 15:33:06.550 [main] INFO  c.i.webscraper.scraper.WebScraper -   → Section: 'More Kubernetes Fundamentals' (https://interview.in28minutes.com/interview-guides/kubernetes/more-kubernetes-fundamentals/)
2026-05-13 15:33:06.550 [main] DEBUG c.i.webscraper.scraper.WebScraper - Sleeping 2500ms (attempt 1/3) before: https://interview.in28minutes.com/interview-guides/kubernetes/more-kubernetes-fundamentals/
2026-05-13 15:33:09.814 [main] DEBUG c.i.webscraper.scraper.WebScraper - HTTP 200 ← https://interview.in28minutes.com/interview-guides/kubernetes/more-kubernetes-fundamentals/
2026-05-13 15:33:09.825 [main] DEBUG c.i.webscraper.scraper.WebScraper -      18 question heading(s) in 'More Kubernetes Fundamentals'.
2026-05-13 15:33:09.826 [main] DEBUG c.i.webscraper.scraper.WebScraper -        Q[36chars] | A[1464chars] | Code[1]
2026-05-13 15:33:09.826 [main] DEBUG c.i.webscraper.scraper.WebScraper -        Q[34chars] | A[31chars] | Code[2]
2026-05-13 15:33:09.827 [main] DEBUG c.i.webscraper.scraper.WebScraper -        Q[31chars] | A[75chars] | Code[1]
2026-05-13 15:33:09.827 [main] DEBUG c.i.webscraper.scraper.WebScraper -        Q[35chars] | A[313chars] | Code[3]
2026-05-13 15:33:09.828 [main] DEBUG c.i.webscraper.scraper.WebScraper -        Q[47chars] | A[1068chars] | Code[0]
2026-05-13 15:33:09.828 [main] DEBUG c.i.webscraper.scraper.WebScraper -        Q[39chars] | A[734chars] | Code[0]
2026-05-13 15:33:09.829 [main] DEBUG c.i.webscraper.scraper.WebScraper -        Q[20chars] | A[971chars] | Code[2]
2026-05-13 15:33:09.830 [main] DEBUG c.i.webscraper.scraper.WebScraper -        Q[19chars] | A[378chars] | Code[0]
2026-05-13 15:33:09.831 [main] DEBUG c.i.webscraper.scraper.WebScraper -        Q[33chars] | A[800chars] | Code[0]
2026-05-13 15:33:09.831 [main] DEBUG c.i.webscraper.scraper.WebScraper -        Q[60chars] | A[154chars] | Code[1]
2026-05-13 15:33:09.832 [main] DEBUG c.i.webscraper.scraper.WebScraper -        Q[43chars] | A[203chars] | Code[0]
2026-05-13 15:33:09.832 [main] DEBUG c.i.webscraper.scraper.WebScraper -        Q[40chars] | A[241chars] | Code[1]
2026-05-13 15:33:09.833 [main] DEBUG c.i.webscraper.scraper.WebScraper -        Q[32chars] | A[1046chars] | Code[1]
2026-05-13 15:33:09.833 [main] DEBUG c.i.webscraper.scraper.WebScraper -        Q[27chars] | A[859chars] | Code[0]
2026-05-13 15:33:09.834 [main] DEBUG c.i.webscraper.scraper.WebScraper -        Q[49chars] | A[1285chars] | Code[0]
2026-05-13 15:33:09.835 [main] INFO  c.i.webscraper.scraper.WebScraper -      15 Q&A pair(s) extracted.
2026-05-13 15:33:09.835 [main] INFO  c.i.webscraper.scraper.WebScraper -   → Section: 'Kubernetes Storage' (https://interview.in28minutes.com/interview-guides/kubernetes/kubernetes-storage/)
2026-05-13 15:33:09.835 [main] DEBUG c.i.webscraper.scraper.WebScraper - Sleeping 2500ms (attempt 1/3) before: https://interview.in28minutes.com/interview-guides/kubernetes/kubernetes-storage/
2026-05-13 15:33:12.926 [main] DEBUG c.i.webscraper.scraper.WebScraper - HTTP 200 ← https://interview.in28minutes.com/interview-guides/kubernetes/kubernetes-storage/
2026-05-13 15:33:12.933 [main] DEBUG c.i.webscraper.scraper.WebScraper -      11 question heading(s) in 'Kubernetes Storage'.
2026-05-13 15:33:12.934 [main] DEBUG c.i.webscraper.scraper.WebScraper -        Q[69chars] | A[547chars] | Code[0]
2026-05-13 15:33:12.936 [main] DEBUG c.i.webscraper.scraper.WebScraper -        Q[43chars] | A[764chars] | Code[0]
2026-05-13 15:33:12.936 [main] DEBUG c.i.webscraper.scraper.WebScraper -        Q[57chars] | A[521chars] | Code[1]
2026-05-13 15:33:12.937 [main] DEBUG c.i.webscraper.scraper.WebScraper -        Q[35chars] | A[724chars] | Code[1]
2026-05-13 15:33:12.938 [main] DEBUG c.i.webscraper.scraper.WebScraper -        Q[36chars] | A[714chars] | Code[1]
2026-05-13 15:33:12.938 [main] DEBUG c.i.webscraper.scraper.WebScraper -        Q[47chars] | A[311chars] | Code[1]
2026-05-13 15:33:12.939 [main] DEBUG c.i.webscraper.scraper.WebScraper -        Q[59chars] | A[209chars] | Code[1]
2026-05-13 15:33:12.939 [main] DEBUG c.i.webscraper.scraper.WebScraper -        Q[42chars] | A[1098chars] | Code[0]
2026-05-13 15:33:12.940 [main] DEBUG c.i.webscraper.scraper.WebScraper -        Q[112chars] | A[1189chars] | Code[0]
2026-05-13 15:33:12.940 [main] DEBUG c.i.webscraper.scraper.WebScraper -        Q[46chars] | A[712chars] | Code[1]
2026-05-13 15:33:12.941 [main] DEBUG c.i.webscraper.scraper.WebScraper -        Q[78chars] | A[1193chars] | Code[1]
2026-05-13 15:33:12.941 [main] INFO  c.i.webscraper.scraper.WebScraper -      11 Q&A pair(s) extracted.
2026-05-13 15:33:12.942 [main] INFO  c.i.webscraper.scraper.WebScraper -   → Section: 'Kubernetes Security' (https://interview.in28minutes.com/interview-guides/kubernetes/kubernetes-security/)
2026-05-13 15:33:12.942 [main] DEBUG c.i.webscraper.scraper.WebScraper - Sleeping 2500ms (attempt 1/3) before: https://interview.in28minutes.com/interview-guides/kubernetes/kubernetes-security/
2026-05-13 15:33:16.100 [main] DEBUG c.i.webscraper.scraper.WebScraper - HTTP 200 ← https://interview.in28minutes.com/interview-guides/kubernetes/kubernetes-security/
2026-05-13 15:33:16.108 [main] DEBUG c.i.webscraper.scraper.WebScraper -      10 question heading(s) in 'Kubernetes Security'.
2026-05-13 15:33:16.110 [main] DEBUG c.i.webscraper.scraper.WebScraper -        Q[49chars] | A[794chars] | Code[1]
2026-05-13 15:33:16.111 [main] DEBUG c.i.webscraper.scraper.WebScraper -        Q[44chars] | A[671chars] | Code[1]
2026-05-13 15:33:16.111 [main] DEBUG c.i.webscraper.scraper.WebScraper -        Q[56chars] | A[867chars] | Code[1]
2026-05-13 15:33:16.113 [main] DEBUG c.i.webscraper.scraper.WebScraper -        Q[38chars] | A[1067chars] | Code[0]
2026-05-13 15:33:16.114 [main] DEBUG c.i.webscraper.scraper.WebScraper -        Q[42chars] | A[0chars] | Code[1]
2026-05-13 15:33:16.115 [main] DEBUG c.i.webscraper.scraper.WebScraper -        Q[39chars] | A[1214chars] | Code[0]
2026-05-13 15:33:16.116 [main] DEBUG c.i.webscraper.scraper.WebScraper -        Q[87chars] | A[1599chars] | Code[1]
2026-05-13 15:33:16.117 [main] DEBUG c.i.webscraper.scraper.WebScraper -        Q[37chars] | A[925chars] | Code[1]
2026-05-13 15:33:16.117 [main] INFO  c.i.webscraper.scraper.WebScraper -      8 Q&A pair(s) extracted.
2026-05-13 15:33:16.117 [main] INFO  c.i.webscraper.scraper.WebScraper -   → Section: 'Kubernetes Scheduling' (https://interview.in28minutes.com/interview-guides/kubernetes/kubernetes-scheduling/)
2026-05-13 15:33:16.117 [main] DEBUG c.i.webscraper.scraper.WebScraper - Sleeping 2500ms (attempt 1/3) before: https://interview.in28minutes.com/interview-guides/kubernetes/kubernetes-scheduling/
2026-05-13 15:33:19.299 [main] DEBUG c.i.webscraper.scraper.WebScraper - HTTP 200 ← https://interview.in28minutes.com/interview-guides/kubernetes/kubernetes-scheduling/
2026-05-13 15:33:19.308 [main] DEBUG c.i.webscraper.scraper.WebScraper -      13 question heading(s) in 'Kubernetes Scheduling'.
2026-05-13 15:33:19.308 [main] DEBUG c.i.webscraper.scraper.WebScraper -        Q[35chars] | A[817chars] | Code[0]
2026-05-13 15:33:19.309 [main] DEBUG c.i.webscraper.scraper.WebScraper -        Q[32chars] | A[0chars] | Code[1]
2026-05-13 15:33:19.309 [main] DEBUG c.i.webscraper.scraper.WebScraper -        Q[63chars] | A[464chars] | Code[1]
2026-05-13 15:33:19.310 [main] DEBUG c.i.webscraper.scraper.WebScraper -        Q[28chars] | A[826chars] | Code[0]
2026-05-13 15:33:19.312 [main] DEBUG c.i.webscraper.scraper.WebScraper -        Q[31chars] | A[0chars] | Code[1]
2026-05-13 15:33:19.312 [main] DEBUG c.i.webscraper.scraper.WebScraper -        Q[22chars] | A[772chars] | Code[0]
2026-05-13 15:33:19.313 [main] DEBUG c.i.webscraper.scraper.WebScraper -        Q[32chars] | A[0chars] | Code[1]
2026-05-13 15:33:19.313 [main] DEBUG c.i.webscraper.scraper.WebScraper -        Q[32chars] | A[1180chars] | Code[0]
2026-05-13 15:33:19.314 [main] DEBUG c.i.webscraper.scraper.WebScraper -        Q[41chars] | A[0chars] | Code[1]
2026-05-13 15:33:19.314 [main] DEBUG c.i.webscraper.scraper.WebScraper -        Q[32chars] | A[648chars] | Code[1]
2026-05-13 15:33:19.315 [main] DEBUG c.i.webscraper.scraper.WebScraper -        Q[40chars] | A[871chars] | Code[0]
2026-05-13 15:33:19.315 [main] INFO  c.i.webscraper.scraper.WebScraper -      11 Q&A pair(s) extracted.
2026-05-13 15:33:19.316 [main] INFO  c.i.webscraper.scraper.WebScraper -   → Section: 'Kubernetes Observability' (https://interview.in28minutes.com/interview-guides/kubernetes/kubernetes-observability/)
2026-05-13 15:33:19.316 [main] DEBUG c.i.webscraper.scraper.WebScraper - Sleeping 2500ms (attempt 1/3) before: https://interview.in28minutes.com/interview-guides/kubernetes/kubernetes-observability/
2026-05-13 15:33:22.446 [main] DEBUG c.i.webscraper.scraper.WebScraper - HTTP 200 ← https://interview.in28minutes.com/interview-guides/kubernetes/kubernetes-observability/
2026-05-13 15:33:22.452 [main] DEBUG c.i.webscraper.scraper.WebScraper -      9 question heading(s) in 'Kubernetes Observability'.
2026-05-13 15:33:22.453 [main] DEBUG c.i.webscraper.scraper.WebScraper -        Q[19chars] | A[960chars] | Code[0]
2026-05-13 15:33:22.454 [main] DEBUG c.i.webscraper.scraper.WebScraper -        Q[22chars] | A[992chars] | Code[0]
2026-05-13 15:33:22.454 [main] DEBUG c.i.webscraper.scraper.WebScraper -        Q[22chars] | A[1220chars] | Code[0]
2026-05-13 15:33:22.455 [main] DEBUG c.i.webscraper.scraper.WebScraper -        Q[50chars] | A[831chars] | Code[0]
2026-05-13 15:33:22.455 [main] DEBUG c.i.webscraper.scraper.WebScraper -        Q[29chars] | A[760chars] | Code[0]
2026-05-13 15:33:22.456 [main] DEBUG c.i.webscraper.scraper.WebScraper -        Q[24chars] | A[239chars] | Code[1]
2026-05-13 15:33:22.457 [main] DEBUG c.i.webscraper.scraper.WebScraper -        Q[33chars] | A[599chars] | Code[1]
2026-05-13 15:33:22.457 [main] INFO  c.i.webscraper.scraper.WebScraper -      7 Q&A pair(s) extracted.
2026-05-13 15:33:22.457 [main] INFO  c.i.webscraper.scraper.WebScraper -   → Section: 'More Kubernetes Essentials' (https://interview.in28minutes.com/interview-guides/kubernetes/more-kubernetes-essentials/)
2026-05-13 15:33:22.458 [main] DEBUG c.i.webscraper.scraper.WebScraper - Sleeping 2500ms (attempt 1/3) before: https://interview.in28minutes.com/interview-guides/kubernetes/more-kubernetes-essentials/
2026-05-13 15:33:25.733 [main] DEBUG c.i.webscraper.scraper.WebScraper - HTTP 200 ← https://interview.in28minutes.com/interview-guides/kubernetes/more-kubernetes-essentials/
2026-05-13 15:33:25.744 [main] DEBUG c.i.webscraper.scraper.WebScraper -      11 question heading(s) in 'More Kubernetes Essentials'.
2026-05-13 15:33:25.745 [main] DEBUG c.i.webscraper.scraper.WebScraper -        Q[12chars] | A[1464chars] | Code[0]
2026-05-13 15:33:25.745 [main] DEBUG c.i.webscraper.scraper.WebScraper -        Q[12chars] | A[796chars] | Code[0]
2026-05-13 15:33:25.746 [main] DEBUG c.i.webscraper.scraper.WebScraper -        Q[12chars] | A[1221chars] | Code[0]
2026-05-13 15:33:25.747 [main] DEBUG c.i.webscraper.scraper.WebScraper -        Q[53chars] | A[1013chars] | Code[0]
2026-05-13 15:33:25.747 [main] DEBUG c.i.webscraper.scraper.WebScraper -        Q[45chars] | A[846chars] | Code[0]
2026-05-13 15:33:25.749 [main] DEBUG c.i.webscraper.scraper.WebScraper -        Q[19chars] | A[1578chars] | Code[1]
2026-05-13 15:33:25.750 [main] DEBUG c.i.webscraper.scraper.WebScraper -        Q[26chars] | A[880chars] | Code[1]
2026-05-13 15:33:25.751 [main] DEBUG c.i.webscraper.scraper.WebScraper -        Q[18chars] | A[945chars] | Code[2]
2026-05-13 15:33:25.751 [main] DEBUG c.i.webscraper.scraper.WebScraper -        Q[56chars] | A[1880chars] | Code[0]
2026-05-13 15:33:25.751 [main] INFO  c.i.webscraper.scraper.WebScraper -      9 Q&A pair(s) extracted.
2026-05-13 15:33:25.752 [main] INFO  c.i.webscraper.scraper.WebScraper -   → Section: 'Kubernetes Interview - Diagrams' (https://interview.in28minutes.com/interview-guides/kubernetes/kubernetes-interview-diagrams/)
2026-05-13 15:33:25.752 [main] DEBUG c.i.webscraper.scraper.WebScraper - Sleeping 2500ms (attempt 1/3) before: https://interview.in28minutes.com/interview-guides/kubernetes/kubernetes-interview-diagrams/
2026-05-13 15:33:29.212 [main] DEBUG c.i.webscraper.scraper.WebScraper - HTTP 200 ← https://interview.in28minutes.com/interview-guides/kubernetes/kubernetes-interview-diagrams/
2026-05-13 15:33:29.217 [main] DEBUG c.i.webscraper.scraper.WebScraper -      16 question heading(s) in 'Kubernetes Interview - Diagrams'.
2026-05-13 15:33:29.218 [main] DEBUG c.i.webscraper.scraper.WebScraper -        Q[26chars] | A[0chars] | Code[1]
2026-05-13 15:33:29.219 [main] DEBUG c.i.webscraper.scraper.WebScraper -        Q[26chars] | A[0chars] | Code[1]
2026-05-13 15:33:29.219 [main] DEBUG c.i.webscraper.scraper.WebScraper -        Q[7chars] | A[0chars] | Code[1]
2026-05-13 15:33:29.219 [main] DEBUG c.i.webscraper.scraper.WebScraper -        Q[6chars] | A[17chars] | Code[0]
2026-05-13 15:33:29.220 [main] DEBUG c.i.webscraper.scraper.WebScraper -        Q[7chars] | A[0chars] | Code[1]
2026-05-13 15:33:29.220 [main] DEBUG c.i.webscraper.scraper.WebScraper -        Q[12chars] | A[0chars] | Code[1]
2026-05-13 15:33:29.220 [main] INFO  c.i.webscraper.scraper.WebScraper -      6 Q&A pair(s) extracted.
2026-05-13 15:33:29.220 [main] INFO  c.i.webscraper.scraper.WebScraper - Topic 'Kubernetes' complete → 10 section(s).
2026-05-13 15:33:29.221 [main] INFO  c.i.webscraper.scraper.WebScraper - ---------- Topic: Terraform → https://interview.in28minutes.com/terraform/
2026-05-13 15:33:29.221 [main] DEBUG c.i.webscraper.scraper.WebScraper - Sleeping 2500ms (attempt 1/3) before: https://interview.in28minutes.com/terraform/
2026-05-13 15:33:32.351 [main] DEBUG c.i.webscraper.scraper.WebScraper - HTTP 200 ← https://interview.in28minutes.com/terraform/
2026-05-13 15:33:32.356 [main] DEBUG c.i.webscraper.scraper.WebScraper - Topic 'Terraform' → 5 card(s) found.
2026-05-13 15:33:32.357 [main] INFO  c.i.webscraper.scraper.WebScraper -   → Section: 'Introduction to Terraform' (https://interview.in28minutes.com/interview-guides/terraform/introduction-to-terraform/)
2026-05-13 15:33:32.357 [main] DEBUG c.i.webscraper.scraper.WebScraper - Sleeping 2500ms (attempt 1/3) before: https://interview.in28minutes.com/interview-guides/terraform/introduction-to-terraform/
2026-05-13 15:33:35.600 [main] DEBUG c.i.webscraper.scraper.WebScraper - HTTP 200 ← https://interview.in28minutes.com/interview-guides/terraform/introduction-to-terraform/
2026-05-13 15:33:35.604 [main] DEBUG c.i.webscraper.scraper.WebScraper -      9 question heading(s) in 'Introduction to Terraform'.
2026-05-13 15:33:35.604 [main] DEBUG c.i.webscraper.scraper.WebScraper -        Q[18chars] | A[1245chars] | Code[0]
2026-05-13 15:33:35.604 [main] DEBUG c.i.webscraper.scraper.WebScraper -        Q[58chars] | A[1831chars] | Code[0]
2026-05-13 15:33:35.605 [main] DEBUG c.i.webscraper.scraper.WebScraper -        Q[80chars] | A[1062chars] | Code[0]
2026-05-13 15:33:35.605 [main] DEBUG c.i.webscraper.scraper.WebScraper -        Q[46chars] | A[1044chars] | Code[1]
2026-05-13 15:33:35.605 [main] DEBUG c.i.webscraper.scraper.WebScraper -        Q[43chars] | A[2302chars] | Code[0]
2026-05-13 15:33:35.605 [main] DEBUG c.i.webscraper.scraper.WebScraper -        Q[62chars] | A[884chars] | Code[0]
2026-05-13 15:33:35.606 [main] DEBUG c.i.webscraper.scraper.WebScraper -        Q[42chars] | A[1068chars] | Code[1]
2026-05-13 15:33:35.606 [main] DEBUG c.i.webscraper.scraper.WebScraper -        Q[60chars] | A[432chars] | Code[1]
2026-05-13 15:33:35.606 [main] INFO  c.i.webscraper.scraper.WebScraper -      8 Q&A pair(s) extracted.
2026-05-13 15:33:35.606 [main] INFO  c.i.webscraper.scraper.WebScraper -   → Section: 'Terraform Language - HCL' (https://interview.in28minutes.com/interview-guides/terraform/terraform-language-hcl/)
2026-05-13 15:33:35.606 [main] DEBUG c.i.webscraper.scraper.WebScraper - Sleeping 2500ms (attempt 1/3) before: https://interview.in28minutes.com/interview-guides/terraform/terraform-language-hcl/
2026-05-13 15:33:38.980 [main] DEBUG c.i.webscraper.scraper.WebScraper - HTTP 200 ← https://interview.in28minutes.com/interview-guides/terraform/terraform-language-hcl/
2026-05-13 15:33:38.985 [main] DEBUG c.i.webscraper.scraper.WebScraper -      8 question heading(s) in 'Terraform Language - HCL'.
2026-05-13 15:33:38.986 [main] DEBUG c.i.webscraper.scraper.WebScraper -        Q[68chars] | A[866chars] | Code[0]
2026-05-13 15:33:38.988 [main] DEBUG c.i.webscraper.scraper.WebScraper -        Q[68chars] | A[550chars] | Code[1]
2026-05-13 15:33:38.988 [main] DEBUG c.i.webscraper.scraper.WebScraper -        Q[38chars] | A[824chars] | Code[1]
2026-05-13 15:33:38.989 [main] DEBUG c.i.webscraper.scraper.WebScraper -        Q[65chars] | A[503chars] | Code[1]
2026-05-13 15:33:38.990 [main] DEBUG c.i.webscraper.scraper.WebScraper -        Q[35chars] | A[792chars] | Code[1]
2026-05-13 15:33:38.990 [main] DEBUG c.i.webscraper.scraper.WebScraper -        Q[54chars] | A[518chars] | Code[4]
2026-05-13 15:33:38.991 [main] DEBUG c.i.webscraper.scraper.WebScraper -        Q[49chars] | A[1001chars] | Code[1]
2026-05-13 15:33:38.992 [main] DEBUG c.i.webscraper.scraper.WebScraper -        Q[50chars] | A[135chars] | Code[1]
2026-05-13 15:33:38.992 [main] INFO  c.i.webscraper.scraper.WebScraper -      8 Q&A pair(s) extracted.
2026-05-13 15:33:38.992 [main] INFO  c.i.webscraper.scraper.WebScraper -   → Section: 'Terraform State Management' (https://interview.in28minutes.com/interview-guides/terraform/terraform-state-management/)
2026-05-13 15:33:38.993 [main] DEBUG c.i.webscraper.scraper.WebScraper - Sleeping 2500ms (attempt 1/3) before: https://interview.in28minutes.com/interview-guides/terraform/terraform-state-management/
2026-05-13 15:33:42.157 [main] DEBUG c.i.webscraper.scraper.WebScraper - HTTP 200 ← https://interview.in28minutes.com/interview-guides/terraform/terraform-state-management/
2026-05-13 15:33:42.161 [main] DEBUG c.i.webscraper.scraper.WebScraper -      8 question heading(s) in 'Terraform State Management'.
2026-05-13 15:33:42.162 [main] DEBUG c.i.webscraper.scraper.WebScraper -        Q[37chars] | A[1264chars] | Code[0]
2026-05-13 15:33:42.164 [main] DEBUG c.i.webscraper.scraper.WebScraper -        Q[42chars] | A[4808chars] | Code[4]
2026-05-13 15:33:42.164 [main] DEBUG c.i.webscraper.scraper.WebScraper -        Q[49chars] | A[958chars] | Code[1]
2026-05-13 15:33:42.164 [main] DEBUG c.i.webscraper.scraper.WebScraper -        Q[60chars] | A[523chars] | Code[1]
2026-05-13 15:33:42.165 [main] DEBUG c.i.webscraper.scraper.WebScraper -        Q[18chars] | A[2007chars] | Code[0]
2026-05-13 15:33:42.165 [main] DEBUG c.i.webscraper.scraper.WebScraper -        Q[30chars] | A[2340chars] | Code[0]
2026-05-13 15:33:42.165 [main] DEBUG c.i.webscraper.scraper.WebScraper -        Q[73chars] | A[682chars] | Code[2]
2026-05-13 15:33:42.165 [main] DEBUG c.i.webscraper.scraper.WebScraper -        Q[64chars] | A[829chars] | Code[1]
2026-05-13 15:33:42.167 [main] INFO  c.i.webscraper.scraper.WebScraper -      8 Q&A pair(s) extracted.
2026-05-13 15:33:42.167 [main] INFO  c.i.webscraper.scraper.WebScraper -   → Section: 'Terraform Best Practices' (https://interview.in28minutes.com/interview-guides/terraform/terraform-best-practices/)
2026-05-13 15:33:42.167 [main] DEBUG c.i.webscraper.scraper.WebScraper - Sleeping 2500ms (attempt 1/3) before: https://interview.in28minutes.com/interview-guides/terraform/terraform-best-practices/
2026-05-13 15:33:45.331 [main] DEBUG c.i.webscraper.scraper.WebScraper - HTTP 200 ← https://interview.in28minutes.com/interview-guides/terraform/terraform-best-practices/
2026-05-13 15:33:45.336 [main] DEBUG c.i.webscraper.scraper.WebScraper -      8 question heading(s) in 'Terraform Best Practices'.
2026-05-13 15:33:45.338 [main] DEBUG c.i.webscraper.scraper.WebScraper -        Q[52chars] | A[1467chars] | Code[1]
2026-05-13 15:33:45.338 [main] DEBUG c.i.webscraper.scraper.WebScraper -        Q[55chars] | A[1090chars] | Code[1]
2026-05-13 15:33:45.341 [main] DEBUG c.i.webscraper.scraper.WebScraper -        Q[27chars] | A[1729chars] | Code[3]
2026-05-13 15:33:45.341 [main] DEBUG c.i.webscraper.scraper.WebScraper -        Q[42chars] | A[1357chars] | Code[0]
2026-05-13 15:33:45.342 [main] DEBUG c.i.webscraper.scraper.WebScraper -        Q[62chars] | A[1105chars] | Code[0]
2026-05-13 15:33:45.344 [main] DEBUG c.i.webscraper.scraper.WebScraper -        Q[37chars] | A[789chars] | Code[0]
2026-05-13 15:33:45.344 [main] DEBUG c.i.webscraper.scraper.WebScraper -        Q[38chars] | A[1222chars] | Code[0]
2026-05-13 15:33:45.346 [main] DEBUG c.i.webscraper.scraper.WebScraper -        Q[27chars] | A[2676chars] | Code[0]
2026-05-13 15:33:45.347 [main] INFO  c.i.webscraper.scraper.WebScraper -      8 Q&A pair(s) extracted.
2026-05-13 15:33:45.348 [main] INFO  c.i.webscraper.scraper.WebScraper -   → Section: 'Terraform Interview - Diagrams' (https://interview.in28minutes.com/interview-guides/terraform/terraform-interview-diagrams/)
2026-05-13 15:33:45.349 [main] DEBUG c.i.webscraper.scraper.WebScraper - Sleeping 2500ms (attempt 1/3) before: https://interview.in28minutes.com/interview-guides/terraform/terraform-interview-diagrams/
2026-05-13 15:33:48.243 [main] DEBUG c.i.webscraper.scraper.WebScraper - HTTP 200 ← https://interview.in28minutes.com/interview-guides/terraform/terraform-interview-diagrams/
2026-05-13 15:33:48.247 [main] DEBUG c.i.webscraper.scraper.WebScraper -      4 question heading(s) in 'Terraform Interview - Diagrams'.
2026-05-13 15:33:48.248 [main] WARN  c.i.webscraper.scraper.WebScraper -      Section 'Terraform Interview - Diagrams' had no Q&A pairs.
2026-05-13 15:33:48.248 [main] INFO  c.i.webscraper.scraper.WebScraper - Topic 'Terraform' complete → 4 section(s).
2026-05-13 15:33:48.249 [main] INFO  c.i.webscraper.scraper.WebScraper - ---------- Topic: Git → https://interview.in28minutes.com/git/
2026-05-13 15:33:48.249 [main] DEBUG c.i.webscraper.scraper.WebScraper - Sleeping 2500ms (attempt 1/3) before: https://interview.in28minutes.com/git/
2026-05-13 15:33:51.294 [main] DEBUG c.i.webscraper.scraper.WebScraper - HTTP 200 ← https://interview.in28minutes.com/git/
2026-05-13 15:33:51.300 [main] DEBUG c.i.webscraper.scraper.WebScraper - Topic 'Git' → 4 card(s) found.
2026-05-13 15:33:51.301 [main] INFO  c.i.webscraper.scraper.WebScraper -   → Section: 'Introduction to Git' (https://interview.in28minutes.com/interview-guides/git/introduction-to-git/)
2026-05-13 15:33:51.304 [main] DEBUG c.i.webscraper.scraper.WebScraper - Sleeping 2500ms (attempt 1/3) before: https://interview.in28minutes.com/interview-guides/git/introduction-to-git/
2026-05-13 15:33:54.404 [main] DEBUG c.i.webscraper.scraper.WebScraper - HTTP 200 ← https://interview.in28minutes.com/interview-guides/git/introduction-to-git/
2026-05-13 15:33:54.412 [main] DEBUG c.i.webscraper.scraper.WebScraper -      10 question heading(s) in 'Introduction to Git'.
2026-05-13 15:33:54.412 [main] DEBUG c.i.webscraper.scraper.WebScraper -        Q[33chars] | A[640chars] | Code[1]
2026-05-13 15:33:54.413 [main] DEBUG c.i.webscraper.scraper.WebScraper -        Q[78chars] | A[834chars] | Code[0]
2026-05-13 15:33:54.416 [main] DEBUG c.i.webscraper.scraper.WebScraper -        Q[42chars] | A[1678chars] | Code[8]
2026-05-13 15:33:54.416 [main] DEBUG c.i.webscraper.scraper.WebScraper -        Q[27chars] | A[1750chars] | Code[0]
2026-05-13 15:33:54.417 [main] DEBUG c.i.webscraper.scraper.WebScraper -        Q[64chars] | A[66chars] | Code[0]
2026-05-13 15:33:54.417 [main] DEBUG c.i.webscraper.scraper.WebScraper -        Q[15chars] | A[1407chars] | Code[0]
2026-05-13 15:33:54.418 [main] DEBUG c.i.webscraper.scraper.WebScraper -        Q[85chars] | A[1112chars] | Code[1]
2026-05-13 15:33:54.419 [main] DEBUG c.i.webscraper.scraper.WebScraper -        Q[38chars] | A[2220chars] | Code[0]
2026-05-13 15:33:54.421 [main] DEBUG c.i.webscraper.scraper.WebScraper -        Q[54chars] | A[1702chars] | Code[0]
2026-05-13 15:33:54.421 [main] DEBUG c.i.webscraper.scraper.WebScraper -        Q[65chars] | A[1263chars] | Code[0]
2026-05-13 15:33:54.422 [main] INFO  c.i.webscraper.scraper.WebScraper -      10 Q&A pair(s) extracted.
2026-05-13 15:33:54.422 [main] INFO  c.i.webscraper.scraper.WebScraper -   → Section: 'Git Branching' (https://interview.in28minutes.com/interview-guides/git/git-branching/)
2026-05-13 15:33:54.423 [main] DEBUG c.i.webscraper.scraper.WebScraper - Sleeping 2500ms (attempt 1/3) before: https://interview.in28minutes.com/interview-guides/git/git-branching/
2026-05-13 15:33:57.637 [main] DEBUG c.i.webscraper.scraper.WebScraper - HTTP 200 ← https://interview.in28minutes.com/interview-guides/git/git-branching/
2026-05-13 15:33:57.644 [main] DEBUG c.i.webscraper.scraper.WebScraper -      7 question heading(s) in 'Git Branching'.
2026-05-13 15:33:57.645 [main] DEBUG c.i.webscraper.scraper.WebScraper -        Q[38chars] | A[1041chars] | Code[0]
2026-05-13 15:33:57.645 [main] DEBUG c.i.webscraper.scraper.WebScraper -        Q[69chars] | A[978chars] | Code[1]
2026-05-13 15:33:57.646 [main] DEBUG c.i.webscraper.scraper.WebScraper -        Q[52chars] | A[2057chars] | Code[6]
2026-05-13 15:33:57.646 [main] DEBUG c.i.webscraper.scraper.WebScraper -        Q[57chars] | A[4002chars] | Code[0]
2026-05-13 15:33:57.647 [main] DEBUG c.i.webscraper.scraper.WebScraper -        Q[18chars] | A[2563chars] | Code[5]
2026-05-13 15:33:57.647 [main] DEBUG c.i.webscraper.scraper.WebScraper -        Q[18chars] | A[1586chars] | Code[0]
2026-05-13 15:33:57.649 [main] DEBUG c.i.webscraper.scraper.WebScraper -        Q[29chars] | A[1280chars] | Code[0]
2026-05-13 15:33:57.649 [main] INFO  c.i.webscraper.scraper.WebScraper -      7 Q&A pair(s) extracted.
2026-05-13 15:33:57.649 [main] INFO  c.i.webscraper.scraper.WebScraper -   → Section: 'Git - Other Features You Need To Know' (https://interview.in28minutes.com/interview-guides/git/git-other-features-you-need-to-know/)
2026-05-13 15:33:57.649 [main] DEBUG c.i.webscraper.scraper.WebScraper - Sleeping 2500ms (attempt 1/3) before: https://interview.in28minutes.com/interview-guides/git/git-other-features-you-need-to-know/
2026-05-13 15:34:00.797 [main] DEBUG c.i.webscraper.scraper.WebScraper - HTTP 200 ← https://interview.in28minutes.com/interview-guides/git/git-other-features-you-need-to-know/
2026-05-13 15:34:00.803 [main] DEBUG c.i.webscraper.scraper.WebScraper -      9 question heading(s) in 'Git - Other Features You Need To Know'.
2026-05-13 15:34:00.804 [main] DEBUG c.i.webscraper.scraper.WebScraper -        Q[67chars] | A[531chars] | Code[1]
2026-05-13 15:34:00.804 [main] DEBUG c.i.webscraper.scraper.WebScraper -        Q[54chars] | A[574chars] | Code[1]
2026-05-13 15:34:00.805 [main] DEBUG c.i.webscraper.scraper.WebScraper -        Q[80chars] | A[517chars] | Code[1]
2026-05-13 15:34:00.805 [main] DEBUG c.i.webscraper.scraper.WebScraper -        Q[59chars] | A[639chars] | Code[2]
2026-05-13 15:34:00.806 [main] DEBUG c.i.webscraper.scraper.WebScraper -        Q[69chars] | A[1120chars] | Code[0]
2026-05-13 15:34:00.806 [main] DEBUG c.i.webscraper.scraper.WebScraper -        Q[70chars] | A[335chars] | Code[1]
2026-05-13 15:34:00.807 [main] DEBUG c.i.webscraper.scraper.WebScraper -        Q[51chars] | A[276chars] | Code[1]
2026-05-13 15:34:00.807 [main] DEBUG c.i.webscraper.scraper.WebScraper -        Q[60chars] | A[331chars] | Code[1]
2026-05-13 15:34:00.807 [main] INFO  c.i.webscraper.scraper.WebScraper -      8 Q&A pair(s) extracted.
2026-05-13 15:34:00.808 [main] INFO  c.i.webscraper.scraper.WebScraper -   → Section: 'Git Interview - Diagrams' (https://interview.in28minutes.com/interview-guides/git/git-interview-diagrams/)
2026-05-13 15:34:00.808 [main] DEBUG c.i.webscraper.scraper.WebScraper - Sleeping 2500ms (attempt 1/3) before: https://interview.in28minutes.com/interview-guides/git/git-interview-diagrams/
2026-05-13 15:34:03.741 [main] DEBUG c.i.webscraper.scraper.WebScraper - HTTP 200 ← https://interview.in28minutes.com/interview-guides/git/git-interview-diagrams/
2026-05-13 15:34:03.745 [main] DEBUG c.i.webscraper.scraper.WebScraper -      9 question heading(s) in 'Git Interview - Diagrams'.
2026-05-13 15:34:03.746 [main] DEBUG c.i.webscraper.scraper.WebScraper -        Q[9chars] | A[38chars] | Code[0]
2026-05-13 15:34:03.747 [main] DEBUG c.i.webscraper.scraper.WebScraper -        Q[16chars] | A[0chars] | Code[1]
2026-05-13 15:34:03.747 [main] DEBUG c.i.webscraper.scraper.WebScraper -        Q[15chars] | A[0chars] | Code[1]
2026-05-13 15:34:03.748 [main] DEBUG c.i.webscraper.scraper.WebScraper -        Q[20chars] | A[0chars] | Code[1]
2026-05-13 15:34:03.748 [main] DEBUG c.i.webscraper.scraper.WebScraper -        Q[19chars] | A[0chars] | Code[1]
2026-05-13 15:34:03.749 [main] DEBUG c.i.webscraper.scraper.WebScraper -        Q[19chars] | A[0chars] | Code[1]
2026-05-13 15:34:03.749 [main] DEBUG c.i.webscraper.scraper.WebScraper -        Q[38chars] | A[0chars] | Code[1]
2026-05-13 15:34:03.749 [main] DEBUG c.i.webscraper.scraper.WebScraper -        Q[7chars] | A[0chars] | Code[1]
2026-05-13 15:34:03.749 [main] DEBUG c.i.webscraper.scraper.WebScraper -        Q[10chars] | A[0chars] | Code[1]
2026-05-13 15:34:03.749 [main] INFO  c.i.webscraper.scraper.WebScraper -      9 Q&A pair(s) extracted.
2026-05-13 15:34:03.749 [main] INFO  c.i.webscraper.scraper.WebScraper - Topic 'Git' complete → 4 section(s).
2026-05-13 15:34:03.751 [main] INFO  c.i.webscraper.scraper.WebScraper - ===== Done. 7 book(s) populated. =====
2026-05-13 15:34:03.751 [main] INFO  com.in28minutes.webscraper.Main - Phase 1 complete. 7 topic(s) scraped successfully:
2026-05-13 15:34:03.751 [main] INFO  com.in28minutes.webscraper.Main -   • Java → 17 section(s)
2026-05-13 15:34:03.751 [main] INFO  com.in28minutes.webscraper.Main -   • DevOps → 1 section(s)
2026-05-13 15:34:03.752 [main] INFO  com.in28minutes.webscraper.Main -   • Cloud → 7 section(s)
2026-05-13 15:34:03.752 [main] INFO  com.in28minutes.webscraper.Main -   • Docker → 9 section(s)
2026-05-13 15:34:03.752 [main] INFO  com.in28minutes.webscraper.Main -   • Kubernetes → 10 section(s)
2026-05-13 15:34:03.752 [main] INFO  com.in28minutes.webscraper.Main -   • Terraform → 4 section(s)
2026-05-13 15:34:03.752 [main] INFO  com.in28minutes.webscraper.Main -   • Git → 4 section(s)
2026-05-13 15:34:03.753 [main] INFO  com.in28minutes.webscraper.Main - Phase 2: PDF generation initiated.
2026-05-13 15:34:03.971 [main] INFO  c.i.webscraper.pdf.PdfGenerator - ===== Starting PDF generation for 7 book(s) =====
2026-05-13 15:34:03.972 [main] INFO  c.i.webscraper.pdf.PdfGenerator - Generating PDF: C:\Users\mmohamm1\OneDrive - Capgemini\Desktop\WebScraper\output\Java_Interview_Guide.pdf
2026-05-13 15:34:04.649 [main] INFO  c.i.webscraper.pdf.PdfGenerator - PDF written: Java_Interview_Guide.pdf (355 KB)
2026-05-13 15:34:04.651 [main] INFO  c.i.webscraper.pdf.PdfGenerator - Generating PDF: C:\Users\mmohamm1\OneDrive - Capgemini\Desktop\WebScraper\output\DevOps_Interview_Guide.pdf
2026-05-13 15:34:04.690 [main] INFO  c.i.webscraper.pdf.PdfGenerator - PDF written: DevOps_Interview_Guide.pdf (20 KB)
2026-05-13 15:34:04.691 [main] INFO  c.i.webscraper.pdf.PdfGenerator - Generating PDF: C:\Users\mmohamm1\OneDrive - Capgemini\Desktop\WebScraper\output\Cloud_Interview_Guide.pdf
2026-05-13 15:34:04.756 [main] INFO  c.i.webscraper.pdf.PdfGenerator - PDF written: Cloud_Interview_Guide.pdf (80 KB)
2026-05-13 15:34:04.757 [main] INFO  c.i.webscraper.pdf.PdfGenerator - Generating PDF: C:\Users\mmohamm1\OneDrive - Capgemini\Desktop\WebScraper\output\Docker_Interview_Guide.pdf
2026-05-13 15:34:04.818 [main] INFO  c.i.webscraper.pdf.PdfGenerator - PDF written: Docker_Interview_Guide.pdf (84 KB)
2026-05-13 15:34:04.820 [main] INFO  c.i.webscraper.pdf.PdfGenerator - Generating PDF: C:\Users\mmohamm1\OneDrive - Capgemini\Desktop\WebScraper\output\Kubernetes_Interview_Guide.pdf
2026-05-13 15:34:04.945 [main] INFO  c.i.webscraper.pdf.PdfGenerator - PDF written: Kubernetes_Interview_Guide.pdf (121 KB)
2026-05-13 15:34:04.947 [main] INFO  c.i.webscraper.pdf.PdfGenerator - Generating PDF: C:\Users\mmohamm1\OneDrive - Capgemini\Desktop\WebScraper\output\Terraform_Interview_Guide.pdf
2026-05-13 15:34:05.017 [main] INFO  c.i.webscraper.pdf.PdfGenerator - PDF written: Terraform_Interview_Guide.pdf (64 KB)
2026-05-13 15:34:05.019 [main] INFO  c.i.webscraper.pdf.PdfGenerator - Generating PDF: C:\Users\mmohamm1\OneDrive - Capgemini\Desktop\WebScraper\output\Git_Interview_Guide.pdf
2026-05-13 15:34:05.060 [main] INFO  c.i.webscraper.pdf.PdfGenerator - PDF written: Git_Interview_Guide.pdf (50 KB)
2026-05-13 15:34:05.062 [main] INFO  c.i.webscraper.pdf.PdfGenerator - ===== PDF generation complete. 7/7 book(s) written to 'C:\Users\mmohamm1\OneDrive - Capgemini\Desktop\WebScraper\output' =====
2026-05-13 15:34:05.063 [main] INFO  com.in28minutes.webscraper.Main - =========================================================
2026-05-13 15:34:05.063 [main] INFO  com.in28minutes.webscraper.Main -   All done!  Elapsed time: 204s
2026-05-13 15:34:05.064 [main] INFO  com.in28minutes.webscraper.Main -   Output directory: C:\Users\mmohamm1\OneDrive - Capgemini\Desktop\WebScraper\output
2026-05-13 15:34:05.066 [main] INFO  com.in28minutes.webscraper.Main -   7 PDF file(s) generated:
2026-05-13 15:34:05.067 [main] INFO  com.in28minutes.webscraper.Main -     → Cloud_Interview_Guide.pdf (80 KB)
2026-05-13 15:34:05.070 [main] INFO  com.in28minutes.webscraper.Main -     → DevOps_Interview_Guide.pdf (20 KB)
2026-05-13 15:34:05.070 [main] INFO  com.in28minutes.webscraper.Main -     → Docker_Interview_Guide.pdf (84 KB)
2026-05-13 15:34:05.071 [main] INFO  com.in28minutes.webscraper.Main -     → Git_Interview_Guide.pdf (50 KB)
2026-05-13 15:34:05.071 [main] INFO  com.in28minutes.webscraper.Main -     → Java_Interview_Guide.pdf (355 KB)
2026-05-13 15:34:05.072 [main] INFO  com.in28minutes.webscraper.Main -     → Kubernetes_Interview_Guide.pdf (121 KB)
2026-05-13 15:34:05.072 [main] INFO  com.in28minutes.webscraper.Main -     → Terraform_Interview_Guide.pdf (64 KB)
2026-05-13 15:34:05.072 [main] INFO  com.in28minutes.webscraper.Main - =========================================================
2026-05-13 15:55:02.011 [main] INFO  com.in28minutes.webscraper.Main - In28Minutes Interview Guide Scraper starting...
2026-05-13 15:55:02.013 [main] INFO  com.in28minutes.webscraper.Main - Phase 1: Web scraping initiated.
2026-05-13 15:55:02.263 [main] INFO  c.i.webscraper.scraper.WebScraper - SSL trust-all installed (scraper mode).
2026-05-13 15:55:02.264 [main] INFO  c.i.webscraper.scraper.WebScraper - ===== Starting scrape for 7 topic(s) =====
2026-05-13 15:55:02.266 [main] INFO  c.i.webscraper.scraper.WebScraper - ---------- Topic: Java → https://interview.in28minutes.com/java/
2026-05-13 15:55:02.268 [main] DEBUG c.i.webscraper.scraper.WebScraper - Sleeping 2500ms (attempt 1/3) before: https://interview.in28minutes.com/java/
2026-05-13 15:55:06.528 [main] DEBUG c.i.webscraper.scraper.WebScraper - HTTP 200 ← https://interview.in28minutes.com/java/
2026-05-13 15:55:06.629 [main] DEBUG c.i.webscraper.scraper.WebScraper - Topic 'Java' → 17 card(s) found.
2026-05-13 15:55:06.634 [main] INFO  c.i.webscraper.scraper.WebScraper -   → Section: 'Java Platform' (https://interview.in28minutes.com/interview-guides/java/java-platform/)
2026-05-13 15:55:06.636 [main] DEBUG c.i.webscraper.scraper.WebScraper - Sleeping 2500ms (attempt 1/3) before: https://interview.in28minutes.com/interview-guides/java/java-platform/
2026-05-13 15:55:09.352 [main] DEBUG c.i.webscraper.scraper.WebScraper - HTTP 200 ← https://interview.in28minutes.com/interview-guides/java/java-platform/
2026-05-13 15:55:09.442 [main] DEBUG c.i.webscraper.scraper.WebScraper -      19 question heading(s) in 'Java Platform'.
2026-05-13 15:55:09.450 [main] DEBUG c.i.webscraper.scraper.WebScraper -        Q[30chars] | A[343chars] | Code[1]
2026-05-13 15:55:09.460 [main] DEBUG c.i.webscraper.scraper.WebScraper -        Q[36chars] | A[744chars] | Code[0]
2026-05-13 15:55:09.468 [main] DEBUG c.i.webscraper.scraper.WebScraper -        Q[32chars] | A[656chars] | Code[3]
2026-05-13 15:55:09.497 [main] DEBUG c.i.webscraper.scraper.WebScraper -        Q[66chars] | A[1977chars] | Code[6]
2026-05-13 15:55:09.515 [main] DEBUG c.i.webscraper.scraper.WebScraper -        Q[17chars] | A[1093chars] | Code[0]
2026-05-13 15:55:09.523 [main] DEBUG c.i.webscraper.scraper.WebScraper -        Q[39chars] | A[351chars] | Code[4]
2026-05-13 15:55:09.533 [main] DEBUG c.i.webscraper.scraper.WebScraper -        Q[48chars] | A[648chars] | Code[9]
2026-05-13 15:55:09.539 [main] DEBUG c.i.webscraper.scraper.WebScraper -        Q[18chars] | A[259chars] | Code[1]
2026-05-13 15:55:09.542 [main] DEBUG c.i.webscraper.scraper.WebScraper -        Q[43chars] | A[321chars] | Code[0]
2026-05-13 15:55:09.549 [main] DEBUG c.i.webscraper.scraper.WebScraper -        Q[27chars] | A[1574chars] | Code[1]
2026-05-13 15:55:09.550 [main] DEBUG c.i.webscraper.scraper.WebScraper -        Q[53chars] | A[590chars] | Code[0]
2026-05-13 15:55:09.552 [main] DEBUG c.i.webscraper.scraper.WebScraper -        Q[89chars] | A[516chars] | Code[2]
2026-05-13 15:55:09.555 [main] DEBUG c.i.webscraper.scraper.WebScraper -        Q[29chars] | A[568chars] | Code[0]
2026-05-13 15:55:09.557 [main] DEBUG c.i.webscraper.scraper.WebScraper -        Q[32chars] | A[375chars] | Code[0]
2026-05-13 15:55:09.559 [main] DEBUG c.i.webscraper.scraper.WebScraper -        Q[74chars] | A[757chars] | Code[0]
2026-05-13 15:55:09.561 [main] DEBUG c.i.webscraper.scraper.WebScraper -        Q[39chars] | A[410chars] | Code[2]
2026-05-13 15:55:09.566 [main] DEBUG c.i.webscraper.scraper.WebScraper -        Q[55chars] | A[1659chars] | Code[8]
2026-05-13 15:55:09.568 [main] DEBUG c.i.webscraper.scraper.WebScraper -        Q[55chars] | A[557chars] | Code[0]
2026-05-13 15:55:09.569 [main] INFO  c.i.webscraper.scraper.WebScraper -      18 Q&A pair(s) extracted.
2026-05-13 15:55:09.572 [main] INFO  c.i.webscraper.scraper.WebScraper -   → Section: 'Java Landscape' (https://interview.in28minutes.com/interview-guides/java/java-landscape/)
2026-05-13 15:55:09.572 [main] DEBUG c.i.webscraper.scraper.WebScraper - Sleeping 2500ms (attempt 1/3) before: https://interview.in28minutes.com/interview-guides/java/java-landscape/
2026-05-13 15:55:12.766 [main] DEBUG c.i.webscraper.scraper.WebScraper - HTTP 200 ← https://interview.in28minutes.com/interview-guides/java/java-landscape/
2026-05-13 15:55:12.778 [main] DEBUG c.i.webscraper.scraper.WebScraper -      12 question heading(s) in 'Java Landscape'.
2026-05-13 15:55:12.779 [main] DEBUG c.i.webscraper.scraper.WebScraper -        Q[14chars] | A[182chars] | Code[0]
2026-05-13 15:55:12.782 [main] DEBUG c.i.webscraper.scraper.WebScraper -        Q[29chars] | A[1077chars] | Code[0]
2026-05-13 15:55:12.784 [main] DEBUG c.i.webscraper.scraper.WebScraper -        Q[47chars] | A[1114chars] | Code[0]
2026-05-13 15:55:12.784 [main] DEBUG c.i.webscraper.scraper.WebScraper -        Q[19chars] | A[310chars] | Code[2]
2026-05-13 15:55:12.786 [main] DEBUG c.i.webscraper.scraper.WebScraper -        Q[51chars] | A[1438chars] | Code[0]
2026-05-13 15:55:12.788 [main] DEBUG c.i.webscraper.scraper.WebScraper -        Q[12chars] | A[844chars] | Code[0]
2026-05-13 15:55:12.789 [main] DEBUG c.i.webscraper.scraper.WebScraper -        Q[10chars] | A[1018chars] | Code[0]
2026-05-13 15:55:12.791 [main] DEBUG c.i.webscraper.scraper.WebScraper -        Q[22chars] | A[100chars] | Code[0]
2026-05-13 15:55:12.791 [main] DEBUG c.i.webscraper.scraper.WebScraper -        Q[63chars] | A[485chars] | Code[0]
2026-05-13 15:55:12.792 [main] DEBUG c.i.webscraper.scraper.WebScraper -        Q[36chars] | A[947chars] | Code[0]
2026-05-13 15:55:12.793 [main] DEBUG c.i.webscraper.scraper.WebScraper -        Q[43chars] | A[711chars] | Code[0]
2026-05-13 15:55:12.793 [main] DEBUG c.i.webscraper.scraper.WebScraper -        Q[26chars] | A[147chars] | Code[0]
2026-05-13 15:55:12.793 [main] INFO  c.i.webscraper.scraper.WebScraper -      12 Q&A pair(s) extracted.
2026-05-13 15:55:12.793 [main] INFO  c.i.webscraper.scraper.WebScraper -   → Section: 'Java Memory Management' (https://interview.in28minutes.com/interview-guides/java/java-memory-management/)
2026-05-13 15:55:12.793 [main] DEBUG c.i.webscraper.scraper.WebScraper - Sleeping 2500ms (attempt 1/3) before: https://interview.in28minutes.com/interview-guides/java/java-memory-management/
2026-05-13 15:55:15.841 [main] DEBUG c.i.webscraper.scraper.WebScraper - HTTP 200 ← https://interview.in28minutes.com/interview-guides/java/java-memory-management/
2026-05-13 15:55:15.869 [main] DEBUG c.i.webscraper.scraper.WebScraper -      13 question heading(s) in 'Java Memory Management'.
2026-05-13 15:55:15.878 [main] DEBUG c.i.webscraper.scraper.WebScraper -        Q[65chars] | A[878chars] | Code[3]
2026-05-13 15:55:15.887 [main] DEBUG c.i.webscraper.scraper.WebScraper -        Q[22chars] | A[730chars] | Code[4]
2026-05-13 15:55:15.889 [main] DEBUG c.i.webscraper.scraper.WebScraper -        Q[33chars] | A[411chars] | Code[1]
2026-05-13 15:55:15.894 [main] DEBUG c.i.webscraper.scraper.WebScraper -        Q[21chars] | A[1486chars] | Code[2]
2026-05-13 15:55:15.896 [main] DEBUG c.i.webscraper.scraper.WebScraper -        Q[18chars] | A[224chars] | Code[0]
2026-05-13 15:55:15.901 [main] DEBUG c.i.webscraper.scraper.WebScraper -        Q[34chars] | A[1118chars] | Code[1]
2026-05-13 15:55:15.905 [main] DEBUG c.i.webscraper.scraper.WebScraper -        Q[48chars] | A[1343chars] | Code[0]
2026-05-13 15:55:15.907 [main] DEBUG c.i.webscraper.scraper.WebScraper -        Q[32chars] | A[385chars] | Code[0]
2026-05-13 15:55:15.911 [main] DEBUG c.i.webscraper.scraper.WebScraper -        Q[35chars] | A[1968chars] | Code[4]
2026-05-13 15:55:15.913 [main] DEBUG c.i.webscraper.scraper.WebScraper -        Q[46chars] | A[686chars] | Code[0]
2026-05-13 15:55:15.916 [main] DEBUG c.i.webscraper.scraper.WebScraper -        Q[23chars] | A[497chars] | Code[2]
2026-05-13 15:55:15.917 [main] INFO  c.i.webscraper.scraper.WebScraper -      11 Q&A pair(s) extracted.
2026-05-13 15:55:15.917 [main] INFO  c.i.webscraper.scraper.WebScraper -   → Section: 'Java Object Oriented Programming Concepts' (https://interview.in28minutes.com/interview-guides/java/java-object-oriented-programming-concepts/)
2026-05-13 15:55:15.918 [main] DEBUG c.i.webscraper.scraper.WebScraper - Sleeping 2500ms (attempt 1/3) before: https://interview.in28minutes.com/interview-guides/java/java-object-oriented-programming-concepts/
2026-05-13 15:55:19.406 [main] DEBUG c.i.webscraper.scraper.WebScraper - HTTP 200 ← https://interview.in28minutes.com/interview-guides/java/java-object-oriented-programming-concepts/
2026-05-13 15:55:19.485 [main] DEBUG c.i.webscraper.scraper.WebScraper -      24 question heading(s) in 'Java Object Oriented Programming Concepts'.
2026-05-13 15:55:19.492 [main] DEBUG c.i.webscraper.scraper.WebScraper -        Q[41chars] | A[514chars] | Code[2]
2026-05-13 15:55:19.499 [main] DEBUG c.i.webscraper.scraper.WebScraper -        Q[36chars] | A[548chars] | Code[4]
2026-05-13 15:55:19.500 [main] DEBUG c.i.webscraper.scraper.WebScraper -        Q[37chars] | A[220chars] | Code[0]
2026-05-13 15:55:19.509 [main] DEBUG c.i.webscraper.scraper.WebScraper -        Q[42chars] | A[1544chars] | Code[3]
2026-05-13 15:55:19.510 [main] DEBUG c.i.webscraper.scraper.WebScraper -        Q[80chars] | A[547chars] | Code[3]
2026-05-13 15:55:19.514 [main] DEBUG c.i.webscraper.scraper.WebScraper -        Q[25chars] | A[1234chars] | Code[8]
2026-05-13 15:55:19.516 [main] DEBUG c.i.webscraper.scraper.WebScraper -        Q[29chars] | A[492chars] | Code[6]
2026-05-13 15:55:19.517 [main] DEBUG c.i.webscraper.scraper.WebScraper -        Q[61chars] | A[953chars] | Code[5]
2026-05-13 15:55:19.519 [main] DEBUG c.i.webscraper.scraper.WebScraper -        Q[47chars] | A[740chars] | Code[3]
2026-05-13 15:55:19.522 [main] DEBUG c.i.webscraper.scraper.WebScraper -        Q[22chars] | A[745chars] | Code[3]
2026-05-13 15:55:19.523 [main] DEBUG c.i.webscraper.scraper.WebScraper -        Q[27chars] | A[858chars] | Code[3]
2026-05-13 15:55:19.526 [main] DEBUG c.i.webscraper.scraper.WebScraper -        Q[59chars] | A[1059chars] | Code[3]
2026-05-13 15:55:19.530 [main] DEBUG c.i.webscraper.scraper.WebScraper -        Q[20chars] | A[1751chars] | Code[0]
2026-05-13 15:55:19.531 [main] DEBUG c.i.webscraper.scraper.WebScraper -        Q[17chars] | A[825chars] | Code[2]
2026-05-13 15:55:19.534 [main] DEBUG c.i.webscraper.scraper.WebScraper -        Q[17chars] | A[875chars] | Code[4]
2026-05-13 15:55:19.538 [main] DEBUG c.i.webscraper.scraper.WebScraper -        Q[31chars] | A[846chars] | Code[4]
2026-05-13 15:55:19.539 [main] DEBUG c.i.webscraper.scraper.WebScraper -        Q[52chars] | A[71chars] | Code[0]
2026-05-13 15:55:19.541 [main] DEBUG c.i.webscraper.scraper.WebScraper -        Q[34chars] | A[1713chars] | Code[2]
2026-05-13 15:55:19.543 [main] DEBUG c.i.webscraper.scraper.WebScraper -        Q[21chars] | A[774chars] | Code[4]
2026-05-13 15:55:19.546 [main] DEBUG c.i.webscraper.scraper.WebScraper -        Q[32chars] | A[468chars] | Code[1]
2026-05-13 15:55:19.546 [main] DEBUG c.i.webscraper.scraper.WebScraper -        Q[25chars] | A[381chars] | Code[2]
2026-05-13 15:55:19.547 [main] DEBUG c.i.webscraper.scraper.WebScraper -        Q[51chars] | A[727chars] | Code[2]
2026-05-13 15:55:19.548 [main] INFO  c.i.webscraper.scraper.WebScraper -      22 Q&A pair(s) extracted.
2026-05-13 15:55:19.548 [main] INFO  c.i.webscraper.scraper.WebScraper -   → Section: 'Java Object Oriented Programming Details' (https://interview.in28minutes.com/interview-guides/java/java-object-oriented-programming-details/)
2026-05-13 15:55:19.548 [main] DEBUG c.i.webscraper.scraper.WebScraper - Sleeping 2500ms (attempt 1/3) before: https://interview.in28minutes.com/interview-guides/java/java-object-oriented-programming-details/
2026-05-13 15:55:22.753 [main] DEBUG c.i.webscraper.scraper.WebScraper - HTTP 200 ← https://interview.in28minutes.com/interview-guides/java/java-object-oriented-programming-details/
2026-05-13 15:55:22.816 [main] DEBUG c.i.webscraper.scraper.WebScraper -      14 question heading(s) in 'Java Object Oriented Programming Details'.
2026-05-13 15:55:22.820 [main] DEBUG c.i.webscraper.scraper.WebScraper -        Q[46chars] | A[529chars] | Code[1]
2026-05-13 15:55:22.822 [main] DEBUG c.i.webscraper.scraper.WebScraper -        Q[66chars] | A[807chars] | Code[5]
2026-05-13 15:55:22.828 [main] DEBUG c.i.webscraper.scraper.WebScraper -        Q[64chars] | A[1739chars] | Code[5]
2026-05-13 15:55:22.829 [main] DEBUG c.i.webscraper.scraper.WebScraper -        Q[66chars] | A[531chars] | Code[3]
2026-05-13 15:55:22.833 [main] DEBUG c.i.webscraper.scraper.WebScraper -        Q[64chars] | A[2637chars] | Code[8]
2026-05-13 15:55:22.835 [main] DEBUG c.i.webscraper.scraper.WebScraper -        Q[46chars] | A[591chars] | Code[4]
2026-05-13 15:55:22.835 [main] DEBUG c.i.webscraper.scraper.WebScraper -        Q[33chars] | A[274chars] | Code[1]
2026-05-13 15:55:22.835 [main] DEBUG c.i.webscraper.scraper.WebScraper -        Q[43chars] | A[691chars] | Code[4]
2026-05-13 15:55:22.836 [main] DEBUG c.i.webscraper.scraper.WebScraper -        Q[36chars] | A[197chars] | Code[4]
2026-05-13 15:55:22.837 [main] DEBUG c.i.webscraper.scraper.WebScraper -        Q[47chars] | A[333chars] | Code[1]
2026-05-13 15:55:22.839 [main] DEBUG c.i.webscraper.scraper.WebScraper -        Q[64chars] | A[933chars] | Code[3]
2026-05-13 15:55:22.840 [main] DEBUG c.i.webscraper.scraper.WebScraper -        Q[43chars] | A[600chars] | Code[1]
2026-05-13 15:55:22.841 [main] DEBUG c.i.webscraper.scraper.WebScraper -        Q[40chars] | A[2241chars] | Code[4]
2026-05-13 15:55:22.844 [main] DEBUG c.i.webscraper.scraper.WebScraper -        Q[64chars] | A[768chars] | Code[3]
2026-05-13 15:55:22.845 [main] INFO  c.i.webscraper.scraper.WebScraper -      14 Q&A pair(s) extracted.
2026-05-13 15:55:22.846 [main] INFO  c.i.webscraper.scraper.WebScraper -   → Section: 'Core Java in Depth' (https://interview.in28minutes.com/interview-guides/java/core-java-in-depth/)
2026-05-13 15:55:22.846 [main] DEBUG c.i.webscraper.scraper.WebScraper - Sleeping 2500ms (attempt 1/3) before: https://interview.in28minutes.com/interview-guides/java/core-java-in-depth/
2026-05-13 15:55:26.061 [main] DEBUG c.i.webscraper.scraper.WebScraper - HTTP 200 ← https://interview.in28minutes.com/interview-guides/java/core-java-in-depth/
2026-05-13 15:55:26.095 [main] DEBUG c.i.webscraper.scraper.WebScraper -      17 question heading(s) in 'Core Java in Depth'.
2026-05-13 15:55:26.098 [main] DEBUG c.i.webscraper.scraper.WebScraper -        Q[31chars] | A[761chars] | Code[3]
2026-05-13 15:55:26.100 [main] DEBUG c.i.webscraper.scraper.WebScraper -        Q[39chars] | A[375chars] | Code[6]
2026-05-13 15:55:26.101 [main] DEBUG c.i.webscraper.scraper.WebScraper -        Q[59chars] | A[927chars] | Code[2]
2026-05-13 15:55:26.103 [main] DEBUG c.i.webscraper.scraper.WebScraper -        Q[42chars] | A[755chars] | Code[2]
2026-05-13 15:55:26.106 [main] DEBUG c.i.webscraper.scraper.WebScraper -        Q[39chars] | A[1224chars] | Code[5]
2026-05-13 15:55:26.107 [main] DEBUG c.i.webscraper.scraper.WebScraper -        Q[41chars] | A[608chars] | Code[1]
2026-05-13 15:55:26.109 [main] DEBUG c.i.webscraper.scraper.WebScraper -        Q[24chars] | A[342chars] | Code[2]
2026-05-13 15:55:26.111 [main] DEBUG c.i.webscraper.scraper.WebScraper -        Q[22chars] | A[870chars] | Code[2]
2026-05-13 15:55:26.112 [main] DEBUG c.i.webscraper.scraper.WebScraper -        Q[23chars] | A[310chars] | Code[1]
2026-05-13 15:55:26.114 [main] DEBUG c.i.webscraper.scraper.WebScraper -        Q[63chars] | A[403chars] | Code[3]
2026-05-13 15:55:26.114 [main] DEBUG c.i.webscraper.scraper.WebScraper -        Q[46chars] | A[268chars] | Code[5]
2026-05-13 15:55:26.116 [main] DEBUG c.i.webscraper.scraper.WebScraper -        Q[39chars] | A[302chars] | Code[5]
2026-05-13 15:55:26.117 [main] DEBUG c.i.webscraper.scraper.WebScraper -        Q[46chars] | A[434chars] | Code[9]
2026-05-13 15:55:26.117 [main] DEBUG c.i.webscraper.scraper.WebScraper -        Q[54chars] | A[261chars] | Code[1]
2026-05-13 15:55:26.119 [main] DEBUG c.i.webscraper.scraper.WebScraper -        Q[52chars] | A[279chars] | Code[2]
2026-05-13 15:55:26.120 [main] DEBUG c.i.webscraper.scraper.WebScraper -        Q[41chars] | A[556chars] | Code[5]
2026-05-13 15:55:26.124 [main] DEBUG c.i.webscraper.scraper.WebScraper -        Q[72chars] | A[831chars] | Code[6]
2026-05-13 15:55:26.125 [main] INFO  c.i.webscraper.scraper.WebScraper -      17 Q&A pair(s) extracted.
2026-05-13 15:55:26.126 [main] INFO  c.i.webscraper.scraper.WebScraper -   → Section: 'Functional Programming in Java' (https://interview.in28minutes.com/interview-guides/java/functional-programming-in-java/)
2026-05-13 15:55:26.126 [main] DEBUG c.i.webscraper.scraper.WebScraper - Sleeping 2500ms (attempt 1/3) before: https://interview.in28minutes.com/interview-guides/java/functional-programming-in-java/
2026-05-13 15:55:29.429 [main] DEBUG c.i.webscraper.scraper.WebScraper - HTTP 200 ← https://interview.in28minutes.com/interview-guides/java/functional-programming-in-java/
2026-05-13 15:55:29.463 [main] DEBUG c.i.webscraper.scraper.WebScraper -      16 question heading(s) in 'Functional Programming in Java'.
2026-05-13 15:55:29.464 [main] DEBUG c.i.webscraper.scraper.WebScraper -        Q[61chars] | A[468chars] | Code[2]
2026-05-13 15:55:29.468 [main] DEBUG c.i.webscraper.scraper.WebScraper -        Q[73chars] | A[913chars] | Code[1]
2026-05-13 15:55:29.472 [main] DEBUG c.i.webscraper.scraper.WebScraper -        Q[50chars] | A[1164chars] | Code[9]
2026-05-13 15:55:29.478 [main] DEBUG c.i.webscraper.scraper.WebScraper -        Q[47chars] | A[335chars] | Code[0]
2026-05-13 15:55:29.480 [main] DEBUG c.i.webscraper.scraper.WebScraper -        Q[55chars] | A[973chars] | Code[4]
2026-05-13 15:55:29.481 [main] DEBUG c.i.webscraper.scraper.WebScraper -        Q[50chars] | A[414chars] | Code[5]
2026-05-13 15:55:29.484 [main] DEBUG c.i.webscraper.scraper.WebScraper -        Q[66chars] | A[860chars] | Code[12]
2026-05-13 15:55:29.489 [main] DEBUG c.i.webscraper.scraper.WebScraper -        Q[54chars] | A[343chars] | Code[8]
2026-05-13 15:55:29.494 [main] DEBUG c.i.webscraper.scraper.WebScraper -        Q[62chars] | A[1919chars] | Code[28]
2026-05-13 15:55:29.496 [main] DEBUG c.i.webscraper.scraper.WebScraper -        Q[60chars] | A[641chars] | Code[2]
2026-05-13 15:55:29.498 [main] DEBUG c.i.webscraper.scraper.WebScraper -        Q[38chars] | A[316chars] | Code[9]
2026-05-13 15:55:29.499 [main] DEBUG c.i.webscraper.scraper.WebScraper -        Q[55chars] | A[138chars] | Code[1]
2026-05-13 15:55:29.505 [main] DEBUG c.i.webscraper.scraper.WebScraper -        Q[52chars] | A[1067chars] | Code[8]
2026-05-13 15:55:29.508 [main] DEBUG c.i.webscraper.scraper.WebScraper -        Q[60chars] | A[429chars] | Code[8]
2026-05-13 15:55:29.511 [main] DEBUG c.i.webscraper.scraper.WebScraper -        Q[91chars] | A[490chars] | Code[2]
2026-05-13 15:55:29.513 [main] DEBUG c.i.webscraper.scraper.WebScraper -        Q[54chars] | A[980chars] | Code[1]
2026-05-13 15:55:29.514 [main] INFO  c.i.webscraper.scraper.WebScraper -      16 Q&A pair(s) extracted.
2026-05-13 15:55:29.514 [main] INFO  c.i.webscraper.scraper.WebScraper -   → Section: 'Threads and Concurrency in Java' (https://interview.in28minutes.com/interview-guides/java/threads-and-concurrency-in-java/)
2026-05-13 15:55:29.514 [main] DEBUG c.i.webscraper.scraper.WebScraper - Sleeping 2500ms (attempt 1/3) before: https://interview.in28minutes.com/interview-guides/java/threads-and-concurrency-in-java/
2026-05-13 15:55:33.388 [main] DEBUG c.i.webscraper.scraper.WebScraper - HTTP 200 ← https://interview.in28minutes.com/interview-guides/java/threads-and-concurrency-in-java/
2026-05-13 15:55:33.420 [main] DEBUG c.i.webscraper.scraper.WebScraper -      21 question heading(s) in 'Threads and Concurrency in Java'.
2026-05-13 15:55:33.422 [main] DEBUG c.i.webscraper.scraper.WebScraper -        Q[78chars] | A[1752chars] | Code[0]
2026-05-13 15:55:33.424 [main] DEBUG c.i.webscraper.scraper.WebScraper -        Q[69chars] | A[73chars] | Code[2]
2026-05-13 15:55:33.425 [main] DEBUG c.i.webscraper.scraper.WebScraper -        Q[49chars] | A[47chars] | Code[1]
2026-05-13 15:55:33.426 [main] DEBUG c.i.webscraper.scraper.WebScraper -        Q[45chars] | A[868chars] | Code[3]
2026-05-13 15:55:33.427 [main] DEBUG c.i.webscraper.scraper.WebScraper -        Q[42chars] | A[736chars] | Code[0]
2026-05-13 15:55:33.428 [main] DEBUG c.i.webscraper.scraper.WebScraper -        Q[30chars] | A[705chars] | Code[1]
2026-05-13 15:55:33.428 [main] DEBUG c.i.webscraper.scraper.WebScraper -        Q[87chars] | A[126chars] | Code[0]
2026-05-13 15:55:33.429 [main] DEBUG c.i.webscraper.scraper.WebScraper -        Q[39chars] | A[887chars] | Code[3]
2026-05-13 15:55:33.430 [main] DEBUG c.i.webscraper.scraper.WebScraper -        Q[37chars] | A[808chars] | Code[2]
2026-05-13 15:55:33.431 [main] DEBUG c.i.webscraper.scraper.WebScraper -        Q[71chars] | A[1721chars] | Code[5]
2026-05-13 15:55:33.433 [main] DEBUG c.i.webscraper.scraper.WebScraper -        Q[48chars] | A[1643chars] | Code[4]
2026-05-13 15:55:33.436 [main] DEBUG c.i.webscraper.scraper.WebScraper -        Q[31chars] | A[3570chars] | Code[6]
2026-05-13 15:55:33.438 [main] DEBUG c.i.webscraper.scraper.WebScraper -        Q[31chars] | A[760chars] | Code[3]
2026-05-13 15:55:33.438 [main] DEBUG c.i.webscraper.scraper.WebScraper -        Q[28chars] | A[212chars] | Code[1]
2026-05-13 15:55:33.438 [main] DEBUG c.i.webscraper.scraper.WebScraper -        Q[28chars] | A[227chars] | Code[1]
2026-05-13 15:55:33.439 [main] DEBUG c.i.webscraper.scraper.WebScraper -        Q[33chars] | A[230chars] | Code[1]
2026-05-13 15:55:33.439 [main] DEBUG c.i.webscraper.scraper.WebScraper -        Q[61chars] | A[923chars] | Code[1]
2026-05-13 15:55:33.440 [main] DEBUG c.i.webscraper.scraper.WebScraper -        Q[23chars] | A[344chars] | Code[1]
2026-05-13 15:55:33.441 [main] DEBUG c.i.webscraper.scraper.WebScraper -        Q[41chars] | A[873chars] | Code[2]
2026-05-13 15:55:33.441 [main] DEBUG c.i.webscraper.scraper.WebScraper -        Q[51chars] | A[192chars] | Code[1]
2026-05-13 15:55:33.442 [main] DEBUG c.i.webscraper.scraper.WebScraper -        Q[58chars] | A[580chars] | Code[1]
2026-05-13 15:55:33.442 [main] INFO  c.i.webscraper.scraper.WebScraper -      21 Q&A pair(s) extracted.
2026-05-13 15:55:33.442 [main] INFO  c.i.webscraper.scraper.WebScraper -   → Section: 'Collections in Java' (https://interview.in28minutes.com/interview-guides/java/collections-in-java/)
2026-05-13 15:55:33.443 [main] DEBUG c.i.webscraper.scraper.WebScraper - Sleeping 2500ms (attempt 1/3) before: https://interview.in28minutes.com/interview-guides/java/collections-in-java/
2026-05-13 15:55:36.717 [main] DEBUG c.i.webscraper.scraper.WebScraper - HTTP 200 ← https://interview.in28minutes.com/interview-guides/java/collections-in-java/
2026-05-13 15:55:36.754 [main] DEBUG c.i.webscraper.scraper.WebScraper -      22 question heading(s) in 'Collections in Java'.
2026-05-13 15:55:36.755 [main] DEBUG c.i.webscraper.scraper.WebScraper -        Q[49chars] | A[798chars] | Code[0]
2026-05-13 15:55:36.757 [main] DEBUG c.i.webscraper.scraper.WebScraper -        Q[35chars] | A[643chars] | Code[1]
2026-05-13 15:55:36.758 [main] DEBUG c.i.webscraper.scraper.WebScraper -        Q[74chars] | A[703chars] | Code[0]
2026-05-13 15:55:36.759 [main] DEBUG c.i.webscraper.scraper.WebScraper -        Q[58chars] | A[165chars] | Code[0]
2026-05-13 15:55:36.760 [main] DEBUG c.i.webscraper.scraper.WebScraper -        Q[53chars] | A[937chars] | Code[1]
2026-05-13 15:55:36.761 [main] DEBUG c.i.webscraper.scraper.WebScraper -        Q[62chars] | A[692chars] | Code[1]
2026-05-13 15:55:36.762 [main] DEBUG c.i.webscraper.scraper.WebScraper -        Q[47chars] | A[488chars] | Code[2]
2026-05-13 15:55:36.764 [main] DEBUG c.i.webscraper.scraper.WebScraper -        Q[51chars] | A[1619chars] | Code[0]
2026-05-13 15:55:36.765 [main] DEBUG c.i.webscraper.scraper.WebScraper -        Q[52chars] | A[982chars] | Code[5]
2026-05-13 15:55:36.766 [main] DEBUG c.i.webscraper.scraper.WebScraper -        Q[59chars] | A[455chars] | Code[2]
2026-05-13 15:55:36.767 [main] DEBUG c.i.webscraper.scraper.WebScraper -        Q[50chars] | A[1701chars] | Code[1]
2026-05-13 15:55:36.775 [main] DEBUG c.i.webscraper.scraper.WebScraper -        Q[46chars] | A[505chars] | Code[6]
2026-05-13 15:55:36.777 [main] DEBUG c.i.webscraper.scraper.WebScraper -        Q[43chars] | A[1289chars] | Code[4]
2026-05-13 15:55:36.777 [main] DEBUG c.i.webscraper.scraper.WebScraper -        Q[50chars] | A[76chars] | Code[1]
2026-05-13 15:55:36.778 [main] DEBUG c.i.webscraper.scraper.WebScraper -        Q[59chars] | A[515chars] | Code[0]
2026-05-13 15:55:36.778 [main] DEBUG c.i.webscraper.scraper.WebScraper -        Q[44chars] | A[468chars] | Code[0]
2026-05-13 15:55:36.778 [main] DEBUG c.i.webscraper.scraper.WebScraper -        Q[77chars] | A[509chars] | Code[1]
2026-05-13 15:55:36.779 [main] DEBUG c.i.webscraper.scraper.WebScraper -        Q[65chars] | A[558chars] | Code[2]
2026-05-13 15:55:36.780 [main] DEBUG c.i.webscraper.scraper.WebScraper -        Q[59chars] | A[668chars] | Code[3]
2026-05-13 15:55:36.780 [main] DEBUG c.i.webscraper.scraper.WebScraper -        Q[41chars] | A[215chars] | Code[4]
2026-05-13 15:55:36.780 [main] INFO  c.i.webscraper.scraper.WebScraper -      20 Q&A pair(s) extracted.
2026-05-13 15:55:36.780 [main] INFO  c.i.webscraper.scraper.WebScraper -   → Section: 'Generics in Java' (https://interview.in28minutes.com/interview-guides/java/generics-in-java/)
2026-05-13 15:55:36.780 [main] DEBUG c.i.webscraper.scraper.WebScraper - Sleeping 2500ms (attempt 1/3) before: https://interview.in28minutes.com/interview-guides/java/generics-in-java/
2026-05-13 15:55:40.358 [main] DEBUG c.i.webscraper.scraper.WebScraper - HTTP 200 ← https://interview.in28minutes.com/interview-guides/java/generics-in-java/
2026-05-13 15:55:40.370 [main] DEBUG c.i.webscraper.scraper.WebScraper -      5 question heading(s) in 'Generics in Java'.
2026-05-13 15:55:40.372 [main] DEBUG c.i.webscraper.scraper.WebScraper -        Q[32chars] | A[1257chars] | Code[3]
2026-05-13 15:55:40.374 [main] DEBUG c.i.webscraper.scraper.WebScraper -        Q[61chars] | A[784chars] | Code[3]
2026-05-13 15:55:40.376 [main] DEBUG c.i.webscraper.scraper.WebScraper -        Q[42chars] | A[992chars] | Code[4]
2026-05-13 15:55:40.378 [main] DEBUG c.i.webscraper.scraper.WebScraper -        Q[45chars] | A[868chars] | Code[6]
2026-05-13 15:55:40.381 [main] DEBUG c.i.webscraper.scraper.WebScraper -        Q[50chars] | A[2646chars] | Code[5]
2026-05-13 15:55:40.383 [main] INFO  c.i.webscraper.scraper.WebScraper -      5 Q&A pair(s) extracted.
2026-05-13 15:55:40.383 [main] INFO  c.i.webscraper.scraper.WebScraper -   → Section: 'Modifiers in Java' (https://interview.in28minutes.com/interview-guides/java/modifiers-in-java/)
2026-05-13 15:55:40.384 [main] DEBUG c.i.webscraper.scraper.WebScraper - Sleeping 2500ms (attempt 1/3) before: https://interview.in28minutes.com/interview-guides/java/modifiers-in-java/
2026-05-13 15:55:43.681 [main] DEBUG c.i.webscraper.scraper.WebScraper - HTTP 200 ← https://interview.in28minutes.com/interview-guides/java/modifiers-in-java/
2026-05-13 15:55:43.692 [main] DEBUG c.i.webscraper.scraper.WebScraper -      5 question heading(s) in 'Modifiers in Java'.
2026-05-13 15:55:43.694 [main] DEBUG c.i.webscraper.scraper.WebScraper -        Q[77chars] | A[1373chars] | Code[0]
2026-05-13 15:55:43.695 [main] DEBUG c.i.webscraper.scraper.WebScraper -        Q[59chars] | A[2617chars] | Code[10]
2026-05-13 15:55:43.697 [main] DEBUG c.i.webscraper.scraper.WebScraper -        Q[65chars] | A[924chars] | Code[5]
2026-05-13 15:55:43.698 [main] DEBUG c.i.webscraper.scraper.WebScraper -        Q[68chars] | A[921chars] | Code[6]
2026-05-13 15:55:43.698 [main] INFO  c.i.webscraper.scraper.WebScraper -      4 Q&A pair(s) extracted.
2026-05-13 15:55:43.699 [main] INFO  c.i.webscraper.scraper.WebScraper -   → Section: 'Exception Handling in Java' (https://interview.in28minutes.com/interview-guides/java/exception-handling-in-java/)
2026-05-13 15:55:43.699 [main] DEBUG c.i.webscraper.scraper.WebScraper - Sleeping 2500ms (attempt 1/3) before: https://interview.in28minutes.com/interview-guides/java/exception-handling-in-java/
2026-05-13 15:55:46.758 [main] DEBUG c.i.webscraper.scraper.WebScraper - HTTP 200 ← https://interview.in28minutes.com/interview-guides/java/exception-handling-in-java/
2026-05-13 15:55:46.770 [main] DEBUG c.i.webscraper.scraper.WebScraper -      10 question heading(s) in 'Exception Handling in Java'.
2026-05-13 15:55:46.773 [main] DEBUG c.i.webscraper.scraper.WebScraper -        Q[36chars] | A[1041chars] | Code[0]
2026-05-13 15:55:46.773 [main] DEBUG c.i.webscraper.scraper.WebScraper -        Q[50chars] | A[485chars] | Code[1]
2026-05-13 15:55:46.776 [main] DEBUG c.i.webscraper.scraper.WebScraper -        Q[68chars] | A[2098chars] | Code[6]
2026-05-13 15:55:46.778 [main] DEBUG c.i.webscraper.scraper.WebScraper -        Q[61chars] | A[777chars] | Code[1]
2026-05-13 15:55:46.779 [main] DEBUG c.i.webscraper.scraper.WebScraper -        Q[50chars] | A[401chars] | Code[2]
2026-05-13 15:55:46.780 [main] DEBUG c.i.webscraper.scraper.WebScraper -        Q[57chars] | A[323chars] | Code[4]
2026-05-13 15:55:46.781 [main] DEBUG c.i.webscraper.scraper.WebScraper -        Q[51chars] | A[18chars] | Code[0]
2026-05-13 15:55:46.783 [main] DEBUG c.i.webscraper.scraper.WebScraper -        Q[55chars] | A[1336chars] | Code[2]
2026-05-13 15:55:46.786 [main] DEBUG c.i.webscraper.scraper.WebScraper -        Q[28chars] | A[1142chars] | Code[15]
2026-05-13 15:55:46.788 [main] DEBUG c.i.webscraper.scraper.WebScraper -        Q[67chars] | A[841chars] | Code[3]
2026-05-13 15:55:46.789 [main] INFO  c.i.webscraper.scraper.WebScraper -      10 Q&A pair(s) extracted.
2026-05-13 15:55:46.790 [main] INFO  c.i.webscraper.scraper.WebScraper -   → Section: 'Serialization in Java' (https://interview.in28minutes.com/interview-guides/java/serialization-in-java/)
2026-05-13 15:55:46.790 [main] DEBUG c.i.webscraper.scraper.WebScraper - Sleeping 2500ms (attempt 1/3) before: https://interview.in28minutes.com/interview-guides/java/serialization-in-java/
2026-05-13 15:55:49.939 [main] DEBUG c.i.webscraper.scraper.WebScraper - HTTP 200 ← https://interview.in28minutes.com/interview-guides/java/serialization-in-java/
2026-05-13 15:55:49.946 [main] DEBUG c.i.webscraper.scraper.WebScraper -      7 question heading(s) in 'Serialization in Java'.
2026-05-13 15:55:49.947 [main] DEBUG c.i.webscraper.scraper.WebScraper -        Q[22chars] | A[561chars] | Code[0]
2026-05-13 15:55:49.948 [main] DEBUG c.i.webscraper.scraper.WebScraper -        Q[27chars] | A[274chars] | Code[1]
2026-05-13 15:55:49.957 [main] DEBUG c.i.webscraper.scraper.WebScraper -        Q[37chars] | A[382chars] | Code[1]
2026-05-13 15:55:49.958 [main] DEBUG c.i.webscraper.scraper.WebScraper -        Q[62chars] | A[601chars] | Code[2]
2026-05-13 15:55:49.959 [main] DEBUG c.i.webscraper.scraper.WebScraper -        Q[48chars] | A[321chars] | Code[2]
2026-05-13 15:55:49.964 [main] DEBUG c.i.webscraper.scraper.WebScraper -        Q[49chars] | A[1348chars] | Code[6]
2026-05-13 15:55:49.970 [main] DEBUG c.i.webscraper.scraper.WebScraper -        Q[60chars] | A[763chars] | Code[2]
2026-05-13 15:55:49.979 [main] INFO  c.i.webscraper.scraper.WebScraper -      7 Q&A pair(s) extracted.
2026-05-13 15:55:49.979 [main] INFO  c.i.webscraper.scraper.WebScraper -   → Section: 'Built-in Classes in Java' (https://interview.in28minutes.com/interview-guides/java/built-in-classes-in-java/)
2026-05-13 15:55:49.984 [main] DEBUG c.i.webscraper.scraper.WebScraper - Sleeping 2500ms (attempt 1/3) before: https://interview.in28minutes.com/interview-guides/java/built-in-classes-in-java/
2026-05-13 15:55:53.523 [main] DEBUG c.i.webscraper.scraper.WebScraper - HTTP 200 ← https://interview.in28minutes.com/interview-guides/java/built-in-classes-in-java/
2026-05-13 15:55:53.534 [main] DEBUG c.i.webscraper.scraper.WebScraper -      9 question heading(s) in 'Built-in Classes in Java'.
2026-05-13 15:55:53.536 [main] DEBUG c.i.webscraper.scraper.WebScraper -        Q[6chars] | A[359chars] | Code[1]
2026-05-13 15:55:53.536 [main] DEBUG c.i.webscraper.scraper.WebScraper -        Q[4chars] | A[210chars] | Code[2]
2026-05-13 15:55:53.537 [main] DEBUG c.i.webscraper.scraper.WebScraper -        Q[7chars] | A[188chars] | Code[1]
2026-05-13 15:55:53.538 [main] DEBUG c.i.webscraper.scraper.WebScraper -        Q[6chars] | A[211chars] | Code[1]
2026-05-13 15:55:53.540 [main] DEBUG c.i.webscraper.scraper.WebScraper -        Q[11chars] | A[161chars] | Code[1]
2026-05-13 15:55:53.541 [main] DEBUG c.i.webscraper.scraper.WebScraper -        Q[4chars] | A[301chars] | Code[1]
2026-05-13 15:55:53.542 [main] DEBUG c.i.webscraper.scraper.WebScraper -        Q[5chars] | A[227chars] | Code[2]
2026-05-13 15:55:53.542 [main] DEBUG c.i.webscraper.scraper.WebScraper -        Q[5chars] | A[212chars] | Code[1]
2026-05-13 15:55:53.543 [main] DEBUG c.i.webscraper.scraper.WebScraper -        Q[6chars] | A[188chars] | Code[2]
2026-05-13 15:55:53.543 [main] INFO  c.i.webscraper.scraper.WebScraper -      9 Q&A pair(s) extracted.
2026-05-13 15:55:53.544 [main] INFO  c.i.webscraper.scraper.WebScraper -   → Section: 'Miscellaneous Topics in Java' (https://interview.in28minutes.com/interview-guides/java/miscellaneous-topics-in-java/)
2026-05-13 15:55:53.544 [main] DEBUG c.i.webscraper.scraper.WebScraper - Sleeping 2500ms (attempt 1/3) before: https://interview.in28minutes.com/interview-guides/java/miscellaneous-topics-in-java/
2026-05-13 15:55:56.775 [main] DEBUG c.i.webscraper.scraper.WebScraper - HTTP 200 ← https://interview.in28minutes.com/interview-guides/java/miscellaneous-topics-in-java/
2026-05-13 15:55:56.785 [main] DEBUG c.i.webscraper.scraper.WebScraper -      11 question heading(s) in 'Miscellaneous Topics in Java'.
2026-05-13 15:55:56.786 [main] DEBUG c.i.webscraper.scraper.WebScraper -        Q[53chars] | A[1219chars] | Code[5]
2026-05-13 15:55:56.787 [main] DEBUG c.i.webscraper.scraper.WebScraper -        Q[44chars] | A[689chars] | Code[1]
2026-05-13 15:55:56.787 [main] DEBUG c.i.webscraper.scraper.WebScraper -        Q[48chars] | A[899chars] | Code[2]
2026-05-13 15:55:56.788 [main] DEBUG c.i.webscraper.scraper.WebScraper -        Q[61chars] | A[918chars] | Code[1]
2026-05-13 15:55:56.788 [main] DEBUG c.i.webscraper.scraper.WebScraper -        Q[72chars] | A[463chars] | Code[3]
2026-05-13 15:55:56.788 [main] DEBUG c.i.webscraper.scraper.WebScraper -        Q[30chars] | A[1123chars] | Code[2]
2026-05-13 15:55:56.789 [main] DEBUG c.i.webscraper.scraper.WebScraper -        Q[33chars] | A[683chars] | Code[1]
2026-05-13 15:55:56.790 [main] DEBUG c.i.webscraper.scraper.WebScraper -        Q[54chars] | A[1029chars] | Code[7]
2026-05-13 15:55:56.790 [main] DEBUG c.i.webscraper.scraper.WebScraper -        Q[65chars] | A[637chars] | Code[5]
2026-05-13 15:55:56.792 [main] DEBUG c.i.webscraper.scraper.WebScraper -        Q[61chars] | A[538chars] | Code[4]
2026-05-13 15:55:56.793 [main] DEBUG c.i.webscraper.scraper.WebScraper -        Q[52chars] | A[869chars] | Code[6]
2026-05-13 15:55:56.793 [main] INFO  c.i.webscraper.scraper.WebScraper -      11 Q&A pair(s) extracted.
2026-05-13 15:55:56.793 [main] INFO  c.i.webscraper.scraper.WebScraper -   → Section: 'New Features in Java' (https://interview.in28minutes.com/interview-guides/java/new-features-in-java/)
2026-05-13 15:55:56.794 [main] DEBUG c.i.webscraper.scraper.WebScraper - Sleeping 2500ms (attempt 1/3) before: https://interview.in28minutes.com/interview-guides/java/new-features-in-java/
2026-05-13 15:55:59.953 [main] DEBUG c.i.webscraper.scraper.WebScraper - HTTP 200 ← https://interview.in28minutes.com/interview-guides/java/new-features-in-java/
2026-05-13 15:55:59.961 [main] DEBUG c.i.webscraper.scraper.WebScraper -      3 question heading(s) in 'New Features in Java'.
2026-05-13 15:55:59.963 [main] DEBUG c.i.webscraper.scraper.WebScraper -        Q[29chars] | A[1122chars] | Code[0]
2026-05-13 15:55:59.964 [main] DEBUG c.i.webscraper.scraper.WebScraper -        Q[55chars] | A[1158chars] | Code[12]
2026-05-13 15:55:59.966 [main] DEBUG c.i.webscraper.scraper.WebScraper -        Q[68chars] | A[2207chars] | Code[23]
2026-05-13 15:55:59.967 [main] INFO  c.i.webscraper.scraper.WebScraper -      3 Q&A pair(s) extracted.
2026-05-13 15:55:59.967 [main] INFO  c.i.webscraper.scraper.WebScraper -   → Section: 'Java Interview - Diagrams' (https://interview.in28minutes.com/interview-guides/java/java-interview-diagrams/)
2026-05-13 15:55:59.968 [main] DEBUG c.i.webscraper.scraper.WebScraper - Sleeping 2500ms (attempt 1/3) before: https://interview.in28minutes.com/interview-guides/java/java-interview-diagrams/
2026-05-13 15:56:02.926 [main] DEBUG c.i.webscraper.scraper.WebScraper - HTTP 200 ← https://interview.in28minutes.com/interview-guides/java/java-interview-diagrams/
2026-05-13 15:56:02.933 [main] DEBUG c.i.webscraper.scraper.WebScraper -      7 question heading(s) in 'Java Interview - Diagrams'.
2026-05-13 15:56:02.934 [main] DEBUG c.i.webscraper.scraper.WebScraper -        Q[17chars] | A[0chars] | Code[1]
2026-05-13 15:56:02.934 [main] DEBUG c.i.webscraper.scraper.WebScraper -        Q[26chars] | A[0chars] | Code[1]
2026-05-13 15:56:02.935 [main] DEBUG c.i.webscraper.scraper.WebScraper -        Q[18chars] | A[0chars] | Code[1]
2026-05-13 15:56:02.935 [main] DEBUG c.i.webscraper.scraper.WebScraper -        Q[17chars] | A[0chars] | Code[1]
2026-05-13 15:56:02.936 [main] DEBUG c.i.webscraper.scraper.WebScraper -        Q[44chars] | A[0chars] | Code[1]
2026-05-13 15:56:02.936 [main] DEBUG c.i.webscraper.scraper.WebScraper -        Q[25chars] | A[0chars] | Code[1]
2026-05-13 15:56:02.938 [main] DEBUG c.i.webscraper.scraper.WebScraper -        Q[27chars] | A[141chars] | Code[7]
2026-05-13 15:56:02.939 [main] INFO  c.i.webscraper.scraper.WebScraper -      7 Q&A pair(s) extracted.
2026-05-13 15:56:02.939 [main] INFO  c.i.webscraper.scraper.WebScraper - Topic 'Java' complete → 17 section(s).
2026-05-13 15:56:02.940 [main] INFO  c.i.webscraper.scraper.WebScraper - ---------- Topic: DevOps → https://interview.in28minutes.com/devops/
2026-05-13 15:56:02.940 [main] DEBUG c.i.webscraper.scraper.WebScraper - Sleeping 2500ms (attempt 1/3) before: https://interview.in28minutes.com/devops/
2026-05-13 15:56:06.283 [main] DEBUG c.i.webscraper.scraper.WebScraper - HTTP 200 ← https://interview.in28minutes.com/devops/
2026-05-13 15:56:06.287 [main] DEBUG c.i.webscraper.scraper.WebScraper - Topic 'DevOps' → 2 card(s) found.
2026-05-13 15:56:06.288 [main] INFO  c.i.webscraper.scraper.WebScraper -   → Section: 'DevOps Fundamentals' (https://interview.in28minutes.com/interview-guides/devops/devops-fundamentals/)
2026-05-13 15:56:06.288 [main] DEBUG c.i.webscraper.scraper.WebScraper - Sleeping 2500ms (attempt 1/3) before: https://interview.in28minutes.com/interview-guides/devops/devops-fundamentals/
2026-05-13 15:56:09.506 [main] DEBUG c.i.webscraper.scraper.WebScraper - HTTP 200 ← https://interview.in28minutes.com/interview-guides/devops/devops-fundamentals/
2026-05-13 15:56:09.511 [main] DEBUG c.i.webscraper.scraper.WebScraper -      7 question heading(s) in 'DevOps Fundamentals'.
2026-05-13 15:56:09.512 [main] DEBUG c.i.webscraper.scraper.WebScraper -        Q[15chars] | A[2715chars] | Code[0]
2026-05-13 15:56:09.512 [main] DEBUG c.i.webscraper.scraper.WebScraper -        Q[28chars] | A[1346chars] | Code[0]
2026-05-13 15:56:09.513 [main] DEBUG c.i.webscraper.scraper.WebScraper -        Q[67chars] | A[1724chars] | Code[0]
2026-05-13 15:56:09.513 [main] DEBUG c.i.webscraper.scraper.WebScraper -        Q[31chars] | A[1269chars] | Code[0]
2026-05-13 15:56:09.514 [main] DEBUG c.i.webscraper.scraper.WebScraper -        Q[87chars] | A[2013chars] | Code[0]
2026-05-13 15:56:09.514 [main] DEBUG c.i.webscraper.scraper.WebScraper -        Q[22chars] | A[1717chars] | Code[0]
2026-05-13 15:56:09.515 [main] DEBUG c.i.webscraper.scraper.WebScraper -        Q[33chars] | A[800chars] | Code[0]
2026-05-13 15:56:09.515 [main] INFO  c.i.webscraper.scraper.WebScraper -      7 Q&A pair(s) extracted.
2026-05-13 15:56:09.515 [main] INFO  c.i.webscraper.scraper.WebScraper -   → Section: 'DevOps Interview - Diagrams' (https://interview.in28minutes.com/interview-guides/devops/devops-interview-diagrams/)
2026-05-13 15:56:09.515 [main] DEBUG c.i.webscraper.scraper.WebScraper - Sleeping 2500ms (attempt 1/3) before: https://interview.in28minutes.com/interview-guides/devops/devops-interview-diagrams/
2026-05-13 15:56:13.016 [main] DEBUG c.i.webscraper.scraper.WebScraper - HTTP 200 ← https://interview.in28minutes.com/interview-guides/devops/devops-interview-diagrams/
2026-05-13 15:56:13.023 [main] DEBUG c.i.webscraper.scraper.WebScraper -      10 question heading(s) in 'DevOps Interview - Diagrams'.
2026-05-13 15:56:13.024 [main] WARN  c.i.webscraper.scraper.WebScraper -      Section 'DevOps Interview - Diagrams' had no Q&A pairs.
2026-05-13 15:56:13.024 [main] INFO  c.i.webscraper.scraper.WebScraper - Topic 'DevOps' complete → 1 section(s).
2026-05-13 15:56:13.026 [main] INFO  c.i.webscraper.scraper.WebScraper - ---------- Topic: Cloud → https://interview.in28minutes.com/cloud/
2026-05-13 15:56:13.026 [main] DEBUG c.i.webscraper.scraper.WebScraper - Sleeping 2500ms (attempt 1/3) before: https://interview.in28minutes.com/cloud/
2026-05-13 15:56:15.902 [main] DEBUG c.i.webscraper.scraper.WebScraper - HTTP 200 ← https://interview.in28minutes.com/cloud/
2026-05-13 15:56:15.907 [main] DEBUG c.i.webscraper.scraper.WebScraper - Topic 'Cloud' → 8 card(s) found.
2026-05-13 15:56:15.908 [main] INFO  c.i.webscraper.scraper.WebScraper -   → Section: 'Cloud Fundamentals' (https://interview.in28minutes.com/interview-guides/cloud/cloud-fundamentals/)
2026-05-13 15:56:15.909 [main] DEBUG c.i.webscraper.scraper.WebScraper - Sleeping 2500ms (attempt 1/3) before: https://interview.in28minutes.com/interview-guides/cloud/cloud-fundamentals/
2026-05-13 15:56:19.253 [main] DEBUG c.i.webscraper.scraper.WebScraper - HTTP 200 ← https://interview.in28minutes.com/interview-guides/cloud/cloud-fundamentals/
2026-05-13 15:56:19.261 [main] DEBUG c.i.webscraper.scraper.WebScraper -      8 question heading(s) in 'Cloud Fundamentals'.
2026-05-13 15:56:19.262 [main] DEBUG c.i.webscraper.scraper.WebScraper -        Q[39chars] | A[914chars] | Code[0]
2026-05-13 15:56:19.264 [main] DEBUG c.i.webscraper.scraper.WebScraper -        Q[32chars] | A[2396chars] | Code[0]
2026-05-13 15:56:19.265 [main] DEBUG c.i.webscraper.scraper.WebScraper -        Q[41chars] | A[1115chars] | Code[0]
2026-05-13 15:56:19.267 [main] DEBUG c.i.webscraper.scraper.WebScraper -        Q[34chars] | A[2782chars] | Code[0]
2026-05-13 15:56:19.268 [main] DEBUG c.i.webscraper.scraper.WebScraper -        Q[23chars] | A[1214chars] | Code[0]
2026-05-13 15:56:19.268 [main] DEBUG c.i.webscraper.scraper.WebScraper -        Q[49chars] | A[970chars] | Code[0]
2026-05-13 15:56:19.269 [main] DEBUG c.i.webscraper.scraper.WebScraper -        Q[102chars] | A[2665chars] | Code[0]
2026-05-13 15:56:19.270 [main] INFO  c.i.webscraper.scraper.WebScraper -      7 Q&A pair(s) extracted.
2026-05-13 15:56:19.270 [main] INFO  c.i.webscraper.scraper.WebScraper -   → Section: 'Cloud Storage and Databases Fundamentals' (https://interview.in28minutes.com/interview-guides/cloud/cloud-storage-and-databases-fundamentals/)
2026-05-13 15:56:19.271 [main] DEBUG c.i.webscraper.scraper.WebScraper - Sleeping 2500ms (attempt 1/3) before: https://interview.in28minutes.com/interview-guides/cloud/cloud-storage-and-databases-fundamentals/
2026-05-13 15:56:22.369 [main] DEBUG c.i.webscraper.scraper.WebScraper - HTTP 200 ← https://interview.in28minutes.com/interview-guides/cloud/cloud-storage-and-databases-fundamentals/
2026-05-13 15:56:22.379 [main] DEBUG c.i.webscraper.scraper.WebScraper -      12 question heading(s) in 'Cloud Storage and Databases Fundamentals'.
2026-05-13 15:56:22.381 [main] DEBUG c.i.webscraper.scraper.WebScraper -        Q[49chars] | A[2169chars] | Code[0]
2026-05-13 15:56:22.382 [main] DEBUG c.i.webscraper.scraper.WebScraper -        Q[18chars] | A[764chars] | Code[0]
2026-05-13 15:56:22.383 [main] DEBUG c.i.webscraper.scraper.WebScraper -        Q[35chars] | A[795chars] | Code[0]
2026-05-13 15:56:22.383 [main] DEBUG c.i.webscraper.scraper.WebScraper -        Q[46chars] | A[801chars] | Code[0]
2026-05-13 15:56:22.384 [main] DEBUG c.i.webscraper.scraper.WebScraper -        Q[55chars] | A[1982chars] | Code[4]
2026-05-13 15:56:22.385 [main] DEBUG c.i.webscraper.scraper.WebScraper -        Q[67chars] | A[1210chars] | Code[0]
2026-05-13 15:56:22.386 [main] DEBUG c.i.webscraper.scraper.WebScraper -        Q[22chars] | A[2144chars] | Code[0]
2026-05-13 15:56:22.387 [main] DEBUG c.i.webscraper.scraper.WebScraper -        Q[21chars] | A[1214chars] | Code[0]
2026-05-13 15:56:22.389 [main] DEBUG c.i.webscraper.scraper.WebScraper -        Q[23chars] | A[2709chars] | Code[0]
2026-05-13 15:56:22.391 [main] DEBUG c.i.webscraper.scraper.WebScraper -        Q[23chars] | A[1082chars] | Code[0]
2026-05-13 15:56:22.392 [main] DEBUG c.i.webscraper.scraper.WebScraper -        Q[36chars] | A[1915chars] | Code[0]
2026-05-13 15:56:22.393 [main] DEBUG c.i.webscraper.scraper.WebScraper -        Q[35chars] | A[1864chars] | Code[0]
2026-05-13 15:56:22.394 [main] INFO  c.i.webscraper.scraper.WebScraper -      12 Q&A pair(s) extracted.
2026-05-13 15:56:22.394 [main] INFO  c.i.webscraper.scraper.WebScraper -   → Section: 'Asynchronous Communication in the Cloud' (https://interview.in28minutes.com/interview-guides/cloud/asynchronous-communication-in-the-cloud/)
2026-05-13 15:56:22.395 [main] DEBUG c.i.webscraper.scraper.WebScraper - Sleeping 2500ms (attempt 1/3) before: https://interview.in28minutes.com/interview-guides/cloud/asynchronous-communication-in-the-cloud/
2026-05-13 15:56:25.615 [main] DEBUG c.i.webscraper.scraper.WebScraper - HTTP 200 ← https://interview.in28minutes.com/interview-guides/cloud/asynchronous-communication-in-the-cloud/
2026-05-13 15:56:25.622 [main] DEBUG c.i.webscraper.scraper.WebScraper -      6 question heading(s) in 'Asynchronous Communication in the Cloud'.
2026-05-13 15:56:25.623 [main] DEBUG c.i.webscraper.scraper.WebScraper -        Q[31chars] | A[1110chars] | Code[0]
2026-05-13 15:56:25.624 [main] DEBUG c.i.webscraper.scraper.WebScraper -        Q[37chars] | A[1576chars] | Code[0]
2026-05-13 15:56:25.624 [main] DEBUG c.i.webscraper.scraper.WebScraper -        Q[43chars] | A[1395chars] | Code[0]
2026-05-13 15:56:25.625 [main] DEBUG c.i.webscraper.scraper.WebScraper -        Q[36chars] | A[1407chars] | Code[0]
2026-05-13 15:56:25.627 [main] DEBUG c.i.webscraper.scraper.WebScraper -        Q[28chars] | A[3668chars] | Code[0]
2026-05-13 15:56:25.628 [main] DEBUG c.i.webscraper.scraper.WebScraper -        Q[44chars] | A[1470chars] | Code[0]
2026-05-13 15:56:25.628 [main] INFO  c.i.webscraper.scraper.WebScraper -      6 Q&A pair(s) extracted.
2026-05-13 15:56:25.628 [main] INFO  c.i.webscraper.scraper.WebScraper -   → Section: 'Networking in the Cloud' (https://interview.in28minutes.com/interview-guides/cloud/networking-in-the-cloud/)
2026-05-13 15:56:25.630 [main] DEBUG c.i.webscraper.scraper.WebScraper - Sleeping 2500ms (attempt 1/3) before: https://interview.in28minutes.com/interview-guides/cloud/networking-in-the-cloud/
2026-05-13 15:56:28.768 [main] DEBUG c.i.webscraper.scraper.WebScraper - HTTP 200 ← https://interview.in28minutes.com/interview-guides/cloud/networking-in-the-cloud/
2026-05-13 15:56:28.773 [main] DEBUG c.i.webscraper.scraper.WebScraper -      7 question heading(s) in 'Networking in the Cloud'.
2026-05-13 15:56:28.775 [main] DEBUG c.i.webscraper.scraper.WebScraper -        Q[65chars] | A[1512chars] | Code[0]
2026-05-13 15:56:28.775 [main] DEBUG c.i.webscraper.scraper.WebScraper -        Q[47chars] | A[1096chars] | Code[0]
2026-05-13 15:56:28.776 [main] DEBUG c.i.webscraper.scraper.WebScraper -        Q[47chars] | A[2101chars] | Code[0]
2026-05-13 15:56:28.777 [main] DEBUG c.i.webscraper.scraper.WebScraper -        Q[65chars] | A[1150chars] | Code[0]
2026-05-13 15:56:28.778 [main] DEBUG c.i.webscraper.scraper.WebScraper -        Q[37chars] | A[980chars] | Code[0]
2026-05-13 15:56:28.779 [main] DEBUG c.i.webscraper.scraper.WebScraper -        Q[37chars] | A[1105chars] | Code[0]
2026-05-13 15:56:28.780 [main] INFO  c.i.webscraper.scraper.WebScraper -      6 Q&A pair(s) extracted.
2026-05-13 15:56:28.780 [main] INFO  c.i.webscraper.scraper.WebScraper -   → Section: 'Cost Management in the Cloud' (https://interview.in28minutes.com/interview-guides/cloud/cost-management-in-the-cloud/)
2026-05-13 15:56:28.780 [main] DEBUG c.i.webscraper.scraper.WebScraper - Sleeping 2500ms (attempt 1/3) before: https://interview.in28minutes.com/interview-guides/cloud/cost-management-in-the-cloud/
2026-05-13 15:56:31.856 [main] DEBUG c.i.webscraper.scraper.WebScraper - HTTP 200 ← https://interview.in28minutes.com/interview-guides/cloud/cost-management-in-the-cloud/
2026-05-13 15:56:31.862 [main] DEBUG c.i.webscraper.scraper.WebScraper -      6 question heading(s) in 'Cost Management in the Cloud'.
2026-05-13 15:56:31.863 [main] DEBUG c.i.webscraper.scraper.WebScraper -        Q[38chars] | A[1020chars] | Code[0]
2026-05-13 15:56:31.863 [main] DEBUG c.i.webscraper.scraper.WebScraper -        Q[21chars] | A[641chars] | Code[0]
2026-05-13 15:56:31.866 [main] DEBUG c.i.webscraper.scraper.WebScraper -        Q[56chars] | A[682chars] | Code[0]
2026-05-13 15:56:31.866 [main] DEBUG c.i.webscraper.scraper.WebScraper -        Q[39chars] | A[1261chars] | Code[0]
2026-05-13 15:56:31.867 [main] DEBUG c.i.webscraper.scraper.WebScraper -        Q[15chars] | A[1604chars] | Code[0]
2026-05-13 15:56:31.868 [main] INFO  c.i.webscraper.scraper.WebScraper -      5 Q&A pair(s) extracted.
2026-05-13 15:56:31.869 [main] INFO  c.i.webscraper.scraper.WebScraper -   → Section: 'AI, ML and Generative AI in the Cloud' (https://interview.in28minutes.com/interview-guides/cloud/ai-ml-and-generative-ai-in-the-cloud/)
2026-05-13 15:56:31.869 [main] DEBUG c.i.webscraper.scraper.WebScraper - Sleeping 2500ms (attempt 1/3) before: https://interview.in28minutes.com/interview-guides/cloud/ai-ml-and-generative-ai-in-the-cloud/
2026-05-13 15:56:35.230 [main] DEBUG c.i.webscraper.scraper.WebScraper - HTTP 200 ← https://interview.in28minutes.com/interview-guides/cloud/ai-ml-and-generative-ai-in-the-cloud/
2026-05-13 15:56:35.236 [main] DEBUG c.i.webscraper.scraper.WebScraper -      5 question heading(s) in 'AI, ML and Generative AI in the Cloud'.
2026-05-13 15:56:35.237 [main] DEBUG c.i.webscraper.scraper.WebScraper -        Q[16chars] | A[1171chars] | Code[0]
2026-05-13 15:56:35.238 [main] DEBUG c.i.webscraper.scraper.WebScraper -        Q[53chars] | A[848chars] | Code[0]
2026-05-13 15:56:35.240 [main] DEBUG c.i.webscraper.scraper.WebScraper -        Q[22chars] | A[2236chars] | Code[0]
2026-05-13 15:56:35.241 [main] DEBUG c.i.webscraper.scraper.WebScraper -        Q[52chars] | A[2601chars] | Code[0]
2026-05-13 15:56:35.242 [main] INFO  c.i.webscraper.scraper.WebScraper -      4 Q&A pair(s) extracted.
2026-05-13 15:56:35.242 [main] INFO  c.i.webscraper.scraper.WebScraper -   → Section: 'Security in the Cloud' (https://interview.in28minutes.com/interview-guides/cloud/security-in-the-cloud/)
2026-05-13 15:56:35.242 [main] DEBUG c.i.webscraper.scraper.WebScraper - Sleeping 2500ms (attempt 1/3) before: https://interview.in28minutes.com/interview-guides/cloud/security-in-the-cloud/
2026-05-13 15:56:38.251 [main] DEBUG c.i.webscraper.scraper.WebScraper - HTTP 200 ← https://interview.in28minutes.com/interview-guides/cloud/security-in-the-cloud/
2026-05-13 15:56:38.255 [main] DEBUG c.i.webscraper.scraper.WebScraper -      7 question heading(s) in 'Security in the Cloud'.
2026-05-13 15:56:38.255 [main] DEBUG c.i.webscraper.scraper.WebScraper -        Q[31chars] | A[2931chars] | Code[0]
2026-05-13 15:56:38.256 [main] DEBUG c.i.webscraper.scraper.WebScraper -        Q[43chars] | A[3777chars] | Code[0]
2026-05-13 15:56:38.257 [main] DEBUG c.i.webscraper.scraper.WebScraper -        Q[22chars] | A[1085chars] | Code[0]
2026-05-13 15:56:38.257 [main] DEBUG c.i.webscraper.scraper.WebScraper -        Q[14chars] | A[1377chars] | Code[0]
2026-05-13 15:56:38.258 [main] DEBUG c.i.webscraper.scraper.WebScraper -        Q[51chars] | A[1442chars] | Code[0]
2026-05-13 15:56:38.258 [main] DEBUG c.i.webscraper.scraper.WebScraper -        Q[34chars] | A[1374chars] | Code[0]
2026-05-13 15:56:38.259 [main] DEBUG c.i.webscraper.scraper.WebScraper -        Q[24chars] | A[1664chars] | Code[0]
2026-05-13 15:56:38.259 [main] INFO  c.i.webscraper.scraper.WebScraper -      7 Q&A pair(s) extracted.
2026-05-13 15:56:38.259 [main] INFO  c.i.webscraper.scraper.WebScraper -   → Section: 'Cloud Interview - Diagrams' (https://interview.in28minutes.com/interview-guides/cloud/cloud-interview-diagrams/)
2026-05-13 15:56:38.259 [main] DEBUG c.i.webscraper.scraper.WebScraper - Sleeping 2500ms (attempt 1/3) before: https://interview.in28minutes.com/interview-guides/cloud/cloud-interview-diagrams/
2026-05-13 15:56:41.203 [main] DEBUG c.i.webscraper.scraper.WebScraper - HTTP 200 ← https://interview.in28minutes.com/interview-guides/cloud/cloud-interview-diagrams/
2026-05-13 15:56:41.208 [main] DEBUG c.i.webscraper.scraper.WebScraper -      10 question heading(s) in 'Cloud Interview - Diagrams'.
2026-05-13 15:56:41.209 [main] WARN  c.i.webscraper.scraper.WebScraper -      Section 'Cloud Interview - Diagrams' had no Q&A pairs.
2026-05-13 15:56:41.209 [main] INFO  c.i.webscraper.scraper.WebScraper - Topic 'Cloud' complete → 7 section(s).
2026-05-13 15:56:41.210 [main] INFO  c.i.webscraper.scraper.WebScraper - ---------- Topic: Docker → https://interview.in28minutes.com/docker/
2026-05-13 15:56:41.210 [main] DEBUG c.i.webscraper.scraper.WebScraper - Sleeping 2500ms (attempt 1/3) before: https://interview.in28minutes.com/docker/
2026-05-13 15:56:44.132 [main] DEBUG c.i.webscraper.scraper.WebScraper - HTTP 200 ← https://interview.in28minutes.com/docker/
2026-05-13 15:56:44.136 [main] DEBUG c.i.webscraper.scraper.WebScraper - Topic 'Docker' → 10 card(s) found.
2026-05-13 15:56:44.137 [main] INFO  c.i.webscraper.scraper.WebScraper -   → Section: 'Docker Fundamentals' (https://interview.in28minutes.com/interview-guides/docker/docker-fundamentals/)
2026-05-13 15:56:44.137 [main] DEBUG c.i.webscraper.scraper.WebScraper - Sleeping 2500ms (attempt 1/3) before: https://interview.in28minutes.com/interview-guides/docker/docker-fundamentals/
2026-05-13 15:56:47.189 [main] DEBUG c.i.webscraper.scraper.WebScraper - HTTP 200 ← https://interview.in28minutes.com/interview-guides/docker/docker-fundamentals/
2026-05-13 15:56:47.192 [main] DEBUG c.i.webscraper.scraper.WebScraper -      6 question heading(s) in 'Docker Fundamentals'.
2026-05-13 15:56:47.193 [main] DEBUG c.i.webscraper.scraper.WebScraper -        Q[60chars] | A[523chars] | Code[0]
2026-05-13 15:56:47.194 [main] DEBUG c.i.webscraper.scraper.WebScraper -        Q[82chars] | A[337chars] | Code[0]
2026-05-13 15:56:47.194 [main] DEBUG c.i.webscraper.scraper.WebScraper -        Q[40chars] | A[390chars] | Code[0]
2026-05-13 15:56:47.195 [main] DEBUG c.i.webscraper.scraper.WebScraper -        Q[54chars] | A[955chars] | Code[0]
2026-05-13 15:56:47.196 [main] DEBUG c.i.webscraper.scraper.WebScraper -        Q[63chars] | A[1637chars] | Code[0]
2026-05-13 15:56:47.196 [main] INFO  c.i.webscraper.scraper.WebScraper -      5 Q&A pair(s) extracted.
2026-05-13 15:56:47.197 [main] INFO  c.i.webscraper.scraper.WebScraper -   → Section: 'Building Docker Images' (https://interview.in28minutes.com/interview-guides/docker/building-docker-images/)
2026-05-13 15:56:47.197 [main] DEBUG c.i.webscraper.scraper.WebScraper - Sleeping 2500ms (attempt 1/3) before: https://interview.in28minutes.com/interview-guides/docker/building-docker-images/
2026-05-13 15:56:50.251 [main] DEBUG c.i.webscraper.scraper.WebScraper - HTTP 200 ← https://interview.in28minutes.com/interview-guides/docker/building-docker-images/
2026-05-13 15:56:50.255 [main] DEBUG c.i.webscraper.scraper.WebScraper -      13 question heading(s) in 'Building Docker Images'.
2026-05-13 15:56:50.256 [main] DEBUG c.i.webscraper.scraper.WebScraper -        Q[54chars] | A[171chars] | Code[3]
2026-05-13 15:56:50.256 [main] DEBUG c.i.webscraper.scraper.WebScraper -        Q[21chars] | A[665chars] | Code[0]
2026-05-13 15:56:50.257 [main] DEBUG c.i.webscraper.scraper.WebScraper -        Q[35chars] | A[333chars] | Code[0]
2026-05-13 15:56:50.257 [main] DEBUG c.i.webscraper.scraper.WebScraper -        Q[87chars] | A[1092chars] | Code[7]
2026-05-13 15:56:50.257 [main] DEBUG c.i.webscraper.scraper.WebScraper -        Q[47chars] | A[214chars] | Code[1]
2026-05-13 15:56:50.258 [main] DEBUG c.i.webscraper.scraper.WebScraper -        Q[59chars] | A[659chars] | Code[1]
2026-05-13 15:56:50.258 [main] DEBUG c.i.webscraper.scraper.WebScraper -        Q[59chars] | A[510chars] | Code[2]
2026-05-13 15:56:50.258 [main] DEBUG c.i.webscraper.scraper.WebScraper -        Q[55chars] | A[1459chars] | Code[2]
2026-05-13 15:56:50.259 [main] DEBUG c.i.webscraper.scraper.WebScraper -        Q[92chars] | A[1309chars] | Code[2]
2026-05-13 15:56:50.259 [main] DEBUG c.i.webscraper.scraper.WebScraper -        Q[62chars] | A[725chars] | Code[4]
2026-05-13 15:56:50.259 [main] DEBUG c.i.webscraper.scraper.WebScraper -        Q[46chars] | A[313chars] | Code[1]
2026-05-13 15:56:50.260 [main] DEBUG c.i.webscraper.scraper.WebScraper -        Q[44chars] | A[680chars] | Code[1]
2026-05-13 15:56:50.260 [main] DEBUG c.i.webscraper.scraper.WebScraper -        Q[36chars] | A[768chars] | Code[0]
2026-05-13 15:56:50.260 [main] INFO  c.i.webscraper.scraper.WebScraper -      13 Q&A pair(s) extracted.
2026-05-13 15:56:50.261 [main] INFO  c.i.webscraper.scraper.WebScraper -   → Section: 'Managing Docker Containers' (https://interview.in28minutes.com/interview-guides/docker/managing-docker-containers/)
2026-05-13 15:56:50.261 [main] DEBUG c.i.webscraper.scraper.WebScraper - Sleeping 2500ms (attempt 1/3) before: https://interview.in28minutes.com/interview-guides/docker/managing-docker-containers/
2026-05-13 15:56:53.385 [main] DEBUG c.i.webscraper.scraper.WebScraper - HTTP 200 ← https://interview.in28minutes.com/interview-guides/docker/managing-docker-containers/
2026-05-13 15:56:53.390 [main] DEBUG c.i.webscraper.scraper.WebScraper -      5 question heading(s) in 'Managing Docker Containers'.
2026-05-13 15:56:53.390 [main] DEBUG c.i.webscraper.scraper.WebScraper -        Q[50chars] | A[416chars] | Code[0]
2026-05-13 15:56:53.393 [main] DEBUG c.i.webscraper.scraper.WebScraper -        Q[47chars] | A[2156chars] | Code[33]
2026-05-13 15:56:53.393 [main] DEBUG c.i.webscraper.scraper.WebScraper -        Q[108chars] | A[151chars] | Code[3]
2026-05-13 15:56:53.394 [main] DEBUG c.i.webscraper.scraper.WebScraper -        Q[38chars] | A[535chars] | Code[9]
2026-05-13 15:56:53.395 [main] DEBUG c.i.webscraper.scraper.WebScraper -        Q[101chars] | A[775chars] | Code[16]
2026-05-13 15:56:53.396 [main] INFO  c.i.webscraper.scraper.WebScraper -      5 Q&A pair(s) extracted.
2026-05-13 15:56:53.396 [main] INFO  c.i.webscraper.scraper.WebScraper -   → Section: 'Persisting Data in Docker' (https://interview.in28minutes.com/interview-guides/docker/persisting-data-in-docker/)
2026-05-13 15:56:53.397 [main] DEBUG c.i.webscraper.scraper.WebScraper - Sleeping 2500ms (attempt 1/3) before: https://interview.in28minutes.com/interview-guides/docker/persisting-data-in-docker/
2026-05-13 15:56:57.093 [main] DEBUG c.i.webscraper.scraper.WebScraper - HTTP 200 ← https://interview.in28minutes.com/interview-guides/docker/persisting-data-in-docker/
2026-05-13 15:56:57.098 [main] DEBUG c.i.webscraper.scraper.WebScraper -      8 question heading(s) in 'Persisting Data in Docker'.
2026-05-13 15:56:57.099 [main] DEBUG c.i.webscraper.scraper.WebScraper -        Q[46chars] | A[813chars] | Code[0]
2026-05-13 15:56:57.100 [main] DEBUG c.i.webscraper.scraper.WebScraper -        Q[27chars] | A[941chars] | Code[6]
2026-05-13 15:56:57.101 [main] DEBUG c.i.webscraper.scraper.WebScraper -        Q[39chars] | A[310chars] | Code[7]
2026-05-13 15:56:57.101 [main] DEBUG c.i.webscraper.scraper.WebScraper -        Q[35chars] | A[574chars] | Code[2]
2026-05-13 15:56:57.103 [main] DEBUG c.i.webscraper.scraper.WebScraper -        Q[57chars] | A[805chars] | Code[10]
2026-05-13 15:56:57.103 [main] DEBUG c.i.webscraper.scraper.WebScraper -        Q[65chars] | A[695chars] | Code[0]
2026-05-13 15:56:57.104 [main] DEBUG c.i.webscraper.scraper.WebScraper -        Q[24chars] | A[1109chars] | Code[0]
2026-05-13 15:56:57.105 [main] INFO  c.i.webscraper.scraper.WebScraper -      7 Q&A pair(s) extracted.
2026-05-13 15:56:57.105 [main] INFO  c.i.webscraper.scraper.WebScraper -   → Section: 'Docker Networking' (https://interview.in28minutes.com/interview-guides/docker/docker-networking/)
2026-05-13 15:56:57.105 [main] DEBUG c.i.webscraper.scraper.WebScraper - Sleeping 2500ms (attempt 1/3) before: https://interview.in28minutes.com/interview-guides/docker/docker-networking/
2026-05-13 15:57:00.344 [main] DEBUG c.i.webscraper.scraper.WebScraper - HTTP 200 ← https://interview.in28minutes.com/interview-guides/docker/docker-networking/
2026-05-13 15:57:00.349 [main] DEBUG c.i.webscraper.scraper.WebScraper -      7 question heading(s) in 'Docker Networking'.
2026-05-13 15:57:00.350 [main] DEBUG c.i.webscraper.scraper.WebScraper -        Q[36chars] | A[749chars] | Code[0]
2026-05-13 15:57:00.352 [main] DEBUG c.i.webscraper.scraper.WebScraper -        Q[42chars] | A[2776chars] | Code[6]
2026-05-13 15:57:00.353 [main] DEBUG c.i.webscraper.scraper.WebScraper -        Q[55chars] | A[206chars] | Code[4]
2026-05-13 15:57:00.353 [main] DEBUG c.i.webscraper.scraper.WebScraper -        Q[61chars] | A[358chars] | Code[2]
2026-05-13 15:57:00.354 [main] DEBUG c.i.webscraper.scraper.WebScraper -        Q[63chars] | A[219chars] | Code[1]
2026-05-13 15:57:00.355 [main] DEBUG c.i.webscraper.scraper.WebScraper -        Q[55chars] | A[445chars] | Code[1]
2026-05-13 15:57:00.355 [main] DEBUG c.i.webscraper.scraper.WebScraper -        Q[106chars] | A[409chars] | Code[2]
2026-05-13 15:57:00.356 [main] INFO  c.i.webscraper.scraper.WebScraper -      7 Q&A pair(s) extracted.
2026-05-13 15:57:00.356 [main] INFO  c.i.webscraper.scraper.WebScraper -   → Section: 'Docker Security' (https://interview.in28minutes.com/interview-guides/docker/docker-security/)
2026-05-13 15:57:00.356 [main] DEBUG c.i.webscraper.scraper.WebScraper - Sleeping 2500ms (attempt 1/3) before: https://interview.in28minutes.com/interview-guides/docker/docker-security/
2026-05-13 15:57:03.368 [main] DEBUG c.i.webscraper.scraper.WebScraper - HTTP 200 ← https://interview.in28minutes.com/interview-guides/docker/docker-security/
2026-05-13 15:57:03.374 [main] DEBUG c.i.webscraper.scraper.WebScraper -      9 question heading(s) in 'Docker Security'.
2026-05-13 15:57:03.374 [main] DEBUG c.i.webscraper.scraper.WebScraper -        Q[36chars] | A[733chars] | Code[0]
2026-05-13 15:57:03.375 [main] DEBUG c.i.webscraper.scraper.WebScraper -        Q[53chars] | A[1621chars] | Code[0]
2026-05-13 15:57:03.376 [main] DEBUG c.i.webscraper.scraper.WebScraper -        Q[45chars] | A[303chars] | Code[1]
2026-05-13 15:57:03.377 [main] DEBUG c.i.webscraper.scraper.WebScraper -        Q[54chars] | A[1036chars] | Code[1]
2026-05-13 15:57:03.378 [main] DEBUG c.i.webscraper.scraper.WebScraper -        Q[43chars] | A[1965chars] | Code[5]
2026-05-13 15:57:03.379 [main] DEBUG c.i.webscraper.scraper.WebScraper -        Q[74chars] | A[878chars] | Code[3]
2026-05-13 15:57:03.379 [main] DEBUG c.i.webscraper.scraper.WebScraper -        Q[53chars] | A[1020chars] | Code[0]
2026-05-13 15:57:03.380 [main] DEBUG c.i.webscraper.scraper.WebScraper -        Q[44chars] | A[1841chars] | Code[0]
2026-05-13 15:57:03.381 [main] DEBUG c.i.webscraper.scraper.WebScraper -        Q[42chars] | A[1142chars] | Code[1]
2026-05-13 15:57:03.381 [main] INFO  c.i.webscraper.scraper.WebScraper -      9 Q&A pair(s) extracted.
2026-05-13 15:57:03.382 [main] INFO  c.i.webscraper.scraper.WebScraper -   → Section: 'Docker Compose' (https://interview.in28minutes.com/interview-guides/docker/docker-compose/)
2026-05-13 15:57:03.382 [main] DEBUG c.i.webscraper.scraper.WebScraper - Sleeping 2500ms (attempt 1/3) before: https://interview.in28minutes.com/interview-guides/docker/docker-compose/
2026-05-13 15:57:06.553 [main] DEBUG c.i.webscraper.scraper.WebScraper - HTTP 200 ← https://interview.in28minutes.com/interview-guides/docker/docker-compose/
2026-05-13 15:57:06.561 [main] DEBUG c.i.webscraper.scraper.WebScraper -      6 question heading(s) in 'Docker Compose'.
2026-05-13 15:57:06.562 [main] DEBUG c.i.webscraper.scraper.WebScraper -        Q[36chars] | A[1907chars] | Code[4]
2026-05-13 15:57:06.563 [main] DEBUG c.i.webscraper.scraper.WebScraper -        Q[64chars] | A[722chars] | Code[0]
2026-05-13 15:57:06.565 [main] DEBUG c.i.webscraper.scraper.WebScraper -        Q[43chars] | A[2667chars] | Code[3]
2026-05-13 15:57:06.566 [main] DEBUG c.i.webscraper.scraper.WebScraper -        Q[68chars] | A[580chars] | Code[8]
2026-05-13 15:57:06.566 [main] DEBUG c.i.webscraper.scraper.WebScraper -        Q[48chars] | A[559chars] | Code[4]
2026-05-13 15:57:06.567 [main] DEBUG c.i.webscraper.scraper.WebScraper -        Q[18chars] | A[923chars] | Code[0]
2026-05-13 15:57:06.568 [main] INFO  c.i.webscraper.scraper.WebScraper -      6 Q&A pair(s) extracted.
2026-05-13 15:57:06.568 [main] INFO  c.i.webscraper.scraper.WebScraper -   → Section: 'Advanced Docker Concepts' (https://interview.in28minutes.com/interview-guides/docker/advanced-docker-concepts/)
2026-05-13 15:57:06.569 [main] DEBUG c.i.webscraper.scraper.WebScraper - Sleeping 2500ms (attempt 1/3) before: https://interview.in28minutes.com/interview-guides/docker/advanced-docker-concepts/
2026-05-13 15:57:09.700 [main] DEBUG c.i.webscraper.scraper.WebScraper - HTTP 200 ← https://interview.in28minutes.com/interview-guides/docker/advanced-docker-concepts/
2026-05-13 15:57:09.705 [main] DEBUG c.i.webscraper.scraper.WebScraper -      5 question heading(s) in 'Advanced Docker Concepts'.
2026-05-13 15:57:09.707 [main] DEBUG c.i.webscraper.scraper.WebScraper -        Q[10chars] | A[1446chars] | Code[0]
2026-05-13 15:57:09.708 [main] DEBUG c.i.webscraper.scraper.WebScraper -        Q[60chars] | A[894chars] | Code[5]
2026-05-13 15:57:09.709 [main] DEBUG c.i.webscraper.scraper.WebScraper -        Q[64chars] | A[1599chars] | Code[0]
2026-05-13 15:57:09.709 [main] INFO  c.i.webscraper.scraper.WebScraper -      3 Q&A pair(s) extracted.
2026-05-13 15:57:09.710 [main] INFO  c.i.webscraper.scraper.WebScraper -   → Section: 'Docker Cheat Sheet' (https://interview.in28minutes.com/interview-guides/docker/docker-cheat-sheet/)
2026-05-13 15:57:09.710 [main] DEBUG c.i.webscraper.scraper.WebScraper - Sleeping 2500ms (attempt 1/3) before: https://interview.in28minutes.com/interview-guides/docker/docker-cheat-sheet/
2026-05-13 15:57:13.055 [main] DEBUG c.i.webscraper.scraper.WebScraper - HTTP 200 ← https://interview.in28minutes.com/interview-guides/docker/docker-cheat-sheet/
2026-05-13 15:57:13.062 [main] DEBUG c.i.webscraper.scraper.WebScraper -      9 question heading(s) in 'Docker Cheat Sheet'.
2026-05-13 15:57:13.063 [main] WARN  c.i.webscraper.scraper.WebScraper -      Section 'Docker Cheat Sheet' had no Q&A pairs.
2026-05-13 15:57:13.064 [main] INFO  c.i.webscraper.scraper.WebScraper -   → Section: 'Docker Interview - Diagrams' (https://interview.in28minutes.com/interview-guides/docker/docker-interview-diagrams/)
2026-05-13 15:57:13.064 [main] DEBUG c.i.webscraper.scraper.WebScraper - Sleeping 2500ms (attempt 1/3) before: https://interview.in28minutes.com/interview-guides/docker/docker-interview-diagrams/
2026-05-13 15:57:16.424 [main] DEBUG c.i.webscraper.scraper.WebScraper - HTTP 200 ← https://interview.in28minutes.com/interview-guides/docker/docker-interview-diagrams/
2026-05-13 15:57:16.431 [main] DEBUG c.i.webscraper.scraper.WebScraper -      10 question heading(s) in 'Docker Interview - Diagrams'.
2026-05-13 15:57:16.431 [main] DEBUG c.i.webscraper.scraper.WebScraper -        Q[29chars] | A[0chars] | Code[1]
2026-05-13 15:57:16.431 [main] INFO  c.i.webscraper.scraper.WebScraper -      1 Q&A pair(s) extracted.
2026-05-13 15:57:16.432 [main] INFO  c.i.webscraper.scraper.WebScraper - Topic 'Docker' complete → 9 section(s).
2026-05-13 15:57:16.432 [main] INFO  c.i.webscraper.scraper.WebScraper - ---------- Topic: Kubernetes → https://interview.in28minutes.com/kubernetes/
2026-05-13 15:57:16.432 [main] DEBUG c.i.webscraper.scraper.WebScraper - Sleeping 2500ms (attempt 1/3) before: https://interview.in28minutes.com/kubernetes/
2026-05-13 15:57:19.308 [main] DEBUG c.i.webscraper.scraper.WebScraper - HTTP 200 ← https://interview.in28minutes.com/kubernetes/
2026-05-13 15:57:19.313 [main] DEBUG c.i.webscraper.scraper.WebScraper - Topic 'Kubernetes' → 10 card(s) found.
2026-05-13 15:57:19.314 [main] INFO  c.i.webscraper.scraper.WebScraper -   → Section: 'Kubernetes Landscape' (https://interview.in28minutes.com/interview-guides/kubernetes/kubernetes-landscape/)
2026-05-13 15:57:19.314 [main] DEBUG c.i.webscraper.scraper.WebScraper - Sleeping 2500ms (attempt 1/3) before: https://interview.in28minutes.com/interview-guides/kubernetes/kubernetes-landscape/
2026-05-13 15:57:22.709 [main] DEBUG c.i.webscraper.scraper.WebScraper - HTTP 200 ← https://interview.in28minutes.com/interview-guides/kubernetes/kubernetes-landscape/
2026-05-13 15:57:22.714 [main] DEBUG c.i.webscraper.scraper.WebScraper -      6 question heading(s) in 'Kubernetes Landscape'.
2026-05-13 15:57:22.715 [main] DEBUG c.i.webscraper.scraper.WebScraper -        Q[60chars] | A[505chars] | Code[0]
2026-05-13 15:57:22.716 [main] DEBUG c.i.webscraper.scraper.WebScraper -        Q[57chars] | A[2666chars] | Code[0]
2026-05-13 15:57:22.717 [main] DEBUG c.i.webscraper.scraper.WebScraper -        Q[38chars] | A[893chars] | Code[0]
2026-05-13 15:57:22.718 [main] DEBUG c.i.webscraper.scraper.WebScraper -        Q[53chars] | A[988chars] | Code[0]
2026-05-13 15:57:22.719 [main] DEBUG c.i.webscraper.scraper.WebScraper -        Q[39chars] | A[674chars] | Code[0]
2026-05-13 15:57:22.719 [main] INFO  c.i.webscraper.scraper.WebScraper -      5 Q&A pair(s) extracted.
2026-05-13 15:57:22.720 [main] INFO  c.i.webscraper.scraper.WebScraper -   → Section: 'Kubernetes Fundamentals' (https://interview.in28minutes.com/interview-guides/kubernetes/kubernetes-fundamentals/)
2026-05-13 15:57:22.721 [main] DEBUG c.i.webscraper.scraper.WebScraper - Sleeping 2500ms (attempt 1/3) before: https://interview.in28minutes.com/interview-guides/kubernetes/kubernetes-fundamentals/
2026-05-13 15:57:25.723 [main] DEBUG c.i.webscraper.scraper.WebScraper - HTTP 200 ← https://interview.in28minutes.com/interview-guides/kubernetes/kubernetes-fundamentals/
2026-05-13 15:57:25.729 [main] DEBUG c.i.webscraper.scraper.WebScraper -      6 question heading(s) in 'Kubernetes Fundamentals'.
2026-05-13 15:57:25.730 [main] DEBUG c.i.webscraper.scraper.WebScraper -        Q[40chars] | A[1535chars] | Code[0]
2026-05-13 15:57:25.731 [main] DEBUG c.i.webscraper.scraper.WebScraper -        Q[53chars] | A[1268chars] | Code[2]
2026-05-13 15:57:25.732 [main] DEBUG c.i.webscraper.scraper.WebScraper -        Q[63chars] | A[1213chars] | Code[0]
2026-05-13 15:57:25.733 [main] DEBUG c.i.webscraper.scraper.WebScraper -        Q[60chars] | A[1250chars] | Code[1]
2026-05-13 15:57:25.734 [main] DEBUG c.i.webscraper.scraper.WebScraper -        Q[62chars] | A[1511chars] | Code[1]
2026-05-13 15:57:25.734 [main] DEBUG c.i.webscraper.scraper.WebScraper -        Q[73chars] | A[1854chars] | Code[1]
2026-05-13 15:57:25.735 [main] INFO  c.i.webscraper.scraper.WebScraper -      6 Q&A pair(s) extracted.
2026-05-13 15:57:25.736 [main] INFO  c.i.webscraper.scraper.WebScraper -   → Section: 'Kubernetes Services and Networking' (https://interview.in28minutes.com/interview-guides/kubernetes/kubernetes-services-and-networking/)
2026-05-13 15:57:25.736 [main] DEBUG c.i.webscraper.scraper.WebScraper - Sleeping 2500ms (attempt 1/3) before: https://interview.in28minutes.com/interview-guides/kubernetes/kubernetes-services-and-networking/
2026-05-13 15:57:28.996 [main] DEBUG c.i.webscraper.scraper.WebScraper - HTTP 200 ← https://interview.in28minutes.com/interview-guides/kubernetes/kubernetes-services-and-networking/
2026-05-13 15:57:29.002 [main] DEBUG c.i.webscraper.scraper.WebScraper -      9 question heading(s) in 'Kubernetes Services and Networking'.
2026-05-13 15:57:29.002 [main] DEBUG c.i.webscraper.scraper.WebScraper -        Q[36chars] | A[220chars] | Code[1]
2026-05-13 15:57:29.004 [main] DEBUG c.i.webscraper.scraper.WebScraper -        Q[41chars] | A[1007chars] | Code[0]
2026-05-13 15:57:29.005 [main] DEBUG c.i.webscraper.scraper.WebScraper -        Q[29chars] | A[2847chars] | Code[0]
2026-05-13 15:57:29.006 [main] DEBUG c.i.webscraper.scraper.WebScraper -        Q[56chars] | A[967chars] | Code[0]
2026-05-13 15:57:29.007 [main] DEBUG c.i.webscraper.scraper.WebScraper -        Q[47chars] | A[1420chars] | Code[0]
2026-05-13 15:57:29.009 [main] DEBUG c.i.webscraper.scraper.WebScraper -        Q[45chars] | A[3682chars] | Code[0]
2026-05-13 15:57:29.010 [main] DEBUG c.i.webscraper.scraper.WebScraper -        Q[26chars] | A[710chars] | Code[1]
2026-05-13 15:57:29.011 [main] DEBUG c.i.webscraper.scraper.WebScraper -        Q[37chars] | A[1063chars] | Code[0]
2026-05-13 15:57:29.011 [main] INFO  c.i.webscraper.scraper.WebScraper -      8 Q&A pair(s) extracted.
2026-05-13 15:57:29.012 [main] INFO  c.i.webscraper.scraper.WebScraper -   → Section: 'More Kubernetes Fundamentals' (https://interview.in28minutes.com/interview-guides/kubernetes/more-kubernetes-fundamentals/)
2026-05-13 15:57:29.012 [main] DEBUG c.i.webscraper.scraper.WebScraper - Sleeping 2500ms (attempt 1/3) before: https://interview.in28minutes.com/interview-guides/kubernetes/more-kubernetes-fundamentals/
2026-05-13 15:57:32.080 [main] DEBUG c.i.webscraper.scraper.WebScraper - HTTP 200 ← https://interview.in28minutes.com/interview-guides/kubernetes/more-kubernetes-fundamentals/
2026-05-13 15:57:32.092 [main] DEBUG c.i.webscraper.scraper.WebScraper -      18 question heading(s) in 'More Kubernetes Fundamentals'.
2026-05-13 15:57:32.093 [main] DEBUG c.i.webscraper.scraper.WebScraper -        Q[36chars] | A[1464chars] | Code[1]
2026-05-13 15:57:32.093 [main] DEBUG c.i.webscraper.scraper.WebScraper -        Q[34chars] | A[31chars] | Code[2]
2026-05-13 15:57:32.093 [main] DEBUG c.i.webscraper.scraper.WebScraper -        Q[31chars] | A[75chars] | Code[1]
2026-05-13 15:57:32.094 [main] DEBUG c.i.webscraper.scraper.WebScraper -        Q[35chars] | A[313chars] | Code[3]
2026-05-13 15:57:32.094 [main] DEBUG c.i.webscraper.scraper.WebScraper -        Q[47chars] | A[1068chars] | Code[0]
2026-05-13 15:57:32.094 [main] DEBUG c.i.webscraper.scraper.WebScraper -        Q[39chars] | A[734chars] | Code[0]
2026-05-13 15:57:32.095 [main] DEBUG c.i.webscraper.scraper.WebScraper -        Q[20chars] | A[971chars] | Code[2]
2026-05-13 15:57:32.095 [main] DEBUG c.i.webscraper.scraper.WebScraper -        Q[19chars] | A[378chars] | Code[0]
2026-05-13 15:57:32.095 [main] DEBUG c.i.webscraper.scraper.WebScraper -        Q[33chars] | A[800chars] | Code[0]
2026-05-13 15:57:32.096 [main] DEBUG c.i.webscraper.scraper.WebScraper -        Q[60chars] | A[154chars] | Code[1]
2026-05-13 15:57:32.096 [main] DEBUG c.i.webscraper.scraper.WebScraper -        Q[43chars] | A[203chars] | Code[0]
2026-05-13 15:57:32.096 [main] DEBUG c.i.webscraper.scraper.WebScraper -        Q[40chars] | A[241chars] | Code[1]
2026-05-13 15:57:32.096 [main] DEBUG c.i.webscraper.scraper.WebScraper -        Q[32chars] | A[1046chars] | Code[1]
2026-05-13 15:57:32.097 [main] DEBUG c.i.webscraper.scraper.WebScraper -        Q[27chars] | A[859chars] | Code[0]
2026-05-13 15:57:32.097 [main] DEBUG c.i.webscraper.scraper.WebScraper -        Q[49chars] | A[1285chars] | Code[0]
2026-05-13 15:57:32.098 [main] INFO  c.i.webscraper.scraper.WebScraper -      15 Q&A pair(s) extracted.
2026-05-13 15:57:32.098 [main] INFO  c.i.webscraper.scraper.WebScraper -   → Section: 'Kubernetes Storage' (https://interview.in28minutes.com/interview-guides/kubernetes/kubernetes-storage/)
2026-05-13 15:57:32.098 [main] DEBUG c.i.webscraper.scraper.WebScraper - Sleeping 2500ms (attempt 1/3) before: https://interview.in28minutes.com/interview-guides/kubernetes/kubernetes-storage/
2026-05-13 15:57:35.714 [main] DEBUG c.i.webscraper.scraper.WebScraper - HTTP 200 ← https://interview.in28minutes.com/interview-guides/kubernetes/kubernetes-storage/
2026-05-13 15:57:35.724 [main] DEBUG c.i.webscraper.scraper.WebScraper -      11 question heading(s) in 'Kubernetes Storage'.
2026-05-13 15:57:35.725 [main] DEBUG c.i.webscraper.scraper.WebScraper -        Q[69chars] | A[547chars] | Code[0]
2026-05-13 15:57:35.725 [main] DEBUG c.i.webscraper.scraper.WebScraper -        Q[43chars] | A[764chars] | Code[0]
2026-05-13 15:57:35.726 [main] DEBUG c.i.webscraper.scraper.WebScraper -        Q[57chars] | A[521chars] | Code[1]
2026-05-13 15:57:35.727 [main] DEBUG c.i.webscraper.scraper.WebScraper -        Q[35chars] | A[724chars] | Code[1]
2026-05-13 15:57:35.727 [main] DEBUG c.i.webscraper.scraper.WebScraper -        Q[36chars] | A[714chars] | Code[1]
2026-05-13 15:57:35.728 [main] DEBUG c.i.webscraper.scraper.WebScraper -        Q[47chars] | A[311chars] | Code[1]
2026-05-13 15:57:35.729 [main] DEBUG c.i.webscraper.scraper.WebScraper -        Q[59chars] | A[209chars] | Code[1]
2026-05-13 15:57:35.729 [main] DEBUG c.i.webscraper.scraper.WebScraper -        Q[42chars] | A[1098chars] | Code[0]
2026-05-13 15:57:35.731 [main] DEBUG c.i.webscraper.scraper.WebScraper -        Q[112chars] | A[1189chars] | Code[0]
2026-05-13 15:57:35.731 [main] DEBUG c.i.webscraper.scraper.WebScraper -        Q[46chars] | A[712chars] | Code[1]
2026-05-13 15:57:35.732 [main] DEBUG c.i.webscraper.scraper.WebScraper -        Q[78chars] | A[1193chars] | Code[1]
2026-05-13 15:57:35.733 [main] INFO  c.i.webscraper.scraper.WebScraper -      11 Q&A pair(s) extracted.
2026-05-13 15:57:35.733 [main] INFO  c.i.webscraper.scraper.WebScraper -   → Section: 'Kubernetes Security' (https://interview.in28minutes.com/interview-guides/kubernetes/kubernetes-security/)
2026-05-13 15:57:35.734 [main] DEBUG c.i.webscraper.scraper.WebScraper - Sleeping 2500ms (attempt 1/3) before: https://interview.in28minutes.com/interview-guides/kubernetes/kubernetes-security/
2026-05-13 15:57:38.870 [main] DEBUG c.i.webscraper.scraper.WebScraper - HTTP 200 ← https://interview.in28minutes.com/interview-guides/kubernetes/kubernetes-security/
2026-05-13 15:57:38.878 [main] DEBUG c.i.webscraper.scraper.WebScraper -      10 question heading(s) in 'Kubernetes Security'.
2026-05-13 15:57:38.879 [main] DEBUG c.i.webscraper.scraper.WebScraper -        Q[49chars] | A[794chars] | Code[1]
2026-05-13 15:57:38.880 [main] DEBUG c.i.webscraper.scraper.WebScraper -        Q[44chars] | A[671chars] | Code[1]
2026-05-13 15:57:38.880 [main] DEBUG c.i.webscraper.scraper.WebScraper -        Q[56chars] | A[867chars] | Code[1]
2026-05-13 15:57:38.881 [main] DEBUG c.i.webscraper.scraper.WebScraper -        Q[38chars] | A[1067chars] | Code[0]
2026-05-13 15:57:38.881 [main] DEBUG c.i.webscraper.scraper.WebScraper -        Q[42chars] | A[0chars] | Code[1]
2026-05-13 15:57:38.881 [main] DEBUG c.i.webscraper.scraper.WebScraper -        Q[39chars] | A[1214chars] | Code[0]
2026-05-13 15:57:38.882 [main] DEBUG c.i.webscraper.scraper.WebScraper -        Q[87chars] | A[1599chars] | Code[1]
2026-05-13 15:57:38.883 [main] DEBUG c.i.webscraper.scraper.WebScraper -        Q[37chars] | A[925chars] | Code[1]
2026-05-13 15:57:38.883 [main] INFO  c.i.webscraper.scraper.WebScraper -      8 Q&A pair(s) extracted.
2026-05-13 15:57:38.883 [main] INFO  c.i.webscraper.scraper.WebScraper -   → Section: 'Kubernetes Scheduling' (https://interview.in28minutes.com/interview-guides/kubernetes/kubernetes-scheduling/)
2026-05-13 15:57:38.883 [main] DEBUG c.i.webscraper.scraper.WebScraper - Sleeping 2500ms (attempt 1/3) before: https://interview.in28minutes.com/interview-guides/kubernetes/kubernetes-scheduling/
2026-05-13 15:57:42.359 [main] DEBUG c.i.webscraper.scraper.WebScraper - HTTP 200 ← https://interview.in28minutes.com/interview-guides/kubernetes/kubernetes-scheduling/
2026-05-13 15:57:42.366 [main] DEBUG c.i.webscraper.scraper.WebScraper -      13 question heading(s) in 'Kubernetes Scheduling'.
2026-05-13 15:57:42.367 [main] DEBUG c.i.webscraper.scraper.WebScraper -        Q[35chars] | A[817chars] | Code[0]
2026-05-13 15:57:42.367 [main] DEBUG c.i.webscraper.scraper.WebScraper -        Q[32chars] | A[0chars] | Code[1]
2026-05-13 15:57:42.369 [main] DEBUG c.i.webscraper.scraper.WebScraper -        Q[63chars] | A[464chars] | Code[1]
2026-05-13 15:57:42.370 [main] DEBUG c.i.webscraper.scraper.WebScraper -        Q[28chars] | A[826chars] | Code[0]
2026-05-13 15:57:42.371 [main] DEBUG c.i.webscraper.scraper.WebScraper -        Q[31chars] | A[0chars] | Code[1]
2026-05-13 15:57:42.371 [main] DEBUG c.i.webscraper.scraper.WebScraper -        Q[22chars] | A[772chars] | Code[0]
2026-05-13 15:57:42.372 [main] DEBUG c.i.webscraper.scraper.WebScraper -        Q[32chars] | A[0chars] | Code[1]
2026-05-13 15:57:42.373 [main] DEBUG c.i.webscraper.scraper.WebScraper -        Q[32chars] | A[1180chars] | Code[0]
2026-05-13 15:57:42.373 [main] DEBUG c.i.webscraper.scraper.WebScraper -        Q[41chars] | A[0chars] | Code[1]
2026-05-13 15:57:42.374 [main] DEBUG c.i.webscraper.scraper.WebScraper -        Q[32chars] | A[648chars] | Code[1]
2026-05-13 15:57:42.375 [main] DEBUG c.i.webscraper.scraper.WebScraper -        Q[40chars] | A[871chars] | Code[0]
2026-05-13 15:57:42.375 [main] INFO  c.i.webscraper.scraper.WebScraper -      11 Q&A pair(s) extracted.
2026-05-13 15:57:42.376 [main] INFO  c.i.webscraper.scraper.WebScraper -   → Section: 'Kubernetes Observability' (https://interview.in28minutes.com/interview-guides/kubernetes/kubernetes-observability/)
2026-05-13 15:57:42.376 [main] DEBUG c.i.webscraper.scraper.WebScraper - Sleeping 2500ms (attempt 1/3) before: https://interview.in28minutes.com/interview-guides/kubernetes/kubernetes-observability/
2026-05-13 15:57:45.924 [main] DEBUG c.i.webscraper.scraper.WebScraper - HTTP 200 ← https://interview.in28minutes.com/interview-guides/kubernetes/kubernetes-observability/
2026-05-13 15:57:45.926 [main] DEBUG c.i.webscraper.scraper.WebScraper -      9 question heading(s) in 'Kubernetes Observability'.
2026-05-13 15:57:45.926 [main] DEBUG c.i.webscraper.scraper.WebScraper -        Q[19chars] | A[960chars] | Code[0]
2026-05-13 15:57:45.927 [main] DEBUG c.i.webscraper.scraper.WebScraper -        Q[22chars] | A[992chars] | Code[0]
2026-05-13 15:57:45.927 [main] DEBUG c.i.webscraper.scraper.WebScraper -        Q[22chars] | A[1220chars] | Code[0]
2026-05-13 15:57:45.927 [main] DEBUG c.i.webscraper.scraper.WebScraper -        Q[50chars] | A[831chars] | Code[0]
2026-05-13 15:57:45.928 [main] DEBUG c.i.webscraper.scraper.WebScraper -        Q[29chars] | A[760chars] | Code[0]
2026-05-13 15:57:45.928 [main] DEBUG c.i.webscraper.scraper.WebScraper -        Q[24chars] | A[239chars] | Code[1]
2026-05-13 15:57:45.928 [main] DEBUG c.i.webscraper.scraper.WebScraper -        Q[33chars] | A[599chars] | Code[1]
2026-05-13 15:57:45.930 [main] INFO  c.i.webscraper.scraper.WebScraper -      7 Q&A pair(s) extracted.
2026-05-13 15:57:45.930 [main] INFO  c.i.webscraper.scraper.WebScraper -   → Section: 'More Kubernetes Essentials' (https://interview.in28minutes.com/interview-guides/kubernetes/more-kubernetes-essentials/)
2026-05-13 15:57:45.930 [main] DEBUG c.i.webscraper.scraper.WebScraper - Sleeping 2500ms (attempt 1/3) before: https://interview.in28minutes.com/interview-guides/kubernetes/more-kubernetes-essentials/
2026-05-13 15:57:49.119 [main] DEBUG c.i.webscraper.scraper.WebScraper - HTTP 200 ← https://interview.in28minutes.com/interview-guides/kubernetes/more-kubernetes-essentials/
2026-05-13 15:57:49.126 [main] DEBUG c.i.webscraper.scraper.WebScraper -      11 question heading(s) in 'More Kubernetes Essentials'.
2026-05-13 15:57:49.127 [main] DEBUG c.i.webscraper.scraper.WebScraper -        Q[12chars] | A[1464chars] | Code[0]
2026-05-13 15:57:49.128 [main] DEBUG c.i.webscraper.scraper.WebScraper -        Q[12chars] | A[796chars] | Code[0]
2026-05-13 15:57:49.128 [main] DEBUG c.i.webscraper.scraper.WebScraper -        Q[12chars] | A[1221chars] | Code[0]
2026-05-13 15:57:49.130 [main] DEBUG c.i.webscraper.scraper.WebScraper -        Q[53chars] | A[1013chars] | Code[0]
2026-05-13 15:57:49.130 [main] DEBUG c.i.webscraper.scraper.WebScraper -        Q[45chars] | A[846chars] | Code[0]
2026-05-13 15:57:49.131 [main] DEBUG c.i.webscraper.scraper.WebScraper -        Q[19chars] | A[1578chars] | Code[1]
2026-05-13 15:57:49.132 [main] DEBUG c.i.webscraper.scraper.WebScraper -        Q[26chars] | A[880chars] | Code[1]
2026-05-13 15:57:49.133 [main] DEBUG c.i.webscraper.scraper.WebScraper -        Q[18chars] | A[945chars] | Code[2]
2026-05-13 15:57:49.134 [main] DEBUG c.i.webscraper.scraper.WebScraper -        Q[56chars] | A[1880chars] | Code[0]
2026-05-13 15:57:49.134 [main] INFO  c.i.webscraper.scraper.WebScraper -      9 Q&A pair(s) extracted.
2026-05-13 15:57:49.135 [main] INFO  c.i.webscraper.scraper.WebScraper -   → Section: 'Kubernetes Interview - Diagrams' (https://interview.in28minutes.com/interview-guides/kubernetes/kubernetes-interview-diagrams/)
2026-05-13 15:57:49.135 [main] DEBUG c.i.webscraper.scraper.WebScraper - Sleeping 2500ms (attempt 1/3) before: https://interview.in28minutes.com/interview-guides/kubernetes/kubernetes-interview-diagrams/
2026-05-13 15:57:52.076 [main] DEBUG c.i.webscraper.scraper.WebScraper - HTTP 200 ← https://interview.in28minutes.com/interview-guides/kubernetes/kubernetes-interview-diagrams/
2026-05-13 15:57:52.080 [main] DEBUG c.i.webscraper.scraper.WebScraper -      16 question heading(s) in 'Kubernetes Interview - Diagrams'.
2026-05-13 15:57:52.081 [main] DEBUG c.i.webscraper.scraper.WebScraper -        Q[26chars] | A[0chars] | Code[1]
2026-05-13 15:57:52.082 [main] DEBUG c.i.webscraper.scraper.WebScraper -        Q[26chars] | A[0chars] | Code[1]
2026-05-13 15:57:52.082 [main] DEBUG c.i.webscraper.scraper.WebScraper -        Q[7chars] | A[0chars] | Code[1]
2026-05-13 15:57:52.082 [main] DEBUG c.i.webscraper.scraper.WebScraper -        Q[6chars] | A[17chars] | Code[0]
2026-05-13 15:57:52.082 [main] DEBUG c.i.webscraper.scraper.WebScraper -        Q[7chars] | A[0chars] | Code[1]
2026-05-13 15:57:52.082 [main] DEBUG c.i.webscraper.scraper.WebScraper -        Q[12chars] | A[0chars] | Code[1]
2026-05-13 15:57:52.082 [main] INFO  c.i.webscraper.scraper.WebScraper -      6 Q&A pair(s) extracted.
2026-05-13 15:57:52.083 [main] INFO  c.i.webscraper.scraper.WebScraper - Topic 'Kubernetes' complete → 10 section(s).
2026-05-13 15:57:52.083 [main] INFO  c.i.webscraper.scraper.WebScraper - ---------- Topic: Terraform → https://interview.in28minutes.com/terraform/
2026-05-13 15:57:52.083 [main] DEBUG c.i.webscraper.scraper.WebScraper - Sleeping 2500ms (attempt 1/3) before: https://interview.in28minutes.com/terraform/
2026-05-13 15:57:55.327 [main] DEBUG c.i.webscraper.scraper.WebScraper - HTTP 200 ← https://interview.in28minutes.com/terraform/
2026-05-13 15:57:55.331 [main] DEBUG c.i.webscraper.scraper.WebScraper - Topic 'Terraform' → 5 card(s) found.
2026-05-13 15:57:55.331 [main] INFO  c.i.webscraper.scraper.WebScraper -   → Section: 'Introduction to Terraform' (https://interview.in28minutes.com/interview-guides/terraform/introduction-to-terraform/)
2026-05-13 15:57:55.332 [main] DEBUG c.i.webscraper.scraper.WebScraper - Sleeping 2500ms (attempt 1/3) before: https://interview.in28minutes.com/interview-guides/terraform/introduction-to-terraform/
2026-05-13 15:57:58.721 [main] DEBUG c.i.webscraper.scraper.WebScraper - HTTP 200 ← https://interview.in28minutes.com/interview-guides/terraform/introduction-to-terraform/
2026-05-13 15:57:58.728 [main] DEBUG c.i.webscraper.scraper.WebScraper -      9 question heading(s) in 'Introduction to Terraform'.
2026-05-13 15:57:58.729 [main] DEBUG c.i.webscraper.scraper.WebScraper -        Q[18chars] | A[1245chars] | Code[0]
2026-05-13 15:57:58.730 [main] DEBUG c.i.webscraper.scraper.WebScraper -        Q[58chars] | A[1831chars] | Code[0]
2026-05-13 15:57:58.731 [main] DEBUG c.i.webscraper.scraper.WebScraper -        Q[80chars] | A[1062chars] | Code[0]
2026-05-13 15:57:58.731 [main] DEBUG c.i.webscraper.scraper.WebScraper -        Q[46chars] | A[1044chars] | Code[1]
2026-05-13 15:57:58.732 [main] DEBUG c.i.webscraper.scraper.WebScraper -        Q[43chars] | A[2302chars] | Code[0]
2026-05-13 15:57:58.733 [main] DEBUG c.i.webscraper.scraper.WebScraper -        Q[62chars] | A[884chars] | Code[0]
2026-05-13 15:57:58.733 [main] DEBUG c.i.webscraper.scraper.WebScraper -        Q[42chars] | A[1068chars] | Code[1]
2026-05-13 15:57:58.734 [main] DEBUG c.i.webscraper.scraper.WebScraper -        Q[60chars] | A[432chars] | Code[1]
2026-05-13 15:57:58.734 [main] INFO  c.i.webscraper.scraper.WebScraper -      8 Q&A pair(s) extracted.
2026-05-13 15:57:58.735 [main] INFO  c.i.webscraper.scraper.WebScraper -   → Section: 'Terraform Language - HCL' (https://interview.in28minutes.com/interview-guides/terraform/terraform-language-hcl/)
2026-05-13 15:57:58.735 [main] DEBUG c.i.webscraper.scraper.WebScraper - Sleeping 2500ms (attempt 1/3) before: https://interview.in28minutes.com/interview-guides/terraform/terraform-language-hcl/
2026-05-13 15:58:01.959 [main] DEBUG c.i.webscraper.scraper.WebScraper - HTTP 200 ← https://interview.in28minutes.com/interview-guides/terraform/terraform-language-hcl/
2026-05-13 15:58:01.966 [main] DEBUG c.i.webscraper.scraper.WebScraper -      8 question heading(s) in 'Terraform Language - HCL'.
2026-05-13 15:58:01.967 [main] DEBUG c.i.webscraper.scraper.WebScraper -        Q[68chars] | A[866chars] | Code[0]
2026-05-13 15:58:01.968 [main] DEBUG c.i.webscraper.scraper.WebScraper -        Q[68chars] | A[550chars] | Code[1]
2026-05-13 15:58:01.969 [main] DEBUG c.i.webscraper.scraper.WebScraper -        Q[38chars] | A[824chars] | Code[1]
2026-05-13 15:58:01.969 [main] DEBUG c.i.webscraper.scraper.WebScraper -        Q[65chars] | A[503chars] | Code[1]
2026-05-13 15:58:01.970 [main] DEBUG c.i.webscraper.scraper.WebScraper -        Q[35chars] | A[792chars] | Code[1]
2026-05-13 15:58:01.971 [main] DEBUG c.i.webscraper.scraper.WebScraper -        Q[54chars] | A[518chars] | Code[4]
2026-05-13 15:58:01.971 [main] DEBUG c.i.webscraper.scraper.WebScraper -        Q[49chars] | A[1001chars] | Code[1]
2026-05-13 15:58:01.973 [main] DEBUG c.i.webscraper.scraper.WebScraper -        Q[50chars] | A[135chars] | Code[1]
2026-05-13 15:58:01.973 [main] INFO  c.i.webscraper.scraper.WebScraper -      8 Q&A pair(s) extracted.
2026-05-13 15:58:01.974 [main] INFO  c.i.webscraper.scraper.WebScraper -   → Section: 'Terraform State Management' (https://interview.in28minutes.com/interview-guides/terraform/terraform-state-management/)
2026-05-13 15:58:01.974 [main] DEBUG c.i.webscraper.scraper.WebScraper - Sleeping 2500ms (attempt 1/3) before: https://interview.in28minutes.com/interview-guides/terraform/terraform-state-management/
2026-05-13 15:58:05.334 [main] DEBUG c.i.webscraper.scraper.WebScraper - HTTP 200 ← https://interview.in28minutes.com/interview-guides/terraform/terraform-state-management/
2026-05-13 15:58:05.341 [main] DEBUG c.i.webscraper.scraper.WebScraper -      8 question heading(s) in 'Terraform State Management'.
2026-05-13 15:58:05.342 [main] DEBUG c.i.webscraper.scraper.WebScraper -        Q[37chars] | A[1264chars] | Code[0]
2026-05-13 15:58:05.344 [main] DEBUG c.i.webscraper.scraper.WebScraper -        Q[42chars] | A[4808chars] | Code[4]
2026-05-13 15:58:05.346 [main] DEBUG c.i.webscraper.scraper.WebScraper -        Q[49chars] | A[958chars] | Code[1]
2026-05-13 15:58:05.346 [main] DEBUG c.i.webscraper.scraper.WebScraper -        Q[60chars] | A[523chars] | Code[1]
2026-05-13 15:58:05.347 [main] DEBUG c.i.webscraper.scraper.WebScraper -        Q[18chars] | A[2007chars] | Code[0]
2026-05-13 15:58:05.348 [main] DEBUG c.i.webscraper.scraper.WebScraper -        Q[30chars] | A[2340chars] | Code[0]
2026-05-13 15:58:05.349 [main] DEBUG c.i.webscraper.scraper.WebScraper -        Q[73chars] | A[682chars] | Code[2]
2026-05-13 15:58:05.349 [main] DEBUG c.i.webscraper.scraper.WebScraper -        Q[64chars] | A[829chars] | Code[1]
2026-05-13 15:58:05.351 [main] INFO  c.i.webscraper.scraper.WebScraper -      8 Q&A pair(s) extracted.
2026-05-13 15:58:05.351 [main] INFO  c.i.webscraper.scraper.WebScraper -   → Section: 'Terraform Best Practices' (https://interview.in28minutes.com/interview-guides/terraform/terraform-best-practices/)
2026-05-13 15:58:05.351 [main] DEBUG c.i.webscraper.scraper.WebScraper - Sleeping 2500ms (attempt 1/3) before: https://interview.in28minutes.com/interview-guides/terraform/terraform-best-practices/
2026-05-13 15:58:08.549 [main] DEBUG c.i.webscraper.scraper.WebScraper - HTTP 200 ← https://interview.in28minutes.com/interview-guides/terraform/terraform-best-practices/
2026-05-13 15:58:08.555 [main] DEBUG c.i.webscraper.scraper.WebScraper -      8 question heading(s) in 'Terraform Best Practices'.
2026-05-13 15:58:08.556 [main] DEBUG c.i.webscraper.scraper.WebScraper -        Q[52chars] | A[1467chars] | Code[1]
2026-05-13 15:58:08.557 [main] DEBUG c.i.webscraper.scraper.WebScraper -        Q[55chars] | A[1090chars] | Code[1]
2026-05-13 15:58:08.558 [main] DEBUG c.i.webscraper.scraper.WebScraper -        Q[27chars] | A[1729chars] | Code[3]
2026-05-13 15:58:08.559 [main] DEBUG c.i.webscraper.scraper.WebScraper -        Q[42chars] | A[1357chars] | Code[0]
2026-05-13 15:58:08.560 [main] DEBUG c.i.webscraper.scraper.WebScraper -        Q[62chars] | A[1105chars] | Code[0]
2026-05-13 15:58:08.560 [main] DEBUG c.i.webscraper.scraper.WebScraper -        Q[37chars] | A[789chars] | Code[0]
2026-05-13 15:58:08.561 [main] DEBUG c.i.webscraper.scraper.WebScraper -        Q[38chars] | A[1222chars] | Code[0]
2026-05-13 15:58:08.562 [main] DEBUG c.i.webscraper.scraper.WebScraper -        Q[27chars] | A[2676chars] | Code[0]
2026-05-13 15:58:08.562 [main] INFO  c.i.webscraper.scraper.WebScraper -      8 Q&A pair(s) extracted.
2026-05-13 15:58:08.563 [main] INFO  c.i.webscraper.scraper.WebScraper -   → Section: 'Terraform Interview - Diagrams' (https://interview.in28minutes.com/interview-guides/terraform/terraform-interview-diagrams/)
2026-05-13 15:58:08.563 [main] DEBUG c.i.webscraper.scraper.WebScraper - Sleeping 2500ms (attempt 1/3) before: https://interview.in28minutes.com/interview-guides/terraform/terraform-interview-diagrams/
2026-05-13 15:58:11.450 [main] DEBUG c.i.webscraper.scraper.WebScraper - HTTP 200 ← https://interview.in28minutes.com/interview-guides/terraform/terraform-interview-diagrams/
2026-05-13 15:58:11.452 [main] DEBUG c.i.webscraper.scraper.WebScraper -      4 question heading(s) in 'Terraform Interview - Diagrams'.
2026-05-13 15:58:11.452 [main] WARN  c.i.webscraper.scraper.WebScraper -      Section 'Terraform Interview - Diagrams' had no Q&A pairs.
2026-05-13 15:58:11.454 [main] INFO  c.i.webscraper.scraper.WebScraper - Topic 'Terraform' complete → 4 section(s).
2026-05-13 15:58:11.454 [main] INFO  c.i.webscraper.scraper.WebScraper - ---------- Topic: Git → https://interview.in28minutes.com/git/
2026-05-13 15:58:11.454 [main] DEBUG c.i.webscraper.scraper.WebScraper - Sleeping 2500ms (attempt 1/3) before: https://interview.in28minutes.com/git/
2026-05-13 15:58:14.343 [main] DEBUG c.i.webscraper.scraper.WebScraper - HTTP 200 ← https://interview.in28minutes.com/git/
2026-05-13 15:58:14.346 [main] DEBUG c.i.webscraper.scraper.WebScraper - Topic 'Git' → 4 card(s) found.
2026-05-13 15:58:14.347 [main] INFO  c.i.webscraper.scraper.WebScraper -   → Section: 'Introduction to Git' (https://interview.in28minutes.com/interview-guides/git/introduction-to-git/)
2026-05-13 15:58:14.347 [main] DEBUG c.i.webscraper.scraper.WebScraper - Sleeping 2500ms (attempt 1/3) before: https://interview.in28minutes.com/interview-guides/git/introduction-to-git/
2026-05-13 15:58:17.732 [main] DEBUG c.i.webscraper.scraper.WebScraper - HTTP 200 ← https://interview.in28minutes.com/interview-guides/git/introduction-to-git/
2026-05-13 15:58:17.738 [main] DEBUG c.i.webscraper.scraper.WebScraper -      10 question heading(s) in 'Introduction to Git'.
2026-05-13 15:58:17.739 [main] DEBUG c.i.webscraper.scraper.WebScraper -        Q[33chars] | A[640chars] | Code[1]
2026-05-13 15:58:17.740 [main] DEBUG c.i.webscraper.scraper.WebScraper -        Q[78chars] | A[834chars] | Code[0]
2026-05-13 15:58:17.741 [main] DEBUG c.i.webscraper.scraper.WebScraper -        Q[42chars] | A[1678chars] | Code[8]
2026-05-13 15:58:17.742 [main] DEBUG c.i.webscraper.scraper.WebScraper -        Q[27chars] | A[1750chars] | Code[0]
2026-05-13 15:58:17.742 [main] DEBUG c.i.webscraper.scraper.WebScraper -        Q[64chars] | A[66chars] | Code[0]
2026-05-13 15:58:17.743 [main] DEBUG c.i.webscraper.scraper.WebScraper -        Q[15chars] | A[1407chars] | Code[0]
2026-05-13 15:58:17.743 [main] DEBUG c.i.webscraper.scraper.WebScraper -        Q[85chars] | A[1112chars] | Code[1]
2026-05-13 15:58:17.744 [main] DEBUG c.i.webscraper.scraper.WebScraper -        Q[38chars] | A[2220chars] | Code[0]
2026-05-13 15:58:17.746 [main] DEBUG c.i.webscraper.scraper.WebScraper -        Q[54chars] | A[1702chars] | Code[0]
2026-05-13 15:58:17.747 [main] DEBUG c.i.webscraper.scraper.WebScraper -        Q[65chars] | A[1263chars] | Code[0]
2026-05-13 15:58:17.747 [main] INFO  c.i.webscraper.scraper.WebScraper -      10 Q&A pair(s) extracted.
2026-05-13 15:58:17.747 [main] INFO  c.i.webscraper.scraper.WebScraper -   → Section: 'Git Branching' (https://interview.in28minutes.com/interview-guides/git/git-branching/)
2026-05-13 15:58:17.748 [main] DEBUG c.i.webscraper.scraper.WebScraper - Sleeping 2500ms (attempt 1/3) before: https://interview.in28minutes.com/interview-guides/git/git-branching/
2026-05-13 15:58:20.798 [main] DEBUG c.i.webscraper.scraper.WebScraper - HTTP 200 ← https://interview.in28minutes.com/interview-guides/git/git-branching/
2026-05-13 15:58:20.804 [main] DEBUG c.i.webscraper.scraper.WebScraper -      7 question heading(s) in 'Git Branching'.
2026-05-13 15:58:20.805 [main] DEBUG c.i.webscraper.scraper.WebScraper -        Q[38chars] | A[1041chars] | Code[0]
2026-05-13 15:58:20.806 [main] DEBUG c.i.webscraper.scraper.WebScraper -        Q[69chars] | A[978chars] | Code[1]
2026-05-13 15:58:20.806 [main] DEBUG c.i.webscraper.scraper.WebScraper -        Q[52chars] | A[2057chars] | Code[6]
2026-05-13 15:58:20.807 [main] DEBUG c.i.webscraper.scraper.WebScraper -        Q[57chars] | A[4002chars] | Code[0]
2026-05-13 15:58:20.809 [main] DEBUG c.i.webscraper.scraper.WebScraper -        Q[18chars] | A[2563chars] | Code[5]
2026-05-13 15:58:20.810 [main] DEBUG c.i.webscraper.scraper.WebScraper -        Q[18chars] | A[1586chars] | Code[0]
2026-05-13 15:58:20.810 [main] DEBUG c.i.webscraper.scraper.WebScraper -        Q[29chars] | A[1280chars] | Code[0]
2026-05-13 15:58:20.810 [main] INFO  c.i.webscraper.scraper.WebScraper -      7 Q&A pair(s) extracted.
2026-05-13 15:58:20.811 [main] INFO  c.i.webscraper.scraper.WebScraper -   → Section: 'Git - Other Features You Need To Know' (https://interview.in28minutes.com/interview-guides/git/git-other-features-you-need-to-know/)
2026-05-13 15:58:20.811 [main] DEBUG c.i.webscraper.scraper.WebScraper - Sleeping 2500ms (attempt 1/3) before: https://interview.in28minutes.com/interview-guides/git/git-other-features-you-need-to-know/
2026-05-13 15:58:24.079 [main] DEBUG c.i.webscraper.scraper.WebScraper - HTTP 200 ← https://interview.in28minutes.com/interview-guides/git/git-other-features-you-need-to-know/
2026-05-13 15:58:24.085 [main] DEBUG c.i.webscraper.scraper.WebScraper -      9 question heading(s) in 'Git - Other Features You Need To Know'.
2026-05-13 15:58:24.085 [main] DEBUG c.i.webscraper.scraper.WebScraper -        Q[67chars] | A[531chars] | Code[1]
2026-05-13 15:58:24.086 [main] DEBUG c.i.webscraper.scraper.WebScraper -        Q[54chars] | A[574chars] | Code[1]
2026-05-13 15:58:24.086 [main] DEBUG c.i.webscraper.scraper.WebScraper -        Q[80chars] | A[517chars] | Code[1]
2026-05-13 15:58:24.087 [main] DEBUG c.i.webscraper.scraper.WebScraper -        Q[59chars] | A[639chars] | Code[2]
2026-05-13 15:58:24.087 [main] DEBUG c.i.webscraper.scraper.WebScraper -        Q[69chars] | A[1120chars] | Code[0]
2026-05-13 15:58:24.088 [main] DEBUG c.i.webscraper.scraper.WebScraper -        Q[70chars] | A[335chars] | Code[1]
2026-05-13 15:58:24.089 [main] DEBUG c.i.webscraper.scraper.WebScraper -        Q[51chars] | A[276chars] | Code[1]
2026-05-13 15:58:24.089 [main] DEBUG c.i.webscraper.scraper.WebScraper -        Q[60chars] | A[331chars] | Code[1]
2026-05-13 15:58:24.090 [main] INFO  c.i.webscraper.scraper.WebScraper -      8 Q&A pair(s) extracted.
2026-05-13 15:58:24.090 [main] INFO  c.i.webscraper.scraper.WebScraper -   → Section: 'Git Interview - Diagrams' (https://interview.in28minutes.com/interview-guides/git/git-interview-diagrams/)
2026-05-13 15:58:24.090 [main] DEBUG c.i.webscraper.scraper.WebScraper - Sleeping 2500ms (attempt 1/3) before: https://interview.in28minutes.com/interview-guides/git/git-interview-diagrams/
2026-05-13 15:58:27.421 [main] DEBUG c.i.webscraper.scraper.WebScraper - HTTP 200 ← https://interview.in28minutes.com/interview-guides/git/git-interview-diagrams/
2026-05-13 15:58:27.424 [main] DEBUG c.i.webscraper.scraper.WebScraper -      9 question heading(s) in 'Git Interview - Diagrams'.
2026-05-13 15:58:27.425 [main] DEBUG c.i.webscraper.scraper.WebScraper -        Q[9chars] | A[38chars] | Code[0]
2026-05-13 15:58:27.425 [main] DEBUG c.i.webscraper.scraper.WebScraper -        Q[16chars] | A[0chars] | Code[1]
2026-05-13 15:58:27.426 [main] DEBUG c.i.webscraper.scraper.WebScraper -        Q[15chars] | A[0chars] | Code[1]
2026-05-13 15:58:27.427 [main] DEBUG c.i.webscraper.scraper.WebScraper -        Q[20chars] | A[0chars] | Code[1]
2026-05-13 15:58:27.427 [main] DEBUG c.i.webscraper.scraper.WebScraper -        Q[19chars] | A[0chars] | Code[1]
2026-05-13 15:58:27.427 [main] DEBUG c.i.webscraper.scraper.WebScraper -        Q[19chars] | A[0chars] | Code[1]
2026-05-13 15:58:27.428 [main] DEBUG c.i.webscraper.scraper.WebScraper -        Q[38chars] | A[0chars] | Code[1]
2026-05-13 15:58:27.429 [main] DEBUG c.i.webscraper.scraper.WebScraper -        Q[7chars] | A[0chars] | Code[1]
2026-05-13 15:58:27.429 [main] DEBUG c.i.webscraper.scraper.WebScraper -        Q[10chars] | A[0chars] | Code[1]
2026-05-13 15:58:27.429 [main] INFO  c.i.webscraper.scraper.WebScraper -      9 Q&A pair(s) extracted.
2026-05-13 15:58:27.430 [main] INFO  c.i.webscraper.scraper.WebScraper - Topic 'Git' complete → 4 section(s).
2026-05-13 15:58:27.430 [main] INFO  c.i.webscraper.scraper.WebScraper - ===== Done. 7 book(s) populated. =====
2026-05-13 15:58:27.431 [main] INFO  com.in28minutes.webscraper.Main - Phase 1 complete. 7 topic(s) scraped successfully:
2026-05-13 15:58:27.431 [main] INFO  com.in28minutes.webscraper.Main -   • Java → 17 section(s)
2026-05-13 15:58:27.432 [main] INFO  com.in28minutes.webscraper.Main -   • DevOps → 1 section(s)
2026-05-13 15:58:27.432 [main] INFO  com.in28minutes.webscraper.Main -   • Cloud → 7 section(s)
2026-05-13 15:58:27.433 [main] INFO  com.in28minutes.webscraper.Main -   • Docker → 9 section(s)
2026-05-13 15:58:27.433 [main] INFO  com.in28minutes.webscraper.Main -   • Kubernetes → 10 section(s)
2026-05-13 15:58:27.434 [main] INFO  com.in28minutes.webscraper.Main -   • Terraform → 4 section(s)
2026-05-13 15:58:27.434 [main] INFO  com.in28minutes.webscraper.Main -   • Git → 4 section(s)
2026-05-13 15:58:27.434 [main] INFO  com.in28minutes.webscraper.Main - Phase 2: PDF generation initiated.
2026-05-13 15:58:27.644 [main] INFO  c.i.webscraper.pdf.PdfGenerator - ===== PDF generation: 7 book(s) =====
2026-05-13 15:58:27.644 [main] INFO  c.i.webscraper.pdf.PdfGenerator - Generating: Java_Interview_Guide.pdf
2026-05-13 15:58:28.300 [main] INFO  c.i.webscraper.pdf.PdfGenerator -   Written: Java_Interview_Guide.pdf (425 KB)
2026-05-13 15:58:28.300 [main] INFO  c.i.webscraper.pdf.PdfGenerator - Generating: DevOps_Interview_Guide.pdf
2026-05-13 15:58:28.317 [main] INFO  c.i.webscraper.pdf.PdfGenerator -   Written: DevOps_Interview_Guide.pdf (22 KB)
2026-05-13 15:58:28.318 [main] INFO  c.i.webscraper.pdf.PdfGenerator - Generating: Cloud_Interview_Guide.pdf
2026-05-13 15:58:28.365 [main] INFO  c.i.webscraper.pdf.PdfGenerator -   Written: Cloud_Interview_Guide.pdf (90 KB)
2026-05-13 15:58:28.365 [main] INFO  c.i.webscraper.pdf.PdfGenerator - Generating: Docker_Interview_Guide.pdf
2026-05-13 15:58:28.428 [main] INFO  c.i.webscraper.pdf.PdfGenerator -   Written: Docker_Interview_Guide.pdf (100 KB)
2026-05-13 15:58:28.429 [main] INFO  c.i.webscraper.pdf.PdfGenerator - Generating: Kubernetes_Interview_Guide.pdf
2026-05-13 15:58:28.511 [main] INFO  c.i.webscraper.pdf.PdfGenerator -   Written: Kubernetes_Interview_Guide.pdf (137 KB)
2026-05-13 15:58:28.511 [main] INFO  c.i.webscraper.pdf.PdfGenerator - Generating: Terraform_Interview_Guide.pdf
2026-05-13 15:58:28.554 [main] INFO  c.i.webscraper.pdf.PdfGenerator -   Written: Terraform_Interview_Guide.pdf (73 KB)
2026-05-13 15:58:28.555 [main] INFO  c.i.webscraper.pdf.PdfGenerator - Generating: Git_Interview_Guide.pdf
2026-05-13 15:58:28.586 [main] INFO  c.i.webscraper.pdf.PdfGenerator -   Written: Git_Interview_Guide.pdf (58 KB)
2026-05-13 15:58:28.586 [main] INFO  c.i.webscraper.pdf.PdfGenerator - ===== Done. 7/7 PDF(s) in 'C:\Users\mmohamm1\OneDrive - Capgemini\Desktop\WebScraper\output' =====
2026-05-13 15:58:28.586 [main] INFO  com.in28minutes.webscraper.Main - =========================================================
2026-05-13 15:58:28.586 [main] INFO  com.in28minutes.webscraper.Main -   All done!  Elapsed time: 206s
2026-05-13 15:58:28.586 [main] INFO  com.in28minutes.webscraper.Main -   Output directory: C:\Users\mmohamm1\OneDrive - Capgemini\Desktop\WebScraper\output
2026-05-13 15:58:28.588 [main] INFO  com.in28minutes.webscraper.Main -   7 PDF file(s) generated:
2026-05-13 15:58:28.588 [main] INFO  com.in28minutes.webscraper.Main -     → Cloud_Interview_Guide.pdf (90 KB)
2026-05-13 15:58:28.589 [main] INFO  com.in28minutes.webscraper.Main -     → DevOps_Interview_Guide.pdf (22 KB)
2026-05-13 15:58:28.589 [main] INFO  com.in28minutes.webscraper.Main -     → Docker_Interview_Guide.pdf (100 KB)
2026-05-13 15:58:28.590 [main] INFO  com.in28minutes.webscraper.Main -     → Git_Interview_Guide.pdf (58 KB)
2026-05-13 15:58:28.590 [main] INFO  com.in28minutes.webscraper.Main -     → Java_Interview_Guide.pdf (425 KB)
2026-05-13 15:58:28.590 [main] INFO  com.in28minutes.webscraper.Main -     → Kubernetes_Interview_Guide.pdf (137 KB)
2026-05-13 15:58:28.590 [main] INFO  com.in28minutes.webscraper.Main -     → Terraform_Interview_Guide.pdf (73 KB)
2026-05-13 15:58:28.591 [main] INFO  com.in28minutes.webscraper.Main - =========================================================
2026-05-13 16:06:22.501 [main] INFO  com.in28minutes.webscraper.Main - In28Minutes Interview Guide Scraper starting...
2026-05-13 16:06:22.502 [main] INFO  com.in28minutes.webscraper.Main - Phase 1: Web scraping initiated.
2026-05-13 16:06:22.671 [main] INFO  c.i.webscraper.scraper.WebScraper - SSL trust-all installed (scraper mode).
2026-05-13 16:06:22.671 [main] INFO  c.i.webscraper.scraper.WebScraper - ===== Starting scrape for 7 topic(s) =====
2026-05-13 16:06:22.673 [main] INFO  c.i.webscraper.scraper.WebScraper - ---------- Topic: Java → https://interview.in28minutes.com/java/
2026-05-13 16:06:22.675 [main] DEBUG c.i.webscraper.scraper.WebScraper - Sleeping 2500ms (attempt 1/3) before: https://interview.in28minutes.com/java/
2026-05-13 16:06:26.533 [main] DEBUG c.i.webscraper.scraper.WebScraper - HTTP 200 ← https://interview.in28minutes.com/java/
2026-05-13 16:06:26.664 [main] DEBUG c.i.webscraper.scraper.WebScraper - Topic 'Java' → 17 card(s) found.
2026-05-13 16:06:26.668 [main] INFO  c.i.webscraper.scraper.WebScraper -   → Section: 'Java Platform' (https://interview.in28minutes.com/interview-guides/java/java-platform/)
2026-05-13 16:06:26.668 [main] DEBUG c.i.webscraper.scraper.WebScraper - Sleeping 2500ms (attempt 1/3) before: https://interview.in28minutes.com/interview-guides/java/java-platform/
2026-05-13 16:06:29.896 [main] DEBUG c.i.webscraper.scraper.WebScraper - HTTP 200 ← https://interview.in28minutes.com/interview-guides/java/java-platform/
2026-05-13 16:06:29.970 [main] DEBUG c.i.webscraper.scraper.WebScraper -      19 question heading(s) in 'Java Platform'.
2026-05-13 16:06:29.976 [main] DEBUG c.i.webscraper.scraper.WebScraper -        Q[30chars] | A[343chars] | Code[1]
2026-05-13 16:06:29.979 [main] DEBUG c.i.webscraper.scraper.WebScraper -        Q[36chars] | A[744chars] | Code[0]
2026-05-13 16:06:29.984 [main] DEBUG c.i.webscraper.scraper.WebScraper -        Q[32chars] | A[656chars] | Code[3]
2026-05-13 16:06:30.006 [main] DEBUG c.i.webscraper.scraper.WebScraper -        Q[66chars] | A[1977chars] | Code[6]
2026-05-13 16:06:30.011 [main] DEBUG c.i.webscraper.scraper.WebScraper -        Q[17chars] | A[1093chars] | Code[0]
2026-05-13 16:06:30.014 [main] DEBUG c.i.webscraper.scraper.WebScraper -        Q[39chars] | A[351chars] | Code[4]
2026-05-13 16:06:30.019 [main] DEBUG c.i.webscraper.scraper.WebScraper -        Q[48chars] | A[648chars] | Code[9]
2026-05-13 16:06:30.021 [main] DEBUG c.i.webscraper.scraper.WebScraper -        Q[18chars] | A[259chars] | Code[1]
2026-05-13 16:06:30.023 [main] DEBUG c.i.webscraper.scraper.WebScraper -        Q[43chars] | A[321chars] | Code[0]
2026-05-13 16:06:30.030 [main] DEBUG c.i.webscraper.scraper.WebScraper -        Q[27chars] | A[1574chars] | Code[1]
2026-05-13 16:06:30.032 [main] DEBUG c.i.webscraper.scraper.WebScraper -        Q[53chars] | A[590chars] | Code[0]
2026-05-13 16:06:30.034 [main] DEBUG c.i.webscraper.scraper.WebScraper -        Q[89chars] | A[516chars] | Code[2]
2026-05-13 16:06:30.036 [main] DEBUG c.i.webscraper.scraper.WebScraper -        Q[29chars] | A[568chars] | Code[0]
2026-05-13 16:06:30.038 [main] DEBUG c.i.webscraper.scraper.WebScraper -        Q[32chars] | A[375chars] | Code[0]
2026-05-13 16:06:30.040 [main] DEBUG c.i.webscraper.scraper.WebScraper -        Q[74chars] | A[757chars] | Code[0]
2026-05-13 16:06:30.043 [main] DEBUG c.i.webscraper.scraper.WebScraper -        Q[39chars] | A[410chars] | Code[2]
2026-05-13 16:06:30.050 [main] DEBUG c.i.webscraper.scraper.WebScraper -        Q[55chars] | A[1659chars] | Code[8]
2026-05-13 16:06:30.051 [main] DEBUG c.i.webscraper.scraper.WebScraper -        Q[55chars] | A[557chars] | Code[0]
2026-05-13 16:06:30.051 [main] INFO  c.i.webscraper.scraper.WebScraper -      18 Q&A pair(s) extracted.
2026-05-13 16:06:30.054 [main] INFO  c.i.webscraper.scraper.WebScraper -   → Section: 'Java Landscape' (https://interview.in28minutes.com/interview-guides/java/java-landscape/)
2026-05-13 16:06:30.054 [main] DEBUG c.i.webscraper.scraper.WebScraper - Sleeping 2500ms (attempt 1/3) before: https://interview.in28minutes.com/interview-guides/java/java-landscape/
2026-05-13 16:06:33.524 [main] DEBUG c.i.webscraper.scraper.WebScraper - HTTP 200 ← https://interview.in28minutes.com/interview-guides/java/java-landscape/
2026-05-13 16:06:33.541 [main] DEBUG c.i.webscraper.scraper.WebScraper -      12 question heading(s) in 'Java Landscape'.
2026-05-13 16:06:33.543 [main] DEBUG c.i.webscraper.scraper.WebScraper -        Q[14chars] | A[182chars] | Code[0]
2026-05-13 16:06:33.546 [main] DEBUG c.i.webscraper.scraper.WebScraper -        Q[29chars] | A[1077chars] | Code[0]
2026-05-13 16:06:33.549 [main] DEBUG c.i.webscraper.scraper.WebScraper -        Q[47chars] | A[1114chars] | Code[0]
2026-05-13 16:06:33.562 [main] DEBUG c.i.webscraper.scraper.WebScraper -        Q[19chars] | A[310chars] | Code[2]
2026-05-13 16:06:33.566 [main] DEBUG c.i.webscraper.scraper.WebScraper -        Q[51chars] | A[1438chars] | Code[0]
2026-05-13 16:06:33.636 [main] DEBUG c.i.webscraper.scraper.WebScraper -        Q[12chars] | A[844chars] | Code[0]
2026-05-13 16:06:33.694 [main] DEBUG c.i.webscraper.scraper.WebScraper -        Q[10chars] | A[1018chars] | Code[0]
2026-05-13 16:06:33.700 [main] DEBUG c.i.webscraper.scraper.WebScraper -        Q[22chars] | A[100chars] | Code[0]
2026-05-13 16:06:33.703 [main] DEBUG c.i.webscraper.scraper.WebScraper -        Q[63chars] | A[485chars] | Code[0]
2026-05-13 16:06:33.707 [main] DEBUG c.i.webscraper.scraper.WebScraper -        Q[36chars] | A[947chars] | Code[0]
2026-05-13 16:06:33.709 [main] DEBUG c.i.webscraper.scraper.WebScraper -        Q[43chars] | A[711chars] | Code[0]
2026-05-13 16:06:33.714 [main] DEBUG c.i.webscraper.scraper.WebScraper -        Q[26chars] | A[147chars] | Code[0]
2026-05-13 16:06:33.720 [main] INFO  c.i.webscraper.scraper.WebScraper -      12 Q&A pair(s) extracted.
2026-05-13 16:06:33.722 [main] INFO  c.i.webscraper.scraper.WebScraper -   → Section: 'Java Memory Management' (https://interview.in28minutes.com/interview-guides/java/java-memory-management/)
2026-05-13 16:06:33.723 [main] DEBUG c.i.webscraper.scraper.WebScraper - Sleeping 2500ms (attempt 1/3) before: https://interview.in28minutes.com/interview-guides/java/java-memory-management/
2026-05-13 16:06:36.771 [main] DEBUG c.i.webscraper.scraper.WebScraper - HTTP 200 ← https://interview.in28minutes.com/interview-guides/java/java-memory-management/
2026-05-13 16:06:36.805 [main] DEBUG c.i.webscraper.scraper.WebScraper -      13 question heading(s) in 'Java Memory Management'.
2026-05-13 16:06:36.810 [main] DEBUG c.i.webscraper.scraper.WebScraper -        Q[65chars] | A[878chars] | Code[3]
2026-05-13 16:06:36.813 [main] DEBUG c.i.webscraper.scraper.WebScraper -        Q[22chars] | A[730chars] | Code[4]
2026-05-13 16:06:36.815 [main] DEBUG c.i.webscraper.scraper.WebScraper -        Q[33chars] | A[411chars] | Code[1]
2026-05-13 16:06:36.819 [main] DEBUG c.i.webscraper.scraper.WebScraper -        Q[21chars] | A[1486chars] | Code[2]
2026-05-13 16:06:36.820 [main] DEBUG c.i.webscraper.scraper.WebScraper -        Q[18chars] | A[224chars] | Code[0]
2026-05-13 16:06:36.822 [main] DEBUG c.i.webscraper.scraper.WebScraper -        Q[34chars] | A[1118chars] | Code[1]
2026-05-13 16:06:36.823 [main] DEBUG c.i.webscraper.scraper.WebScraper -        Q[48chars] | A[1343chars] | Code[0]
2026-05-13 16:06:36.825 [main] DEBUG c.i.webscraper.scraper.WebScraper -        Q[32chars] | A[385chars] | Code[0]
2026-05-13 16:06:36.826 [main] DEBUG c.i.webscraper.scraper.WebScraper -        Q[35chars] | A[1968chars] | Code[4]
2026-05-13 16:06:36.828 [main] DEBUG c.i.webscraper.scraper.WebScraper -        Q[46chars] | A[686chars] | Code[0]
2026-05-13 16:06:36.829 [main] DEBUG c.i.webscraper.scraper.WebScraper -        Q[23chars] | A[497chars] | Code[2]
2026-05-13 16:06:36.829 [main] INFO  c.i.webscraper.scraper.WebScraper -      11 Q&A pair(s) extracted.
2026-05-13 16:06:36.829 [main] INFO  c.i.webscraper.scraper.WebScraper -   → Section: 'Java Object Oriented Programming Concepts' (https://interview.in28minutes.com/interview-guides/java/java-object-oriented-programming-concepts/)
2026-05-13 16:06:36.829 [main] DEBUG c.i.webscraper.scraper.WebScraper - Sleeping 2500ms (attempt 1/3) before: https://interview.in28minutes.com/interview-guides/java/java-object-oriented-programming-concepts/
2026-05-13 16:06:40.683 [main] DEBUG c.i.webscraper.scraper.WebScraper - HTTP 200 ← https://interview.in28minutes.com/interview-guides/java/java-object-oriented-programming-concepts/
2026-05-13 16:06:40.763 [main] DEBUG c.i.webscraper.scraper.WebScraper -      24 question heading(s) in 'Java Object Oriented Programming Concepts'.
2026-05-13 16:06:40.767 [main] DEBUG c.i.webscraper.scraper.WebScraper -        Q[41chars] | A[514chars] | Code[2]
2026-05-13 16:06:40.771 [main] DEBUG c.i.webscraper.scraper.WebScraper -        Q[36chars] | A[548chars] | Code[4]
2026-05-13 16:06:40.772 [main] DEBUG c.i.webscraper.scraper.WebScraper -        Q[37chars] | A[220chars] | Code[0]
2026-05-13 16:06:40.778 [main] DEBUG c.i.webscraper.scraper.WebScraper -        Q[42chars] | A[1544chars] | Code[3]
2026-05-13 16:06:40.780 [main] DEBUG c.i.webscraper.scraper.WebScraper -        Q[80chars] | A[547chars] | Code[3]
2026-05-13 16:06:40.792 [main] DEBUG c.i.webscraper.scraper.WebScraper -        Q[25chars] | A[1234chars] | Code[8]
2026-05-13 16:06:40.797 [main] DEBUG c.i.webscraper.scraper.WebScraper -        Q[29chars] | A[492chars] | Code[6]
2026-05-13 16:06:40.804 [main] DEBUG c.i.webscraper.scraper.WebScraper -        Q[61chars] | A[953chars] | Code[5]
2026-05-13 16:06:40.809 [main] DEBUG c.i.webscraper.scraper.WebScraper -        Q[47chars] | A[740chars] | Code[3]
2026-05-13 16:06:40.813 [main] DEBUG c.i.webscraper.scraper.WebScraper -        Q[22chars] | A[745chars] | Code[3]
2026-05-13 16:06:40.815 [main] DEBUG c.i.webscraper.scraper.WebScraper -        Q[27chars] | A[858chars] | Code[3]
2026-05-13 16:06:40.817 [main] DEBUG c.i.webscraper.scraper.WebScraper -        Q[59chars] | A[1059chars] | Code[3]
2026-05-13 16:06:40.820 [main] DEBUG c.i.webscraper.scraper.WebScraper -        Q[20chars] | A[1751chars] | Code[0]
2026-05-13 16:06:40.821 [main] DEBUG c.i.webscraper.scraper.WebScraper -        Q[17chars] | A[825chars] | Code[2]
2026-05-13 16:06:40.823 [main] DEBUG c.i.webscraper.scraper.WebScraper -        Q[17chars] | A[875chars] | Code[4]
2026-05-13 16:06:40.828 [main] DEBUG c.i.webscraper.scraper.WebScraper -        Q[31chars] | A[846chars] | Code[4]
2026-05-13 16:06:40.829 [main] DEBUG c.i.webscraper.scraper.WebScraper -        Q[52chars] | A[71chars] | Code[0]
2026-05-13 16:06:40.831 [main] DEBUG c.i.webscraper.scraper.WebScraper -        Q[34chars] | A[1713chars] | Code[2]
2026-05-13 16:06:40.832 [main] DEBUG c.i.webscraper.scraper.WebScraper -        Q[21chars] | A[774chars] | Code[4]
2026-05-13 16:06:40.833 [main] DEBUG c.i.webscraper.scraper.WebScraper -        Q[32chars] | A[468chars] | Code[1]
2026-05-13 16:06:40.833 [main] DEBUG c.i.webscraper.scraper.WebScraper -        Q[25chars] | A[381chars] | Code[2]
2026-05-13 16:06:40.834 [main] DEBUG c.i.webscraper.scraper.WebScraper -        Q[51chars] | A[727chars] | Code[2]
2026-05-13 16:06:40.836 [main] INFO  c.i.webscraper.scraper.WebScraper -      22 Q&A pair(s) extracted.
2026-05-13 16:06:40.836 [main] INFO  c.i.webscraper.scraper.WebScraper -   → Section: 'Java Object Oriented Programming Details' (https://interview.in28minutes.com/interview-guides/java/java-object-oriented-programming-details/)
2026-05-13 16:06:40.836 [main] DEBUG c.i.webscraper.scraper.WebScraper - Sleeping 2500ms (attempt 1/3) before: https://interview.in28minutes.com/interview-guides/java/java-object-oriented-programming-details/
2026-05-13 16:06:43.934 [main] DEBUG c.i.webscraper.scraper.WebScraper - HTTP 200 ← https://interview.in28minutes.com/interview-guides/java/java-object-oriented-programming-details/
2026-05-13 16:06:43.960 [main] DEBUG c.i.webscraper.scraper.WebScraper -      14 question heading(s) in 'Java Object Oriented Programming Details'.
2026-05-13 16:06:43.962 [main] DEBUG c.i.webscraper.scraper.WebScraper -        Q[46chars] | A[529chars] | Code[1]
2026-05-13 16:06:43.963 [main] DEBUG c.i.webscraper.scraper.WebScraper -        Q[66chars] | A[807chars] | Code[5]
2026-05-13 16:06:43.964 [main] DEBUG c.i.webscraper.scraper.WebScraper -        Q[64chars] | A[1739chars] | Code[5]
2026-05-13 16:06:43.965 [main] DEBUG c.i.webscraper.scraper.WebScraper -        Q[66chars] | A[531chars] | Code[3]
2026-05-13 16:06:43.968 [main] DEBUG c.i.webscraper.scraper.WebScraper -        Q[64chars] | A[2637chars] | Code[8]
2026-05-13 16:06:43.968 [main] DEBUG c.i.webscraper.scraper.WebScraper -        Q[46chars] | A[591chars] | Code[4]
2026-05-13 16:06:43.969 [main] DEBUG c.i.webscraper.scraper.WebScraper -        Q[33chars] | A[274chars] | Code[1]
2026-05-13 16:06:43.970 [main] DEBUG c.i.webscraper.scraper.WebScraper -        Q[43chars] | A[691chars] | Code[4]
2026-05-13 16:06:43.971 [main] DEBUG c.i.webscraper.scraper.WebScraper -        Q[36chars] | A[197chars] | Code[4]
2026-05-13 16:06:43.972 [main] DEBUG c.i.webscraper.scraper.WebScraper -        Q[47chars] | A[333chars] | Code[1]
2026-05-13 16:06:43.973 [main] DEBUG c.i.webscraper.scraper.WebScraper -        Q[64chars] | A[933chars] | Code[3]
2026-05-13 16:06:43.974 [main] DEBUG c.i.webscraper.scraper.WebScraper -        Q[43chars] | A[600chars] | Code[1]
2026-05-13 16:06:43.975 [main] DEBUG c.i.webscraper.scraper.WebScraper -        Q[40chars] | A[2241chars] | Code[4]
2026-05-13 16:06:43.977 [main] DEBUG c.i.webscraper.scraper.WebScraper -        Q[64chars] | A[768chars] | Code[3]
2026-05-13 16:06:43.977 [main] INFO  c.i.webscraper.scraper.WebScraper -      14 Q&A pair(s) extracted.
2026-05-13 16:06:43.977 [main] INFO  c.i.webscraper.scraper.WebScraper -   → Section: 'Core Java in Depth' (https://interview.in28minutes.com/interview-guides/java/core-java-in-depth/)
2026-05-13 16:06:43.978 [main] DEBUG c.i.webscraper.scraper.WebScraper - Sleeping 2500ms (attempt 1/3) before: https://interview.in28minutes.com/interview-guides/java/core-java-in-depth/
2026-05-13 16:06:47.040 [main] DEBUG c.i.webscraper.scraper.WebScraper - HTTP 200 ← https://interview.in28minutes.com/interview-guides/java/core-java-in-depth/
2026-05-13 16:06:47.059 [main] DEBUG c.i.webscraper.scraper.WebScraper -      17 question heading(s) in 'Core Java in Depth'.
2026-05-13 16:06:47.060 [main] DEBUG c.i.webscraper.scraper.WebScraper -        Q[31chars] | A[761chars] | Code[3]
2026-05-13 16:06:47.060 [main] DEBUG c.i.webscraper.scraper.WebScraper -        Q[39chars] | A[375chars] | Code[6]
2026-05-13 16:06:47.061 [main] DEBUG c.i.webscraper.scraper.WebScraper -        Q[59chars] | A[927chars] | Code[2]
2026-05-13 16:06:47.061 [main] DEBUG c.i.webscraper.scraper.WebScraper -        Q[42chars] | A[755chars] | Code[2]
2026-05-13 16:06:47.063 [main] DEBUG c.i.webscraper.scraper.WebScraper -        Q[39chars] | A[1224chars] | Code[5]
2026-05-13 16:06:47.063 [main] DEBUG c.i.webscraper.scraper.WebScraper -        Q[41chars] | A[608chars] | Code[1]
2026-05-13 16:06:47.064 [main] DEBUG c.i.webscraper.scraper.WebScraper -        Q[24chars] | A[342chars] | Code[2]
2026-05-13 16:06:47.064 [main] DEBUG c.i.webscraper.scraper.WebScraper -        Q[22chars] | A[870chars] | Code[2]
2026-05-13 16:06:47.065 [main] DEBUG c.i.webscraper.scraper.WebScraper -        Q[23chars] | A[310chars] | Code[1]
2026-05-13 16:06:47.066 [main] DEBUG c.i.webscraper.scraper.WebScraper -        Q[63chars] | A[403chars] | Code[3]
2026-05-13 16:06:47.066 [main] DEBUG c.i.webscraper.scraper.WebScraper -        Q[46chars] | A[268chars] | Code[5]
2026-05-13 16:06:47.067 [main] DEBUG c.i.webscraper.scraper.WebScraper -        Q[39chars] | A[302chars] | Code[5]
2026-05-13 16:06:47.067 [main] DEBUG c.i.webscraper.scraper.WebScraper -        Q[46chars] | A[434chars] | Code[9]
2026-05-13 16:06:47.067 [main] DEBUG c.i.webscraper.scraper.WebScraper -        Q[54chars] | A[261chars] | Code[1]
2026-05-13 16:06:47.068 [main] DEBUG c.i.webscraper.scraper.WebScraper -        Q[52chars] | A[279chars] | Code[2]
2026-05-13 16:06:47.068 [main] DEBUG c.i.webscraper.scraper.WebScraper -        Q[41chars] | A[556chars] | Code[5]
2026-05-13 16:06:47.069 [main] DEBUG c.i.webscraper.scraper.WebScraper -        Q[72chars] | A[831chars] | Code[6]
2026-05-13 16:06:47.069 [main] INFO  c.i.webscraper.scraper.WebScraper -      17 Q&A pair(s) extracted.
2026-05-13 16:06:47.069 [main] INFO  c.i.webscraper.scraper.WebScraper -   → Section: 'Functional Programming in Java' (https://interview.in28minutes.com/interview-guides/java/functional-programming-in-java/)
2026-05-13 16:06:47.069 [main] DEBUG c.i.webscraper.scraper.WebScraper - Sleeping 2500ms (attempt 1/3) before: https://interview.in28minutes.com/interview-guides/java/functional-programming-in-java/
2026-05-13 16:06:50.154 [main] DEBUG c.i.webscraper.scraper.WebScraper - HTTP 200 ← https://interview.in28minutes.com/interview-guides/java/functional-programming-in-java/
2026-05-13 16:06:50.174 [main] DEBUG c.i.webscraper.scraper.WebScraper -      16 question heading(s) in 'Functional Programming in Java'.
2026-05-13 16:06:50.175 [main] DEBUG c.i.webscraper.scraper.WebScraper -        Q[61chars] | A[468chars] | Code[2]
2026-05-13 16:06:50.176 [main] DEBUG c.i.webscraper.scraper.WebScraper -        Q[73chars] | A[913chars] | Code[1]
2026-05-13 16:06:50.177 [main] DEBUG c.i.webscraper.scraper.WebScraper -        Q[50chars] | A[1164chars] | Code[9]
2026-05-13 16:06:50.179 [main] DEBUG c.i.webscraper.scraper.WebScraper -        Q[47chars] | A[335chars] | Code[0]
2026-05-13 16:06:50.179 [main] DEBUG c.i.webscraper.scraper.WebScraper -        Q[55chars] | A[973chars] | Code[4]
2026-05-13 16:06:50.180 [main] DEBUG c.i.webscraper.scraper.WebScraper -        Q[50chars] | A[414chars] | Code[5]
2026-05-13 16:06:50.181 [main] DEBUG c.i.webscraper.scraper.WebScraper -        Q[66chars] | A[860chars] | Code[12]
2026-05-13 16:06:50.182 [main] DEBUG c.i.webscraper.scraper.WebScraper -        Q[54chars] | A[343chars] | Code[8]
2026-05-13 16:06:50.185 [main] DEBUG c.i.webscraper.scraper.WebScraper -        Q[62chars] | A[1919chars] | Code[28]
2026-05-13 16:06:50.186 [main] DEBUG c.i.webscraper.scraper.WebScraper -        Q[60chars] | A[641chars] | Code[2]
2026-05-13 16:06:50.187 [main] DEBUG c.i.webscraper.scraper.WebScraper -        Q[38chars] | A[316chars] | Code[9]
2026-05-13 16:06:50.187 [main] DEBUG c.i.webscraper.scraper.WebScraper -        Q[55chars] | A[138chars] | Code[1]
2026-05-13 16:06:50.188 [main] DEBUG c.i.webscraper.scraper.WebScraper -        Q[52chars] | A[1067chars] | Code[8]
2026-05-13 16:06:50.189 [main] DEBUG c.i.webscraper.scraper.WebScraper -        Q[60chars] | A[429chars] | Code[8]
2026-05-13 16:06:50.190 [main] DEBUG c.i.webscraper.scraper.WebScraper -        Q[91chars] | A[490chars] | Code[2]
2026-05-13 16:06:50.191 [main] DEBUG c.i.webscraper.scraper.WebScraper -        Q[54chars] | A[980chars] | Code[1]
2026-05-13 16:06:50.191 [main] INFO  c.i.webscraper.scraper.WebScraper -      16 Q&A pair(s) extracted.
2026-05-13 16:06:50.191 [main] INFO  c.i.webscraper.scraper.WebScraper -   → Section: 'Threads and Concurrency in Java' (https://interview.in28minutes.com/interview-guides/java/threads-and-concurrency-in-java/)
2026-05-13 16:06:50.192 [main] DEBUG c.i.webscraper.scraper.WebScraper - Sleeping 2500ms (attempt 1/3) before: https://interview.in28minutes.com/interview-guides/java/threads-and-concurrency-in-java/
2026-05-13 16:06:53.815 [main] DEBUG c.i.webscraper.scraper.WebScraper - HTTP 200 ← https://interview.in28minutes.com/interview-guides/java/threads-and-concurrency-in-java/
2026-05-13 16:06:53.848 [main] DEBUG c.i.webscraper.scraper.WebScraper -      21 question heading(s) in 'Threads and Concurrency in Java'.
2026-05-13 16:06:53.852 [main] DEBUG c.i.webscraper.scraper.WebScraper -        Q[78chars] | A[1752chars] | Code[0]
2026-05-13 16:06:53.853 [main] DEBUG c.i.webscraper.scraper.WebScraper -        Q[69chars] | A[73chars] | Code[2]
2026-05-13 16:06:53.853 [main] DEBUG c.i.webscraper.scraper.WebScraper -        Q[49chars] | A[47chars] | Code[1]
2026-05-13 16:06:53.855 [main] DEBUG c.i.webscraper.scraper.WebScraper -        Q[45chars] | A[868chars] | Code[3]
2026-05-13 16:06:53.857 [main] DEBUG c.i.webscraper.scraper.WebScraper -        Q[42chars] | A[736chars] | Code[0]
2026-05-13 16:06:53.858 [main] DEBUG c.i.webscraper.scraper.WebScraper -        Q[30chars] | A[705chars] | Code[1]
2026-05-13 16:06:53.859 [main] DEBUG c.i.webscraper.scraper.WebScraper -        Q[87chars] | A[126chars] | Code[0]
2026-05-13 16:06:53.860 [main] DEBUG c.i.webscraper.scraper.WebScraper -        Q[39chars] | A[887chars] | Code[3]
2026-05-13 16:06:53.862 [main] DEBUG c.i.webscraper.scraper.WebScraper -        Q[37chars] | A[808chars] | Code[2]
2026-05-13 16:06:53.864 [main] DEBUG c.i.webscraper.scraper.WebScraper -        Q[71chars] | A[1721chars] | Code[5]
2026-05-13 16:06:53.866 [main] DEBUG c.i.webscraper.scraper.WebScraper -        Q[48chars] | A[1643chars] | Code[4]
2026-05-13 16:06:53.874 [main] DEBUG c.i.webscraper.scraper.WebScraper -        Q[31chars] | A[3570chars] | Code[6]
2026-05-13 16:06:53.877 [main] DEBUG c.i.webscraper.scraper.WebScraper -        Q[31chars] | A[760chars] | Code[3]
2026-05-13 16:06:53.877 [main] DEBUG c.i.webscraper.scraper.WebScraper -        Q[28chars] | A[212chars] | Code[1]
2026-05-13 16:06:53.879 [main] DEBUG c.i.webscraper.scraper.WebScraper -        Q[28chars] | A[227chars] | Code[1]
2026-05-13 16:06:53.880 [main] DEBUG c.i.webscraper.scraper.WebScraper -        Q[33chars] | A[230chars] | Code[1]
2026-05-13 16:06:53.882 [main] DEBUG c.i.webscraper.scraper.WebScraper -        Q[61chars] | A[923chars] | Code[1]
2026-05-13 16:06:53.883 [main] DEBUG c.i.webscraper.scraper.WebScraper -        Q[23chars] | A[344chars] | Code[1]
2026-05-13 16:06:53.887 [main] DEBUG c.i.webscraper.scraper.WebScraper -        Q[41chars] | A[873chars] | Code[2]
2026-05-13 16:06:53.888 [main] DEBUG c.i.webscraper.scraper.WebScraper -        Q[51chars] | A[192chars] | Code[1]
2026-05-13 16:06:53.889 [main] DEBUG c.i.webscraper.scraper.WebScraper -        Q[58chars] | A[580chars] | Code[1]
2026-05-13 16:06:53.890 [main] INFO  c.i.webscraper.scraper.WebScraper -      21 Q&A pair(s) extracted.
2026-05-13 16:06:53.890 [main] INFO  c.i.webscraper.scraper.WebScraper -   → Section: 'Collections in Java' (https://interview.in28minutes.com/interview-guides/java/collections-in-java/)
2026-05-13 16:06:53.891 [main] DEBUG c.i.webscraper.scraper.WebScraper - Sleeping 2500ms (attempt 1/3) before: https://interview.in28minutes.com/interview-guides/java/collections-in-java/
2026-05-13 16:06:56.944 [main] DEBUG c.i.webscraper.scraper.WebScraper - HTTP 200 ← https://interview.in28minutes.com/interview-guides/java/collections-in-java/
2026-05-13 16:06:56.968 [main] DEBUG c.i.webscraper.scraper.WebScraper -      22 question heading(s) in 'Collections in Java'.
2026-05-13 16:06:56.970 [main] DEBUG c.i.webscraper.scraper.WebScraper -        Q[49chars] | A[798chars] | Code[0]
2026-05-13 16:06:56.971 [main] DEBUG c.i.webscraper.scraper.WebScraper -        Q[35chars] | A[643chars] | Code[1]
2026-05-13 16:06:56.972 [main] DEBUG c.i.webscraper.scraper.WebScraper -        Q[74chars] | A[703chars] | Code[0]
2026-05-13 16:06:56.973 [main] DEBUG c.i.webscraper.scraper.WebScraper -        Q[58chars] | A[165chars] | Code[0]
2026-05-13 16:06:56.975 [main] DEBUG c.i.webscraper.scraper.WebScraper -        Q[53chars] | A[937chars] | Code[1]
2026-05-13 16:06:56.976 [main] DEBUG c.i.webscraper.scraper.WebScraper -        Q[62chars] | A[692chars] | Code[1]
2026-05-13 16:06:56.977 [main] DEBUG c.i.webscraper.scraper.WebScraper -        Q[47chars] | A[488chars] | Code[2]
2026-05-13 16:06:56.979 [main] DEBUG c.i.webscraper.scraper.WebScraper -        Q[51chars] | A[1619chars] | Code[0]
2026-05-13 16:06:56.981 [main] DEBUG c.i.webscraper.scraper.WebScraper -        Q[52chars] | A[982chars] | Code[5]
2026-05-13 16:06:56.982 [main] DEBUG c.i.webscraper.scraper.WebScraper -        Q[59chars] | A[455chars] | Code[2]
2026-05-13 16:06:56.985 [main] DEBUG c.i.webscraper.scraper.WebScraper -        Q[50chars] | A[1701chars] | Code[1]
2026-05-13 16:06:56.994 [main] DEBUG c.i.webscraper.scraper.WebScraper -        Q[46chars] | A[505chars] | Code[6]
2026-05-13 16:06:56.996 [main] DEBUG c.i.webscraper.scraper.WebScraper -        Q[43chars] | A[1289chars] | Code[4]
2026-05-13 16:06:56.997 [main] DEBUG c.i.webscraper.scraper.WebScraper -        Q[50chars] | A[76chars] | Code[1]
2026-05-13 16:06:56.998 [main] DEBUG c.i.webscraper.scraper.WebScraper -        Q[59chars] | A[515chars] | Code[0]
2026-05-13 16:06:56.998 [main] DEBUG c.i.webscraper.scraper.WebScraper -        Q[44chars] | A[468chars] | Code[0]
2026-05-13 16:06:56.999 [main] DEBUG c.i.webscraper.scraper.WebScraper -        Q[77chars] | A[509chars] | Code[1]
2026-05-13 16:06:57.000 [main] DEBUG c.i.webscraper.scraper.WebScraper -        Q[65chars] | A[558chars] | Code[2]
2026-05-13 16:06:57.002 [main] DEBUG c.i.webscraper.scraper.WebScraper -        Q[59chars] | A[668chars] | Code[3]
2026-05-13 16:06:57.004 [main] DEBUG c.i.webscraper.scraper.WebScraper -        Q[41chars] | A[215chars] | Code[4]
2026-05-13 16:06:57.005 [main] INFO  c.i.webscraper.scraper.WebScraper -      20 Q&A pair(s) extracted.
2026-05-13 16:06:57.005 [main] INFO  c.i.webscraper.scraper.WebScraper -   → Section: 'Generics in Java' (https://interview.in28minutes.com/interview-guides/java/generics-in-java/)
2026-05-13 16:06:57.005 [main] DEBUG c.i.webscraper.scraper.WebScraper - Sleeping 2500ms (attempt 1/3) before: https://interview.in28minutes.com/interview-guides/java/generics-in-java/
2026-05-13 16:07:00.017 [main] DEBUG c.i.webscraper.scraper.WebScraper - HTTP 200 ← https://interview.in28minutes.com/interview-guides/java/generics-in-java/
2026-05-13 16:07:00.035 [main] DEBUG c.i.webscraper.scraper.WebScraper -      5 question heading(s) in 'Generics in Java'.
2026-05-13 16:07:00.037 [main] DEBUG c.i.webscraper.scraper.WebScraper -        Q[32chars] | A[1257chars] | Code[3]
2026-05-13 16:07:00.038 [main] DEBUG c.i.webscraper.scraper.WebScraper -        Q[61chars] | A[784chars] | Code[3]
2026-05-13 16:07:00.041 [main] DEBUG c.i.webscraper.scraper.WebScraper -        Q[42chars] | A[992chars] | Code[4]
2026-05-13 16:07:00.042 [main] DEBUG c.i.webscraper.scraper.WebScraper -        Q[45chars] | A[868chars] | Code[6]
2026-05-13 16:07:00.044 [main] DEBUG c.i.webscraper.scraper.WebScraper -        Q[50chars] | A[2646chars] | Code[5]
2026-05-13 16:07:00.044 [main] INFO  c.i.webscraper.scraper.WebScraper -      5 Q&A pair(s) extracted.
2026-05-13 16:07:00.045 [main] INFO  c.i.webscraper.scraper.WebScraper -   → Section: 'Modifiers in Java' (https://interview.in28minutes.com/interview-guides/java/modifiers-in-java/)
2026-05-13 16:07:00.045 [main] DEBUG c.i.webscraper.scraper.WebScraper - Sleeping 2500ms (attempt 1/3) before: https://interview.in28minutes.com/interview-guides/java/modifiers-in-java/
2026-05-13 16:07:03.170 [main] DEBUG c.i.webscraper.scraper.WebScraper - HTTP 200 ← https://interview.in28minutes.com/interview-guides/java/modifiers-in-java/
2026-05-13 16:07:03.180 [main] DEBUG c.i.webscraper.scraper.WebScraper -      5 question heading(s) in 'Modifiers in Java'.
2026-05-13 16:07:03.181 [main] DEBUG c.i.webscraper.scraper.WebScraper -        Q[77chars] | A[1373chars] | Code[0]
2026-05-13 16:07:03.183 [main] DEBUG c.i.webscraper.scraper.WebScraper -        Q[59chars] | A[2617chars] | Code[10]
2026-05-13 16:07:03.185 [main] DEBUG c.i.webscraper.scraper.WebScraper -        Q[65chars] | A[924chars] | Code[5]
2026-05-13 16:07:03.186 [main] DEBUG c.i.webscraper.scraper.WebScraper -        Q[68chars] | A[921chars] | Code[6]
2026-05-13 16:07:03.187 [main] INFO  c.i.webscraper.scraper.WebScraper -      4 Q&A pair(s) extracted.
2026-05-13 16:07:03.188 [main] INFO  c.i.webscraper.scraper.WebScraper -   → Section: 'Exception Handling in Java' (https://interview.in28minutes.com/interview-guides/java/exception-handling-in-java/)
2026-05-13 16:07:03.189 [main] DEBUG c.i.webscraper.scraper.WebScraper - Sleeping 2500ms (attempt 1/3) before: https://interview.in28minutes.com/interview-guides/java/exception-handling-in-java/
2026-05-13 16:07:06.388 [main] DEBUG c.i.webscraper.scraper.WebScraper - HTTP 200 ← https://interview.in28minutes.com/interview-guides/java/exception-handling-in-java/
2026-05-13 16:07:06.403 [main] DEBUG c.i.webscraper.scraper.WebScraper -      10 question heading(s) in 'Exception Handling in Java'.
2026-05-13 16:07:06.404 [main] DEBUG c.i.webscraper.scraper.WebScraper -        Q[36chars] | A[1041chars] | Code[0]
2026-05-13 16:07:06.405 [main] DEBUG c.i.webscraper.scraper.WebScraper -        Q[50chars] | A[485chars] | Code[1]
2026-05-13 16:07:06.407 [main] DEBUG c.i.webscraper.scraper.WebScraper -        Q[68chars] | A[2098chars] | Code[6]
2026-05-13 16:07:06.409 [main] DEBUG c.i.webscraper.scraper.WebScraper -        Q[61chars] | A[777chars] | Code[1]
2026-05-13 16:07:06.410 [main] DEBUG c.i.webscraper.scraper.WebScraper -        Q[50chars] | A[401chars] | Code[2]
2026-05-13 16:07:06.411 [main] DEBUG c.i.webscraper.scraper.WebScraper -        Q[57chars] | A[323chars] | Code[4]
2026-05-13 16:07:06.412 [main] DEBUG c.i.webscraper.scraper.WebScraper -        Q[51chars] | A[18chars] | Code[0]
2026-05-13 16:07:06.414 [main] DEBUG c.i.webscraper.scraper.WebScraper -        Q[55chars] | A[1336chars] | Code[2]
2026-05-13 16:07:06.416 [main] DEBUG c.i.webscraper.scraper.WebScraper -        Q[28chars] | A[1142chars] | Code[15]
2026-05-13 16:07:06.417 [main] DEBUG c.i.webscraper.scraper.WebScraper -        Q[67chars] | A[841chars] | Code[3]
2026-05-13 16:07:06.418 [main] INFO  c.i.webscraper.scraper.WebScraper -      10 Q&A pair(s) extracted.
2026-05-13 16:07:06.419 [main] INFO  c.i.webscraper.scraper.WebScraper -   → Section: 'Serialization in Java' (https://interview.in28minutes.com/interview-guides/java/serialization-in-java/)
2026-05-13 16:07:06.419 [main] DEBUG c.i.webscraper.scraper.WebScraper - Sleeping 2500ms (attempt 1/3) before: https://interview.in28minutes.com/interview-guides/java/serialization-in-java/
2026-05-13 16:07:09.470 [main] DEBUG c.i.webscraper.scraper.WebScraper - HTTP 200 ← https://interview.in28minutes.com/interview-guides/java/serialization-in-java/
2026-05-13 16:07:09.475 [main] DEBUG c.i.webscraper.scraper.WebScraper -      7 question heading(s) in 'Serialization in Java'.
2026-05-13 16:07:09.475 [main] DEBUG c.i.webscraper.scraper.WebScraper -        Q[22chars] | A[561chars] | Code[0]
2026-05-13 16:07:09.476 [main] DEBUG c.i.webscraper.scraper.WebScraper -        Q[27chars] | A[274chars] | Code[1]
2026-05-13 16:07:09.476 [main] DEBUG c.i.webscraper.scraper.WebScraper -        Q[37chars] | A[382chars] | Code[1]
2026-05-13 16:07:09.476 [main] DEBUG c.i.webscraper.scraper.WebScraper -        Q[62chars] | A[601chars] | Code[2]
2026-05-13 16:07:09.477 [main] DEBUG c.i.webscraper.scraper.WebScraper -        Q[48chars] | A[321chars] | Code[2]
2026-05-13 16:07:09.477 [main] DEBUG c.i.webscraper.scraper.WebScraper -        Q[49chars] | A[1348chars] | Code[6]
2026-05-13 16:07:09.478 [main] DEBUG c.i.webscraper.scraper.WebScraper -        Q[60chars] | A[763chars] | Code[2]
2026-05-13 16:07:09.478 [main] INFO  c.i.webscraper.scraper.WebScraper -      7 Q&A pair(s) extracted.
2026-05-13 16:07:09.479 [main] INFO  c.i.webscraper.scraper.WebScraper -   → Section: 'Built-in Classes in Java' (https://interview.in28minutes.com/interview-guides/java/built-in-classes-in-java/)
2026-05-13 16:07:09.479 [main] DEBUG c.i.webscraper.scraper.WebScraper - Sleeping 2500ms (attempt 1/3) before: https://interview.in28minutes.com/interview-guides/java/built-in-classes-in-java/
2026-05-13 16:07:13.047 [main] DEBUG c.i.webscraper.scraper.WebScraper - HTTP 200 ← https://interview.in28minutes.com/interview-guides/java/built-in-classes-in-java/
2026-05-13 16:07:13.058 [main] DEBUG c.i.webscraper.scraper.WebScraper -      9 question heading(s) in 'Built-in Classes in Java'.
2026-05-13 16:07:13.060 [main] DEBUG c.i.webscraper.scraper.WebScraper -        Q[6chars] | A[359chars] | Code[1]
2026-05-13 16:07:13.061 [main] DEBUG c.i.webscraper.scraper.WebScraper -        Q[4chars] | A[210chars] | Code[2]
2026-05-13 16:07:13.062 [main] DEBUG c.i.webscraper.scraper.WebScraper -        Q[7chars] | A[188chars] | Code[1]
2026-05-13 16:07:13.062 [main] DEBUG c.i.webscraper.scraper.WebScraper -        Q[6chars] | A[211chars] | Code[1]
2026-05-13 16:07:13.063 [main] DEBUG c.i.webscraper.scraper.WebScraper -        Q[11chars] | A[161chars] | Code[1]
2026-05-13 16:07:13.064 [main] DEBUG c.i.webscraper.scraper.WebScraper -        Q[4chars] | A[301chars] | Code[1]
2026-05-13 16:07:13.064 [main] DEBUG c.i.webscraper.scraper.WebScraper -        Q[5chars] | A[227chars] | Code[2]
2026-05-13 16:07:13.065 [main] DEBUG c.i.webscraper.scraper.WebScraper -        Q[5chars] | A[212chars] | Code[1]
2026-05-13 16:07:13.067 [main] DEBUG c.i.webscraper.scraper.WebScraper -        Q[6chars] | A[188chars] | Code[2]
2026-05-13 16:07:13.068 [main] INFO  c.i.webscraper.scraper.WebScraper -      9 Q&A pair(s) extracted.
2026-05-13 16:07:13.068 [main] INFO  c.i.webscraper.scraper.WebScraper -   → Section: 'Miscellaneous Topics in Java' (https://interview.in28minutes.com/interview-guides/java/miscellaneous-topics-in-java/)
2026-05-13 16:07:13.069 [main] DEBUG c.i.webscraper.scraper.WebScraper - Sleeping 2500ms (attempt 1/3) before: https://interview.in28minutes.com/interview-guides/java/miscellaneous-topics-in-java/
2026-05-13 16:07:16.306 [main] DEBUG c.i.webscraper.scraper.WebScraper - HTTP 200 ← https://interview.in28minutes.com/interview-guides/java/miscellaneous-topics-in-java/
2026-05-13 16:07:16.327 [main] DEBUG c.i.webscraper.scraper.WebScraper -      11 question heading(s) in 'Miscellaneous Topics in Java'.
2026-05-13 16:07:16.329 [main] DEBUG c.i.webscraper.scraper.WebScraper -        Q[53chars] | A[1219chars] | Code[5]
2026-05-13 16:07:16.329 [main] DEBUG c.i.webscraper.scraper.WebScraper -        Q[44chars] | A[689chars] | Code[1]
2026-05-13 16:07:16.330 [main] DEBUG c.i.webscraper.scraper.WebScraper -        Q[48chars] | A[899chars] | Code[2]
2026-05-13 16:07:16.332 [main] DEBUG c.i.webscraper.scraper.WebScraper -        Q[61chars] | A[918chars] | Code[1]
2026-05-13 16:07:16.333 [main] DEBUG c.i.webscraper.scraper.WebScraper -        Q[72chars] | A[463chars] | Code[3]
2026-05-13 16:07:16.335 [main] DEBUG c.i.webscraper.scraper.WebScraper -        Q[30chars] | A[1123chars] | Code[2]
2026-05-13 16:07:16.336 [main] DEBUG c.i.webscraper.scraper.WebScraper -        Q[33chars] | A[683chars] | Code[1]
2026-05-13 16:07:16.337 [main] DEBUG c.i.webscraper.scraper.WebScraper -        Q[54chars] | A[1029chars] | Code[7]
2026-05-13 16:07:16.338 [main] DEBUG c.i.webscraper.scraper.WebScraper -        Q[65chars] | A[637chars] | Code[5]
2026-05-13 16:07:16.339 [main] DEBUG c.i.webscraper.scraper.WebScraper -        Q[61chars] | A[538chars] | Code[4]
2026-05-13 16:07:16.341 [main] DEBUG c.i.webscraper.scraper.WebScraper -        Q[52chars] | A[869chars] | Code[6]
2026-05-13 16:07:16.341 [main] INFO  c.i.webscraper.scraper.WebScraper -      11 Q&A pair(s) extracted.
2026-05-13 16:07:16.341 [main] INFO  c.i.webscraper.scraper.WebScraper -   → Section: 'New Features in Java' (https://interview.in28minutes.com/interview-guides/java/new-features-in-java/)
2026-05-13 16:07:16.342 [main] DEBUG c.i.webscraper.scraper.WebScraper - Sleeping 2500ms (attempt 1/3) before: https://interview.in28minutes.com/interview-guides/java/new-features-in-java/
2026-05-13 16:07:19.763 [main] DEBUG c.i.webscraper.scraper.WebScraper - HTTP 200 ← https://interview.in28minutes.com/interview-guides/java/new-features-in-java/
2026-05-13 16:07:19.771 [main] DEBUG c.i.webscraper.scraper.WebScraper -      3 question heading(s) in 'New Features in Java'.
2026-05-13 16:07:19.772 [main] DEBUG c.i.webscraper.scraper.WebScraper -        Q[29chars] | A[1122chars] | Code[0]
2026-05-13 16:07:19.773 [main] DEBUG c.i.webscraper.scraper.WebScraper -        Q[55chars] | A[1158chars] | Code[12]
2026-05-13 16:07:19.774 [main] DEBUG c.i.webscraper.scraper.WebScraper -        Q[68chars] | A[2207chars] | Code[23]
2026-05-13 16:07:19.774 [main] INFO  c.i.webscraper.scraper.WebScraper -      3 Q&A pair(s) extracted.
2026-05-13 16:07:19.775 [main] INFO  c.i.webscraper.scraper.WebScraper -   → Section: 'Java Interview - Diagrams' (https://interview.in28minutes.com/interview-guides/java/java-interview-diagrams/)
2026-05-13 16:07:19.775 [main] DEBUG c.i.webscraper.scraper.WebScraper - Sleeping 2500ms (attempt 1/3) before: https://interview.in28minutes.com/interview-guides/java/java-interview-diagrams/
2026-05-13 16:07:22.929 [main] DEBUG c.i.webscraper.scraper.WebScraper - HTTP 200 ← https://interview.in28minutes.com/interview-guides/java/java-interview-diagrams/
2026-05-13 16:07:22.934 [main] DEBUG c.i.webscraper.scraper.WebScraper -      7 question heading(s) in 'Java Interview - Diagrams'.
2026-05-13 16:07:22.935 [main] DEBUG c.i.webscraper.scraper.WebScraper -        Q[17chars] | A[0chars] | Code[1]
2026-05-13 16:07:22.935 [main] DEBUG c.i.webscraper.scraper.WebScraper -        Q[26chars] | A[0chars] | Code[1]
2026-05-13 16:07:22.937 [main] DEBUG c.i.webscraper.scraper.WebScraper -        Q[18chars] | A[0chars] | Code[1]
2026-05-13 16:07:22.937 [main] DEBUG c.i.webscraper.scraper.WebScraper -        Q[17chars] | A[0chars] | Code[1]
2026-05-13 16:07:22.937 [main] DEBUG c.i.webscraper.scraper.WebScraper -        Q[44chars] | A[0chars] | Code[1]
2026-05-13 16:07:22.938 [main] DEBUG c.i.webscraper.scraper.WebScraper -        Q[25chars] | A[0chars] | Code[1]
2026-05-13 16:07:22.939 [main] DEBUG c.i.webscraper.scraper.WebScraper -        Q[27chars] | A[141chars] | Code[7]
2026-05-13 16:07:22.939 [main] INFO  c.i.webscraper.scraper.WebScraper -      7 Q&A pair(s) extracted.
2026-05-13 16:07:22.939 [main] INFO  c.i.webscraper.scraper.WebScraper - Topic 'Java' complete → 17 section(s).
2026-05-13 16:07:22.939 [main] INFO  c.i.webscraper.scraper.WebScraper - ---------- Topic: DevOps → https://interview.in28minutes.com/devops/
2026-05-13 16:07:22.940 [main] DEBUG c.i.webscraper.scraper.WebScraper - Sleeping 2500ms (attempt 1/3) before: https://interview.in28minutes.com/devops/
2026-05-13 16:07:25.945 [main] DEBUG c.i.webscraper.scraper.WebScraper - HTTP 200 ← https://interview.in28minutes.com/devops/
2026-05-13 16:07:25.949 [main] DEBUG c.i.webscraper.scraper.WebScraper - Topic 'DevOps' → 2 card(s) found.
2026-05-13 16:07:25.949 [main] INFO  c.i.webscraper.scraper.WebScraper -   → Section: 'DevOps Fundamentals' (https://interview.in28minutes.com/interview-guides/devops/devops-fundamentals/)
2026-05-13 16:07:25.951 [main] DEBUG c.i.webscraper.scraper.WebScraper - Sleeping 2500ms (attempt 1/3) before: https://interview.in28minutes.com/interview-guides/devops/devops-fundamentals/
2026-05-13 16:07:28.986 [main] DEBUG c.i.webscraper.scraper.WebScraper - HTTP 200 ← https://interview.in28minutes.com/interview-guides/devops/devops-fundamentals/
2026-05-13 16:07:28.993 [main] DEBUG c.i.webscraper.scraper.WebScraper -      7 question heading(s) in 'DevOps Fundamentals'.
2026-05-13 16:07:28.996 [main] DEBUG c.i.webscraper.scraper.WebScraper -        Q[15chars] | A[2715chars] | Code[0]
2026-05-13 16:07:28.997 [main] DEBUG c.i.webscraper.scraper.WebScraper -        Q[28chars] | A[1346chars] | Code[0]
2026-05-13 16:07:28.998 [main] DEBUG c.i.webscraper.scraper.WebScraper -        Q[67chars] | A[1724chars] | Code[0]
2026-05-13 16:07:28.999 [main] DEBUG c.i.webscraper.scraper.WebScraper -        Q[31chars] | A[1269chars] | Code[0]
2026-05-13 16:07:29.000 [main] DEBUG c.i.webscraper.scraper.WebScraper -        Q[87chars] | A[2013chars] | Code[0]
2026-05-13 16:07:29.002 [main] DEBUG c.i.webscraper.scraper.WebScraper -        Q[22chars] | A[1717chars] | Code[0]
2026-05-13 16:07:29.002 [main] DEBUG c.i.webscraper.scraper.WebScraper -        Q[33chars] | A[800chars] | Code[0]
2026-05-13 16:07:29.002 [main] INFO  c.i.webscraper.scraper.WebScraper -      7 Q&A pair(s) extracted.
2026-05-13 16:07:29.003 [main] INFO  c.i.webscraper.scraper.WebScraper -   → Section: 'DevOps Interview - Diagrams' (https://interview.in28minutes.com/interview-guides/devops/devops-interview-diagrams/)
2026-05-13 16:07:29.003 [main] DEBUG c.i.webscraper.scraper.WebScraper - Sleeping 2500ms (attempt 1/3) before: https://interview.in28minutes.com/interview-guides/devops/devops-interview-diagrams/
2026-05-13 16:07:32.387 [main] DEBUG c.i.webscraper.scraper.WebScraper - HTTP 200 ← https://interview.in28minutes.com/interview-guides/devops/devops-interview-diagrams/
2026-05-13 16:07:32.395 [main] DEBUG c.i.webscraper.scraper.WebScraper -      10 question heading(s) in 'DevOps Interview - Diagrams'.
2026-05-13 16:07:32.396 [main] WARN  c.i.webscraper.scraper.WebScraper -      Section 'DevOps Interview - Diagrams' had no Q&A pairs.
2026-05-13 16:07:32.397 [main] INFO  c.i.webscraper.scraper.WebScraper - Topic 'DevOps' complete → 1 section(s).
2026-05-13 16:07:32.398 [main] INFO  c.i.webscraper.scraper.WebScraper - ---------- Topic: Cloud → https://interview.in28minutes.com/cloud/
2026-05-13 16:07:32.398 [main] DEBUG c.i.webscraper.scraper.WebScraper - Sleeping 2500ms (attempt 1/3) before: https://interview.in28minutes.com/cloud/
2026-05-13 16:07:35.284 [main] DEBUG c.i.webscraper.scraper.WebScraper - HTTP 200 ← https://interview.in28minutes.com/cloud/
2026-05-13 16:07:35.290 [main] DEBUG c.i.webscraper.scraper.WebScraper - Topic 'Cloud' → 8 card(s) found.
2026-05-13 16:07:35.290 [main] INFO  c.i.webscraper.scraper.WebScraper -   → Section: 'Cloud Fundamentals' (https://interview.in28minutes.com/interview-guides/cloud/cloud-fundamentals/)
2026-05-13 16:07:35.292 [main] DEBUG c.i.webscraper.scraper.WebScraper - Sleeping 2500ms (attempt 1/3) before: https://interview.in28minutes.com/interview-guides/cloud/cloud-fundamentals/
2026-05-13 16:07:38.821 [main] DEBUG c.i.webscraper.scraper.WebScraper - HTTP 200 ← https://interview.in28minutes.com/interview-guides/cloud/cloud-fundamentals/
2026-05-13 16:07:38.830 [main] DEBUG c.i.webscraper.scraper.WebScraper -      8 question heading(s) in 'Cloud Fundamentals'.
2026-05-13 16:07:38.832 [main] DEBUG c.i.webscraper.scraper.WebScraper -        Q[39chars] | A[914chars] | Code[0]
2026-05-13 16:07:38.834 [main] DEBUG c.i.webscraper.scraper.WebScraper -        Q[32chars] | A[2396chars] | Code[0]
2026-05-13 16:07:38.835 [main] DEBUG c.i.webscraper.scraper.WebScraper -        Q[41chars] | A[1115chars] | Code[0]
2026-05-13 16:07:38.837 [main] DEBUG c.i.webscraper.scraper.WebScraper -        Q[34chars] | A[2782chars] | Code[0]
2026-05-13 16:07:38.839 [main] DEBUG c.i.webscraper.scraper.WebScraper -        Q[23chars] | A[1214chars] | Code[0]
2026-05-13 16:07:38.840 [main] DEBUG c.i.webscraper.scraper.WebScraper -        Q[49chars] | A[970chars] | Code[0]
2026-05-13 16:07:38.843 [main] DEBUG c.i.webscraper.scraper.WebScraper -        Q[102chars] | A[2665chars] | Code[0]
2026-05-13 16:07:38.844 [main] INFO  c.i.webscraper.scraper.WebScraper -      7 Q&A pair(s) extracted.
2026-05-13 16:07:38.844 [main] INFO  c.i.webscraper.scraper.WebScraper -   → Section: 'Cloud Storage and Databases Fundamentals' (https://interview.in28minutes.com/interview-guides/cloud/cloud-storage-and-databases-fundamentals/)
2026-05-13 16:07:38.844 [main] DEBUG c.i.webscraper.scraper.WebScraper - Sleeping 2500ms (attempt 1/3) before: https://interview.in28minutes.com/interview-guides/cloud/cloud-storage-and-databases-fundamentals/
2026-05-13 16:07:42.595 [main] DEBUG c.i.webscraper.scraper.WebScraper - HTTP 200 ← https://interview.in28minutes.com/interview-guides/cloud/cloud-storage-and-databases-fundamentals/
2026-05-13 16:07:42.606 [main] DEBUG c.i.webscraper.scraper.WebScraper -      12 question heading(s) in 'Cloud Storage and Databases Fundamentals'.
2026-05-13 16:07:42.608 [main] DEBUG c.i.webscraper.scraper.WebScraper -        Q[49chars] | A[2169chars] | Code[0]
2026-05-13 16:07:42.608 [main] DEBUG c.i.webscraper.scraper.WebScraper -        Q[18chars] | A[764chars] | Code[0]
2026-05-13 16:07:42.609 [main] DEBUG c.i.webscraper.scraper.WebScraper -        Q[35chars] | A[795chars] | Code[0]
2026-05-13 16:07:42.610 [main] DEBUG c.i.webscraper.scraper.WebScraper -        Q[46chars] | A[801chars] | Code[0]
2026-05-13 16:07:42.612 [main] DEBUG c.i.webscraper.scraper.WebScraper -        Q[55chars] | A[1982chars] | Code[4]
2026-05-13 16:07:42.613 [main] DEBUG c.i.webscraper.scraper.WebScraper -        Q[67chars] | A[1210chars] | Code[0]
2026-05-13 16:07:42.614 [main] DEBUG c.i.webscraper.scraper.WebScraper -        Q[22chars] | A[2144chars] | Code[0]
2026-05-13 16:07:42.616 [main] DEBUG c.i.webscraper.scraper.WebScraper -        Q[21chars] | A[1214chars] | Code[0]
2026-05-13 16:07:42.617 [main] DEBUG c.i.webscraper.scraper.WebScraper -        Q[23chars] | A[2709chars] | Code[0]
2026-05-13 16:07:42.618 [main] DEBUG c.i.webscraper.scraper.WebScraper -        Q[23chars] | A[1082chars] | Code[0]
2026-05-13 16:07:42.619 [main] DEBUG c.i.webscraper.scraper.WebScraper -        Q[36chars] | A[1915chars] | Code[0]
2026-05-13 16:07:42.620 [main] DEBUG c.i.webscraper.scraper.WebScraper -        Q[35chars] | A[1864chars] | Code[0]
2026-05-13 16:07:42.620 [main] INFO  c.i.webscraper.scraper.WebScraper -      12 Q&A pair(s) extracted.
2026-05-13 16:07:42.621 [main] INFO  c.i.webscraper.scraper.WebScraper -   → Section: 'Asynchronous Communication in the Cloud' (https://interview.in28minutes.com/interview-guides/cloud/asynchronous-communication-in-the-cloud/)
2026-05-13 16:07:42.621 [main] DEBUG c.i.webscraper.scraper.WebScraper - Sleeping 2500ms (attempt 1/3) before: https://interview.in28minutes.com/interview-guides/cloud/asynchronous-communication-in-the-cloud/
2026-05-13 16:07:46.000 [main] DEBUG c.i.webscraper.scraper.WebScraper - HTTP 200 ← https://interview.in28minutes.com/interview-guides/cloud/asynchronous-communication-in-the-cloud/
2026-05-13 16:07:46.007 [main] DEBUG c.i.webscraper.scraper.WebScraper -      6 question heading(s) in 'Asynchronous Communication in the Cloud'.
2026-05-13 16:07:46.008 [main] DEBUG c.i.webscraper.scraper.WebScraper -        Q[31chars] | A[1110chars] | Code[0]
2026-05-13 16:07:46.009 [main] DEBUG c.i.webscraper.scraper.WebScraper -        Q[37chars] | A[1576chars] | Code[0]
2026-05-13 16:07:46.010 [main] DEBUG c.i.webscraper.scraper.WebScraper -        Q[43chars] | A[1395chars] | Code[0]
2026-05-13 16:07:46.011 [main] DEBUG c.i.webscraper.scraper.WebScraper -        Q[36chars] | A[1407chars] | Code[0]
2026-05-13 16:07:46.012 [main] DEBUG c.i.webscraper.scraper.WebScraper -        Q[28chars] | A[3668chars] | Code[0]
2026-05-13 16:07:46.013 [main] DEBUG c.i.webscraper.scraper.WebScraper -        Q[44chars] | A[1470chars] | Code[0]
2026-05-13 16:07:46.014 [main] INFO  c.i.webscraper.scraper.WebScraper -      6 Q&A pair(s) extracted.
2026-05-13 16:07:46.015 [main] INFO  c.i.webscraper.scraper.WebScraper -   → Section: 'Networking in the Cloud' (https://interview.in28minutes.com/interview-guides/cloud/networking-in-the-cloud/)
2026-05-13 16:07:46.015 [main] DEBUG c.i.webscraper.scraper.WebScraper - Sleeping 2500ms (attempt 1/3) before: https://interview.in28minutes.com/interview-guides/cloud/networking-in-the-cloud/
2026-05-13 16:07:49.379 [main] DEBUG c.i.webscraper.scraper.WebScraper - HTTP 200 ← https://interview.in28minutes.com/interview-guides/cloud/networking-in-the-cloud/
2026-05-13 16:07:49.385 [main] DEBUG c.i.webscraper.scraper.WebScraper -      7 question heading(s) in 'Networking in the Cloud'.
2026-05-13 16:07:49.385 [main] DEBUG c.i.webscraper.scraper.WebScraper -        Q[65chars] | A[1512chars] | Code[0]
2026-05-13 16:07:49.386 [main] DEBUG c.i.webscraper.scraper.WebScraper -        Q[47chars] | A[1096chars] | Code[0]
2026-05-13 16:07:49.387 [main] DEBUG c.i.webscraper.scraper.WebScraper -        Q[47chars] | A[2101chars] | Code[0]
2026-05-13 16:07:49.388 [main] DEBUG c.i.webscraper.scraper.WebScraper -        Q[65chars] | A[1150chars] | Code[0]
2026-05-13 16:07:49.389 [main] DEBUG c.i.webscraper.scraper.WebScraper -        Q[37chars] | A[980chars] | Code[0]
2026-05-13 16:07:49.390 [main] DEBUG c.i.webscraper.scraper.WebScraper -        Q[37chars] | A[1105chars] | Code[0]
2026-05-13 16:07:49.392 [main] INFO  c.i.webscraper.scraper.WebScraper -      6 Q&A pair(s) extracted.
2026-05-13 16:07:49.393 [main] INFO  c.i.webscraper.scraper.WebScraper -   → Section: 'Cost Management in the Cloud' (https://interview.in28minutes.com/interview-guides/cloud/cost-management-in-the-cloud/)
2026-05-13 16:07:49.393 [main] DEBUG c.i.webscraper.scraper.WebScraper - Sleeping 2500ms (attempt 1/3) before: https://interview.in28minutes.com/interview-guides/cloud/cost-management-in-the-cloud/
2026-05-13 16:07:52.776 [main] DEBUG c.i.webscraper.scraper.WebScraper - HTTP 200 ← https://interview.in28minutes.com/interview-guides/cloud/cost-management-in-the-cloud/
2026-05-13 16:07:52.782 [main] DEBUG c.i.webscraper.scraper.WebScraper -      6 question heading(s) in 'Cost Management in the Cloud'.
2026-05-13 16:07:52.783 [main] DEBUG c.i.webscraper.scraper.WebScraper -        Q[38chars] | A[1020chars] | Code[0]
2026-05-13 16:07:52.783 [main] DEBUG c.i.webscraper.scraper.WebScraper -        Q[21chars] | A[641chars] | Code[0]
2026-05-13 16:07:52.785 [main] DEBUG c.i.webscraper.scraper.WebScraper -        Q[56chars] | A[682chars] | Code[0]
2026-05-13 16:07:52.786 [main] DEBUG c.i.webscraper.scraper.WebScraper -        Q[39chars] | A[1261chars] | Code[0]
2026-05-13 16:07:52.787 [main] DEBUG c.i.webscraper.scraper.WebScraper -        Q[15chars] | A[1604chars] | Code[0]
2026-05-13 16:07:52.788 [main] INFO  c.i.webscraper.scraper.WebScraper -      5 Q&A pair(s) extracted.
2026-05-13 16:07:52.789 [main] INFO  c.i.webscraper.scraper.WebScraper -   → Section: 'AI, ML and Generative AI in the Cloud' (https://interview.in28minutes.com/interview-guides/cloud/ai-ml-and-generative-ai-in-the-cloud/)
2026-05-13 16:07:52.789 [main] DEBUG c.i.webscraper.scraper.WebScraper - Sleeping 2500ms (attempt 1/3) before: https://interview.in28minutes.com/interview-guides/cloud/ai-ml-and-generative-ai-in-the-cloud/
2026-05-13 16:07:56.036 [main] DEBUG c.i.webscraper.scraper.WebScraper - HTTP 200 ← https://interview.in28minutes.com/interview-guides/cloud/ai-ml-and-generative-ai-in-the-cloud/
2026-05-13 16:07:56.041 [main] DEBUG c.i.webscraper.scraper.WebScraper -      5 question heading(s) in 'AI, ML and Generative AI in the Cloud'.
2026-05-13 16:07:56.042 [main] DEBUG c.i.webscraper.scraper.WebScraper -        Q[16chars] | A[1171chars] | Code[0]
2026-05-13 16:07:56.042 [main] DEBUG c.i.webscraper.scraper.WebScraper -        Q[53chars] | A[848chars] | Code[0]
2026-05-13 16:07:56.043 [main] DEBUG c.i.webscraper.scraper.WebScraper -        Q[22chars] | A[2236chars] | Code[0]
2026-05-13 16:07:56.046 [main] DEBUG c.i.webscraper.scraper.WebScraper -        Q[52chars] | A[2601chars] | Code[0]
2026-05-13 16:07:56.046 [main] INFO  c.i.webscraper.scraper.WebScraper -      4 Q&A pair(s) extracted.
2026-05-13 16:07:56.047 [main] INFO  c.i.webscraper.scraper.WebScraper -   → Section: 'Security in the Cloud' (https://interview.in28minutes.com/interview-guides/cloud/security-in-the-cloud/)
2026-05-13 16:07:56.047 [main] DEBUG c.i.webscraper.scraper.WebScraper - Sleeping 2500ms (attempt 1/3) before: https://interview.in28minutes.com/interview-guides/cloud/security-in-the-cloud/
2026-05-13 16:07:59.397 [main] DEBUG c.i.webscraper.scraper.WebScraper - HTTP 200 ← https://interview.in28minutes.com/interview-guides/cloud/security-in-the-cloud/
2026-05-13 16:07:59.401 [main] DEBUG c.i.webscraper.scraper.WebScraper -      7 question heading(s) in 'Security in the Cloud'.
2026-05-13 16:07:59.402 [main] DEBUG c.i.webscraper.scraper.WebScraper -        Q[31chars] | A[2931chars] | Code[0]
2026-05-13 16:07:59.403 [main] DEBUG c.i.webscraper.scraper.WebScraper -        Q[43chars] | A[3777chars] | Code[0]
2026-05-13 16:07:59.403 [main] DEBUG c.i.webscraper.scraper.WebScraper -        Q[22chars] | A[1085chars] | Code[0]
2026-05-13 16:07:59.404 [main] DEBUG c.i.webscraper.scraper.WebScraper -        Q[14chars] | A[1377chars] | Code[0]
2026-05-13 16:07:59.404 [main] DEBUG c.i.webscraper.scraper.WebScraper -        Q[51chars] | A[1442chars] | Code[0]
2026-05-13 16:07:59.405 [main] DEBUG c.i.webscraper.scraper.WebScraper -        Q[34chars] | A[1374chars] | Code[0]
2026-05-13 16:07:59.405 [main] DEBUG c.i.webscraper.scraper.WebScraper -        Q[24chars] | A[1664chars] | Code[0]
2026-05-13 16:07:59.406 [main] INFO  c.i.webscraper.scraper.WebScraper -      7 Q&A pair(s) extracted.
2026-05-13 16:07:59.406 [main] INFO  c.i.webscraper.scraper.WebScraper -   → Section: 'Cloud Interview - Diagrams' (https://interview.in28minutes.com/interview-guides/cloud/cloud-interview-diagrams/)
2026-05-13 16:07:59.406 [main] DEBUG c.i.webscraper.scraper.WebScraper - Sleeping 2500ms (attempt 1/3) before: https://interview.in28minutes.com/interview-guides/cloud/cloud-interview-diagrams/
2026-05-13 16:08:02.341 [main] DEBUG c.i.webscraper.scraper.WebScraper - HTTP 200 ← https://interview.in28minutes.com/interview-guides/cloud/cloud-interview-diagrams/
2026-05-13 16:08:02.345 [main] DEBUG c.i.webscraper.scraper.WebScraper -      10 question heading(s) in 'Cloud Interview - Diagrams'.
2026-05-13 16:08:02.346 [main] WARN  c.i.webscraper.scraper.WebScraper -      Section 'Cloud Interview - Diagrams' had no Q&A pairs.
2026-05-13 16:08:02.347 [main] INFO  c.i.webscraper.scraper.WebScraper - Topic 'Cloud' complete → 7 section(s).
2026-05-13 16:08:02.347 [main] INFO  c.i.webscraper.scraper.WebScraper - ---------- Topic: Docker → https://interview.in28minutes.com/docker/
2026-05-13 16:08:02.347 [main] DEBUG c.i.webscraper.scraper.WebScraper - Sleeping 2500ms (attempt 1/3) before: https://interview.in28minutes.com/docker/
2026-05-13 16:08:05.313 [main] DEBUG c.i.webscraper.scraper.WebScraper - HTTP 200 ← https://interview.in28minutes.com/docker/
2026-05-13 16:08:05.317 [main] DEBUG c.i.webscraper.scraper.WebScraper - Topic 'Docker' → 10 card(s) found.
2026-05-13 16:08:05.318 [main] INFO  c.i.webscraper.scraper.WebScraper -   → Section: 'Docker Fundamentals' (https://interview.in28minutes.com/interview-guides/docker/docker-fundamentals/)
2026-05-13 16:08:05.318 [main] DEBUG c.i.webscraper.scraper.WebScraper - Sleeping 2500ms (attempt 1/3) before: https://interview.in28minutes.com/interview-guides/docker/docker-fundamentals/
2026-05-13 16:08:08.420 [main] DEBUG c.i.webscraper.scraper.WebScraper - HTTP 200 ← https://interview.in28minutes.com/interview-guides/docker/docker-fundamentals/
2026-05-13 16:08:08.428 [main] DEBUG c.i.webscraper.scraper.WebScraper -      6 question heading(s) in 'Docker Fundamentals'.
2026-05-13 16:08:08.429 [main] DEBUG c.i.webscraper.scraper.WebScraper -        Q[60chars] | A[523chars] | Code[0]
2026-05-13 16:08:08.430 [main] DEBUG c.i.webscraper.scraper.WebScraper -        Q[82chars] | A[337chars] | Code[0]
2026-05-13 16:08:08.431 [main] DEBUG c.i.webscraper.scraper.WebScraper -        Q[40chars] | A[390chars] | Code[0]
2026-05-13 16:08:08.431 [main] DEBUG c.i.webscraper.scraper.WebScraper -        Q[54chars] | A[955chars] | Code[0]
2026-05-13 16:08:08.432 [main] DEBUG c.i.webscraper.scraper.WebScraper -        Q[63chars] | A[1637chars] | Code[0]
2026-05-13 16:08:08.433 [main] INFO  c.i.webscraper.scraper.WebScraper -      5 Q&A pair(s) extracted.
2026-05-13 16:08:08.434 [main] INFO  c.i.webscraper.scraper.WebScraper -   → Section: 'Building Docker Images' (https://interview.in28minutes.com/interview-guides/docker/building-docker-images/)
2026-05-13 16:08:08.434 [main] DEBUG c.i.webscraper.scraper.WebScraper - Sleeping 2500ms (attempt 1/3) before: https://interview.in28minutes.com/interview-guides/docker/building-docker-images/
2026-05-13 16:08:11.792 [main] DEBUG c.i.webscraper.scraper.WebScraper - HTTP 200 ← https://interview.in28minutes.com/interview-guides/docker/building-docker-images/
2026-05-13 16:08:11.797 [main] DEBUG c.i.webscraper.scraper.WebScraper -      13 question heading(s) in 'Building Docker Images'.
2026-05-13 16:08:11.798 [main] DEBUG c.i.webscraper.scraper.WebScraper -        Q[54chars] | A[171chars] | Code[3]
2026-05-13 16:08:11.798 [main] DEBUG c.i.webscraper.scraper.WebScraper -        Q[21chars] | A[665chars] | Code[0]
2026-05-13 16:08:11.798 [main] DEBUG c.i.webscraper.scraper.WebScraper -        Q[35chars] | A[333chars] | Code[0]
2026-05-13 16:08:11.798 [main] DEBUG c.i.webscraper.scraper.WebScraper -        Q[87chars] | A[1092chars] | Code[7]
2026-05-13 16:08:11.799 [main] DEBUG c.i.webscraper.scraper.WebScraper -        Q[47chars] | A[214chars] | Code[1]
2026-05-13 16:08:11.799 [main] DEBUG c.i.webscraper.scraper.WebScraper -        Q[59chars] | A[659chars] | Code[1]
2026-05-13 16:08:11.799 [main] DEBUG c.i.webscraper.scraper.WebScraper -        Q[59chars] | A[510chars] | Code[2]
2026-05-13 16:08:11.799 [main] DEBUG c.i.webscraper.scraper.WebScraper -        Q[55chars] | A[1459chars] | Code[2]
2026-05-13 16:08:11.800 [main] DEBUG c.i.webscraper.scraper.WebScraper -        Q[92chars] | A[1309chars] | Code[2]
2026-05-13 16:08:11.800 [main] DEBUG c.i.webscraper.scraper.WebScraper -        Q[62chars] | A[725chars] | Code[4]
2026-05-13 16:08:11.800 [main] DEBUG c.i.webscraper.scraper.WebScraper -        Q[46chars] | A[313chars] | Code[1]
2026-05-13 16:08:11.800 [main] DEBUG c.i.webscraper.scraper.WebScraper -        Q[44chars] | A[680chars] | Code[1]
2026-05-13 16:08:11.800 [main] DEBUG c.i.webscraper.scraper.WebScraper -        Q[36chars] | A[768chars] | Code[0]
2026-05-13 16:08:11.800 [main] INFO  c.i.webscraper.scraper.WebScraper -      13 Q&A pair(s) extracted.
2026-05-13 16:08:11.800 [main] INFO  c.i.webscraper.scraper.WebScraper -   → Section: 'Managing Docker Containers' (https://interview.in28minutes.com/interview-guides/docker/managing-docker-containers/)
2026-05-13 16:08:11.800 [main] DEBUG c.i.webscraper.scraper.WebScraper - Sleeping 2500ms (attempt 1/3) before: https://interview.in28minutes.com/interview-guides/docker/managing-docker-containers/
2026-05-13 16:08:14.944 [main] DEBUG c.i.webscraper.scraper.WebScraper - HTTP 200 ← https://interview.in28minutes.com/interview-guides/docker/managing-docker-containers/
2026-05-13 16:08:14.950 [main] DEBUG c.i.webscraper.scraper.WebScraper -      5 question heading(s) in 'Managing Docker Containers'.
2026-05-13 16:08:14.951 [main] DEBUG c.i.webscraper.scraper.WebScraper -        Q[50chars] | A[416chars] | Code[0]
2026-05-13 16:08:14.954 [main] DEBUG c.i.webscraper.scraper.WebScraper -        Q[47chars] | A[2156chars] | Code[33]
2026-05-13 16:08:14.954 [main] DEBUG c.i.webscraper.scraper.WebScraper -        Q[108chars] | A[151chars] | Code[3]
2026-05-13 16:08:14.955 [main] DEBUG c.i.webscraper.scraper.WebScraper -        Q[38chars] | A[535chars] | Code[9]
2026-05-13 16:08:14.957 [main] DEBUG c.i.webscraper.scraper.WebScraper -        Q[101chars] | A[775chars] | Code[16]
2026-05-13 16:08:14.957 [main] INFO  c.i.webscraper.scraper.WebScraper -      5 Q&A pair(s) extracted.
2026-05-13 16:08:14.957 [main] INFO  c.i.webscraper.scraper.WebScraper -   → Section: 'Persisting Data in Docker' (https://interview.in28minutes.com/interview-guides/docker/persisting-data-in-docker/)
2026-05-13 16:08:14.958 [main] DEBUG c.i.webscraper.scraper.WebScraper - Sleeping 2500ms (attempt 1/3) before: https://interview.in28minutes.com/interview-guides/docker/persisting-data-in-docker/
2026-05-13 16:08:18.390 [main] DEBUG c.i.webscraper.scraper.WebScraper - HTTP 200 ← https://interview.in28minutes.com/interview-guides/docker/persisting-data-in-docker/
2026-05-13 16:08:18.394 [main] DEBUG c.i.webscraper.scraper.WebScraper -      8 question heading(s) in 'Persisting Data in Docker'.
2026-05-13 16:08:18.395 [main] DEBUG c.i.webscraper.scraper.WebScraper -        Q[46chars] | A[813chars] | Code[0]
2026-05-13 16:08:18.395 [main] DEBUG c.i.webscraper.scraper.WebScraper -        Q[27chars] | A[941chars] | Code[6]
2026-05-13 16:08:18.396 [main] DEBUG c.i.webscraper.scraper.WebScraper -        Q[39chars] | A[310chars] | Code[7]
2026-05-13 16:08:18.396 [main] DEBUG c.i.webscraper.scraper.WebScraper -        Q[35chars] | A[574chars] | Code[2]
2026-05-13 16:08:18.397 [main] DEBUG c.i.webscraper.scraper.WebScraper -        Q[57chars] | A[805chars] | Code[10]
2026-05-13 16:08:18.397 [main] DEBUG c.i.webscraper.scraper.WebScraper -        Q[65chars] | A[695chars] | Code[0]
2026-05-13 16:08:18.398 [main] DEBUG c.i.webscraper.scraper.WebScraper -        Q[24chars] | A[1109chars] | Code[0]
2026-05-13 16:08:18.398 [main] INFO  c.i.webscraper.scraper.WebScraper -      7 Q&A pair(s) extracted.
2026-05-13 16:08:18.398 [main] INFO  c.i.webscraper.scraper.WebScraper -   → Section: 'Docker Networking' (https://interview.in28minutes.com/interview-guides/docker/docker-networking/)
2026-05-13 16:08:18.399 [main] DEBUG c.i.webscraper.scraper.WebScraper - Sleeping 2500ms (attempt 1/3) before: https://interview.in28minutes.com/interview-guides/docker/docker-networking/
2026-05-13 16:08:21.401 [main] DEBUG c.i.webscraper.scraper.WebScraper - HTTP 200 ← https://interview.in28minutes.com/interview-guides/docker/docker-networking/
2026-05-13 16:08:21.406 [main] DEBUG c.i.webscraper.scraper.WebScraper -      7 question heading(s) in 'Docker Networking'.
2026-05-13 16:08:21.407 [main] DEBUG c.i.webscraper.scraper.WebScraper -        Q[36chars] | A[749chars] | Code[0]
2026-05-13 16:08:21.409 [main] DEBUG c.i.webscraper.scraper.WebScraper -        Q[42chars] | A[2776chars] | Code[6]
2026-05-13 16:08:21.409 [main] DEBUG c.i.webscraper.scraper.WebScraper -        Q[55chars] | A[206chars] | Code[4]
2026-05-13 16:08:21.411 [main] DEBUG c.i.webscraper.scraper.WebScraper -        Q[61chars] | A[358chars] | Code[2]
2026-05-13 16:08:21.412 [main] DEBUG c.i.webscraper.scraper.WebScraper -        Q[63chars] | A[219chars] | Code[1]
2026-05-13 16:08:21.412 [main] DEBUG c.i.webscraper.scraper.WebScraper -        Q[55chars] | A[445chars] | Code[1]
2026-05-13 16:08:21.413 [main] DEBUG c.i.webscraper.scraper.WebScraper -        Q[106chars] | A[409chars] | Code[2]
2026-05-13 16:08:21.413 [main] INFO  c.i.webscraper.scraper.WebScraper -      7 Q&A pair(s) extracted.
2026-05-13 16:08:21.413 [main] INFO  c.i.webscraper.scraper.WebScraper -   → Section: 'Docker Security' (https://interview.in28minutes.com/interview-guides/docker/docker-security/)
2026-05-13 16:08:21.415 [main] DEBUG c.i.webscraper.scraper.WebScraper - Sleeping 2500ms (attempt 1/3) before: https://interview.in28minutes.com/interview-guides/docker/docker-security/
2026-05-13 16:08:24.432 [main] DEBUG c.i.webscraper.scraper.WebScraper - HTTP 200 ← https://interview.in28minutes.com/interview-guides/docker/docker-security/
2026-05-13 16:08:24.438 [main] DEBUG c.i.webscraper.scraper.WebScraper -      9 question heading(s) in 'Docker Security'.
2026-05-13 16:08:24.439 [main] DEBUG c.i.webscraper.scraper.WebScraper -        Q[36chars] | A[733chars] | Code[0]
2026-05-13 16:08:24.439 [main] DEBUG c.i.webscraper.scraper.WebScraper -        Q[53chars] | A[1621chars] | Code[0]
2026-05-13 16:08:24.441 [main] DEBUG c.i.webscraper.scraper.WebScraper -        Q[45chars] | A[303chars] | Code[1]
2026-05-13 16:08:24.442 [main] DEBUG c.i.webscraper.scraper.WebScraper -        Q[54chars] | A[1036chars] | Code[1]
2026-05-13 16:08:24.443 [main] DEBUG c.i.webscraper.scraper.WebScraper -        Q[43chars] | A[1965chars] | Code[5]
2026-05-13 16:08:24.444 [main] DEBUG c.i.webscraper.scraper.WebScraper -        Q[74chars] | A[878chars] | Code[3]
2026-05-13 16:08:24.445 [main] DEBUG c.i.webscraper.scraper.WebScraper -        Q[53chars] | A[1020chars] | Code[0]
2026-05-13 16:08:24.446 [main] DEBUG c.i.webscraper.scraper.WebScraper -        Q[44chars] | A[1841chars] | Code[0]
2026-05-13 16:08:24.447 [main] DEBUG c.i.webscraper.scraper.WebScraper -        Q[42chars] | A[1142chars] | Code[1]
2026-05-13 16:08:24.447 [main] INFO  c.i.webscraper.scraper.WebScraper -      9 Q&A pair(s) extracted.
2026-05-13 16:08:24.448 [main] INFO  c.i.webscraper.scraper.WebScraper -   → Section: 'Docker Compose' (https://interview.in28minutes.com/interview-guides/docker/docker-compose/)
2026-05-13 16:08:24.449 [main] DEBUG c.i.webscraper.scraper.WebScraper - Sleeping 2500ms (attempt 1/3) before: https://interview.in28minutes.com/interview-guides/docker/docker-compose/
2026-05-13 16:08:27.514 [main] DEBUG c.i.webscraper.scraper.WebScraper - HTTP 200 ← https://interview.in28minutes.com/interview-guides/docker/docker-compose/
2026-05-13 16:08:27.521 [main] DEBUG c.i.webscraper.scraper.WebScraper -      6 question heading(s) in 'Docker Compose'.
2026-05-13 16:08:27.522 [main] DEBUG c.i.webscraper.scraper.WebScraper -        Q[36chars] | A[1907chars] | Code[4]
2026-05-13 16:08:27.523 [main] DEBUG c.i.webscraper.scraper.WebScraper -        Q[64chars] | A[722chars] | Code[0]
2026-05-13 16:08:27.524 [main] DEBUG c.i.webscraper.scraper.WebScraper -        Q[43chars] | A[2667chars] | Code[3]
2026-05-13 16:08:27.526 [main] DEBUG c.i.webscraper.scraper.WebScraper -        Q[68chars] | A[580chars] | Code[8]
2026-05-13 16:08:27.526 [main] DEBUG c.i.webscraper.scraper.WebScraper -        Q[48chars] | A[559chars] | Code[4]
2026-05-13 16:08:27.527 [main] DEBUG c.i.webscraper.scraper.WebScraper -        Q[18chars] | A[923chars] | Code[0]
2026-05-13 16:08:27.527 [main] INFO  c.i.webscraper.scraper.WebScraper -      6 Q&A pair(s) extracted.
2026-05-13 16:08:27.528 [main] INFO  c.i.webscraper.scraper.WebScraper -   → Section: 'Advanced Docker Concepts' (https://interview.in28minutes.com/interview-guides/docker/advanced-docker-concepts/)
2026-05-13 16:08:27.528 [main] DEBUG c.i.webscraper.scraper.WebScraper - Sleeping 2500ms (attempt 1/3) before: https://interview.in28minutes.com/interview-guides/docker/advanced-docker-concepts/
2026-05-13 16:08:30.965 [main] DEBUG c.i.webscraper.scraper.WebScraper - HTTP 200 ← https://interview.in28minutes.com/interview-guides/docker/advanced-docker-concepts/
2026-05-13 16:08:30.971 [main] DEBUG c.i.webscraper.scraper.WebScraper -      5 question heading(s) in 'Advanced Docker Concepts'.
2026-05-13 16:08:30.972 [main] DEBUG c.i.webscraper.scraper.WebScraper -        Q[10chars] | A[1446chars] | Code[0]
2026-05-13 16:08:30.974 [main] DEBUG c.i.webscraper.scraper.WebScraper -        Q[60chars] | A[894chars] | Code[5]
2026-05-13 16:08:30.975 [main] DEBUG c.i.webscraper.scraper.WebScraper -        Q[64chars] | A[1599chars] | Code[0]
2026-05-13 16:08:30.976 [main] INFO  c.i.webscraper.scraper.WebScraper -      3 Q&A pair(s) extracted.
2026-05-13 16:08:30.976 [main] INFO  c.i.webscraper.scraper.WebScraper -   → Section: 'Docker Cheat Sheet' (https://interview.in28minutes.com/interview-guides/docker/docker-cheat-sheet/)
2026-05-13 16:08:30.976 [main] DEBUG c.i.webscraper.scraper.WebScraper - Sleeping 2500ms (attempt 1/3) before: https://interview.in28minutes.com/interview-guides/docker/docker-cheat-sheet/
2026-05-13 16:08:34.057 [main] DEBUG c.i.webscraper.scraper.WebScraper - HTTP 200 ← https://interview.in28minutes.com/interview-guides/docker/docker-cheat-sheet/
2026-05-13 16:08:34.063 [main] DEBUG c.i.webscraper.scraper.WebScraper -      9 question heading(s) in 'Docker Cheat Sheet'.
2026-05-13 16:08:34.064 [main] WARN  c.i.webscraper.scraper.WebScraper -      Section 'Docker Cheat Sheet' had no Q&A pairs.
2026-05-13 16:08:34.064 [main] INFO  c.i.webscraper.scraper.WebScraper -   → Section: 'Docker Interview - Diagrams' (https://interview.in28minutes.com/interview-guides/docker/docker-interview-diagrams/)
2026-05-13 16:08:34.065 [main] DEBUG c.i.webscraper.scraper.WebScraper - Sleeping 2500ms (attempt 1/3) before: https://interview.in28minutes.com/interview-guides/docker/docker-interview-diagrams/
2026-05-13 16:08:37.298 [main] DEBUG c.i.webscraper.scraper.WebScraper - HTTP 200 ← https://interview.in28minutes.com/interview-guides/docker/docker-interview-diagrams/
2026-05-13 16:08:37.305 [main] DEBUG c.i.webscraper.scraper.WebScraper -      10 question heading(s) in 'Docker Interview - Diagrams'.
2026-05-13 16:08:37.305 [main] DEBUG c.i.webscraper.scraper.WebScraper -        Q[29chars] | A[0chars] | Code[1]
2026-05-13 16:08:37.306 [main] INFO  c.i.webscraper.scraper.WebScraper -      1 Q&A pair(s) extracted.
2026-05-13 16:08:37.306 [main] INFO  c.i.webscraper.scraper.WebScraper - Topic 'Docker' complete → 9 section(s).
2026-05-13 16:08:37.307 [main] INFO  c.i.webscraper.scraper.WebScraper - ---------- Topic: Kubernetes → https://interview.in28minutes.com/kubernetes/
2026-05-13 16:08:37.307 [main] DEBUG c.i.webscraper.scraper.WebScraper - Sleeping 2500ms (attempt 1/3) before: https://interview.in28minutes.com/kubernetes/
2026-05-13 16:08:40.636 [main] DEBUG c.i.webscraper.scraper.WebScraper - HTTP 200 ← https://interview.in28minutes.com/kubernetes/
2026-05-13 16:08:40.642 [main] DEBUG c.i.webscraper.scraper.WebScraper - Topic 'Kubernetes' → 10 card(s) found.
2026-05-13 16:08:40.642 [main] INFO  c.i.webscraper.scraper.WebScraper -   → Section: 'Kubernetes Landscape' (https://interview.in28minutes.com/interview-guides/kubernetes/kubernetes-landscape/)
2026-05-13 16:08:40.644 [main] DEBUG c.i.webscraper.scraper.WebScraper - Sleeping 2500ms (attempt 1/3) before: https://interview.in28minutes.com/interview-guides/kubernetes/kubernetes-landscape/
2026-05-13 16:08:43.657 [main] DEBUG c.i.webscraper.scraper.WebScraper - HTTP 200 ← https://interview.in28minutes.com/interview-guides/kubernetes/kubernetes-landscape/
2026-05-13 16:08:43.664 [main] DEBUG c.i.webscraper.scraper.WebScraper -      6 question heading(s) in 'Kubernetes Landscape'.
2026-05-13 16:08:43.664 [main] DEBUG c.i.webscraper.scraper.WebScraper -        Q[60chars] | A[505chars] | Code[0]
2026-05-13 16:08:43.667 [main] DEBUG c.i.webscraper.scraper.WebScraper -        Q[57chars] | A[2666chars] | Code[0]
2026-05-13 16:08:43.667 [main] DEBUG c.i.webscraper.scraper.WebScraper -        Q[38chars] | A[893chars] | Code[0]
2026-05-13 16:08:43.668 [main] DEBUG c.i.webscraper.scraper.WebScraper -        Q[53chars] | A[988chars] | Code[0]
2026-05-13 16:08:43.669 [main] DEBUG c.i.webscraper.scraper.WebScraper -        Q[39chars] | A[674chars] | Code[0]
2026-05-13 16:08:43.669 [main] INFO  c.i.webscraper.scraper.WebScraper -      5 Q&A pair(s) extracted.
2026-05-13 16:08:43.670 [main] INFO  c.i.webscraper.scraper.WebScraper -   → Section: 'Kubernetes Fundamentals' (https://interview.in28minutes.com/interview-guides/kubernetes/kubernetes-fundamentals/)
2026-05-13 16:08:43.670 [main] DEBUG c.i.webscraper.scraper.WebScraper - Sleeping 2500ms (attempt 1/3) before: https://interview.in28minutes.com/interview-guides/kubernetes/kubernetes-fundamentals/
2026-05-13 16:08:47.058 [main] DEBUG c.i.webscraper.scraper.WebScraper - HTTP 200 ← https://interview.in28minutes.com/interview-guides/kubernetes/kubernetes-fundamentals/
2026-05-13 16:08:47.062 [main] DEBUG c.i.webscraper.scraper.WebScraper -      6 question heading(s) in 'Kubernetes Fundamentals'.
2026-05-13 16:08:47.063 [main] DEBUG c.i.webscraper.scraper.WebScraper -        Q[40chars] | A[1535chars] | Code[0]
2026-05-13 16:08:47.065 [main] DEBUG c.i.webscraper.scraper.WebScraper -        Q[53chars] | A[1268chars] | Code[2]
2026-05-13 16:08:47.066 [main] DEBUG c.i.webscraper.scraper.WebScraper -        Q[63chars] | A[1213chars] | Code[0]
2026-05-13 16:08:47.067 [main] DEBUG c.i.webscraper.scraper.WebScraper -        Q[60chars] | A[1250chars] | Code[1]
2026-05-13 16:08:47.067 [main] DEBUG c.i.webscraper.scraper.WebScraper -        Q[62chars] | A[1511chars] | Code[1]
2026-05-13 16:08:47.068 [main] DEBUG c.i.webscraper.scraper.WebScraper -        Q[73chars] | A[1854chars] | Code[1]
2026-05-13 16:08:47.068 [main] INFO  c.i.webscraper.scraper.WebScraper -      6 Q&A pair(s) extracted.
2026-05-13 16:08:47.069 [main] INFO  c.i.webscraper.scraper.WebScraper -   → Section: 'Kubernetes Services and Networking' (https://interview.in28minutes.com/interview-guides/kubernetes/kubernetes-services-and-networking/)
2026-05-13 16:08:47.069 [main] DEBUG c.i.webscraper.scraper.WebScraper - Sleeping 2500ms (attempt 1/3) before: https://interview.in28minutes.com/interview-guides/kubernetes/kubernetes-services-and-networking/
2026-05-13 16:08:50.147 [main] DEBUG c.i.webscraper.scraper.WebScraper - HTTP 200 ← https://interview.in28minutes.com/interview-guides/kubernetes/kubernetes-services-and-networking/
2026-05-13 16:08:50.154 [main] DEBUG c.i.webscraper.scraper.WebScraper -      9 question heading(s) in 'Kubernetes Services and Networking'.
2026-05-13 16:08:50.155 [main] DEBUG c.i.webscraper.scraper.WebScraper -        Q[36chars] | A[220chars] | Code[1]
2026-05-13 16:08:50.155 [main] DEBUG c.i.webscraper.scraper.WebScraper -        Q[41chars] | A[1007chars] | Code[0]
2026-05-13 16:08:50.158 [main] DEBUG c.i.webscraper.scraper.WebScraper -        Q[29chars] | A[2847chars] | Code[0]
2026-05-13 16:08:50.158 [main] DEBUG c.i.webscraper.scraper.WebScraper -        Q[56chars] | A[967chars] | Code[0]
2026-05-13 16:08:50.159 [main] DEBUG c.i.webscraper.scraper.WebScraper -        Q[47chars] | A[1420chars] | Code[0]
2026-05-13 16:08:50.161 [main] DEBUG c.i.webscraper.scraper.WebScraper -        Q[45chars] | A[3682chars] | Code[0]
2026-05-13 16:08:50.162 [main] DEBUG c.i.webscraper.scraper.WebScraper -        Q[26chars] | A[710chars] | Code[1]
2026-05-13 16:08:50.164 [main] DEBUG c.i.webscraper.scraper.WebScraper -        Q[37chars] | A[1063chars] | Code[0]
2026-05-13 16:08:50.164 [main] INFO  c.i.webscraper.scraper.WebScraper -      8 Q&A pair(s) extracted.
2026-05-13 16:08:50.165 [main] INFO  c.i.webscraper.scraper.WebScraper -   → Section: 'More Kubernetes Fundamentals' (https://interview.in28minutes.com/interview-guides/kubernetes/more-kubernetes-fundamentals/)
2026-05-13 16:08:50.165 [main] DEBUG c.i.webscraper.scraper.WebScraper - Sleeping 2500ms (attempt 1/3) before: https://interview.in28minutes.com/interview-guides/kubernetes/more-kubernetes-fundamentals/
2026-05-13 16:08:53.763 [main] DEBUG c.i.webscraper.scraper.WebScraper - HTTP 200 ← https://interview.in28minutes.com/interview-guides/kubernetes/more-kubernetes-fundamentals/
2026-05-13 16:08:53.775 [main] DEBUG c.i.webscraper.scraper.WebScraper -      18 question heading(s) in 'More Kubernetes Fundamentals'.
2026-05-13 16:08:53.776 [main] DEBUG c.i.webscraper.scraper.WebScraper -        Q[36chars] | A[1464chars] | Code[1]
2026-05-13 16:08:53.777 [main] DEBUG c.i.webscraper.scraper.WebScraper -        Q[34chars] | A[31chars] | Code[2]
2026-05-13 16:08:53.777 [main] DEBUG c.i.webscraper.scraper.WebScraper -        Q[31chars] | A[75chars] | Code[1]
2026-05-13 16:08:53.778 [main] DEBUG c.i.webscraper.scraper.WebScraper -        Q[35chars] | A[313chars] | Code[3]
2026-05-13 16:08:53.778 [main] DEBUG c.i.webscraper.scraper.WebScraper -        Q[47chars] | A[1068chars] | Code[0]
2026-05-13 16:08:53.779 [main] DEBUG c.i.webscraper.scraper.WebScraper -        Q[39chars] | A[734chars] | Code[0]
2026-05-13 16:08:53.779 [main] DEBUG c.i.webscraper.scraper.WebScraper -        Q[20chars] | A[971chars] | Code[2]
2026-05-13 16:08:53.780 [main] DEBUG c.i.webscraper.scraper.WebScraper -        Q[19chars] | A[378chars] | Code[0]
2026-05-13 16:08:53.781 [main] DEBUG c.i.webscraper.scraper.WebScraper -        Q[33chars] | A[800chars] | Code[0]
2026-05-13 16:08:53.781 [main] DEBUG c.i.webscraper.scraper.WebScraper -        Q[60chars] | A[154chars] | Code[1]
2026-05-13 16:08:53.782 [main] DEBUG c.i.webscraper.scraper.WebScraper -        Q[43chars] | A[203chars] | Code[0]
2026-05-13 16:08:53.782 [main] DEBUG c.i.webscraper.scraper.WebScraper -        Q[40chars] | A[241chars] | Code[1]
2026-05-13 16:08:53.783 [main] DEBUG c.i.webscraper.scraper.WebScraper -        Q[32chars] | A[1046chars] | Code[1]
2026-05-13 16:08:53.785 [main] DEBUG c.i.webscraper.scraper.WebScraper -        Q[27chars] | A[859chars] | Code[0]
2026-05-13 16:08:53.786 [main] DEBUG c.i.webscraper.scraper.WebScraper -        Q[49chars] | A[1285chars] | Code[0]
2026-05-13 16:08:53.786 [main] INFO  c.i.webscraper.scraper.WebScraper -      15 Q&A pair(s) extracted.
2026-05-13 16:08:53.787 [main] INFO  c.i.webscraper.scraper.WebScraper -   → Section: 'Kubernetes Storage' (https://interview.in28minutes.com/interview-guides/kubernetes/kubernetes-storage/)
2026-05-13 16:08:53.787 [main] DEBUG c.i.webscraper.scraper.WebScraper - Sleeping 2500ms (attempt 1/3) before: https://interview.in28minutes.com/interview-guides/kubernetes/kubernetes-storage/
2026-05-13 16:08:57.320 [main] DEBUG c.i.webscraper.scraper.WebScraper - HTTP 200 ← https://interview.in28minutes.com/interview-guides/kubernetes/kubernetes-storage/
2026-05-13 16:08:57.331 [main] DEBUG c.i.webscraper.scraper.WebScraper -      11 question heading(s) in 'Kubernetes Storage'.
2026-05-13 16:08:57.333 [main] DEBUG c.i.webscraper.scraper.WebScraper -        Q[69chars] | A[547chars] | Code[0]
2026-05-13 16:08:57.333 [main] DEBUG c.i.webscraper.scraper.WebScraper -        Q[43chars] | A[764chars] | Code[0]
2026-05-13 16:08:57.334 [main] DEBUG c.i.webscraper.scraper.WebScraper -        Q[57chars] | A[521chars] | Code[1]
2026-05-13 16:08:57.335 [main] DEBUG c.i.webscraper.scraper.WebScraper -        Q[35chars] | A[724chars] | Code[1]
2026-05-13 16:08:57.335 [main] DEBUG c.i.webscraper.scraper.WebScraper -        Q[36chars] | A[714chars] | Code[1]
2026-05-13 16:08:57.335 [main] DEBUG c.i.webscraper.scraper.WebScraper -        Q[47chars] | A[311chars] | Code[1]
2026-05-13 16:08:57.336 [main] DEBUG c.i.webscraper.scraper.WebScraper -        Q[59chars] | A[209chars] | Code[1]
2026-05-13 16:08:57.336 [main] DEBUG c.i.webscraper.scraper.WebScraper -        Q[42chars] | A[1098chars] | Code[0]
2026-05-13 16:08:57.337 [main] DEBUG c.i.webscraper.scraper.WebScraper -        Q[112chars] | A[1189chars] | Code[0]
2026-05-13 16:08:57.338 [main] DEBUG c.i.webscraper.scraper.WebScraper -        Q[46chars] | A[712chars] | Code[1]
2026-05-13 16:08:57.338 [main] DEBUG c.i.webscraper.scraper.WebScraper -        Q[78chars] | A[1193chars] | Code[1]
2026-05-13 16:08:57.339 [main] INFO  c.i.webscraper.scraper.WebScraper -      11 Q&A pair(s) extracted.
2026-05-13 16:08:57.339 [main] INFO  c.i.webscraper.scraper.WebScraper -   → Section: 'Kubernetes Security' (https://interview.in28minutes.com/interview-guides/kubernetes/kubernetes-security/)
2026-05-13 16:08:57.340 [main] DEBUG c.i.webscraper.scraper.WebScraper - Sleeping 2500ms (attempt 1/3) before: https://interview.in28minutes.com/interview-guides/kubernetes/kubernetes-security/
2026-05-13 16:09:00.427 [main] DEBUG c.i.webscraper.scraper.WebScraper - HTTP 200 ← https://interview.in28minutes.com/interview-guides/kubernetes/kubernetes-security/
2026-05-13 16:09:00.435 [main] DEBUG c.i.webscraper.scraper.WebScraper -      10 question heading(s) in 'Kubernetes Security'.
2026-05-13 16:09:00.435 [main] DEBUG c.i.webscraper.scraper.WebScraper -        Q[49chars] | A[794chars] | Code[1]
2026-05-13 16:09:00.437 [main] DEBUG c.i.webscraper.scraper.WebScraper -        Q[44chars] | A[671chars] | Code[1]
2026-05-13 16:09:00.438 [main] DEBUG c.i.webscraper.scraper.WebScraper -        Q[56chars] | A[867chars] | Code[1]
2026-05-13 16:09:00.438 [main] DEBUG c.i.webscraper.scraper.WebScraper -        Q[38chars] | A[1067chars] | Code[0]
2026-05-13 16:09:00.439 [main] DEBUG c.i.webscraper.scraper.WebScraper -        Q[42chars] | A[0chars] | Code[1]
2026-05-13 16:09:00.439 [main] DEBUG c.i.webscraper.scraper.WebScraper -        Q[39chars] | A[1214chars] | Code[0]
2026-05-13 16:09:00.440 [main] DEBUG c.i.webscraper.scraper.WebScraper -        Q[87chars] | A[1599chars] | Code[1]
2026-05-13 16:09:00.441 [main] DEBUG c.i.webscraper.scraper.WebScraper -        Q[37chars] | A[925chars] | Code[1]
2026-05-13 16:09:00.441 [main] INFO  c.i.webscraper.scraper.WebScraper -      8 Q&A pair(s) extracted.
2026-05-13 16:09:00.441 [main] INFO  c.i.webscraper.scraper.WebScraper -   → Section: 'Kubernetes Scheduling' (https://interview.in28minutes.com/interview-guides/kubernetes/kubernetes-scheduling/)
2026-05-13 16:09:00.443 [main] DEBUG c.i.webscraper.scraper.WebScraper - Sleeping 2500ms (attempt 1/3) before: https://interview.in28minutes.com/interview-guides/kubernetes/kubernetes-scheduling/
2026-05-13 16:09:03.922 [main] DEBUG c.i.webscraper.scraper.WebScraper - HTTP 200 ← https://interview.in28minutes.com/interview-guides/kubernetes/kubernetes-scheduling/
2026-05-13 16:09:03.930 [main] DEBUG c.i.webscraper.scraper.WebScraper -      13 question heading(s) in 'Kubernetes Scheduling'.
2026-05-13 16:09:03.931 [main] DEBUG c.i.webscraper.scraper.WebScraper -        Q[35chars] | A[817chars] | Code[0]
2026-05-13 16:09:03.931 [main] DEBUG c.i.webscraper.scraper.WebScraper -        Q[32chars] | A[0chars] | Code[1]
2026-05-13 16:09:03.932 [main] DEBUG c.i.webscraper.scraper.WebScraper -        Q[63chars] | A[464chars] | Code[1]
2026-05-13 16:09:03.935 [main] DEBUG c.i.webscraper.scraper.WebScraper -        Q[28chars] | A[826chars] | Code[0]
2026-05-13 16:09:03.936 [main] DEBUG c.i.webscraper.scraper.WebScraper -        Q[31chars] | A[0chars] | Code[1]
2026-05-13 16:09:03.936 [main] DEBUG c.i.webscraper.scraper.WebScraper -        Q[22chars] | A[772chars] | Code[0]
2026-05-13 16:09:03.937 [main] DEBUG c.i.webscraper.scraper.WebScraper -        Q[32chars] | A[0chars] | Code[1]
2026-05-13 16:09:03.938 [main] DEBUG c.i.webscraper.scraper.WebScraper -        Q[32chars] | A[1180chars] | Code[0]
2026-05-13 16:09:03.938 [main] DEBUG c.i.webscraper.scraper.WebScraper -        Q[41chars] | A[0chars] | Code[1]
2026-05-13 16:09:03.938 [main] DEBUG c.i.webscraper.scraper.WebScraper -        Q[32chars] | A[648chars] | Code[1]
2026-05-13 16:09:03.939 [main] DEBUG c.i.webscraper.scraper.WebScraper -        Q[40chars] | A[871chars] | Code[0]
2026-05-13 16:09:03.940 [main] INFO  c.i.webscraper.scraper.WebScraper -      11 Q&A pair(s) extracted.
2026-05-13 16:09:03.940 [main] INFO  c.i.webscraper.scraper.WebScraper -   → Section: 'Kubernetes Observability' (https://interview.in28minutes.com/interview-guides/kubernetes/kubernetes-observability/)
2026-05-13 16:09:03.940 [main] DEBUG c.i.webscraper.scraper.WebScraper - Sleeping 2500ms (attempt 1/3) before: https://interview.in28minutes.com/interview-guides/kubernetes/kubernetes-observability/
2026-05-13 16:09:06.984 [main] DEBUG c.i.webscraper.scraper.WebScraper - HTTP 200 ← https://interview.in28minutes.com/interview-guides/kubernetes/kubernetes-observability/
2026-05-13 16:09:06.990 [main] DEBUG c.i.webscraper.scraper.WebScraper -      9 question heading(s) in 'Kubernetes Observability'.
2026-05-13 16:09:06.990 [main] DEBUG c.i.webscraper.scraper.WebScraper -        Q[19chars] | A[960chars] | Code[0]
2026-05-13 16:09:06.991 [main] DEBUG c.i.webscraper.scraper.WebScraper -        Q[22chars] | A[992chars] | Code[0]
2026-05-13 16:09:06.992 [main] DEBUG c.i.webscraper.scraper.WebScraper -        Q[22chars] | A[1220chars] | Code[0]
2026-05-13 16:09:06.992 [main] DEBUG c.i.webscraper.scraper.WebScraper -        Q[50chars] | A[831chars] | Code[0]
2026-05-13 16:09:06.993 [main] DEBUG c.i.webscraper.scraper.WebScraper -        Q[29chars] | A[760chars] | Code[0]
2026-05-13 16:09:06.993 [main] DEBUG c.i.webscraper.scraper.WebScraper -        Q[24chars] | A[239chars] | Code[1]
2026-05-13 16:09:06.994 [main] DEBUG c.i.webscraper.scraper.WebScraper -        Q[33chars] | A[599chars] | Code[1]
2026-05-13 16:09:06.994 [main] INFO  c.i.webscraper.scraper.WebScraper -      7 Q&A pair(s) extracted.
2026-05-13 16:09:06.994 [main] INFO  c.i.webscraper.scraper.WebScraper -   → Section: 'More Kubernetes Essentials' (https://interview.in28minutes.com/interview-guides/kubernetes/more-kubernetes-essentials/)
2026-05-13 16:09:06.995 [main] DEBUG c.i.webscraper.scraper.WebScraper - Sleeping 2500ms (attempt 1/3) before: https://interview.in28minutes.com/interview-guides/kubernetes/more-kubernetes-essentials/
2026-05-13 16:09:10.163 [main] DEBUG c.i.webscraper.scraper.WebScraper - HTTP 200 ← https://interview.in28minutes.com/interview-guides/kubernetes/more-kubernetes-essentials/
2026-05-13 16:09:10.169 [main] DEBUG c.i.webscraper.scraper.WebScraper -      11 question heading(s) in 'More Kubernetes Essentials'.
2026-05-13 16:09:10.169 [main] DEBUG c.i.webscraper.scraper.WebScraper -        Q[12chars] | A[1464chars] | Code[0]
2026-05-13 16:09:10.170 [main] DEBUG c.i.webscraper.scraper.WebScraper -        Q[12chars] | A[796chars] | Code[0]
2026-05-13 16:09:10.170 [main] DEBUG c.i.webscraper.scraper.WebScraper -        Q[12chars] | A[1221chars] | Code[0]
2026-05-13 16:09:10.171 [main] DEBUG c.i.webscraper.scraper.WebScraper -        Q[53chars] | A[1013chars] | Code[0]
2026-05-13 16:09:10.171 [main] DEBUG c.i.webscraper.scraper.WebScraper -        Q[45chars] | A[846chars] | Code[0]
2026-05-13 16:09:10.171 [main] DEBUG c.i.webscraper.scraper.WebScraper -        Q[19chars] | A[1578chars] | Code[1]
2026-05-13 16:09:10.172 [main] DEBUG c.i.webscraper.scraper.WebScraper -        Q[26chars] | A[880chars] | Code[1]
2026-05-13 16:09:10.172 [main] DEBUG c.i.webscraper.scraper.WebScraper -        Q[18chars] | A[945chars] | Code[2]
2026-05-13 16:09:10.172 [main] DEBUG c.i.webscraper.scraper.WebScraper -        Q[56chars] | A[1880chars] | Code[0]
2026-05-13 16:09:10.172 [main] INFO  c.i.webscraper.scraper.WebScraper -      9 Q&A pair(s) extracted.
2026-05-13 16:09:10.173 [main] INFO  c.i.webscraper.scraper.WebScraper -   → Section: 'Kubernetes Interview - Diagrams' (https://interview.in28minutes.com/interview-guides/kubernetes/kubernetes-interview-diagrams/)
2026-05-13 16:09:10.173 [main] DEBUG c.i.webscraper.scraper.WebScraper - Sleeping 2500ms (attempt 1/3) before: https://interview.in28minutes.com/interview-guides/kubernetes/kubernetes-interview-diagrams/
2026-05-13 16:09:13.132 [main] DEBUG c.i.webscraper.scraper.WebScraper - HTTP 200 ← https://interview.in28minutes.com/interview-guides/kubernetes/kubernetes-interview-diagrams/
2026-05-13 16:09:13.137 [main] DEBUG c.i.webscraper.scraper.WebScraper -      16 question heading(s) in 'Kubernetes Interview - Diagrams'.
2026-05-13 16:09:13.138 [main] DEBUG c.i.webscraper.scraper.WebScraper -        Q[26chars] | A[0chars] | Code[1]
2026-05-13 16:09:13.138 [main] DEBUG c.i.webscraper.scraper.WebScraper -        Q[26chars] | A[0chars] | Code[1]
2026-05-13 16:09:13.139 [main] DEBUG c.i.webscraper.scraper.WebScraper -        Q[7chars] | A[0chars] | Code[1]
2026-05-13 16:09:13.139 [main] DEBUG c.i.webscraper.scraper.WebScraper -        Q[6chars] | A[17chars] | Code[0]
2026-05-13 16:09:13.139 [main] DEBUG c.i.webscraper.scraper.WebScraper -        Q[7chars] | A[0chars] | Code[1]
2026-05-13 16:09:13.140 [main] DEBUG c.i.webscraper.scraper.WebScraper -        Q[12chars] | A[0chars] | Code[1]
2026-05-13 16:09:13.140 [main] INFO  c.i.webscraper.scraper.WebScraper -      6 Q&A pair(s) extracted.
2026-05-13 16:09:13.141 [main] INFO  c.i.webscraper.scraper.WebScraper - Topic 'Kubernetes' complete → 10 section(s).
2026-05-13 16:09:13.141 [main] INFO  c.i.webscraper.scraper.WebScraper - ---------- Topic: Terraform → https://interview.in28minutes.com/terraform/
2026-05-13 16:09:13.141 [main] DEBUG c.i.webscraper.scraper.WebScraper - Sleeping 2500ms (attempt 1/3) before: https://interview.in28minutes.com/terraform/
2026-05-13 16:09:19.182 [main] DEBUG c.i.webscraper.scraper.WebScraper - HTTP 200 ← https://interview.in28minutes.com/terraform/
2026-05-13 16:09:19.184 [main] DEBUG c.i.webscraper.scraper.WebScraper - Topic 'Terraform' → 5 card(s) found.
2026-05-13 16:09:19.186 [main] INFO  c.i.webscraper.scraper.WebScraper -   → Section: 'Introduction to Terraform' (https://interview.in28minutes.com/interview-guides/terraform/introduction-to-terraform/)
2026-05-13 16:09:19.187 [main] DEBUG c.i.webscraper.scraper.WebScraper - Sleeping 2500ms (attempt 1/3) before: https://interview.in28minutes.com/interview-guides/terraform/introduction-to-terraform/
2026-05-13 16:09:22.261 [main] DEBUG c.i.webscraper.scraper.WebScraper - HTTP 200 ← https://interview.in28minutes.com/interview-guides/terraform/introduction-to-terraform/
2026-05-13 16:09:22.270 [main] DEBUG c.i.webscraper.scraper.WebScraper -      9 question heading(s) in 'Introduction to Terraform'.
2026-05-13 16:09:22.271 [main] DEBUG c.i.webscraper.scraper.WebScraper -        Q[18chars] | A[1245chars] | Code[0]
2026-05-13 16:09:22.271 [main] DEBUG c.i.webscraper.scraper.WebScraper -        Q[58chars] | A[1831chars] | Code[0]
2026-05-13 16:09:22.272 [main] DEBUG c.i.webscraper.scraper.WebScraper -        Q[80chars] | A[1062chars] | Code[0]
2026-05-13 16:09:22.272 [main] DEBUG c.i.webscraper.scraper.WebScraper -        Q[46chars] | A[1044chars] | Code[1]
2026-05-13 16:09:22.273 [main] DEBUG c.i.webscraper.scraper.WebScraper -        Q[43chars] | A[2302chars] | Code[0]
2026-05-13 16:09:22.273 [main] DEBUG c.i.webscraper.scraper.WebScraper -        Q[62chars] | A[884chars] | Code[0]
2026-05-13 16:09:22.273 [main] DEBUG c.i.webscraper.scraper.WebScraper -        Q[42chars] | A[1068chars] | Code[1]
2026-05-13 16:09:22.273 [main] DEBUG c.i.webscraper.scraper.WebScraper -        Q[60chars] | A[432chars] | Code[1]
2026-05-13 16:09:22.274 [main] INFO  c.i.webscraper.scraper.WebScraper -      8 Q&A pair(s) extracted.
2026-05-13 16:09:22.274 [main] INFO  c.i.webscraper.scraper.WebScraper -   → Section: 'Terraform Language - HCL' (https://interview.in28minutes.com/interview-guides/terraform/terraform-language-hcl/)
2026-05-13 16:09:22.274 [main] DEBUG c.i.webscraper.scraper.WebScraper - Sleeping 2500ms (attempt 1/3) before: https://interview.in28minutes.com/interview-guides/terraform/terraform-language-hcl/
2026-05-13 16:09:25.404 [main] DEBUG c.i.webscraper.scraper.WebScraper - HTTP 200 ← https://interview.in28minutes.com/interview-guides/terraform/terraform-language-hcl/
2026-05-13 16:09:25.412 [main] DEBUG c.i.webscraper.scraper.WebScraper -      8 question heading(s) in 'Terraform Language - HCL'.
2026-05-13 16:09:25.412 [main] DEBUG c.i.webscraper.scraper.WebScraper -        Q[68chars] | A[866chars] | Code[0]
2026-05-13 16:09:25.413 [main] DEBUG c.i.webscraper.scraper.WebScraper -        Q[68chars] | A[550chars] | Code[1]
2026-05-13 16:09:25.415 [main] DEBUG c.i.webscraper.scraper.WebScraper -        Q[38chars] | A[824chars] | Code[1]
2026-05-13 16:09:25.415 [main] DEBUG c.i.webscraper.scraper.WebScraper -        Q[65chars] | A[503chars] | Code[1]
2026-05-13 16:09:25.416 [main] DEBUG c.i.webscraper.scraper.WebScraper -        Q[35chars] | A[792chars] | Code[1]
2026-05-13 16:09:25.417 [main] DEBUG c.i.webscraper.scraper.WebScraper -        Q[54chars] | A[518chars] | Code[4]
2026-05-13 16:09:25.417 [main] DEBUG c.i.webscraper.scraper.WebScraper -        Q[49chars] | A[1001chars] | Code[1]
2026-05-13 16:09:25.418 [main] DEBUG c.i.webscraper.scraper.WebScraper -        Q[50chars] | A[135chars] | Code[1]
2026-05-13 16:09:25.418 [main] INFO  c.i.webscraper.scraper.WebScraper -      8 Q&A pair(s) extracted.
2026-05-13 16:09:25.419 [main] INFO  c.i.webscraper.scraper.WebScraper -   → Section: 'Terraform State Management' (https://interview.in28minutes.com/interview-guides/terraform/terraform-state-management/)
2026-05-13 16:09:25.419 [main] DEBUG c.i.webscraper.scraper.WebScraper - Sleeping 2500ms (attempt 1/3) before: https://interview.in28minutes.com/interview-guides/terraform/terraform-state-management/
2026-05-13 16:09:28.827 [main] DEBUG c.i.webscraper.scraper.WebScraper - HTTP 200 ← https://interview.in28minutes.com/interview-guides/terraform/terraform-state-management/
2026-05-13 16:09:28.833 [main] DEBUG c.i.webscraper.scraper.WebScraper -      8 question heading(s) in 'Terraform State Management'.
2026-05-13 16:09:28.834 [main] DEBUG c.i.webscraper.scraper.WebScraper -        Q[37chars] | A[1264chars] | Code[0]
2026-05-13 16:09:28.836 [main] DEBUG c.i.webscraper.scraper.WebScraper -        Q[42chars] | A[4808chars] | Code[4]
2026-05-13 16:09:28.837 [main] DEBUG c.i.webscraper.scraper.WebScraper -        Q[49chars] | A[958chars] | Code[1]
2026-05-13 16:09:28.837 [main] DEBUG c.i.webscraper.scraper.WebScraper -        Q[60chars] | A[523chars] | Code[1]
2026-05-13 16:09:28.838 [main] DEBUG c.i.webscraper.scraper.WebScraper -        Q[18chars] | A[2007chars] | Code[0]
2026-05-13 16:09:28.840 [main] DEBUG c.i.webscraper.scraper.WebScraper -        Q[30chars] | A[2340chars] | Code[0]
2026-05-13 16:09:28.841 [main] DEBUG c.i.webscraper.scraper.WebScraper -        Q[73chars] | A[682chars] | Code[2]
2026-05-13 16:09:28.841 [main] DEBUG c.i.webscraper.scraper.WebScraper -        Q[64chars] | A[829chars] | Code[1]
2026-05-13 16:09:28.842 [main] INFO  c.i.webscraper.scraper.WebScraper -      8 Q&A pair(s) extracted.
2026-05-13 16:09:28.842 [main] INFO  c.i.webscraper.scraper.WebScraper -   → Section: 'Terraform Best Practices' (https://interview.in28minutes.com/interview-guides/terraform/terraform-best-practices/)
2026-05-13 16:09:28.842 [main] DEBUG c.i.webscraper.scraper.WebScraper - Sleeping 2500ms (attempt 1/3) before: https://interview.in28minutes.com/interview-guides/terraform/terraform-best-practices/
2026-05-13 16:09:32.170 [main] DEBUG c.i.webscraper.scraper.WebScraper - HTTP 200 ← https://interview.in28minutes.com/interview-guides/terraform/terraform-best-practices/
2026-05-13 16:09:32.176 [main] DEBUG c.i.webscraper.scraper.WebScraper -      8 question heading(s) in 'Terraform Best Practices'.
2026-05-13 16:09:32.177 [main] DEBUG c.i.webscraper.scraper.WebScraper -        Q[52chars] | A[1467chars] | Code[1]
2026-05-13 16:09:32.179 [main] DEBUG c.i.webscraper.scraper.WebScraper -        Q[55chars] | A[1090chars] | Code[1]
2026-05-13 16:09:32.180 [main] DEBUG c.i.webscraper.scraper.WebScraper -        Q[27chars] | A[1729chars] | Code[3]
2026-05-13 16:09:32.180 [main] DEBUG c.i.webscraper.scraper.WebScraper -        Q[42chars] | A[1357chars] | Code[0]
2026-05-13 16:09:32.181 [main] DEBUG c.i.webscraper.scraper.WebScraper -        Q[62chars] | A[1105chars] | Code[0]
2026-05-13 16:09:32.182 [main] DEBUG c.i.webscraper.scraper.WebScraper -        Q[37chars] | A[789chars] | Code[0]
2026-05-13 16:09:32.183 [main] DEBUG c.i.webscraper.scraper.WebScraper -        Q[38chars] | A[1222chars] | Code[0]
2026-05-13 16:09:32.183 [main] DEBUG c.i.webscraper.scraper.WebScraper -        Q[27chars] | A[2676chars] | Code[0]
2026-05-13 16:09:32.183 [main] INFO  c.i.webscraper.scraper.WebScraper -      8 Q&A pair(s) extracted.
2026-05-13 16:09:32.185 [main] INFO  c.i.webscraper.scraper.WebScraper -   → Section: 'Terraform Interview - Diagrams' (https://interview.in28minutes.com/interview-guides/terraform/terraform-interview-diagrams/)
2026-05-13 16:09:32.185 [main] DEBUG c.i.webscraper.scraper.WebScraper - Sleeping 2500ms (attempt 1/3) before: https://interview.in28minutes.com/interview-guides/terraform/terraform-interview-diagrams/
2026-05-13 16:09:35.248 [main] DEBUG c.i.webscraper.scraper.WebScraper - HTTP 200 ← https://interview.in28minutes.com/interview-guides/terraform/terraform-interview-diagrams/
2026-05-13 16:09:35.252 [main] DEBUG c.i.webscraper.scraper.WebScraper -      4 question heading(s) in 'Terraform Interview - Diagrams'.
2026-05-13 16:09:35.253 [main] WARN  c.i.webscraper.scraper.WebScraper -      Section 'Terraform Interview - Diagrams' had no Q&A pairs.
2026-05-13 16:09:35.253 [main] INFO  c.i.webscraper.scraper.WebScraper - Topic 'Terraform' complete → 4 section(s).
2026-05-13 16:09:35.254 [main] INFO  c.i.webscraper.scraper.WebScraper - ---------- Topic: Git → https://interview.in28minutes.com/git/
2026-05-13 16:09:35.254 [main] DEBUG c.i.webscraper.scraper.WebScraper - Sleeping 2500ms (attempt 1/3) before: https://interview.in28minutes.com/git/
2026-05-13 16:09:38.250 [main] DEBUG c.i.webscraper.scraper.WebScraper - HTTP 200 ← https://interview.in28minutes.com/git/
2026-05-13 16:09:38.254 [main] DEBUG c.i.webscraper.scraper.WebScraper - Topic 'Git' → 4 card(s) found.
2026-05-13 16:09:38.255 [main] INFO  c.i.webscraper.scraper.WebScraper -   → Section: 'Introduction to Git' (https://interview.in28minutes.com/interview-guides/git/introduction-to-git/)
2026-05-13 16:09:38.255 [main] DEBUG c.i.webscraper.scraper.WebScraper - Sleeping 2500ms (attempt 1/3) before: https://interview.in28minutes.com/interview-guides/git/introduction-to-git/
2026-05-13 16:09:41.473 [main] DEBUG c.i.webscraper.scraper.WebScraper - HTTP 200 ← https://interview.in28minutes.com/interview-guides/git/introduction-to-git/
2026-05-13 16:09:41.479 [main] DEBUG c.i.webscraper.scraper.WebScraper -      10 question heading(s) in 'Introduction to Git'.
2026-05-13 16:09:41.480 [main] DEBUG c.i.webscraper.scraper.WebScraper -        Q[33chars] | A[640chars] | Code[1]
2026-05-13 16:09:41.480 [main] DEBUG c.i.webscraper.scraper.WebScraper -        Q[78chars] | A[834chars] | Code[0]
2026-05-13 16:09:41.481 [main] DEBUG c.i.webscraper.scraper.WebScraper -        Q[42chars] | A[1678chars] | Code[8]
2026-05-13 16:09:41.482 [main] DEBUG c.i.webscraper.scraper.WebScraper -        Q[27chars] | A[1750chars] | Code[0]
2026-05-13 16:09:41.482 [main] DEBUG c.i.webscraper.scraper.WebScraper -        Q[64chars] | A[66chars] | Code[0]
2026-05-13 16:09:41.483 [main] DEBUG c.i.webscraper.scraper.WebScraper -        Q[15chars] | A[1407chars] | Code[0]
2026-05-13 16:09:41.483 [main] DEBUG c.i.webscraper.scraper.WebScraper -        Q[85chars] | A[1112chars] | Code[1]
2026-05-13 16:09:41.484 [main] DEBUG c.i.webscraper.scraper.WebScraper -        Q[38chars] | A[2220chars] | Code[0]
2026-05-13 16:09:41.486 [main] DEBUG c.i.webscraper.scraper.WebScraper -        Q[54chars] | A[1702chars] | Code[0]
2026-05-13 16:09:41.486 [main] DEBUG c.i.webscraper.scraper.WebScraper -        Q[65chars] | A[1263chars] | Code[0]
2026-05-13 16:09:41.487 [main] INFO  c.i.webscraper.scraper.WebScraper -      10 Q&A pair(s) extracted.
2026-05-13 16:09:41.487 [main] INFO  c.i.webscraper.scraper.WebScraper -   → Section: 'Git Branching' (https://interview.in28minutes.com/interview-guides/git/git-branching/)
2026-05-13 16:09:41.488 [main] DEBUG c.i.webscraper.scraper.WebScraper - Sleeping 2500ms (attempt 1/3) before: https://interview.in28minutes.com/interview-guides/git/git-branching/
2026-05-13 16:09:46.632 [main] DEBUG c.i.webscraper.scraper.WebScraper - HTTP 200 ← https://interview.in28minutes.com/interview-guides/git/git-branching/
2026-05-13 16:09:46.638 [main] DEBUG c.i.webscraper.scraper.WebScraper -      7 question heading(s) in 'Git Branching'.
2026-05-13 16:09:46.639 [main] DEBUG c.i.webscraper.scraper.WebScraper -        Q[38chars] | A[1041chars] | Code[0]
2026-05-13 16:09:46.639 [main] DEBUG c.i.webscraper.scraper.WebScraper -        Q[69chars] | A[978chars] | Code[1]
2026-05-13 16:09:46.640 [main] DEBUG c.i.webscraper.scraper.WebScraper -        Q[52chars] | A[2057chars] | Code[6]
2026-05-13 16:09:46.640 [main] DEBUG c.i.webscraper.scraper.WebScraper -        Q[57chars] | A[4002chars] | Code[0]
2026-05-13 16:09:46.642 [main] DEBUG c.i.webscraper.scraper.WebScraper -        Q[18chars] | A[2563chars] | Code[5]
2026-05-13 16:09:46.643 [main] DEBUG c.i.webscraper.scraper.WebScraper -        Q[18chars] | A[1586chars] | Code[0]
2026-05-13 16:09:46.643 [main] DEBUG c.i.webscraper.scraper.WebScraper -        Q[29chars] | A[1280chars] | Code[0]
2026-05-13 16:09:46.643 [main] INFO  c.i.webscraper.scraper.WebScraper -      7 Q&A pair(s) extracted.
2026-05-13 16:09:46.645 [main] INFO  c.i.webscraper.scraper.WebScraper -   → Section: 'Git - Other Features You Need To Know' (https://interview.in28minutes.com/interview-guides/git/git-other-features-you-need-to-know/)
2026-05-13 16:09:46.645 [main] DEBUG c.i.webscraper.scraper.WebScraper - Sleeping 2500ms (attempt 1/3) before: https://interview.in28minutes.com/interview-guides/git/git-other-features-you-need-to-know/
2026-05-13 16:09:49.692 [main] DEBUG c.i.webscraper.scraper.WebScraper - HTTP 200 ← https://interview.in28minutes.com/interview-guides/git/git-other-features-you-need-to-know/
2026-05-13 16:09:49.698 [main] DEBUG c.i.webscraper.scraper.WebScraper -      9 question heading(s) in 'Git - Other Features You Need To Know'.
2026-05-13 16:09:49.699 [main] DEBUG c.i.webscraper.scraper.WebScraper -        Q[67chars] | A[531chars] | Code[1]
2026-05-13 16:09:49.700 [main] DEBUG c.i.webscraper.scraper.WebScraper -        Q[54chars] | A[574chars] | Code[1]
2026-05-13 16:09:49.700 [main] DEBUG c.i.webscraper.scraper.WebScraper -        Q[80chars] | A[517chars] | Code[1]
2026-05-13 16:09:49.700 [main] DEBUG c.i.webscraper.scraper.WebScraper -        Q[59chars] | A[639chars] | Code[2]
2026-05-13 16:09:49.702 [main] DEBUG c.i.webscraper.scraper.WebScraper -        Q[69chars] | A[1120chars] | Code[0]
2026-05-13 16:09:49.702 [main] DEBUG c.i.webscraper.scraper.WebScraper -        Q[70chars] | A[335chars] | Code[1]
2026-05-13 16:09:49.703 [main] DEBUG c.i.webscraper.scraper.WebScraper -        Q[51chars] | A[276chars] | Code[1]
2026-05-13 16:09:49.704 [main] DEBUG c.i.webscraper.scraper.WebScraper -        Q[60chars] | A[331chars] | Code[1]
2026-05-13 16:09:49.704 [main] INFO  c.i.webscraper.scraper.WebScraper -      8 Q&A pair(s) extracted.
2026-05-13 16:09:49.704 [main] INFO  c.i.webscraper.scraper.WebScraper -   → Section: 'Git Interview - Diagrams' (https://interview.in28minutes.com/interview-guides/git/git-interview-diagrams/)
2026-05-13 16:09:49.705 [main] DEBUG c.i.webscraper.scraper.WebScraper - Sleeping 2500ms (attempt 1/3) before: https://interview.in28minutes.com/interview-guides/git/git-interview-diagrams/
2026-05-13 16:09:52.902 [main] DEBUG c.i.webscraper.scraper.WebScraper - HTTP 200 ← https://interview.in28minutes.com/interview-guides/git/git-interview-diagrams/
2026-05-13 16:09:52.906 [main] DEBUG c.i.webscraper.scraper.WebScraper -      9 question heading(s) in 'Git Interview - Diagrams'.
2026-05-13 16:09:52.907 [main] DEBUG c.i.webscraper.scraper.WebScraper -        Q[9chars] | A[38chars] | Code[0]
2026-05-13 16:09:52.907 [main] DEBUG c.i.webscraper.scraper.WebScraper -        Q[16chars] | A[0chars] | Code[1]
2026-05-13 16:09:52.908 [main] DEBUG c.i.webscraper.scraper.WebScraper -        Q[15chars] | A[0chars] | Code[1]
2026-05-13 16:09:52.908 [main] DEBUG c.i.webscraper.scraper.WebScraper -        Q[20chars] | A[0chars] | Code[1]
2026-05-13 16:09:52.908 [main] DEBUG c.i.webscraper.scraper.WebScraper -        Q[19chars] | A[0chars] | Code[1]
2026-05-13 16:09:52.909 [main] DEBUG c.i.webscraper.scraper.WebScraper -        Q[19chars] | A[0chars] | Code[1]
2026-05-13 16:09:52.909 [main] DEBUG c.i.webscraper.scraper.WebScraper -        Q[38chars] | A[0chars] | Code[1]
2026-05-13 16:09:52.910 [main] DEBUG c.i.webscraper.scraper.WebScraper -        Q[7chars] | A[0chars] | Code[1]
2026-05-13 16:09:52.910 [main] DEBUG c.i.webscraper.scraper.WebScraper -        Q[10chars] | A[0chars] | Code[1]
2026-05-13 16:09:52.911 [main] INFO  c.i.webscraper.scraper.WebScraper -      9 Q&A pair(s) extracted.
2026-05-13 16:09:52.911 [main] INFO  c.i.webscraper.scraper.WebScraper - Topic 'Git' complete → 4 section(s).
2026-05-13 16:09:52.911 [main] INFO  c.i.webscraper.scraper.WebScraper - ===== Done. 7 book(s) populated. =====
2026-05-13 16:09:52.912 [main] INFO  com.in28minutes.webscraper.Main - Phase 1 complete. 7 topic(s) scraped successfully:
2026-05-13 16:09:52.912 [main] INFO  com.in28minutes.webscraper.Main -   • Java → 17 section(s)
2026-05-13 16:09:52.913 [main] INFO  com.in28minutes.webscraper.Main -   • DevOps → 1 section(s)
2026-05-13 16:09:52.913 [main] INFO  com.in28minutes.webscraper.Main -   • Cloud → 7 section(s)
2026-05-13 16:09:52.913 [main] INFO  com.in28minutes.webscraper.Main -   • Docker → 9 section(s)
2026-05-13 16:09:52.914 [main] INFO  com.in28minutes.webscraper.Main -   • Kubernetes → 10 section(s)
2026-05-13 16:09:52.914 [main] INFO  com.in28minutes.webscraper.Main -   • Terraform → 4 section(s)
2026-05-13 16:09:52.915 [main] INFO  com.in28minutes.webscraper.Main -   • Git → 4 section(s)
2026-05-13 16:09:52.915 [main] INFO  com.in28minutes.webscraper.Main - Phase 2: PDF generation initiated.
2026-05-13 16:09:53.102 [main] INFO  c.i.webscraper.pdf.PdfGenerator - ===== PDF generation: 7 book(s) =====
2026-05-13 16:09:53.103 [main] INFO  c.i.webscraper.pdf.PdfGenerator - Generating: Java_Interview_Guide.pdf
2026-05-13 16:09:53.854 [main] INFO  c.i.webscraper.pdf.PdfGenerator -   Written: Java_Interview_Guide.pdf (534 KB)
2026-05-13 16:09:53.854 [main] INFO  c.i.webscraper.pdf.PdfGenerator - Generating: DevOps_Interview_Guide.pdf
2026-05-13 16:09:53.881 [main] INFO  c.i.webscraper.pdf.PdfGenerator -   Written: DevOps_Interview_Guide.pdf (26 KB)
2026-05-13 16:09:53.882 [main] INFO  c.i.webscraper.pdf.PdfGenerator - Generating: Cloud_Interview_Guide.pdf
2026-05-13 16:09:53.950 [main] INFO  c.i.webscraper.pdf.PdfGenerator -   Written: Cloud_Interview_Guide.pdf (116 KB)
2026-05-13 16:09:53.950 [main] INFO  c.i.webscraper.pdf.PdfGenerator - Generating: Docker_Interview_Guide.pdf
2026-05-13 16:09:54.020 [main] INFO  c.i.webscraper.pdf.PdfGenerator -   Written: Docker_Interview_Guide.pdf (129 KB)
2026-05-13 16:09:54.020 [main] INFO  c.i.webscraper.pdf.PdfGenerator - Generating: Kubernetes_Interview_Guide.pdf
2026-05-13 16:09:54.097 [main] INFO  c.i.webscraper.pdf.PdfGenerator -   Written: Kubernetes_Interview_Guide.pdf (166 KB)
2026-05-13 16:09:54.097 [main] INFO  c.i.webscraper.pdf.PdfGenerator - Generating: Terraform_Interview_Guide.pdf
2026-05-13 16:09:54.168 [main] INFO  c.i.webscraper.pdf.PdfGenerator -   Written: Terraform_Interview_Guide.pdf (86 KB)
2026-05-13 16:09:54.168 [main] INFO  c.i.webscraper.pdf.PdfGenerator - Generating: Git_Interview_Guide.pdf
2026-05-13 16:09:54.225 [main] INFO  c.i.webscraper.pdf.PdfGenerator -   Written: Git_Interview_Guide.pdf (71 KB)
2026-05-13 16:09:54.225 [main] INFO  c.i.webscraper.pdf.PdfGenerator - ===== Done. 7/7 PDF(s) in 'C:\Users\mmohamm1\OneDrive - Capgemini\Desktop\WebScraper\output' =====
2026-05-13 16:09:54.225 [main] INFO  com.in28minutes.webscraper.Main - =========================================================
2026-05-13 16:09:54.225 [main] INFO  com.in28minutes.webscraper.Main -   All done!  Elapsed time: 211s
2026-05-13 16:09:54.225 [main] INFO  com.in28minutes.webscraper.Main -   Output directory: C:\Users\mmohamm1\OneDrive - Capgemini\Desktop\WebScraper\output
2026-05-13 16:09:54.227 [main] INFO  com.in28minutes.webscraper.Main -   7 PDF file(s) generated:
2026-05-13 16:09:54.227 [main] INFO  com.in28minutes.webscraper.Main -     → Cloud_Interview_Guide.pdf (116 KB)
2026-05-13 16:09:54.227 [main] INFO  com.in28minutes.webscraper.Main -     → DevOps_Interview_Guide.pdf (26 KB)
2026-05-13 16:09:54.227 [main] INFO  com.in28minutes.webscraper.Main -     → Docker_Interview_Guide.pdf (129 KB)
2026-05-13 16:09:54.229 [main] INFO  com.in28minutes.webscraper.Main -     → Git_Interview_Guide.pdf (71 KB)
2026-05-13 16:09:54.229 [main] INFO  com.in28minutes.webscraper.Main -     → Java_Interview_Guide.pdf (534 KB)
2026-05-13 16:09:54.229 [main] INFO  com.in28minutes.webscraper.Main -     → Kubernetes_Interview_Guide.pdf (166 KB)
2026-05-13 16:09:54.229 [main] INFO  com.in28minutes.webscraper.Main -     → Terraform_Interview_Guide.pdf (86 KB)
2026-05-13 16:09:54.229 [main] INFO  com.in28minutes.webscraper.Main - =========================================================
2026-05-13 16:19:10.693 [main] INFO  com.in28minutes.webscraper.Main - In28Minutes Interview Guide Scraper starting...
2026-05-13 16:19:10.695 [main] INFO  com.in28minutes.webscraper.Main - Phase 1: Web scraping initiated.
2026-05-13 16:19:10.928 [main] INFO  c.i.webscraper.scraper.WebScraper - SSL trust-all installed (scraper mode).
2026-05-13 16:19:10.928 [main] INFO  c.i.webscraper.scraper.WebScraper - ===== Starting scrape for 7 topic(s) =====
2026-05-13 16:19:10.932 [main] INFO  c.i.webscraper.scraper.WebScraper - ---------- Topic: Java → https://interview.in28minutes.com/java/
2026-05-13 16:19:10.934 [main] DEBUG c.i.webscraper.scraper.WebScraper - Sleeping 2500ms (attempt 1/3) before: https://interview.in28minutes.com/java/
2026-05-13 16:19:15.806 [main] DEBUG c.i.webscraper.scraper.WebScraper - HTTP 200 ← https://interview.in28minutes.com/java/
2026-05-13 16:19:15.939 [main] DEBUG c.i.webscraper.scraper.WebScraper - Topic 'Java' → 17 card(s) found.
2026-05-13 16:19:15.942 [main] INFO  c.i.webscraper.scraper.WebScraper -   → Section: 'Java Platform' (https://interview.in28minutes.com/interview-guides/java/java-platform/)
2026-05-13 16:19:15.943 [main] DEBUG c.i.webscraper.scraper.WebScraper - Sleeping 2500ms (attempt 1/3) before: https://interview.in28minutes.com/interview-guides/java/java-platform/
2026-05-13 16:19:19.741 [main] DEBUG c.i.webscraper.scraper.WebScraper - HTTP 200 ← https://interview.in28minutes.com/interview-guides/java/java-platform/
2026-05-13 16:19:19.805 [main] DEBUG c.i.webscraper.scraper.WebScraper -      19 question heading(s) in 'Java Platform'.
2026-05-13 16:19:19.813 [main] DEBUG c.i.webscraper.scraper.WebScraper -        Q[30chars] | A[343chars] | Code[1]
2026-05-13 16:19:19.820 [main] DEBUG c.i.webscraper.scraper.WebScraper -        Q[36chars] | A[744chars] | Code[0]
2026-05-13 16:19:19.825 [main] DEBUG c.i.webscraper.scraper.WebScraper -        Q[32chars] | A[656chars] | Code[3]
2026-05-13 16:19:19.843 [main] DEBUG c.i.webscraper.scraper.WebScraper -        Q[66chars] | A[1977chars] | Code[6]
2026-05-13 16:19:19.849 [main] DEBUG c.i.webscraper.scraper.WebScraper -        Q[17chars] | A[1093chars] | Code[0]
2026-05-13 16:19:19.852 [main] DEBUG c.i.webscraper.scraper.WebScraper -        Q[39chars] | A[351chars] | Code[4]
2026-05-13 16:19:19.858 [main] DEBUG c.i.webscraper.scraper.WebScraper -        Q[48chars] | A[648chars] | Code[9]
2026-05-13 16:19:19.859 [main] DEBUG c.i.webscraper.scraper.WebScraper -        Q[18chars] | A[259chars] | Code[1]
2026-05-13 16:19:19.861 [main] DEBUG c.i.webscraper.scraper.WebScraper -        Q[43chars] | A[321chars] | Code[0]
2026-05-13 16:19:19.867 [main] DEBUG c.i.webscraper.scraper.WebScraper -        Q[27chars] | A[1574chars] | Code[1]
2026-05-13 16:19:19.868 [main] DEBUG c.i.webscraper.scraper.WebScraper -        Q[53chars] | A[590chars] | Code[0]
2026-05-13 16:19:19.869 [main] DEBUG c.i.webscraper.scraper.WebScraper -        Q[89chars] | A[516chars] | Code[2]
2026-05-13 16:19:19.871 [main] DEBUG c.i.webscraper.scraper.WebScraper -        Q[29chars] | A[568chars] | Code[0]
2026-05-13 16:19:19.872 [main] DEBUG c.i.webscraper.scraper.WebScraper -        Q[32chars] | A[375chars] | Code[0]
2026-05-13 16:19:19.875 [main] DEBUG c.i.webscraper.scraper.WebScraper -        Q[74chars] | A[757chars] | Code[0]
2026-05-13 16:19:19.878 [main] DEBUG c.i.webscraper.scraper.WebScraper -        Q[39chars] | A[410chars] | Code[2]
2026-05-13 16:19:19.888 [main] DEBUG c.i.webscraper.scraper.WebScraper -        Q[55chars] | A[1659chars] | Code[8]
2026-05-13 16:19:19.889 [main] DEBUG c.i.webscraper.scraper.WebScraper -        Q[55chars] | A[557chars] | Code[0]
2026-05-13 16:19:19.889 [main] INFO  c.i.webscraper.scraper.WebScraper -      18 Q&A pair(s) extracted.
2026-05-13 16:19:19.890 [main] INFO  c.i.webscraper.scraper.WebScraper -   → Section: 'Java Landscape' (https://interview.in28minutes.com/interview-guides/java/java-landscape/)
2026-05-13 16:19:19.890 [main] DEBUG c.i.webscraper.scraper.WebScraper - Sleeping 2500ms (attempt 1/3) before: https://interview.in28minutes.com/interview-guides/java/java-landscape/
2026-05-13 16:19:22.895 [main] DEBUG c.i.webscraper.scraper.WebScraper - HTTP 200 ← https://interview.in28minutes.com/interview-guides/java/java-landscape/
2026-05-13 16:19:22.917 [main] DEBUG c.i.webscraper.scraper.WebScraper -      12 question heading(s) in 'Java Landscape'.
2026-05-13 16:19:22.919 [main] DEBUG c.i.webscraper.scraper.WebScraper -        Q[14chars] | A[182chars] | Code[0]
2026-05-13 16:19:22.921 [main] DEBUG c.i.webscraper.scraper.WebScraper -        Q[29chars] | A[1077chars] | Code[0]
2026-05-13 16:19:22.922 [main] DEBUG c.i.webscraper.scraper.WebScraper -        Q[47chars] | A[1114chars] | Code[0]
2026-05-13 16:19:22.923 [main] DEBUG c.i.webscraper.scraper.WebScraper -        Q[19chars] | A[310chars] | Code[2]
2026-05-13 16:19:22.927 [main] DEBUG c.i.webscraper.scraper.WebScraper -        Q[51chars] | A[1438chars] | Code[0]
2026-05-13 16:19:22.929 [main] DEBUG c.i.webscraper.scraper.WebScraper -        Q[12chars] | A[844chars] | Code[0]
2026-05-13 16:19:22.932 [main] DEBUG c.i.webscraper.scraper.WebScraper -        Q[10chars] | A[1018chars] | Code[0]
2026-05-13 16:19:22.932 [main] DEBUG c.i.webscraper.scraper.WebScraper -        Q[22chars] | A[100chars] | Code[0]
2026-05-13 16:19:22.933 [main] DEBUG c.i.webscraper.scraper.WebScraper -        Q[63chars] | A[485chars] | Code[0]
2026-05-13 16:19:22.936 [main] DEBUG c.i.webscraper.scraper.WebScraper -        Q[36chars] | A[947chars] | Code[0]
2026-05-13 16:19:22.937 [main] DEBUG c.i.webscraper.scraper.WebScraper -        Q[43chars] | A[711chars] | Code[0]
2026-05-13 16:19:22.937 [main] DEBUG c.i.webscraper.scraper.WebScraper -        Q[26chars] | A[147chars] | Code[0]
2026-05-13 16:19:22.937 [main] INFO  c.i.webscraper.scraper.WebScraper -      12 Q&A pair(s) extracted.
2026-05-13 16:19:22.937 [main] INFO  c.i.webscraper.scraper.WebScraper -   → Section: 'Java Memory Management' (https://interview.in28minutes.com/interview-guides/java/java-memory-management/)
2026-05-13 16:19:22.938 [main] DEBUG c.i.webscraper.scraper.WebScraper - Sleeping 2500ms (attempt 1/3) before: https://interview.in28minutes.com/interview-guides/java/java-memory-management/
2026-05-13 16:19:26.156 [main] DEBUG c.i.webscraper.scraper.WebScraper - HTTP 200 ← https://interview.in28minutes.com/interview-guides/java/java-memory-management/
2026-05-13 16:19:26.172 [main] DEBUG c.i.webscraper.scraper.WebScraper -      13 question heading(s) in 'Java Memory Management'.
2026-05-13 16:19:26.174 [main] DEBUG c.i.webscraper.scraper.WebScraper -        Q[65chars] | A[878chars] | Code[3]
2026-05-13 16:19:26.175 [main] DEBUG c.i.webscraper.scraper.WebScraper -        Q[22chars] | A[730chars] | Code[4]
2026-05-13 16:19:26.177 [main] DEBUG c.i.webscraper.scraper.WebScraper -        Q[33chars] | A[411chars] | Code[1]
2026-05-13 16:19:26.179 [main] DEBUG c.i.webscraper.scraper.WebScraper -        Q[21chars] | A[1486chars] | Code[2]
2026-05-13 16:19:26.180 [main] DEBUG c.i.webscraper.scraper.WebScraper -        Q[18chars] | A[224chars] | Code[0]
2026-05-13 16:19:26.181 [main] DEBUG c.i.webscraper.scraper.WebScraper -        Q[34chars] | A[1118chars] | Code[1]
2026-05-13 16:19:26.183 [main] DEBUG c.i.webscraper.scraper.WebScraper -        Q[48chars] | A[1343chars] | Code[0]
2026-05-13 16:19:26.184 [main] DEBUG c.i.webscraper.scraper.WebScraper -        Q[32chars] | A[385chars] | Code[0]
2026-05-13 16:19:26.187 [main] DEBUG c.i.webscraper.scraper.WebScraper -        Q[35chars] | A[1968chars] | Code[4]
2026-05-13 16:19:26.188 [main] DEBUG c.i.webscraper.scraper.WebScraper -        Q[46chars] | A[686chars] | Code[0]
2026-05-13 16:19:26.189 [main] DEBUG c.i.webscraper.scraper.WebScraper -        Q[23chars] | A[497chars] | Code[2]
2026-05-13 16:19:26.190 [main] INFO  c.i.webscraper.scraper.WebScraper -      11 Q&A pair(s) extracted.
2026-05-13 16:19:26.190 [main] INFO  c.i.webscraper.scraper.WebScraper -   → Section: 'Java Object Oriented Programming Concepts' (https://interview.in28minutes.com/interview-guides/java/java-object-oriented-programming-concepts/)
2026-05-13 16:19:26.190 [main] DEBUG c.i.webscraper.scraper.WebScraper - Sleeping 2500ms (attempt 1/3) before: https://interview.in28minutes.com/interview-guides/java/java-object-oriented-programming-concepts/
2026-05-13 16:19:29.407 [main] DEBUG c.i.webscraper.scraper.WebScraper - HTTP 200 ← https://interview.in28minutes.com/interview-guides/java/java-object-oriented-programming-concepts/
2026-05-13 16:19:29.479 [main] DEBUG c.i.webscraper.scraper.WebScraper -      24 question heading(s) in 'Java Object Oriented Programming Concepts'.
2026-05-13 16:19:29.483 [main] DEBUG c.i.webscraper.scraper.WebScraper -        Q[41chars] | A[514chars] | Code[2]
2026-05-13 16:19:29.486 [main] DEBUG c.i.webscraper.scraper.WebScraper -        Q[36chars] | A[548chars] | Code[4]
2026-05-13 16:19:29.488 [main] DEBUG c.i.webscraper.scraper.WebScraper -        Q[37chars] | A[220chars] | Code[0]
2026-05-13 16:19:29.494 [main] DEBUG c.i.webscraper.scraper.WebScraper -        Q[42chars] | A[1544chars] | Code[3]
2026-05-13 16:19:29.495 [main] DEBUG c.i.webscraper.scraper.WebScraper -        Q[80chars] | A[547chars] | Code[3]
2026-05-13 16:19:29.497 [main] DEBUG c.i.webscraper.scraper.WebScraper -        Q[25chars] | A[1234chars] | Code[8]
2026-05-13 16:19:29.499 [main] DEBUG c.i.webscraper.scraper.WebScraper -        Q[29chars] | A[492chars] | Code[6]
2026-05-13 16:19:29.504 [main] DEBUG c.i.webscraper.scraper.WebScraper -        Q[61chars] | A[953chars] | Code[5]
2026-05-13 16:19:29.507 [main] DEBUG c.i.webscraper.scraper.WebScraper -        Q[47chars] | A[740chars] | Code[3]
2026-05-13 16:19:29.509 [main] DEBUG c.i.webscraper.scraper.WebScraper -        Q[22chars] | A[745chars] | Code[3]
2026-05-13 16:19:29.510 [main] DEBUG c.i.webscraper.scraper.WebScraper -        Q[27chars] | A[858chars] | Code[3]
2026-05-13 16:19:29.512 [main] DEBUG c.i.webscraper.scraper.WebScraper -        Q[59chars] | A[1059chars] | Code[3]
2026-05-13 16:19:29.513 [main] DEBUG c.i.webscraper.scraper.WebScraper -        Q[20chars] | A[1751chars] | Code[0]
2026-05-13 16:19:29.521 [main] DEBUG c.i.webscraper.scraper.WebScraper -        Q[17chars] | A[825chars] | Code[2]
2026-05-13 16:19:29.523 [main] DEBUG c.i.webscraper.scraper.WebScraper -        Q[17chars] | A[875chars] | Code[4]
2026-05-13 16:19:29.526 [main] DEBUG c.i.webscraper.scraper.WebScraper -        Q[31chars] | A[846chars] | Code[4]
2026-05-13 16:19:29.527 [main] DEBUG c.i.webscraper.scraper.WebScraper -        Q[52chars] | A[71chars] | Code[0]
2026-05-13 16:19:29.534 [main] DEBUG c.i.webscraper.scraper.WebScraper -        Q[34chars] | A[1713chars] | Code[2]
2026-05-13 16:19:29.537 [main] DEBUG c.i.webscraper.scraper.WebScraper -        Q[21chars] | A[774chars] | Code[4]
2026-05-13 16:19:29.554 [main] DEBUG c.i.webscraper.scraper.WebScraper -        Q[32chars] | A[468chars] | Code[1]
2026-05-13 16:19:29.556 [main] DEBUG c.i.webscraper.scraper.WebScraper -        Q[25chars] | A[381chars] | Code[2]
2026-05-13 16:19:29.569 [main] DEBUG c.i.webscraper.scraper.WebScraper -        Q[51chars] | A[727chars] | Code[2]
2026-05-13 16:19:29.570 [main] INFO  c.i.webscraper.scraper.WebScraper -      22 Q&A pair(s) extracted.
2026-05-13 16:19:29.570 [main] INFO  c.i.webscraper.scraper.WebScraper -   → Section: 'Java Object Oriented Programming Details' (https://interview.in28minutes.com/interview-guides/java/java-object-oriented-programming-details/)
2026-05-13 16:19:29.570 [main] DEBUG c.i.webscraper.scraper.WebScraper - Sleeping 2500ms (attempt 1/3) before: https://interview.in28minutes.com/interview-guides/java/java-object-oriented-programming-details/
2026-05-13 16:19:32.973 [main] DEBUG c.i.webscraper.scraper.WebScraper - HTTP 200 ← https://interview.in28minutes.com/interview-guides/java/java-object-oriented-programming-details/
2026-05-13 16:19:33.009 [main] DEBUG c.i.webscraper.scraper.WebScraper -      14 question heading(s) in 'Java Object Oriented Programming Details'.
2026-05-13 16:19:33.009 [main] DEBUG c.i.webscraper.scraper.WebScraper -        Q[46chars] | A[529chars] | Code[1]
2026-05-13 16:19:33.010 [main] DEBUG c.i.webscraper.scraper.WebScraper -        Q[66chars] | A[807chars] | Code[5]
2026-05-13 16:19:33.011 [main] DEBUG c.i.webscraper.scraper.WebScraper -        Q[64chars] | A[1739chars] | Code[5]
2026-05-13 16:19:33.012 [main] DEBUG c.i.webscraper.scraper.WebScraper -        Q[66chars] | A[531chars] | Code[3]
2026-05-13 16:19:33.014 [main] DEBUG c.i.webscraper.scraper.WebScraper -        Q[64chars] | A[2637chars] | Code[8]
2026-05-13 16:19:33.015 [main] DEBUG c.i.webscraper.scraper.WebScraper -        Q[46chars] | A[591chars] | Code[4]
2026-05-13 16:19:33.016 [main] DEBUG c.i.webscraper.scraper.WebScraper -        Q[33chars] | A[274chars] | Code[1]
2026-05-13 16:19:33.017 [main] DEBUG c.i.webscraper.scraper.WebScraper -        Q[43chars] | A[691chars] | Code[4]
2026-05-13 16:19:33.017 [main] DEBUG c.i.webscraper.scraper.WebScraper -        Q[36chars] | A[197chars] | Code[4]
2026-05-13 16:19:33.017 [main] DEBUG c.i.webscraper.scraper.WebScraper -        Q[47chars] | A[333chars] | Code[1]
2026-05-13 16:19:33.018 [main] DEBUG c.i.webscraper.scraper.WebScraper -        Q[64chars] | A[933chars] | Code[3]
2026-05-13 16:19:33.018 [main] DEBUG c.i.webscraper.scraper.WebScraper -        Q[43chars] | A[600chars] | Code[1]
2026-05-13 16:19:33.020 [main] DEBUG c.i.webscraper.scraper.WebScraper -        Q[40chars] | A[2241chars] | Code[4]
2026-05-13 16:19:33.020 [main] DEBUG c.i.webscraper.scraper.WebScraper -        Q[64chars] | A[768chars] | Code[3]
2026-05-13 16:19:33.020 [main] INFO  c.i.webscraper.scraper.WebScraper -      14 Q&A pair(s) extracted.
2026-05-13 16:19:33.020 [main] INFO  c.i.webscraper.scraper.WebScraper -   → Section: 'Core Java in Depth' (https://interview.in28minutes.com/interview-guides/java/core-java-in-depth/)
2026-05-13 16:19:33.021 [main] DEBUG c.i.webscraper.scraper.WebScraper - Sleeping 2500ms (attempt 1/3) before: https://interview.in28minutes.com/interview-guides/java/core-java-in-depth/
2026-05-13 16:19:36.443 [main] DEBUG c.i.webscraper.scraper.WebScraper - HTTP 200 ← https://interview.in28minutes.com/interview-guides/java/core-java-in-depth/
2026-05-13 16:19:36.466 [main] DEBUG c.i.webscraper.scraper.WebScraper -      17 question heading(s) in 'Core Java in Depth'.
2026-05-13 16:19:36.467 [main] DEBUG c.i.webscraper.scraper.WebScraper -        Q[31chars] | A[761chars] | Code[3]
2026-05-13 16:19:36.467 [main] DEBUG c.i.webscraper.scraper.WebScraper -        Q[39chars] | A[375chars] | Code[6]
2026-05-13 16:19:36.468 [main] DEBUG c.i.webscraper.scraper.WebScraper -        Q[59chars] | A[927chars] | Code[2]
2026-05-13 16:19:36.469 [main] DEBUG c.i.webscraper.scraper.WebScraper -        Q[42chars] | A[755chars] | Code[2]
2026-05-13 16:19:36.470 [main] DEBUG c.i.webscraper.scraper.WebScraper -        Q[39chars] | A[1224chars] | Code[5]
2026-05-13 16:19:36.470 [main] DEBUG c.i.webscraper.scraper.WebScraper -        Q[41chars] | A[608chars] | Code[1]
2026-05-13 16:19:36.471 [main] DEBUG c.i.webscraper.scraper.WebScraper -        Q[24chars] | A[342chars] | Code[2]
2026-05-13 16:19:36.471 [main] DEBUG c.i.webscraper.scraper.WebScraper -        Q[22chars] | A[870chars] | Code[2]
2026-05-13 16:19:36.472 [main] DEBUG c.i.webscraper.scraper.WebScraper -        Q[23chars] | A[310chars] | Code[1]
2026-05-13 16:19:36.473 [main] DEBUG c.i.webscraper.scraper.WebScraper -        Q[63chars] | A[403chars] | Code[3]
2026-05-13 16:19:36.473 [main] DEBUG c.i.webscraper.scraper.WebScraper -        Q[46chars] | A[268chars] | Code[5]
2026-05-13 16:19:36.474 [main] DEBUG c.i.webscraper.scraper.WebScraper -        Q[39chars] | A[302chars] | Code[5]
2026-05-13 16:19:36.474 [main] DEBUG c.i.webscraper.scraper.WebScraper -        Q[46chars] | A[434chars] | Code[9]
2026-05-13 16:19:36.475 [main] DEBUG c.i.webscraper.scraper.WebScraper -        Q[54chars] | A[261chars] | Code[1]
2026-05-13 16:19:36.476 [main] DEBUG c.i.webscraper.scraper.WebScraper -        Q[52chars] | A[279chars] | Code[2]
2026-05-13 16:19:36.477 [main] DEBUG c.i.webscraper.scraper.WebScraper -        Q[41chars] | A[556chars] | Code[5]
2026-05-13 16:19:36.478 [main] DEBUG c.i.webscraper.scraper.WebScraper -        Q[72chars] | A[831chars] | Code[6]
2026-05-13 16:19:36.478 [main] INFO  c.i.webscraper.scraper.WebScraper -      17 Q&A pair(s) extracted.
2026-05-13 16:19:36.479 [main] INFO  c.i.webscraper.scraper.WebScraper -   → Section: 'Functional Programming in Java' (https://interview.in28minutes.com/interview-guides/java/functional-programming-in-java/)
2026-05-13 16:19:36.479 [main] DEBUG c.i.webscraper.scraper.WebScraper - Sleeping 2500ms (attempt 1/3) before: https://interview.in28minutes.com/interview-guides/java/functional-programming-in-java/
2026-05-13 16:19:39.786 [main] DEBUG c.i.webscraper.scraper.WebScraper - HTTP 200 ← https://interview.in28minutes.com/interview-guides/java/functional-programming-in-java/
2026-05-13 16:19:39.824 [main] DEBUG c.i.webscraper.scraper.WebScraper -      16 question heading(s) in 'Functional Programming in Java'.
2026-05-13 16:19:39.826 [main] DEBUG c.i.webscraper.scraper.WebScraper -        Q[61chars] | A[468chars] | Code[2]
2026-05-13 16:19:39.827 [main] DEBUG c.i.webscraper.scraper.WebScraper -        Q[73chars] | A[913chars] | Code[1]
2026-05-13 16:19:39.828 [main] DEBUG c.i.webscraper.scraper.WebScraper -        Q[50chars] | A[1164chars] | Code[9]
2026-05-13 16:19:39.829 [main] DEBUG c.i.webscraper.scraper.WebScraper -        Q[47chars] | A[335chars] | Code[0]
2026-05-13 16:19:39.830 [main] DEBUG c.i.webscraper.scraper.WebScraper -        Q[55chars] | A[973chars] | Code[4]
2026-05-13 16:19:39.830 [main] DEBUG c.i.webscraper.scraper.WebScraper -        Q[50chars] | A[414chars] | Code[5]
2026-05-13 16:19:39.833 [main] DEBUG c.i.webscraper.scraper.WebScraper -        Q[66chars] | A[860chars] | Code[12]
2026-05-13 16:19:39.837 [main] DEBUG c.i.webscraper.scraper.WebScraper -        Q[54chars] | A[343chars] | Code[8]
2026-05-13 16:19:39.844 [main] DEBUG c.i.webscraper.scraper.WebScraper -        Q[62chars] | A[1919chars] | Code[28]
2026-05-13 16:19:39.846 [main] DEBUG c.i.webscraper.scraper.WebScraper -        Q[60chars] | A[641chars] | Code[2]
2026-05-13 16:19:39.847 [main] DEBUG c.i.webscraper.scraper.WebScraper -        Q[38chars] | A[316chars] | Code[9]
2026-05-13 16:19:39.849 [main] DEBUG c.i.webscraper.scraper.WebScraper -        Q[55chars] | A[138chars] | Code[1]
2026-05-13 16:19:39.851 [main] DEBUG c.i.webscraper.scraper.WebScraper -        Q[52chars] | A[1067chars] | Code[8]
2026-05-13 16:19:39.853 [main] DEBUG c.i.webscraper.scraper.WebScraper -        Q[60chars] | A[429chars] | Code[8]
2026-05-13 16:19:39.858 [main] DEBUG c.i.webscraper.scraper.WebScraper -        Q[91chars] | A[490chars] | Code[2]
2026-05-13 16:19:39.859 [main] DEBUG c.i.webscraper.scraper.WebScraper -        Q[54chars] | A[980chars] | Code[1]
2026-05-13 16:19:39.859 [main] INFO  c.i.webscraper.scraper.WebScraper -      16 Q&A pair(s) extracted.
2026-05-13 16:19:39.860 [main] INFO  c.i.webscraper.scraper.WebScraper -   → Section: 'Threads and Concurrency in Java' (https://interview.in28minutes.com/interview-guides/java/threads-and-concurrency-in-java/)
2026-05-13 16:19:39.860 [main] DEBUG c.i.webscraper.scraper.WebScraper - Sleeping 2500ms (attempt 1/3) before: https://interview.in28minutes.com/interview-guides/java/threads-and-concurrency-in-java/
2026-05-13 16:19:43.627 [main] DEBUG c.i.webscraper.scraper.WebScraper - HTTP 200 ← https://interview.in28minutes.com/interview-guides/java/threads-and-concurrency-in-java/
2026-05-13 16:19:43.653 [main] DEBUG c.i.webscraper.scraper.WebScraper -      21 question heading(s) in 'Threads and Concurrency in Java'.
2026-05-13 16:19:43.654 [main] DEBUG c.i.webscraper.scraper.WebScraper -        Q[78chars] | A[1752chars] | Code[0]
2026-05-13 16:19:43.655 [main] DEBUG c.i.webscraper.scraper.WebScraper -        Q[69chars] | A[73chars] | Code[2]
2026-05-13 16:19:43.655 [main] DEBUG c.i.webscraper.scraper.WebScraper -        Q[49chars] | A[47chars] | Code[1]
2026-05-13 16:19:43.656 [main] DEBUG c.i.webscraper.scraper.WebScraper -        Q[45chars] | A[868chars] | Code[3]
2026-05-13 16:19:43.657 [main] DEBUG c.i.webscraper.scraper.WebScraper -        Q[42chars] | A[736chars] | Code[0]
2026-05-13 16:19:43.657 [main] DEBUG c.i.webscraper.scraper.WebScraper -        Q[30chars] | A[705chars] | Code[1]
2026-05-13 16:19:43.658 [main] DEBUG c.i.webscraper.scraper.WebScraper -        Q[87chars] | A[126chars] | Code[0]
2026-05-13 16:19:43.658 [main] DEBUG c.i.webscraper.scraper.WebScraper -        Q[39chars] | A[887chars] | Code[3]
2026-05-13 16:19:43.659 [main] DEBUG c.i.webscraper.scraper.WebScraper -        Q[37chars] | A[808chars] | Code[2]
2026-05-13 16:19:43.660 [main] DEBUG c.i.webscraper.scraper.WebScraper -        Q[71chars] | A[1721chars] | Code[5]
2026-05-13 16:19:43.661 [main] DEBUG c.i.webscraper.scraper.WebScraper -        Q[48chars] | A[1643chars] | Code[4]
2026-05-13 16:19:43.663 [main] DEBUG c.i.webscraper.scraper.WebScraper -        Q[31chars] | A[3570chars] | Code[6]
2026-05-13 16:19:43.664 [main] DEBUG c.i.webscraper.scraper.WebScraper -        Q[31chars] | A[760chars] | Code[3]
2026-05-13 16:19:43.665 [main] DEBUG c.i.webscraper.scraper.WebScraper -        Q[28chars] | A[212chars] | Code[1]
2026-05-13 16:19:43.666 [main] DEBUG c.i.webscraper.scraper.WebScraper -        Q[28chars] | A[227chars] | Code[1]
2026-05-13 16:19:43.666 [main] DEBUG c.i.webscraper.scraper.WebScraper -        Q[33chars] | A[230chars] | Code[1]
2026-05-13 16:19:43.667 [main] DEBUG c.i.webscraper.scraper.WebScraper -        Q[61chars] | A[923chars] | Code[1]
2026-05-13 16:19:43.667 [main] DEBUG c.i.webscraper.scraper.WebScraper -        Q[23chars] | A[344chars] | Code[1]
2026-05-13 16:19:43.668 [main] DEBUG c.i.webscraper.scraper.WebScraper -        Q[41chars] | A[873chars] | Code[2]
2026-05-13 16:19:43.669 [main] DEBUG c.i.webscraper.scraper.WebScraper -        Q[51chars] | A[192chars] | Code[1]
2026-05-13 16:19:43.669 [main] DEBUG c.i.webscraper.scraper.WebScraper -        Q[58chars] | A[580chars] | Code[1]
2026-05-13 16:19:43.669 [main] INFO  c.i.webscraper.scraper.WebScraper -      21 Q&A pair(s) extracted.
2026-05-13 16:19:43.670 [main] INFO  c.i.webscraper.scraper.WebScraper -   → Section: 'Collections in Java' (https://interview.in28minutes.com/interview-guides/java/collections-in-java/)
2026-05-13 16:19:43.670 [main] DEBUG c.i.webscraper.scraper.WebScraper - Sleeping 2500ms (attempt 1/3) before: https://interview.in28minutes.com/interview-guides/java/collections-in-java/
2026-05-13 16:19:47.479 [main] DEBUG c.i.webscraper.scraper.WebScraper - HTTP 200 ← https://interview.in28minutes.com/interview-guides/java/collections-in-java/
2026-05-13 16:19:47.490 [main] DEBUG c.i.webscraper.scraper.WebScraper -      22 question heading(s) in 'Collections in Java'.
2026-05-13 16:19:47.491 [main] DEBUG c.i.webscraper.scraper.WebScraper -        Q[49chars] | A[798chars] | Code[0]
2026-05-13 16:19:47.491 [main] DEBUG c.i.webscraper.scraper.WebScraper -        Q[35chars] | A[643chars] | Code[1]
2026-05-13 16:19:47.492 [main] DEBUG c.i.webscraper.scraper.WebScraper -        Q[74chars] | A[703chars] | Code[0]
2026-05-13 16:19:47.492 [main] DEBUG c.i.webscraper.scraper.WebScraper -        Q[58chars] | A[165chars] | Code[0]
2026-05-13 16:19:47.492 [main] DEBUG c.i.webscraper.scraper.WebScraper -        Q[53chars] | A[937chars] | Code[1]
2026-05-13 16:19:47.492 [main] DEBUG c.i.webscraper.scraper.WebScraper -        Q[62chars] | A[692chars] | Code[1]
2026-05-13 16:19:47.492 [main] DEBUG c.i.webscraper.scraper.WebScraper -        Q[47chars] | A[488chars] | Code[2]
2026-05-13 16:19:47.493 [main] DEBUG c.i.webscraper.scraper.WebScraper -        Q[51chars] | A[1619chars] | Code[0]
2026-05-13 16:19:47.493 [main] DEBUG c.i.webscraper.scraper.WebScraper -        Q[52chars] | A[982chars] | Code[5]
2026-05-13 16:19:47.494 [main] DEBUG c.i.webscraper.scraper.WebScraper -        Q[59chars] | A[455chars] | Code[2]
2026-05-13 16:19:47.494 [main] DEBUG c.i.webscraper.scraper.WebScraper -        Q[50chars] | A[1701chars] | Code[1]
2026-05-13 16:19:47.500 [main] DEBUG c.i.webscraper.scraper.WebScraper -        Q[46chars] | A[505chars] | Code[6]
2026-05-13 16:19:47.502 [main] DEBUG c.i.webscraper.scraper.WebScraper -        Q[43chars] | A[1289chars] | Code[4]
2026-05-13 16:19:47.502 [main] DEBUG c.i.webscraper.scraper.WebScraper -        Q[50chars] | A[76chars] | Code[1]
2026-05-13 16:19:47.503 [main] DEBUG c.i.webscraper.scraper.WebScraper -        Q[59chars] | A[515chars] | Code[0]
2026-05-13 16:19:47.503 [main] DEBUG c.i.webscraper.scraper.WebScraper -        Q[44chars] | A[468chars] | Code[0]
2026-05-13 16:19:47.504 [main] DEBUG c.i.webscraper.scraper.WebScraper -        Q[77chars] | A[509chars] | Code[1]
2026-05-13 16:19:47.504 [main] DEBUG c.i.webscraper.scraper.WebScraper -        Q[65chars] | A[558chars] | Code[2]
2026-05-13 16:19:47.505 [main] DEBUG c.i.webscraper.scraper.WebScraper -        Q[59chars] | A[668chars] | Code[3]
2026-05-13 16:19:47.505 [main] DEBUG c.i.webscraper.scraper.WebScraper -        Q[41chars] | A[215chars] | Code[4]
2026-05-13 16:19:47.505 [main] INFO  c.i.webscraper.scraper.WebScraper -      20 Q&A pair(s) extracted.
2026-05-13 16:19:47.505 [main] INFO  c.i.webscraper.scraper.WebScraper -   → Section: 'Generics in Java' (https://interview.in28minutes.com/interview-guides/java/generics-in-java/)
2026-05-13 16:19:47.505 [main] DEBUG c.i.webscraper.scraper.WebScraper - Sleeping 2500ms (attempt 1/3) before: https://interview.in28minutes.com/interview-guides/java/generics-in-java/
2026-05-13 16:19:50.676 [main] DEBUG c.i.webscraper.scraper.WebScraper - HTTP 200 ← https://interview.in28minutes.com/interview-guides/java/generics-in-java/
2026-05-13 16:19:50.683 [main] DEBUG c.i.webscraper.scraper.WebScraper -      5 question heading(s) in 'Generics in Java'.
2026-05-13 16:19:50.684 [main] DEBUG c.i.webscraper.scraper.WebScraper -        Q[32chars] | A[1257chars] | Code[3]
2026-05-13 16:19:50.685 [main] DEBUG c.i.webscraper.scraper.WebScraper -        Q[61chars] | A[784chars] | Code[3]
2026-05-13 16:19:50.686 [main] DEBUG c.i.webscraper.scraper.WebScraper -        Q[42chars] | A[992chars] | Code[4]
2026-05-13 16:19:50.686 [main] DEBUG c.i.webscraper.scraper.WebScraper -        Q[45chars] | A[868chars] | Code[6]
2026-05-13 16:19:50.688 [main] DEBUG c.i.webscraper.scraper.WebScraper -        Q[50chars] | A[2646chars] | Code[5]
2026-05-13 16:19:50.688 [main] INFO  c.i.webscraper.scraper.WebScraper -      5 Q&A pair(s) extracted.
2026-05-13 16:19:50.688 [main] INFO  c.i.webscraper.scraper.WebScraper -   → Section: 'Modifiers in Java' (https://interview.in28minutes.com/interview-guides/java/modifiers-in-java/)
2026-05-13 16:19:50.688 [main] DEBUG c.i.webscraper.scraper.WebScraper - Sleeping 2500ms (attempt 1/3) before: https://interview.in28minutes.com/interview-guides/java/modifiers-in-java/
2026-05-13 16:19:53.752 [main] DEBUG c.i.webscraper.scraper.WebScraper - HTTP 200 ← https://interview.in28minutes.com/interview-guides/java/modifiers-in-java/
2026-05-13 16:19:53.764 [main] DEBUG c.i.webscraper.scraper.WebScraper -      5 question heading(s) in 'Modifiers in Java'.
2026-05-13 16:19:53.766 [main] DEBUG c.i.webscraper.scraper.WebScraper -        Q[77chars] | A[1373chars] | Code[0]
2026-05-13 16:19:53.768 [main] DEBUG c.i.webscraper.scraper.WebScraper -        Q[59chars] | A[2617chars] | Code[10]
2026-05-13 16:19:53.769 [main] DEBUG c.i.webscraper.scraper.WebScraper -        Q[65chars] | A[924chars] | Code[5]
2026-05-13 16:19:53.771 [main] DEBUG c.i.webscraper.scraper.WebScraper -        Q[68chars] | A[921chars] | Code[6]
2026-05-13 16:19:53.771 [main] INFO  c.i.webscraper.scraper.WebScraper -      4 Q&A pair(s) extracted.
2026-05-13 16:19:53.772 [main] INFO  c.i.webscraper.scraper.WebScraper -   → Section: 'Exception Handling in Java' (https://interview.in28minutes.com/interview-guides/java/exception-handling-in-java/)
2026-05-13 16:19:53.772 [main] DEBUG c.i.webscraper.scraper.WebScraper - Sleeping 2500ms (attempt 1/3) before: https://interview.in28minutes.com/interview-guides/java/exception-handling-in-java/
2026-05-13 16:19:57.147 [main] DEBUG c.i.webscraper.scraper.WebScraper - HTTP 200 ← https://interview.in28minutes.com/interview-guides/java/exception-handling-in-java/
2026-05-13 16:19:57.159 [main] DEBUG c.i.webscraper.scraper.WebScraper -      10 question heading(s) in 'Exception Handling in Java'.
2026-05-13 16:19:57.160 [main] DEBUG c.i.webscraper.scraper.WebScraper -        Q[36chars] | A[1041chars] | Code[0]
2026-05-13 16:19:57.161 [main] DEBUG c.i.webscraper.scraper.WebScraper -        Q[50chars] | A[485chars] | Code[1]
2026-05-13 16:19:57.162 [main] DEBUG c.i.webscraper.scraper.WebScraper -        Q[68chars] | A[2098chars] | Code[6]
2026-05-13 16:19:57.163 [main] DEBUG c.i.webscraper.scraper.WebScraper -        Q[61chars] | A[777chars] | Code[1]
2026-05-13 16:19:57.164 [main] DEBUG c.i.webscraper.scraper.WebScraper -        Q[50chars] | A[401chars] | Code[2]
2026-05-13 16:19:57.164 [main] DEBUG c.i.webscraper.scraper.WebScraper -        Q[57chars] | A[323chars] | Code[4]
2026-05-13 16:19:57.165 [main] DEBUG c.i.webscraper.scraper.WebScraper -        Q[51chars] | A[18chars] | Code[0]
2026-05-13 16:19:57.166 [main] DEBUG c.i.webscraper.scraper.WebScraper -        Q[55chars] | A[1336chars] | Code[2]
2026-05-13 16:19:57.168 [main] DEBUG c.i.webscraper.scraper.WebScraper -        Q[28chars] | A[1142chars] | Code[15]
2026-05-13 16:19:57.170 [main] DEBUG c.i.webscraper.scraper.WebScraper -        Q[67chars] | A[841chars] | Code[3]
2026-05-13 16:19:57.170 [main] INFO  c.i.webscraper.scraper.WebScraper -      10 Q&A pair(s) extracted.
2026-05-13 16:19:57.170 [main] INFO  c.i.webscraper.scraper.WebScraper -   → Section: 'Serialization in Java' (https://interview.in28minutes.com/interview-guides/java/serialization-in-java/)
2026-05-13 16:19:57.171 [main] DEBUG c.i.webscraper.scraper.WebScraper - Sleeping 2500ms (attempt 1/3) before: https://interview.in28minutes.com/interview-guides/java/serialization-in-java/
2026-05-13 16:20:00.344 [main] DEBUG c.i.webscraper.scraper.WebScraper - HTTP 200 ← https://interview.in28minutes.com/interview-guides/java/serialization-in-java/
2026-05-13 16:20:00.350 [main] DEBUG c.i.webscraper.scraper.WebScraper -      7 question heading(s) in 'Serialization in Java'.
2026-05-13 16:20:00.351 [main] DEBUG c.i.webscraper.scraper.WebScraper -        Q[22chars] | A[561chars] | Code[0]
2026-05-13 16:20:00.351 [main] DEBUG c.i.webscraper.scraper.WebScraper -        Q[27chars] | A[274chars] | Code[1]
2026-05-13 16:20:00.351 [main] DEBUG c.i.webscraper.scraper.WebScraper -        Q[37chars] | A[382chars] | Code[1]
2026-05-13 16:20:00.352 [main] DEBUG c.i.webscraper.scraper.WebScraper -        Q[62chars] | A[601chars] | Code[2]
2026-05-13 16:20:00.352 [main] DEBUG c.i.webscraper.scraper.WebScraper -        Q[48chars] | A[321chars] | Code[2]
2026-05-13 16:20:00.352 [main] DEBUG c.i.webscraper.scraper.WebScraper -        Q[49chars] | A[1348chars] | Code[6]
2026-05-13 16:20:00.353 [main] DEBUG c.i.webscraper.scraper.WebScraper -        Q[60chars] | A[763chars] | Code[2]
2026-05-13 16:20:00.353 [main] INFO  c.i.webscraper.scraper.WebScraper -      7 Q&A pair(s) extracted.
2026-05-13 16:20:00.353 [main] INFO  c.i.webscraper.scraper.WebScraper -   → Section: 'Built-in Classes in Java' (https://interview.in28minutes.com/interview-guides/java/built-in-classes-in-java/)
2026-05-13 16:20:00.353 [main] DEBUG c.i.webscraper.scraper.WebScraper - Sleeping 2500ms (attempt 1/3) before: https://interview.in28minutes.com/interview-guides/java/built-in-classes-in-java/
2026-05-13 16:20:03.067 [main] DEBUG c.i.webscraper.scraper.WebScraper - HTTP 200 ← https://interview.in28minutes.com/interview-guides/java/built-in-classes-in-java/
2026-05-13 16:20:03.074 [main] DEBUG c.i.webscraper.scraper.WebScraper -      9 question heading(s) in 'Built-in Classes in Java'.
2026-05-13 16:20:03.075 [main] DEBUG c.i.webscraper.scraper.WebScraper -        Q[6chars] | A[359chars] | Code[1]
2026-05-13 16:20:03.075 [main] DEBUG c.i.webscraper.scraper.WebScraper -        Q[4chars] | A[210chars] | Code[2]
2026-05-13 16:20:03.075 [main] DEBUG c.i.webscraper.scraper.WebScraper -        Q[7chars] | A[188chars] | Code[1]
2026-05-13 16:20:03.076 [main] DEBUG c.i.webscraper.scraper.WebScraper -        Q[6chars] | A[211chars] | Code[1]
2026-05-13 16:20:03.076 [main] DEBUG c.i.webscraper.scraper.WebScraper -        Q[11chars] | A[161chars] | Code[1]
2026-05-13 16:20:03.076 [main] DEBUG c.i.webscraper.scraper.WebScraper -        Q[4chars] | A[301chars] | Code[1]
2026-05-13 16:20:03.076 [main] DEBUG c.i.webscraper.scraper.WebScraper -        Q[5chars] | A[227chars] | Code[2]
2026-05-13 16:20:03.077 [main] DEBUG c.i.webscraper.scraper.WebScraper -        Q[5chars] | A[212chars] | Code[1]
2026-05-13 16:20:03.077 [main] DEBUG c.i.webscraper.scraper.WebScraper -        Q[6chars] | A[188chars] | Code[2]
2026-05-13 16:20:03.077 [main] INFO  c.i.webscraper.scraper.WebScraper -      9 Q&A pair(s) extracted.
2026-05-13 16:20:03.077 [main] INFO  c.i.webscraper.scraper.WebScraper -   → Section: 'Miscellaneous Topics in Java' (https://interview.in28minutes.com/interview-guides/java/miscellaneous-topics-in-java/)
2026-05-13 16:20:03.077 [main] DEBUG c.i.webscraper.scraper.WebScraper - Sleeping 2500ms (attempt 1/3) before: https://interview.in28minutes.com/interview-guides/java/miscellaneous-topics-in-java/
2026-05-13 16:20:06.282 [main] DEBUG c.i.webscraper.scraper.WebScraper - HTTP 200 ← https://interview.in28minutes.com/interview-guides/java/miscellaneous-topics-in-java/
2026-05-13 16:20:06.292 [main] DEBUG c.i.webscraper.scraper.WebScraper -      11 question heading(s) in 'Miscellaneous Topics in Java'.
2026-05-13 16:20:06.293 [main] DEBUG c.i.webscraper.scraper.WebScraper -        Q[53chars] | A[1219chars] | Code[5]
2026-05-13 16:20:06.294 [main] DEBUG c.i.webscraper.scraper.WebScraper -        Q[44chars] | A[689chars] | Code[1]
2026-05-13 16:20:06.294 [main] DEBUG c.i.webscraper.scraper.WebScraper -        Q[48chars] | A[899chars] | Code[2]
2026-05-13 16:20:06.294 [main] DEBUG c.i.webscraper.scraper.WebScraper -        Q[61chars] | A[918chars] | Code[1]
2026-05-13 16:20:06.295 [main] DEBUG c.i.webscraper.scraper.WebScraper -        Q[72chars] | A[463chars] | Code[3]
2026-05-13 16:20:06.295 [main] DEBUG c.i.webscraper.scraper.WebScraper -        Q[30chars] | A[1123chars] | Code[2]
2026-05-13 16:20:06.296 [main] DEBUG c.i.webscraper.scraper.WebScraper -        Q[33chars] | A[683chars] | Code[1]
2026-05-13 16:20:06.297 [main] DEBUG c.i.webscraper.scraper.WebScraper -        Q[54chars] | A[1029chars] | Code[7]
2026-05-13 16:20:06.297 [main] DEBUG c.i.webscraper.scraper.WebScraper -        Q[65chars] | A[637chars] | Code[5]
2026-05-13 16:20:06.298 [main] DEBUG c.i.webscraper.scraper.WebScraper -        Q[61chars] | A[538chars] | Code[4]
2026-05-13 16:20:06.299 [main] DEBUG c.i.webscraper.scraper.WebScraper -        Q[52chars] | A[869chars] | Code[6]
2026-05-13 16:20:06.299 [main] INFO  c.i.webscraper.scraper.WebScraper -      11 Q&A pair(s) extracted.
2026-05-13 16:20:06.299 [main] INFO  c.i.webscraper.scraper.WebScraper -   → Section: 'New Features in Java' (https://interview.in28minutes.com/interview-guides/java/new-features-in-java/)
2026-05-13 16:20:06.299 [main] DEBUG c.i.webscraper.scraper.WebScraper - Sleeping 2500ms (attempt 1/3) before: https://interview.in28minutes.com/interview-guides/java/new-features-in-java/
2026-05-13 16:20:09.657 [main] DEBUG c.i.webscraper.scraper.WebScraper - HTTP 200 ← https://interview.in28minutes.com/interview-guides/java/new-features-in-java/
2026-05-13 16:20:09.661 [main] DEBUG c.i.webscraper.scraper.WebScraper -      3 question heading(s) in 'New Features in Java'.
2026-05-13 16:20:09.661 [main] DEBUG c.i.webscraper.scraper.WebScraper -        Q[29chars] | A[1122chars] | Code[0]
2026-05-13 16:20:09.662 [main] DEBUG c.i.webscraper.scraper.WebScraper -        Q[55chars] | A[1158chars] | Code[12]
2026-05-13 16:20:09.662 [main] DEBUG c.i.webscraper.scraper.WebScraper -        Q[68chars] | A[2207chars] | Code[23]
2026-05-13 16:20:09.662 [main] INFO  c.i.webscraper.scraper.WebScraper -      3 Q&A pair(s) extracted.
2026-05-13 16:20:09.662 [main] INFO  c.i.webscraper.scraper.WebScraper -   → Section: 'Java Interview - Diagrams' (https://interview.in28minutes.com/interview-guides/java/java-interview-diagrams/)
2026-05-13 16:20:09.662 [main] DEBUG c.i.webscraper.scraper.WebScraper - Sleeping 2500ms (attempt 1/3) before: https://interview.in28minutes.com/interview-guides/java/java-interview-diagrams/
2026-05-13 16:20:12.718 [main] DEBUG c.i.webscraper.scraper.WebScraper - HTTP 200 ← https://interview.in28minutes.com/interview-guides/java/java-interview-diagrams/
2026-05-13 16:20:12.722 [main] DEBUG c.i.webscraper.scraper.WebScraper -      7 question heading(s) in 'Java Interview - Diagrams'.
2026-05-13 16:20:12.723 [main] DEBUG c.i.webscraper.scraper.WebScraper -        Q[17chars] | A[0chars] | Code[1]
2026-05-13 16:20:12.723 [main] DEBUG c.i.webscraper.scraper.WebScraper -        Q[26chars] | A[0chars] | Code[1]
2026-05-13 16:20:12.723 [main] DEBUG c.i.webscraper.scraper.WebScraper -        Q[18chars] | A[0chars] | Code[1]
2026-05-13 16:20:12.723 [main] DEBUG c.i.webscraper.scraper.WebScraper -        Q[17chars] | A[0chars] | Code[1]
2026-05-13 16:20:12.723 [main] DEBUG c.i.webscraper.scraper.WebScraper -        Q[44chars] | A[0chars] | Code[1]
2026-05-13 16:20:12.723 [main] DEBUG c.i.webscraper.scraper.WebScraper -        Q[25chars] | A[0chars] | Code[1]
2026-05-13 16:20:12.724 [main] DEBUG c.i.webscraper.scraper.WebScraper -        Q[27chars] | A[141chars] | Code[7]
2026-05-13 16:20:12.724 [main] INFO  c.i.webscraper.scraper.WebScraper -      7 Q&A pair(s) extracted.
2026-05-13 16:20:12.724 [main] INFO  c.i.webscraper.scraper.WebScraper - Topic 'Java' complete → 17 section(s).
2026-05-13 16:20:12.724 [main] INFO  c.i.webscraper.scraper.WebScraper - ---------- Topic: DevOps → https://interview.in28minutes.com/devops/
2026-05-13 16:20:12.724 [main] DEBUG c.i.webscraper.scraper.WebScraper - Sleeping 2500ms (attempt 1/3) before: https://interview.in28minutes.com/devops/
2026-05-13 16:20:15.337 [main] DEBUG c.i.webscraper.scraper.WebScraper - HTTP 200 ← https://interview.in28minutes.com/devops/
2026-05-13 16:20:15.340 [main] DEBUG c.i.webscraper.scraper.WebScraper - Topic 'DevOps' → 2 card(s) found.
2026-05-13 16:20:15.341 [main] INFO  c.i.webscraper.scraper.WebScraper -   → Section: 'DevOps Fundamentals' (https://interview.in28minutes.com/interview-guides/devops/devops-fundamentals/)
2026-05-13 16:20:15.341 [main] DEBUG c.i.webscraper.scraper.WebScraper - Sleeping 2500ms (attempt 1/3) before: https://interview.in28minutes.com/interview-guides/devops/devops-fundamentals/
2026-05-13 16:20:18.648 [main] DEBUG c.i.webscraper.scraper.WebScraper - HTTP 200 ← https://interview.in28minutes.com/interview-guides/devops/devops-fundamentals/
2026-05-13 16:20:18.654 [main] DEBUG c.i.webscraper.scraper.WebScraper -      7 question heading(s) in 'DevOps Fundamentals'.
2026-05-13 16:20:18.655 [main] DEBUG c.i.webscraper.scraper.WebScraper -        Q[15chars] | A[2715chars] | Code[0]
2026-05-13 16:20:18.657 [main] DEBUG c.i.webscraper.scraper.WebScraper -        Q[28chars] | A[1346chars] | Code[0]
2026-05-13 16:20:18.657 [main] DEBUG c.i.webscraper.scraper.WebScraper -        Q[67chars] | A[1724chars] | Code[0]
2026-05-13 16:20:18.657 [main] DEBUG c.i.webscraper.scraper.WebScraper -        Q[31chars] | A[1269chars] | Code[0]
2026-05-13 16:20:18.658 [main] DEBUG c.i.webscraper.scraper.WebScraper -        Q[87chars] | A[2013chars] | Code[0]
2026-05-13 16:20:18.658 [main] DEBUG c.i.webscraper.scraper.WebScraper -        Q[22chars] | A[1717chars] | Code[0]
2026-05-13 16:20:18.658 [main] DEBUG c.i.webscraper.scraper.WebScraper -        Q[33chars] | A[800chars] | Code[0]
2026-05-13 16:20:18.659 [main] INFO  c.i.webscraper.scraper.WebScraper -      7 Q&A pair(s) extracted.
2026-05-13 16:20:18.659 [main] INFO  c.i.webscraper.scraper.WebScraper -   → Section: 'DevOps Interview - Diagrams' (https://interview.in28minutes.com/interview-guides/devops/devops-interview-diagrams/)
2026-05-13 16:20:18.659 [main] DEBUG c.i.webscraper.scraper.WebScraper - Sleeping 2500ms (attempt 1/3) before: https://interview.in28minutes.com/interview-guides/devops/devops-interview-diagrams/
2026-05-13 16:20:21.516 [main] DEBUG c.i.webscraper.scraper.WebScraper - HTTP 200 ← https://interview.in28minutes.com/interview-guides/devops/devops-interview-diagrams/
2026-05-13 16:20:21.521 [main] DEBUG c.i.webscraper.scraper.WebScraper -      10 question heading(s) in 'DevOps Interview - Diagrams'.
2026-05-13 16:20:21.523 [main] WARN  c.i.webscraper.scraper.WebScraper -      Section 'DevOps Interview - Diagrams' had no Q&A pairs.
2026-05-13 16:20:21.524 [main] INFO  c.i.webscraper.scraper.WebScraper - Topic 'DevOps' complete → 1 section(s).
2026-05-13 16:20:21.524 [main] INFO  c.i.webscraper.scraper.WebScraper - ---------- Topic: Cloud → https://interview.in28minutes.com/cloud/
2026-05-13 16:20:21.524 [main] DEBUG c.i.webscraper.scraper.WebScraper - Sleeping 2500ms (attempt 1/3) before: https://interview.in28minutes.com/cloud/
2026-05-13 16:20:24.137 [main] DEBUG c.i.webscraper.scraper.WebScraper - HTTP 200 ← https://interview.in28minutes.com/cloud/
2026-05-13 16:20:24.141 [main] DEBUG c.i.webscraper.scraper.WebScraper - Topic 'Cloud' → 8 card(s) found.
2026-05-13 16:20:24.141 [main] INFO  c.i.webscraper.scraper.WebScraper -   → Section: 'Cloud Fundamentals' (https://interview.in28minutes.com/interview-guides/cloud/cloud-fundamentals/)
2026-05-13 16:20:24.141 [main] DEBUG c.i.webscraper.scraper.WebScraper - Sleeping 2500ms (attempt 1/3) before: https://interview.in28minutes.com/interview-guides/cloud/cloud-fundamentals/
2026-05-13 16:20:27.584 [main] DEBUG c.i.webscraper.scraper.WebScraper - HTTP 200 ← https://interview.in28minutes.com/interview-guides/cloud/cloud-fundamentals/
2026-05-13 16:20:27.590 [main] DEBUG c.i.webscraper.scraper.WebScraper -      8 question heading(s) in 'Cloud Fundamentals'.
2026-05-13 16:20:27.590 [main] DEBUG c.i.webscraper.scraper.WebScraper -        Q[39chars] | A[914chars] | Code[0]
2026-05-13 16:20:27.591 [main] DEBUG c.i.webscraper.scraper.WebScraper -        Q[32chars] | A[2396chars] | Code[0]
2026-05-13 16:20:27.591 [main] DEBUG c.i.webscraper.scraper.WebScraper -        Q[41chars] | A[1115chars] | Code[0]
2026-05-13 16:20:27.592 [main] DEBUG c.i.webscraper.scraper.WebScraper -        Q[34chars] | A[2782chars] | Code[0]
2026-05-13 16:20:27.592 [main] DEBUG c.i.webscraper.scraper.WebScraper -        Q[23chars] | A[1214chars] | Code[0]
2026-05-13 16:20:27.593 [main] DEBUG c.i.webscraper.scraper.WebScraper -        Q[49chars] | A[970chars] | Code[0]
2026-05-13 16:20:27.593 [main] DEBUG c.i.webscraper.scraper.WebScraper -        Q[102chars] | A[2665chars] | Code[0]
2026-05-13 16:20:27.593 [main] INFO  c.i.webscraper.scraper.WebScraper -      7 Q&A pair(s) extracted.
2026-05-13 16:20:27.593 [main] INFO  c.i.webscraper.scraper.WebScraper -   → Section: 'Cloud Storage and Databases Fundamentals' (https://interview.in28minutes.com/interview-guides/cloud/cloud-storage-and-databases-fundamentals/)
2026-05-13 16:20:27.594 [main] DEBUG c.i.webscraper.scraper.WebScraper - Sleeping 2500ms (attempt 1/3) before: https://interview.in28minutes.com/interview-guides/cloud/cloud-storage-and-databases-fundamentals/
2026-05-13 16:20:30.613 [main] DEBUG c.i.webscraper.scraper.WebScraper - HTTP 200 ← https://interview.in28minutes.com/interview-guides/cloud/cloud-storage-and-databases-fundamentals/
2026-05-13 16:20:30.618 [main] DEBUG c.i.webscraper.scraper.WebScraper -      12 question heading(s) in 'Cloud Storage and Databases Fundamentals'.
2026-05-13 16:20:30.618 [main] DEBUG c.i.webscraper.scraper.WebScraper -        Q[49chars] | A[2169chars] | Code[0]
2026-05-13 16:20:30.619 [main] DEBUG c.i.webscraper.scraper.WebScraper -        Q[18chars] | A[764chars] | Code[0]
2026-05-13 16:20:30.619 [main] DEBUG c.i.webscraper.scraper.WebScraper -        Q[35chars] | A[795chars] | Code[0]
2026-05-13 16:20:30.619 [main] DEBUG c.i.webscraper.scraper.WebScraper -        Q[46chars] | A[801chars] | Code[0]
2026-05-13 16:20:30.620 [main] DEBUG c.i.webscraper.scraper.WebScraper -        Q[55chars] | A[1982chars] | Code[4]
2026-05-13 16:20:30.620 [main] DEBUG c.i.webscraper.scraper.WebScraper -        Q[67chars] | A[1210chars] | Code[0]
2026-05-13 16:20:30.620 [main] DEBUG c.i.webscraper.scraper.WebScraper -        Q[22chars] | A[2144chars] | Code[0]
2026-05-13 16:20:30.620 [main] DEBUG c.i.webscraper.scraper.WebScraper -        Q[21chars] | A[1214chars] | Code[0]
2026-05-13 16:20:30.621 [main] DEBUG c.i.webscraper.scraper.WebScraper -        Q[23chars] | A[2709chars] | Code[0]
2026-05-13 16:20:30.621 [main] DEBUG c.i.webscraper.scraper.WebScraper -        Q[23chars] | A[1082chars] | Code[0]
2026-05-13 16:20:30.621 [main] DEBUG c.i.webscraper.scraper.WebScraper -        Q[36chars] | A[1915chars] | Code[0]
2026-05-13 16:20:30.622 [main] DEBUG c.i.webscraper.scraper.WebScraper -        Q[35chars] | A[1864chars] | Code[0]
2026-05-13 16:20:30.622 [main] INFO  c.i.webscraper.scraper.WebScraper -      12 Q&A pair(s) extracted.
2026-05-13 16:20:30.622 [main] INFO  c.i.webscraper.scraper.WebScraper -   → Section: 'Asynchronous Communication in the Cloud' (https://interview.in28minutes.com/interview-guides/cloud/asynchronous-communication-in-the-cloud/)
2026-05-13 16:20:30.622 [main] DEBUG c.i.webscraper.scraper.WebScraper - Sleeping 2500ms (attempt 1/3) before: https://interview.in28minutes.com/interview-guides/cloud/asynchronous-communication-in-the-cloud/
2026-05-13 16:20:35.620 [main] DEBUG c.i.webscraper.scraper.WebScraper - HTTP 200 ← https://interview.in28minutes.com/interview-guides/cloud/asynchronous-communication-in-the-cloud/
2026-05-13 16:20:35.628 [main] DEBUG c.i.webscraper.scraper.WebScraper -      6 question heading(s) in 'Asynchronous Communication in the Cloud'.
2026-05-13 16:20:35.629 [main] DEBUG c.i.webscraper.scraper.WebScraper -        Q[31chars] | A[1110chars] | Code[0]
2026-05-13 16:20:35.629 [main] DEBUG c.i.webscraper.scraper.WebScraper -        Q[37chars] | A[1576chars] | Code[0]
2026-05-13 16:20:35.630 [main] DEBUG c.i.webscraper.scraper.WebScraper -        Q[43chars] | A[1395chars] | Code[0]
2026-05-13 16:20:35.631 [main] DEBUG c.i.webscraper.scraper.WebScraper -        Q[36chars] | A[1407chars] | Code[0]
2026-05-13 16:20:35.632 [main] DEBUG c.i.webscraper.scraper.WebScraper -        Q[28chars] | A[3668chars] | Code[0]
2026-05-13 16:20:35.633 [main] DEBUG c.i.webscraper.scraper.WebScraper -        Q[44chars] | A[1470chars] | Code[0]
2026-05-13 16:20:35.633 [main] INFO  c.i.webscraper.scraper.WebScraper -      6 Q&A pair(s) extracted.
2026-05-13 16:20:35.634 [main] INFO  c.i.webscraper.scraper.WebScraper -   → Section: 'Networking in the Cloud' (https://interview.in28minutes.com/interview-guides/cloud/networking-in-the-cloud/)
2026-05-13 16:20:35.634 [main] DEBUG c.i.webscraper.scraper.WebScraper - Sleeping 2500ms (attempt 1/3) before: https://interview.in28minutes.com/interview-guides/cloud/networking-in-the-cloud/
2026-05-13 16:20:38.652 [main] DEBUG c.i.webscraper.scraper.WebScraper - HTTP 200 ← https://interview.in28minutes.com/interview-guides/cloud/networking-in-the-cloud/
2026-05-13 16:20:38.658 [main] DEBUG c.i.webscraper.scraper.WebScraper -      7 question heading(s) in 'Networking in the Cloud'.
2026-05-13 16:20:38.659 [main] DEBUG c.i.webscraper.scraper.WebScraper -        Q[65chars] | A[1512chars] | Code[0]
2026-05-13 16:20:38.659 [main] DEBUG c.i.webscraper.scraper.WebScraper -        Q[47chars] | A[1096chars] | Code[0]
2026-05-13 16:20:38.659 [main] DEBUG c.i.webscraper.scraper.WebScraper -        Q[47chars] | A[2101chars] | Code[0]
2026-05-13 16:20:38.661 [main] DEBUG c.i.webscraper.scraper.WebScraper -        Q[65chars] | A[1150chars] | Code[0]
2026-05-13 16:20:38.661 [main] DEBUG c.i.webscraper.scraper.WebScraper -        Q[37chars] | A[980chars] | Code[0]
2026-05-13 16:20:38.662 [main] DEBUG c.i.webscraper.scraper.WebScraper -        Q[37chars] | A[1105chars] | Code[0]
2026-05-13 16:20:38.662 [main] INFO  c.i.webscraper.scraper.WebScraper -      6 Q&A pair(s) extracted.
2026-05-13 16:20:38.662 [main] INFO  c.i.webscraper.scraper.WebScraper -   → Section: 'Cost Management in the Cloud' (https://interview.in28minutes.com/interview-guides/cloud/cost-management-in-the-cloud/)
2026-05-13 16:20:38.662 [main] DEBUG c.i.webscraper.scraper.WebScraper - Sleeping 2500ms (attempt 1/3) before: https://interview.in28minutes.com/interview-guides/cloud/cost-management-in-the-cloud/
2026-05-13 16:20:41.746 [main] DEBUG c.i.webscraper.scraper.WebScraper - HTTP 200 ← https://interview.in28minutes.com/interview-guides/cloud/cost-management-in-the-cloud/
2026-05-13 16:20:41.753 [main] DEBUG c.i.webscraper.scraper.WebScraper -      6 question heading(s) in 'Cost Management in the Cloud'.
2026-05-13 16:20:41.753 [main] DEBUG c.i.webscraper.scraper.WebScraper -        Q[38chars] | A[1020chars] | Code[0]
2026-05-13 16:20:41.755 [main] DEBUG c.i.webscraper.scraper.WebScraper -        Q[21chars] | A[641chars] | Code[0]
2026-05-13 16:20:41.756 [main] DEBUG c.i.webscraper.scraper.WebScraper -        Q[56chars] | A[682chars] | Code[0]
2026-05-13 16:20:41.757 [main] DEBUG c.i.webscraper.scraper.WebScraper -        Q[39chars] | A[1261chars] | Code[0]
2026-05-13 16:20:41.758 [main] DEBUG c.i.webscraper.scraper.WebScraper -        Q[15chars] | A[1604chars] | Code[0]
2026-05-13 16:20:41.758 [main] INFO  c.i.webscraper.scraper.WebScraper -      5 Q&A pair(s) extracted.
2026-05-13 16:20:41.759 [main] INFO  c.i.webscraper.scraper.WebScraper -   → Section: 'AI, ML and Generative AI in the Cloud' (https://interview.in28minutes.com/interview-guides/cloud/ai-ml-and-generative-ai-in-the-cloud/)
2026-05-13 16:20:41.759 [main] DEBUG c.i.webscraper.scraper.WebScraper - Sleeping 2500ms (attempt 1/3) before: https://interview.in28minutes.com/interview-guides/cloud/ai-ml-and-generative-ai-in-the-cloud/
2026-05-13 16:20:45.160 [main] DEBUG c.i.webscraper.scraper.WebScraper - HTTP 200 ← https://interview.in28minutes.com/interview-guides/cloud/ai-ml-and-generative-ai-in-the-cloud/
2026-05-13 16:20:45.165 [main] DEBUG c.i.webscraper.scraper.WebScraper -      5 question heading(s) in 'AI, ML and Generative AI in the Cloud'.
2026-05-13 16:20:45.165 [main] DEBUG c.i.webscraper.scraper.WebScraper -        Q[16chars] | A[1171chars] | Code[0]
2026-05-13 16:20:45.166 [main] DEBUG c.i.webscraper.scraper.WebScraper -        Q[53chars] | A[848chars] | Code[0]
2026-05-13 16:20:45.166 [main] DEBUG c.i.webscraper.scraper.WebScraper -        Q[22chars] | A[2236chars] | Code[0]
2026-05-13 16:20:45.168 [main] DEBUG c.i.webscraper.scraper.WebScraper -        Q[52chars] | A[2601chars] | Code[0]
2026-05-13 16:20:45.168 [main] INFO  c.i.webscraper.scraper.WebScraper -      4 Q&A pair(s) extracted.
2026-05-13 16:20:45.168 [main] INFO  c.i.webscraper.scraper.WebScraper -   → Section: 'Security in the Cloud' (https://interview.in28minutes.com/interview-guides/cloud/security-in-the-cloud/)
2026-05-13 16:20:45.169 [main] DEBUG c.i.webscraper.scraper.WebScraper - Sleeping 2500ms (attempt 1/3) before: https://interview.in28minutes.com/interview-guides/cloud/security-in-the-cloud/
2026-05-13 16:20:48.509 [main] DEBUG c.i.webscraper.scraper.WebScraper - HTTP 200 ← https://interview.in28minutes.com/interview-guides/cloud/security-in-the-cloud/
2026-05-13 16:20:48.513 [main] DEBUG c.i.webscraper.scraper.WebScraper -      7 question heading(s) in 'Security in the Cloud'.
2026-05-13 16:20:48.515 [main] DEBUG c.i.webscraper.scraper.WebScraper -        Q[31chars] | A[2931chars] | Code[0]
2026-05-13 16:20:48.515 [main] DEBUG c.i.webscraper.scraper.WebScraper -        Q[43chars] | A[3777chars] | Code[0]
2026-05-13 16:20:48.516 [main] DEBUG c.i.webscraper.scraper.WebScraper -        Q[22chars] | A[1085chars] | Code[0]
2026-05-13 16:20:48.517 [main] DEBUG c.i.webscraper.scraper.WebScraper -        Q[14chars] | A[1377chars] | Code[0]
2026-05-13 16:20:48.517 [main] DEBUG c.i.webscraper.scraper.WebScraper -        Q[51chars] | A[1442chars] | Code[0]
2026-05-13 16:20:48.517 [main] DEBUG c.i.webscraper.scraper.WebScraper -        Q[34chars] | A[1374chars] | Code[0]
2026-05-13 16:20:48.518 [main] DEBUG c.i.webscraper.scraper.WebScraper -        Q[24chars] | A[1664chars] | Code[0]
2026-05-13 16:20:48.518 [main] INFO  c.i.webscraper.scraper.WebScraper -      7 Q&A pair(s) extracted.
2026-05-13 16:20:48.518 [main] INFO  c.i.webscraper.scraper.WebScraper -   → Section: 'Cloud Interview - Diagrams' (https://interview.in28minutes.com/interview-guides/cloud/cloud-interview-diagrams/)
2026-05-13 16:20:48.518 [main] DEBUG c.i.webscraper.scraper.WebScraper - Sleeping 2500ms (attempt 1/3) before: https://interview.in28minutes.com/interview-guides/cloud/cloud-interview-diagrams/
2026-05-13 16:20:51.473 [main] DEBUG c.i.webscraper.scraper.WebScraper - HTTP 200 ← https://interview.in28minutes.com/interview-guides/cloud/cloud-interview-diagrams/
2026-05-13 16:20:51.475 [main] DEBUG c.i.webscraper.scraper.WebScraper -      10 question heading(s) in 'Cloud Interview - Diagrams'.
2026-05-13 16:20:51.475 [main] WARN  c.i.webscraper.scraper.WebScraper -      Section 'Cloud Interview - Diagrams' had no Q&A pairs.
2026-05-13 16:20:51.477 [main] INFO  c.i.webscraper.scraper.WebScraper - Topic 'Cloud' complete → 7 section(s).
2026-05-13 16:20:51.477 [main] INFO  c.i.webscraper.scraper.WebScraper - ---------- Topic: Docker → https://interview.in28minutes.com/docker/
2026-05-13 16:20:51.477 [main] DEBUG c.i.webscraper.scraper.WebScraper - Sleeping 2500ms (attempt 1/3) before: https://interview.in28minutes.com/docker/
2026-05-13 16:20:54.091 [main] DEBUG c.i.webscraper.scraper.WebScraper - HTTP 200 ← https://interview.in28minutes.com/docker/
2026-05-13 16:20:54.095 [main] DEBUG c.i.webscraper.scraper.WebScraper - Topic 'Docker' → 10 card(s) found.
2026-05-13 16:20:54.096 [main] INFO  c.i.webscraper.scraper.WebScraper -   → Section: 'Docker Fundamentals' (https://interview.in28minutes.com/interview-guides/docker/docker-fundamentals/)
2026-05-13 16:20:54.096 [main] DEBUG c.i.webscraper.scraper.WebScraper - Sleeping 2500ms (attempt 1/3) before: https://interview.in28minutes.com/interview-guides/docker/docker-fundamentals/
2026-05-13 16:20:57.439 [main] DEBUG c.i.webscraper.scraper.WebScraper - HTTP 200 ← https://interview.in28minutes.com/interview-guides/docker/docker-fundamentals/
2026-05-13 16:20:57.443 [main] DEBUG c.i.webscraper.scraper.WebScraper -      6 question heading(s) in 'Docker Fundamentals'.
2026-05-13 16:20:57.443 [main] DEBUG c.i.webscraper.scraper.WebScraper -        Q[60chars] | A[523chars] | Code[0]
2026-05-13 16:20:57.443 [main] DEBUG c.i.webscraper.scraper.WebScraper -        Q[82chars] | A[337chars] | Code[0]
2026-05-13 16:20:57.444 [main] DEBUG c.i.webscraper.scraper.WebScraper -        Q[40chars] | A[390chars] | Code[0]
2026-05-13 16:20:57.444 [main] DEBUG c.i.webscraper.scraper.WebScraper -        Q[54chars] | A[955chars] | Code[0]
2026-05-13 16:20:57.444 [main] DEBUG c.i.webscraper.scraper.WebScraper -        Q[63chars] | A[1637chars] | Code[0]
2026-05-13 16:20:57.444 [main] INFO  c.i.webscraper.scraper.WebScraper -      5 Q&A pair(s) extracted.
2026-05-13 16:20:57.444 [main] INFO  c.i.webscraper.scraper.WebScraper -   → Section: 'Building Docker Images' (https://interview.in28minutes.com/interview-guides/docker/building-docker-images/)
2026-05-13 16:20:57.444 [main] DEBUG c.i.webscraper.scraper.WebScraper - Sleeping 2500ms (attempt 1/3) before: https://interview.in28minutes.com/interview-guides/docker/building-docker-images/
2026-05-13 16:21:00.587 [main] DEBUG c.i.webscraper.scraper.WebScraper - HTTP 200 ← https://interview.in28minutes.com/interview-guides/docker/building-docker-images/
2026-05-13 16:21:00.591 [main] DEBUG c.i.webscraper.scraper.WebScraper -      13 question heading(s) in 'Building Docker Images'.
2026-05-13 16:21:00.592 [main] DEBUG c.i.webscraper.scraper.WebScraper -        Q[54chars] | A[171chars] | Code[3]
2026-05-13 16:21:00.592 [main] DEBUG c.i.webscraper.scraper.WebScraper -        Q[21chars] | A[665chars] | Code[0]
2026-05-13 16:21:00.592 [main] DEBUG c.i.webscraper.scraper.WebScraper -        Q[35chars] | A[333chars] | Code[0]
2026-05-13 16:21:00.592 [main] DEBUG c.i.webscraper.scraper.WebScraper -        Q[87chars] | A[1092chars] | Code[7]
2026-05-13 16:21:00.592 [main] DEBUG c.i.webscraper.scraper.WebScraper -        Q[47chars] | A[214chars] | Code[1]
2026-05-13 16:21:00.592 [main] DEBUG c.i.webscraper.scraper.WebScraper -        Q[59chars] | A[659chars] | Code[1]
2026-05-13 16:21:00.592 [main] DEBUG c.i.webscraper.scraper.WebScraper -        Q[59chars] | A[510chars] | Code[2]
2026-05-13 16:21:00.592 [main] DEBUG c.i.webscraper.scraper.WebScraper -        Q[55chars] | A[1459chars] | Code[2]
2026-05-13 16:21:00.593 [main] DEBUG c.i.webscraper.scraper.WebScraper -        Q[92chars] | A[1309chars] | Code[2]
2026-05-13 16:21:00.593 [main] DEBUG c.i.webscraper.scraper.WebScraper -        Q[62chars] | A[725chars] | Code[4]
2026-05-13 16:21:00.593 [main] DEBUG c.i.webscraper.scraper.WebScraper -        Q[46chars] | A[313chars] | Code[1]
2026-05-13 16:21:00.593 [main] DEBUG c.i.webscraper.scraper.WebScraper -        Q[44chars] | A[680chars] | Code[1]
2026-05-13 16:21:00.593 [main] DEBUG c.i.webscraper.scraper.WebScraper -        Q[36chars] | A[768chars] | Code[0]
2026-05-13 16:21:00.593 [main] INFO  c.i.webscraper.scraper.WebScraper -      13 Q&A pair(s) extracted.
2026-05-13 16:21:00.593 [main] INFO  c.i.webscraper.scraper.WebScraper -   → Section: 'Managing Docker Containers' (https://interview.in28minutes.com/interview-guides/docker/managing-docker-containers/)
2026-05-13 16:21:00.593 [main] DEBUG c.i.webscraper.scraper.WebScraper - Sleeping 2500ms (attempt 1/3) before: https://interview.in28minutes.com/interview-guides/docker/managing-docker-containers/
2026-05-13 16:21:04.044 [main] DEBUG c.i.webscraper.scraper.WebScraper - HTTP 200 ← https://interview.in28minutes.com/interview-guides/docker/managing-docker-containers/
2026-05-13 16:21:04.049 [main] DEBUG c.i.webscraper.scraper.WebScraper -      5 question heading(s) in 'Managing Docker Containers'.
2026-05-13 16:21:04.049 [main] DEBUG c.i.webscraper.scraper.WebScraper -        Q[50chars] | A[416chars] | Code[0]
2026-05-13 16:21:04.049 [main] DEBUG c.i.webscraper.scraper.WebScraper -        Q[47chars] | A[2156chars] | Code[33]
2026-05-13 16:21:04.049 [main] DEBUG c.i.webscraper.scraper.WebScraper -        Q[108chars] | A[151chars] | Code[3]
2026-05-13 16:21:04.049 [main] DEBUG c.i.webscraper.scraper.WebScraper -        Q[38chars] | A[535chars] | Code[9]
2026-05-13 16:21:04.050 [main] DEBUG c.i.webscraper.scraper.WebScraper -        Q[101chars] | A[775chars] | Code[16]
2026-05-13 16:21:04.050 [main] INFO  c.i.webscraper.scraper.WebScraper -      5 Q&A pair(s) extracted.
2026-05-13 16:21:04.050 [main] INFO  c.i.webscraper.scraper.WebScraper -   → Section: 'Persisting Data in Docker' (https://interview.in28minutes.com/interview-guides/docker/persisting-data-in-docker/)
2026-05-13 16:21:04.050 [main] DEBUG c.i.webscraper.scraper.WebScraper - Sleeping 2500ms (attempt 1/3) before: https://interview.in28minutes.com/interview-guides/docker/persisting-data-in-docker/
2026-05-13 16:21:07.215 [main] DEBUG c.i.webscraper.scraper.WebScraper - HTTP 200 ← https://interview.in28minutes.com/interview-guides/docker/persisting-data-in-docker/
2026-05-13 16:21:07.219 [main] DEBUG c.i.webscraper.scraper.WebScraper -      8 question heading(s) in 'Persisting Data in Docker'.
2026-05-13 16:21:07.220 [main] DEBUG c.i.webscraper.scraper.WebScraper -        Q[46chars] | A[813chars] | Code[0]
2026-05-13 16:21:07.220 [main] DEBUG c.i.webscraper.scraper.WebScraper -        Q[27chars] | A[941chars] | Code[6]
2026-05-13 16:21:07.220 [main] DEBUG c.i.webscraper.scraper.WebScraper -        Q[39chars] | A[310chars] | Code[7]
2026-05-13 16:21:07.220 [main] DEBUG c.i.webscraper.scraper.WebScraper -        Q[35chars] | A[574chars] | Code[2]
2026-05-13 16:21:07.221 [main] DEBUG c.i.webscraper.scraper.WebScraper -        Q[57chars] | A[805chars] | Code[10]
2026-05-13 16:21:07.221 [main] DEBUG c.i.webscraper.scraper.WebScraper -        Q[65chars] | A[695chars] | Code[0]
2026-05-13 16:21:07.221 [main] DEBUG c.i.webscraper.scraper.WebScraper -        Q[24chars] | A[1109chars] | Code[0]
2026-05-13 16:21:07.221 [main] INFO  c.i.webscraper.scraper.WebScraper -      7 Q&A pair(s) extracted.
2026-05-13 16:21:07.221 [main] INFO  c.i.webscraper.scraper.WebScraper -   → Section: 'Docker Networking' (https://interview.in28minutes.com/interview-guides/docker/docker-networking/)
2026-05-13 16:21:07.221 [main] DEBUG c.i.webscraper.scraper.WebScraper - Sleeping 2500ms (attempt 1/3) before: https://interview.in28minutes.com/interview-guides/docker/docker-networking/
2026-05-13 16:27:22.853 [main] INFO  com.in28minutes.webscraper.Main - In28Minutes Interview Guide Scraper starting...
2026-05-13 16:27:22.857 [main] INFO  com.in28minutes.webscraper.Main - Phase 1: Web scraping initiated.
2026-05-13 16:27:23.150 [main] INFO  c.i.webscraper.scraper.WebScraper - SSL trust-all installed (scraper mode).
2026-05-13 16:27:23.150 [main] INFO  c.i.webscraper.scraper.WebScraper - ===== Starting scrape for 7 topic(s) =====
2026-05-13 16:27:23.152 [main] INFO  c.i.webscraper.scraper.WebScraper - ---------- Topic: Java → https://interview.in28minutes.com/java/
2026-05-13 16:27:23.152 [main] DEBUG c.i.webscraper.scraper.WebScraper - Sleeping 2500ms (attempt 1/3) before: https://interview.in28minutes.com/java/
2026-05-13 16:27:27.128 [main] DEBUG c.i.webscraper.scraper.WebScraper - HTTP 200 ← https://interview.in28minutes.com/java/
2026-05-13 16:27:27.279 [main] DEBUG c.i.webscraper.scraper.WebScraper - Topic 'Java' → 17 card(s) found.
2026-05-13 16:27:27.284 [main] INFO  c.i.webscraper.scraper.WebScraper -   → Section: 'Java Platform' (https://interview.in28minutes.com/interview-guides/java/java-platform/)
2026-05-13 16:27:27.285 [main] DEBUG c.i.webscraper.scraper.WebScraper - Sleeping 2500ms (attempt 1/3) before: https://interview.in28minutes.com/interview-guides/java/java-platform/
2026-05-13 16:27:29.983 [main] DEBUG c.i.webscraper.scraper.WebScraper - HTTP 200 ← https://interview.in28minutes.com/interview-guides/java/java-platform/
2026-05-13 16:27:30.096 [main] DEBUG c.i.webscraper.scraper.WebScraper -      19 question heading(s) in 'Java Platform'.
2026-05-13 16:27:30.108 [main] DEBUG c.i.webscraper.scraper.WebScraper -        Q[30chars] | A[343chars] | Code[1]
2026-05-13 16:27:30.116 [main] DEBUG c.i.webscraper.scraper.WebScraper -        Q[36chars] | A[744chars] | Code[0]
2026-05-13 16:27:30.124 [main] DEBUG c.i.webscraper.scraper.WebScraper -        Q[32chars] | A[656chars] | Code[3]
2026-05-13 16:27:30.141 [main] DEBUG c.i.webscraper.scraper.WebScraper -        Q[66chars] | A[1977chars] | Code[6]
2026-05-13 16:27:30.146 [main] DEBUG c.i.webscraper.scraper.WebScraper -        Q[17chars] | A[1093chars] | Code[0]
2026-05-13 16:27:30.150 [main] DEBUG c.i.webscraper.scraper.WebScraper -        Q[39chars] | A[351chars] | Code[4]
2026-05-13 16:27:30.153 [main] DEBUG c.i.webscraper.scraper.WebScraper -        Q[48chars] | A[648chars] | Code[9]
2026-05-13 16:27:30.155 [main] DEBUG c.i.webscraper.scraper.WebScraper -        Q[18chars] | A[259chars] | Code[1]
2026-05-13 16:27:30.156 [main] DEBUG c.i.webscraper.scraper.WebScraper -        Q[43chars] | A[321chars] | Code[0]
2026-05-13 16:27:30.164 [main] DEBUG c.i.webscraper.scraper.WebScraper -        Q[27chars] | A[1574chars] | Code[1]
2026-05-13 16:27:30.167 [main] DEBUG c.i.webscraper.scraper.WebScraper -        Q[53chars] | A[590chars] | Code[0]
2026-05-13 16:27:30.168 [main] DEBUG c.i.webscraper.scraper.WebScraper -        Q[89chars] | A[516chars] | Code[2]
2026-05-13 16:27:30.170 [main] DEBUG c.i.webscraper.scraper.WebScraper -        Q[29chars] | A[568chars] | Code[0]
2026-05-13 16:27:30.171 [main] DEBUG c.i.webscraper.scraper.WebScraper -        Q[32chars] | A[375chars] | Code[0]
2026-05-13 16:27:30.172 [main] DEBUG c.i.webscraper.scraper.WebScraper -        Q[74chars] | A[757chars] | Code[0]
2026-05-13 16:27:30.174 [main] DEBUG c.i.webscraper.scraper.WebScraper -        Q[39chars] | A[410chars] | Code[2]
2026-05-13 16:27:30.181 [main] DEBUG c.i.webscraper.scraper.WebScraper -        Q[55chars] | A[1659chars] | Code[8]
2026-05-13 16:27:30.183 [main] DEBUG c.i.webscraper.scraper.WebScraper -        Q[55chars] | A[557chars] | Code[0]
2026-05-13 16:27:30.184 [main] INFO  c.i.webscraper.scraper.WebScraper -      18 Q&A pair(s) extracted.
2026-05-13 16:27:30.184 [main] INFO  c.i.webscraper.scraper.WebScraper -   → Section: 'Java Landscape' (https://interview.in28minutes.com/interview-guides/java/java-landscape/)
2026-05-13 16:27:30.185 [main] DEBUG c.i.webscraper.scraper.WebScraper - Sleeping 2500ms (attempt 1/3) before: https://interview.in28minutes.com/interview-guides/java/java-landscape/
2026-05-13 16:27:32.934 [main] DEBUG c.i.webscraper.scraper.WebScraper - HTTP 200 ← https://interview.in28minutes.com/interview-guides/java/java-landscape/
2026-05-13 16:27:32.950 [main] DEBUG c.i.webscraper.scraper.WebScraper -      12 question heading(s) in 'Java Landscape'.
2026-05-13 16:27:32.955 [main] DEBUG c.i.webscraper.scraper.WebScraper -        Q[14chars] | A[182chars] | Code[0]
2026-05-13 16:27:32.960 [main] DEBUG c.i.webscraper.scraper.WebScraper -        Q[29chars] | A[1077chars] | Code[0]
2026-05-13 16:27:32.965 [main] DEBUG c.i.webscraper.scraper.WebScraper -        Q[47chars] | A[1114chars] | Code[0]
2026-05-13 16:27:32.970 [main] DEBUG c.i.webscraper.scraper.WebScraper -        Q[19chars] | A[310chars] | Code[2]
2026-05-13 16:27:32.985 [main] DEBUG c.i.webscraper.scraper.WebScraper -        Q[51chars] | A[1438chars] | Code[0]
2026-05-13 16:27:32.991 [main] DEBUG c.i.webscraper.scraper.WebScraper -        Q[12chars] | A[844chars] | Code[0]
2026-05-13 16:27:33.001 [main] DEBUG c.i.webscraper.scraper.WebScraper -        Q[10chars] | A[1018chars] | Code[0]
2026-05-13 16:27:33.002 [main] DEBUG c.i.webscraper.scraper.WebScraper -        Q[22chars] | A[100chars] | Code[0]
2026-05-13 16:27:33.003 [main] DEBUG c.i.webscraper.scraper.WebScraper -        Q[63chars] | A[485chars] | Code[0]
2026-05-13 16:27:33.005 [main] DEBUG c.i.webscraper.scraper.WebScraper -        Q[36chars] | A[947chars] | Code[0]
2026-05-13 16:27:33.010 [main] DEBUG c.i.webscraper.scraper.WebScraper -        Q[43chars] | A[711chars] | Code[0]
2026-05-13 16:27:33.011 [main] DEBUG c.i.webscraper.scraper.WebScraper -        Q[26chars] | A[147chars] | Code[0]
2026-05-13 16:27:33.013 [main] INFO  c.i.webscraper.scraper.WebScraper -      12 Q&A pair(s) extracted.
2026-05-13 16:27:33.015 [main] INFO  c.i.webscraper.scraper.WebScraper -   → Section: 'Java Memory Management' (https://interview.in28minutes.com/interview-guides/java/java-memory-management/)
2026-05-13 16:27:33.015 [main] DEBUG c.i.webscraper.scraper.WebScraper - Sleeping 2500ms (attempt 1/3) before: https://interview.in28minutes.com/interview-guides/java/java-memory-management/
2026-05-13 16:27:36.076 [main] DEBUG c.i.webscraper.scraper.WebScraper - HTTP 200 ← https://interview.in28minutes.com/interview-guides/java/java-memory-management/
2026-05-13 16:27:36.108 [main] DEBUG c.i.webscraper.scraper.WebScraper -      13 question heading(s) in 'Java Memory Management'.
2026-05-13 16:27:36.113 [main] DEBUG c.i.webscraper.scraper.WebScraper -        Q[65chars] | A[878chars] | Code[3]
2026-05-13 16:27:36.117 [main] DEBUG c.i.webscraper.scraper.WebScraper -        Q[22chars] | A[730chars] | Code[4]
2026-05-13 16:27:36.120 [main] DEBUG c.i.webscraper.scraper.WebScraper -        Q[33chars] | A[411chars] | Code[1]
2026-05-13 16:27:36.125 [main] DEBUG c.i.webscraper.scraper.WebScraper -        Q[21chars] | A[1486chars] | Code[2]
2026-05-13 16:27:36.127 [main] DEBUG c.i.webscraper.scraper.WebScraper -        Q[18chars] | A[224chars] | Code[0]
2026-05-13 16:27:36.133 [main] DEBUG c.i.webscraper.scraper.WebScraper -        Q[34chars] | A[1118chars] | Code[1]
2026-05-13 16:27:36.135 [main] DEBUG c.i.webscraper.scraper.WebScraper -        Q[48chars] | A[1343chars] | Code[0]
2026-05-13 16:27:36.138 [main] DEBUG c.i.webscraper.scraper.WebScraper -        Q[32chars] | A[385chars] | Code[0]
2026-05-13 16:27:36.145 [main] DEBUG c.i.webscraper.scraper.WebScraper -        Q[35chars] | A[1968chars] | Code[4]
2026-05-13 16:27:36.148 [main] DEBUG c.i.webscraper.scraper.WebScraper -        Q[46chars] | A[686chars] | Code[0]
2026-05-13 16:27:36.150 [main] DEBUG c.i.webscraper.scraper.WebScraper -        Q[23chars] | A[497chars] | Code[2]
2026-05-13 16:27:36.152 [main] INFO  c.i.webscraper.scraper.WebScraper -      11 Q&A pair(s) extracted.
2026-05-13 16:27:36.153 [main] INFO  c.i.webscraper.scraper.WebScraper -   → Section: 'Java Object Oriented Programming Concepts' (https://interview.in28minutes.com/interview-guides/java/java-object-oriented-programming-concepts/)
2026-05-13 16:27:36.153 [main] DEBUG c.i.webscraper.scraper.WebScraper - Sleeping 2500ms (attempt 1/3) before: https://interview.in28minutes.com/interview-guides/java/java-object-oriented-programming-concepts/
2026-05-13 16:27:40.062 [main] DEBUG c.i.webscraper.scraper.WebScraper - HTTP 200 ← https://interview.in28minutes.com/interview-guides/java/java-object-oriented-programming-concepts/
2026-05-13 16:27:40.103 [main] DEBUG c.i.webscraper.scraper.WebScraper -      24 question heading(s) in 'Java Object Oriented Programming Concepts'.
2026-05-13 16:27:40.106 [main] DEBUG c.i.webscraper.scraper.WebScraper -        Q[41chars] | A[514chars] | Code[2]
2026-05-13 16:27:40.110 [main] DEBUG c.i.webscraper.scraper.WebScraper -        Q[36chars] | A[548chars] | Code[4]
2026-05-13 16:27:40.111 [main] DEBUG c.i.webscraper.scraper.WebScraper -        Q[37chars] | A[220chars] | Code[0]
2026-05-13 16:27:40.113 [main] DEBUG c.i.webscraper.scraper.WebScraper -        Q[42chars] | A[1544chars] | Code[3]
2026-05-13 16:27:40.114 [main] DEBUG c.i.webscraper.scraper.WebScraper -        Q[80chars] | A[547chars] | Code[3]
2026-05-13 16:27:40.118 [main] DEBUG c.i.webscraper.scraper.WebScraper -        Q[25chars] | A[1234chars] | Code[8]
2026-05-13 16:27:40.119 [main] DEBUG c.i.webscraper.scraper.WebScraper -        Q[29chars] | A[492chars] | Code[6]
2026-05-13 16:27:40.123 [main] DEBUG c.i.webscraper.scraper.WebScraper -        Q[61chars] | A[953chars] | Code[5]
2026-05-13 16:27:40.126 [main] DEBUG c.i.webscraper.scraper.WebScraper -        Q[47chars] | A[740chars] | Code[3]
2026-05-13 16:27:40.131 [main] DEBUG c.i.webscraper.scraper.WebScraper -        Q[22chars] | A[745chars] | Code[3]
2026-05-13 16:27:40.135 [main] DEBUG c.i.webscraper.scraper.WebScraper -        Q[27chars] | A[858chars] | Code[3]
2026-05-13 16:27:40.138 [main] DEBUG c.i.webscraper.scraper.WebScraper -        Q[59chars] | A[1059chars] | Code[3]
2026-05-13 16:27:40.151 [main] DEBUG c.i.webscraper.scraper.WebScraper -        Q[20chars] | A[1751chars] | Code[0]
2026-05-13 16:27:40.153 [main] DEBUG c.i.webscraper.scraper.WebScraper -        Q[17chars] | A[825chars] | Code[2]
2026-05-13 16:27:40.158 [main] DEBUG c.i.webscraper.scraper.WebScraper -        Q[17chars] | A[875chars] | Code[4]
2026-05-13 16:27:40.180 [main] DEBUG c.i.webscraper.scraper.WebScraper -        Q[31chars] | A[846chars] | Code[4]
2026-05-13 16:27:40.182 [main] DEBUG c.i.webscraper.scraper.WebScraper -        Q[52chars] | A[71chars] | Code[0]
2026-05-13 16:27:40.184 [main] DEBUG c.i.webscraper.scraper.WebScraper -        Q[34chars] | A[1713chars] | Code[2]
2026-05-13 16:27:40.199 [main] DEBUG c.i.webscraper.scraper.WebScraper -        Q[21chars] | A[774chars] | Code[4]
2026-05-13 16:27:40.202 [main] DEBUG c.i.webscraper.scraper.WebScraper -        Q[32chars] | A[468chars] | Code[1]
2026-05-13 16:27:40.203 [main] DEBUG c.i.webscraper.scraper.WebScraper -        Q[25chars] | A[381chars] | Code[2]
2026-05-13 16:27:40.206 [main] DEBUG c.i.webscraper.scraper.WebScraper -        Q[51chars] | A[727chars] | Code[2]
2026-05-13 16:27:40.216 [main] INFO  c.i.webscraper.scraper.WebScraper -      22 Q&A pair(s) extracted.
2026-05-13 16:27:40.217 [main] INFO  c.i.webscraper.scraper.WebScraper -   → Section: 'Java Object Oriented Programming Details' (https://interview.in28minutes.com/interview-guides/java/java-object-oriented-programming-details/)
2026-05-13 16:27:40.225 [main] DEBUG c.i.webscraper.scraper.WebScraper - Sleeping 2500ms (attempt 1/3) before: https://interview.in28minutes.com/interview-guides/java/java-object-oriented-programming-details/
2026-05-13 16:27:44.118 [main] DEBUG c.i.webscraper.scraper.WebScraper - HTTP 200 ← https://interview.in28minutes.com/interview-guides/java/java-object-oriented-programming-details/
2026-05-13 16:27:44.172 [main] DEBUG c.i.webscraper.scraper.WebScraper -      14 question heading(s) in 'Java Object Oriented Programming Details'.
2026-05-13 16:27:44.174 [main] DEBUG c.i.webscraper.scraper.WebScraper -        Q[46chars] | A[529chars] | Code[1]
2026-05-13 16:27:44.176 [main] DEBUG c.i.webscraper.scraper.WebScraper -        Q[66chars] | A[807chars] | Code[5]
2026-05-13 16:27:44.179 [main] DEBUG c.i.webscraper.scraper.WebScraper -        Q[64chars] | A[1739chars] | Code[5]
2026-05-13 16:27:44.181 [main] DEBUG c.i.webscraper.scraper.WebScraper -        Q[66chars] | A[531chars] | Code[3]
2026-05-13 16:27:44.186 [main] DEBUG c.i.webscraper.scraper.WebScraper -        Q[64chars] | A[2637chars] | Code[8]
2026-05-13 16:27:44.188 [main] DEBUG c.i.webscraper.scraper.WebScraper -        Q[46chars] | A[591chars] | Code[4]
2026-05-13 16:27:44.191 [main] DEBUG c.i.webscraper.scraper.WebScraper -        Q[33chars] | A[274chars] | Code[1]
2026-05-13 16:27:44.193 [main] DEBUG c.i.webscraper.scraper.WebScraper -        Q[43chars] | A[691chars] | Code[4]
2026-05-13 16:27:44.194 [main] DEBUG c.i.webscraper.scraper.WebScraper -        Q[36chars] | A[197chars] | Code[4]
2026-05-13 16:27:44.196 [main] DEBUG c.i.webscraper.scraper.WebScraper -        Q[47chars] | A[333chars] | Code[1]
2026-05-13 16:27:44.198 [main] DEBUG c.i.webscraper.scraper.WebScraper -        Q[64chars] | A[933chars] | Code[3]
2026-05-13 16:27:44.200 [main] DEBUG c.i.webscraper.scraper.WebScraper -        Q[43chars] | A[600chars] | Code[1]
2026-05-13 16:27:44.206 [main] DEBUG c.i.webscraper.scraper.WebScraper -        Q[40chars] | A[2241chars] | Code[4]
2026-05-13 16:27:44.209 [main] DEBUG c.i.webscraper.scraper.WebScraper -        Q[64chars] | A[768chars] | Code[3]
2026-05-13 16:27:44.212 [main] INFO  c.i.webscraper.scraper.WebScraper -      14 Q&A pair(s) extracted.
2026-05-13 16:27:44.212 [main] INFO  c.i.webscraper.scraper.WebScraper -   → Section: 'Core Java in Depth' (https://interview.in28minutes.com/interview-guides/java/core-java-in-depth/)
2026-05-13 16:27:44.213 [main] DEBUG c.i.webscraper.scraper.WebScraper - Sleeping 2500ms (attempt 1/3) before: https://interview.in28minutes.com/interview-guides/java/core-java-in-depth/
2026-05-13 16:27:47.470 [main] DEBUG c.i.webscraper.scraper.WebScraper - HTTP 200 ← https://interview.in28minutes.com/interview-guides/java/core-java-in-depth/
2026-05-13 16:27:47.511 [main] DEBUG c.i.webscraper.scraper.WebScraper -      17 question heading(s) in 'Core Java in Depth'.
2026-05-13 16:27:47.513 [main] DEBUG c.i.webscraper.scraper.WebScraper -        Q[31chars] | A[761chars] | Code[3]
2026-05-13 16:27:47.514 [main] DEBUG c.i.webscraper.scraper.WebScraper -        Q[39chars] | A[375chars] | Code[6]
2026-05-13 16:27:47.518 [main] DEBUG c.i.webscraper.scraper.WebScraper -        Q[59chars] | A[927chars] | Code[2]
2026-05-13 16:27:47.521 [main] DEBUG c.i.webscraper.scraper.WebScraper -        Q[42chars] | A[755chars] | Code[2]
2026-05-13 16:27:47.525 [main] DEBUG c.i.webscraper.scraper.WebScraper -        Q[39chars] | A[1224chars] | Code[5]
2026-05-13 16:27:47.527 [main] DEBUG c.i.webscraper.scraper.WebScraper -        Q[41chars] | A[608chars] | Code[1]
2026-05-13 16:27:47.532 [main] DEBUG c.i.webscraper.scraper.WebScraper -        Q[24chars] | A[342chars] | Code[2]
2026-05-13 16:27:47.535 [main] DEBUG c.i.webscraper.scraper.WebScraper -        Q[22chars] | A[870chars] | Code[2]
2026-05-13 16:27:47.537 [main] DEBUG c.i.webscraper.scraper.WebScraper -        Q[23chars] | A[310chars] | Code[1]
2026-05-13 16:27:47.541 [main] DEBUG c.i.webscraper.scraper.WebScraper -        Q[63chars] | A[403chars] | Code[3]
2026-05-13 16:27:47.542 [main] DEBUG c.i.webscraper.scraper.WebScraper -        Q[46chars] | A[268chars] | Code[5]
2026-05-13 16:27:47.544 [main] DEBUG c.i.webscraper.scraper.WebScraper -        Q[39chars] | A[302chars] | Code[5]
2026-05-13 16:27:47.546 [main] DEBUG c.i.webscraper.scraper.WebScraper -        Q[46chars] | A[434chars] | Code[9]
2026-05-13 16:27:47.549 [main] DEBUG c.i.webscraper.scraper.WebScraper -        Q[54chars] | A[261chars] | Code[1]
2026-05-13 16:27:47.553 [main] DEBUG c.i.webscraper.scraper.WebScraper -        Q[52chars] | A[279chars] | Code[2]
2026-05-13 16:27:47.556 [main] DEBUG c.i.webscraper.scraper.WebScraper -        Q[41chars] | A[556chars] | Code[5]
2026-05-13 16:27:47.559 [main] DEBUG c.i.webscraper.scraper.WebScraper -        Q[72chars] | A[831chars] | Code[6]
2026-05-13 16:27:47.560 [main] INFO  c.i.webscraper.scraper.WebScraper -      17 Q&A pair(s) extracted.
2026-05-13 16:27:47.561 [main] INFO  c.i.webscraper.scraper.WebScraper -   → Section: 'Functional Programming in Java' (https://interview.in28minutes.com/interview-guides/java/functional-programming-in-java/)
2026-05-13 16:27:47.561 [main] DEBUG c.i.webscraper.scraper.WebScraper - Sleeping 2500ms (attempt 1/3) before: https://interview.in28minutes.com/interview-guides/java/functional-programming-in-java/
2026-05-13 16:27:50.814 [main] DEBUG c.i.webscraper.scraper.WebScraper - HTTP 200 ← https://interview.in28minutes.com/interview-guides/java/functional-programming-in-java/
2026-05-13 16:27:50.829 [main] DEBUG c.i.webscraper.scraper.WebScraper -      16 question heading(s) in 'Functional Programming in Java'.
2026-05-13 16:27:50.832 [main] DEBUG c.i.webscraper.scraper.WebScraper -        Q[61chars] | A[468chars] | Code[2]
2026-05-13 16:27:50.833 [main] DEBUG c.i.webscraper.scraper.WebScraper -        Q[73chars] | A[913chars] | Code[1]
2026-05-13 16:27:50.835 [main] DEBUG c.i.webscraper.scraper.WebScraper -        Q[50chars] | A[1164chars] | Code[9]
2026-05-13 16:27:50.839 [main] DEBUG c.i.webscraper.scraper.WebScraper -        Q[47chars] | A[335chars] | Code[0]
2026-05-13 16:27:50.841 [main] DEBUG c.i.webscraper.scraper.WebScraper -        Q[55chars] | A[973chars] | Code[4]
2026-05-13 16:27:50.842 [main] DEBUG c.i.webscraper.scraper.WebScraper -        Q[50chars] | A[414chars] | Code[5]
2026-05-13 16:27:50.843 [main] DEBUG c.i.webscraper.scraper.WebScraper -        Q[66chars] | A[860chars] | Code[12]
2026-05-13 16:27:50.845 [main] DEBUG c.i.webscraper.scraper.WebScraper -        Q[54chars] | A[343chars] | Code[8]
2026-05-13 16:27:50.851 [main] DEBUG c.i.webscraper.scraper.WebScraper -        Q[62chars] | A[1919chars] | Code[28]
2026-05-13 16:27:50.852 [main] DEBUG c.i.webscraper.scraper.WebScraper -        Q[60chars] | A[641chars] | Code[2]
2026-05-13 16:27:50.853 [main] DEBUG c.i.webscraper.scraper.WebScraper -        Q[38chars] | A[316chars] | Code[9]
2026-05-13 16:27:50.854 [main] DEBUG c.i.webscraper.scraper.WebScraper -        Q[55chars] | A[138chars] | Code[1]
2026-05-13 16:27:50.855 [main] DEBUG c.i.webscraper.scraper.WebScraper -        Q[52chars] | A[1067chars] | Code[8]
2026-05-13 16:27:50.856 [main] DEBUG c.i.webscraper.scraper.WebScraper -        Q[60chars] | A[429chars] | Code[8]
2026-05-13 16:27:50.857 [main] DEBUG c.i.webscraper.scraper.WebScraper -        Q[91chars] | A[490chars] | Code[2]
2026-05-13 16:27:50.859 [main] DEBUG c.i.webscraper.scraper.WebScraper -        Q[54chars] | A[980chars] | Code[1]
2026-05-13 16:27:50.859 [main] INFO  c.i.webscraper.scraper.WebScraper -      16 Q&A pair(s) extracted.
2026-05-13 16:27:50.860 [main] INFO  c.i.webscraper.scraper.WebScraper -   → Section: 'Threads and Concurrency in Java' (https://interview.in28minutes.com/interview-guides/java/threads-and-concurrency-in-java/)
2026-05-13 16:27:50.860 [main] DEBUG c.i.webscraper.scraper.WebScraper - Sleeping 2500ms (attempt 1/3) before: https://interview.in28minutes.com/interview-guides/java/threads-and-concurrency-in-java/
2026-05-13 16:27:54.658 [main] DEBUG c.i.webscraper.scraper.WebScraper - HTTP 200 ← https://interview.in28minutes.com/interview-guides/java/threads-and-concurrency-in-java/
2026-05-13 16:27:54.684 [main] DEBUG c.i.webscraper.scraper.WebScraper -      21 question heading(s) in 'Threads and Concurrency in Java'.
2026-05-13 16:27:54.688 [main] DEBUG c.i.webscraper.scraper.WebScraper -        Q[78chars] | A[1752chars] | Code[0]
2026-05-13 16:27:54.688 [main] DEBUG c.i.webscraper.scraper.WebScraper -        Q[69chars] | A[73chars] | Code[2]
2026-05-13 16:27:54.690 [main] DEBUG c.i.webscraper.scraper.WebScraper -        Q[49chars] | A[47chars] | Code[1]
2026-05-13 16:27:54.692 [main] DEBUG c.i.webscraper.scraper.WebScraper -        Q[45chars] | A[868chars] | Code[3]
2026-05-13 16:27:54.692 [main] DEBUG c.i.webscraper.scraper.WebScraper -        Q[42chars] | A[736chars] | Code[0]
2026-05-13 16:27:54.694 [main] DEBUG c.i.webscraper.scraper.WebScraper -        Q[30chars] | A[705chars] | Code[1]
2026-05-13 16:27:54.695 [main] DEBUG c.i.webscraper.scraper.WebScraper -        Q[87chars] | A[126chars] | Code[0]
2026-05-13 16:27:54.697 [main] DEBUG c.i.webscraper.scraper.WebScraper -        Q[39chars] | A[887chars] | Code[3]
2026-05-13 16:27:54.698 [main] DEBUG c.i.webscraper.scraper.WebScraper -        Q[37chars] | A[808chars] | Code[2]
2026-05-13 16:27:54.701 [main] DEBUG c.i.webscraper.scraper.WebScraper -        Q[71chars] | A[1721chars] | Code[5]
2026-05-13 16:27:54.702 [main] DEBUG c.i.webscraper.scraper.WebScraper -        Q[48chars] | A[1643chars] | Code[4]
2026-05-13 16:27:54.706 [main] DEBUG c.i.webscraper.scraper.WebScraper -        Q[31chars] | A[3570chars] | Code[6]
2026-05-13 16:27:54.708 [main] DEBUG c.i.webscraper.scraper.WebScraper -        Q[31chars] | A[760chars] | Code[3]
2026-05-13 16:27:54.708 [main] DEBUG c.i.webscraper.scraper.WebScraper -        Q[28chars] | A[212chars] | Code[1]
2026-05-13 16:27:54.709 [main] DEBUG c.i.webscraper.scraper.WebScraper -        Q[28chars] | A[227chars] | Code[1]
2026-05-13 16:27:54.709 [main] DEBUG c.i.webscraper.scraper.WebScraper -        Q[33chars] | A[230chars] | Code[1]
2026-05-13 16:27:54.711 [main] DEBUG c.i.webscraper.scraper.WebScraper -        Q[61chars] | A[923chars] | Code[1]
2026-05-13 16:27:54.712 [main] DEBUG c.i.webscraper.scraper.WebScraper -        Q[23chars] | A[344chars] | Code[1]
2026-05-13 16:27:54.714 [main] DEBUG c.i.webscraper.scraper.WebScraper -        Q[41chars] | A[873chars] | Code[2]
2026-05-13 16:27:54.715 [main] DEBUG c.i.webscraper.scraper.WebScraper -        Q[51chars] | A[192chars] | Code[1]
2026-05-13 16:27:54.717 [main] DEBUG c.i.webscraper.scraper.WebScraper -        Q[58chars] | A[580chars] | Code[1]
2026-05-13 16:27:54.717 [main] INFO  c.i.webscraper.scraper.WebScraper -      21 Q&A pair(s) extracted.
2026-05-13 16:27:54.718 [main] INFO  c.i.webscraper.scraper.WebScraper -   → Section: 'Collections in Java' (https://interview.in28minutes.com/interview-guides/java/collections-in-java/)
2026-05-13 16:27:54.718 [main] DEBUG c.i.webscraper.scraper.WebScraper - Sleeping 2500ms (attempt 1/3) before: https://interview.in28minutes.com/interview-guides/java/collections-in-java/
2026-05-13 16:27:58.054 [main] DEBUG c.i.webscraper.scraper.WebScraper - HTTP 200 ← https://interview.in28minutes.com/interview-guides/java/collections-in-java/
2026-05-13 16:27:58.078 [main] DEBUG c.i.webscraper.scraper.WebScraper -      22 question heading(s) in 'Collections in Java'.
2026-05-13 16:27:58.079 [main] DEBUG c.i.webscraper.scraper.WebScraper -        Q[49chars] | A[798chars] | Code[0]
2026-05-13 16:27:58.080 [main] DEBUG c.i.webscraper.scraper.WebScraper -        Q[35chars] | A[643chars] | Code[1]
2026-05-13 16:27:58.081 [main] DEBUG c.i.webscraper.scraper.WebScraper -        Q[74chars] | A[703chars] | Code[0]
2026-05-13 16:27:58.082 [main] DEBUG c.i.webscraper.scraper.WebScraper -        Q[58chars] | A[165chars] | Code[0]
2026-05-13 16:27:58.083 [main] DEBUG c.i.webscraper.scraper.WebScraper -        Q[53chars] | A[937chars] | Code[1]
2026-05-13 16:27:58.084 [main] DEBUG c.i.webscraper.scraper.WebScraper -        Q[62chars] | A[692chars] | Code[1]
2026-05-13 16:27:58.086 [main] DEBUG c.i.webscraper.scraper.WebScraper -        Q[47chars] | A[488chars] | Code[2]
2026-05-13 16:27:58.095 [main] DEBUG c.i.webscraper.scraper.WebScraper -        Q[51chars] | A[1619chars] | Code[0]
2026-05-13 16:27:58.096 [main] DEBUG c.i.webscraper.scraper.WebScraper -        Q[52chars] | A[982chars] | Code[5]
2026-05-13 16:27:58.100 [main] DEBUG c.i.webscraper.scraper.WebScraper -        Q[59chars] | A[455chars] | Code[2]
2026-05-13 16:27:58.118 [main] DEBUG c.i.webscraper.scraper.WebScraper -        Q[50chars] | A[1701chars] | Code[1]
2026-05-13 16:27:58.119 [main] DEBUG c.i.webscraper.scraper.WebScraper -        Q[46chars] | A[505chars] | Code[6]
2026-05-13 16:27:58.121 [main] DEBUG c.i.webscraper.scraper.WebScraper -        Q[43chars] | A[1289chars] | Code[4]
2026-05-13 16:27:58.122 [main] DEBUG c.i.webscraper.scraper.WebScraper -        Q[50chars] | A[76chars] | Code[1]
2026-05-13 16:27:58.123 [main] DEBUG c.i.webscraper.scraper.WebScraper -        Q[59chars] | A[515chars] | Code[0]
2026-05-13 16:27:58.124 [main] DEBUG c.i.webscraper.scraper.WebScraper -        Q[44chars] | A[468chars] | Code[0]
2026-05-13 16:27:58.125 [main] DEBUG c.i.webscraper.scraper.WebScraper -        Q[77chars] | A[509chars] | Code[1]
2026-05-13 16:27:58.126 [main] DEBUG c.i.webscraper.scraper.WebScraper -        Q[65chars] | A[558chars] | Code[2]
2026-05-13 16:27:58.130 [main] DEBUG c.i.webscraper.scraper.WebScraper -        Q[59chars] | A[668chars] | Code[3]
2026-05-13 16:27:58.132 [main] DEBUG c.i.webscraper.scraper.WebScraper -        Q[41chars] | A[215chars] | Code[4]
2026-05-13 16:27:58.132 [main] INFO  c.i.webscraper.scraper.WebScraper -      20 Q&A pair(s) extracted.
2026-05-13 16:27:58.133 [main] INFO  c.i.webscraper.scraper.WebScraper -   → Section: 'Generics in Java' (https://interview.in28minutes.com/interview-guides/java/generics-in-java/)
2026-05-13 16:27:58.134 [main] DEBUG c.i.webscraper.scraper.WebScraper - Sleeping 2500ms (attempt 1/3) before: https://interview.in28minutes.com/interview-guides/java/generics-in-java/
2026-05-13 16:28:01.595 [main] DEBUG c.i.webscraper.scraper.WebScraper - HTTP 200 ← https://interview.in28minutes.com/interview-guides/java/generics-in-java/
2026-05-13 16:28:01.610 [main] DEBUG c.i.webscraper.scraper.WebScraper -      5 question heading(s) in 'Generics in Java'.
2026-05-13 16:28:01.611 [main] DEBUG c.i.webscraper.scraper.WebScraper -        Q[32chars] | A[1257chars] | Code[3]
2026-05-13 16:28:01.613 [main] DEBUG c.i.webscraper.scraper.WebScraper -        Q[61chars] | A[784chars] | Code[3]
2026-05-13 16:28:01.617 [main] DEBUG c.i.webscraper.scraper.WebScraper -        Q[42chars] | A[992chars] | Code[4]
2026-05-13 16:28:01.620 [main] DEBUG c.i.webscraper.scraper.WebScraper -        Q[45chars] | A[868chars] | Code[6]
2026-05-13 16:28:01.623 [main] DEBUG c.i.webscraper.scraper.WebScraper -        Q[50chars] | A[2646chars] | Code[5]
2026-05-13 16:28:01.624 [main] INFO  c.i.webscraper.scraper.WebScraper -      5 Q&A pair(s) extracted.
2026-05-13 16:28:01.625 [main] INFO  c.i.webscraper.scraper.WebScraper -   → Section: 'Modifiers in Java' (https://interview.in28minutes.com/interview-guides/java/modifiers-in-java/)
2026-05-13 16:28:01.625 [main] DEBUG c.i.webscraper.scraper.WebScraper - Sleeping 2500ms (attempt 1/3) before: https://interview.in28minutes.com/interview-guides/java/modifiers-in-java/
2026-05-13 16:28:04.882 [main] DEBUG c.i.webscraper.scraper.WebScraper - HTTP 200 ← https://interview.in28minutes.com/interview-guides/java/modifiers-in-java/
2026-05-13 16:28:04.893 [main] DEBUG c.i.webscraper.scraper.WebScraper -      5 question heading(s) in 'Modifiers in Java'.
2026-05-13 16:28:04.894 [main] DEBUG c.i.webscraper.scraper.WebScraper -        Q[77chars] | A[1373chars] | Code[0]
2026-05-13 16:28:04.896 [main] DEBUG c.i.webscraper.scraper.WebScraper -        Q[59chars] | A[2617chars] | Code[10]
2026-05-13 16:28:04.899 [main] DEBUG c.i.webscraper.scraper.WebScraper -        Q[65chars] | A[924chars] | Code[5]
2026-05-13 16:28:04.901 [main] DEBUG c.i.webscraper.scraper.WebScraper -        Q[68chars] | A[921chars] | Code[6]
2026-05-13 16:28:04.902 [main] INFO  c.i.webscraper.scraper.WebScraper -      4 Q&A pair(s) extracted.
2026-05-13 16:28:04.903 [main] INFO  c.i.webscraper.scraper.WebScraper -   → Section: 'Exception Handling in Java' (https://interview.in28minutes.com/interview-guides/java/exception-handling-in-java/)
2026-05-13 16:28:04.903 [main] DEBUG c.i.webscraper.scraper.WebScraper - Sleeping 2500ms (attempt 1/3) before: https://interview.in28minutes.com/interview-guides/java/exception-handling-in-java/
2026-05-13 16:28:08.544 [main] DEBUG c.i.webscraper.scraper.WebScraper - HTTP 200 ← https://interview.in28minutes.com/interview-guides/java/exception-handling-in-java/
2026-05-13 16:28:08.554 [main] DEBUG c.i.webscraper.scraper.WebScraper -      10 question heading(s) in 'Exception Handling in Java'.
2026-05-13 16:28:08.556 [main] DEBUG c.i.webscraper.scraper.WebScraper -        Q[36chars] | A[1041chars] | Code[0]
2026-05-13 16:28:08.556 [main] DEBUG c.i.webscraper.scraper.WebScraper -        Q[50chars] | A[485chars] | Code[1]
2026-05-13 16:28:08.557 [main] DEBUG c.i.webscraper.scraper.WebScraper -        Q[68chars] | A[2098chars] | Code[6]
2026-05-13 16:28:08.558 [main] DEBUG c.i.webscraper.scraper.WebScraper -        Q[61chars] | A[777chars] | Code[1]
2026-05-13 16:28:08.558 [main] DEBUG c.i.webscraper.scraper.WebScraper -        Q[50chars] | A[401chars] | Code[2]
2026-05-13 16:28:08.559 [main] DEBUG c.i.webscraper.scraper.WebScraper -        Q[57chars] | A[323chars] | Code[4]
2026-05-13 16:28:08.559 [main] DEBUG c.i.webscraper.scraper.WebScraper -        Q[51chars] | A[18chars] | Code[0]
2026-05-13 16:28:08.559 [main] DEBUG c.i.webscraper.scraper.WebScraper -        Q[55chars] | A[1336chars] | Code[2]
2026-05-13 16:28:08.560 [main] DEBUG c.i.webscraper.scraper.WebScraper -        Q[28chars] | A[1142chars] | Code[15]
2026-05-13 16:28:08.561 [main] DEBUG c.i.webscraper.scraper.WebScraper -        Q[67chars] | A[841chars] | Code[3]
2026-05-13 16:28:08.561 [main] INFO  c.i.webscraper.scraper.WebScraper -      10 Q&A pair(s) extracted.
2026-05-13 16:28:08.561 [main] INFO  c.i.webscraper.scraper.WebScraper -   → Section: 'Serialization in Java' (https://interview.in28minutes.com/interview-guides/java/serialization-in-java/)
2026-05-13 16:28:08.562 [main] DEBUG c.i.webscraper.scraper.WebScraper - Sleeping 2500ms (attempt 1/3) before: https://interview.in28minutes.com/interview-guides/java/serialization-in-java/
2026-05-13 16:28:12.104 [main] DEBUG c.i.webscraper.scraper.WebScraper - HTTP 200 ← https://interview.in28minutes.com/interview-guides/java/serialization-in-java/
2026-05-13 16:28:12.114 [main] DEBUG c.i.webscraper.scraper.WebScraper -      7 question heading(s) in 'Serialization in Java'.
2026-05-13 16:28:12.114 [main] DEBUG c.i.webscraper.scraper.WebScraper -        Q[22chars] | A[561chars] | Code[0]
2026-05-13 16:28:12.116 [main] DEBUG c.i.webscraper.scraper.WebScraper -        Q[27chars] | A[274chars] | Code[1]
2026-05-13 16:28:12.117 [main] DEBUG c.i.webscraper.scraper.WebScraper -        Q[37chars] | A[382chars] | Code[1]
2026-05-13 16:28:12.118 [main] DEBUG c.i.webscraper.scraper.WebScraper -        Q[62chars] | A[601chars] | Code[2]
2026-05-13 16:28:12.118 [main] DEBUG c.i.webscraper.scraper.WebScraper -        Q[48chars] | A[321chars] | Code[2]
2026-05-13 16:28:12.120 [main] DEBUG c.i.webscraper.scraper.WebScraper -        Q[49chars] | A[1348chars] | Code[6]
2026-05-13 16:28:12.122 [main] DEBUG c.i.webscraper.scraper.WebScraper -        Q[60chars] | A[763chars] | Code[2]
2026-05-13 16:28:12.122 [main] INFO  c.i.webscraper.scraper.WebScraper -      7 Q&A pair(s) extracted.
2026-05-13 16:28:12.122 [main] INFO  c.i.webscraper.scraper.WebScraper -   → Section: 'Built-in Classes in Java' (https://interview.in28minutes.com/interview-guides/java/built-in-classes-in-java/)
2026-05-13 16:28:12.123 [main] DEBUG c.i.webscraper.scraper.WebScraper - Sleeping 2500ms (attempt 1/3) before: https://interview.in28minutes.com/interview-guides/java/built-in-classes-in-java/
2026-05-13 16:28:15.578 [main] DEBUG c.i.webscraper.scraper.WebScraper - HTTP 200 ← https://interview.in28minutes.com/interview-guides/java/built-in-classes-in-java/
2026-05-13 16:28:15.590 [main] DEBUG c.i.webscraper.scraper.WebScraper -      9 question heading(s) in 'Built-in Classes in Java'.
2026-05-13 16:28:15.592 [main] DEBUG c.i.webscraper.scraper.WebScraper -        Q[6chars] | A[359chars] | Code[1]
2026-05-13 16:28:15.593 [main] DEBUG c.i.webscraper.scraper.WebScraper -        Q[4chars] | A[210chars] | Code[2]
2026-05-13 16:28:15.594 [main] DEBUG c.i.webscraper.scraper.WebScraper -        Q[7chars] | A[188chars] | Code[1]
2026-05-13 16:28:15.595 [main] DEBUG c.i.webscraper.scraper.WebScraper -        Q[6chars] | A[211chars] | Code[1]
2026-05-13 16:28:15.596 [main] DEBUG c.i.webscraper.scraper.WebScraper -        Q[11chars] | A[161chars] | Code[1]
2026-05-13 16:28:15.596 [main] DEBUG c.i.webscraper.scraper.WebScraper -        Q[4chars] | A[301chars] | Code[1]
2026-05-13 16:28:15.598 [main] DEBUG c.i.webscraper.scraper.WebScraper -        Q[5chars] | A[227chars] | Code[2]
2026-05-13 16:28:15.599 [main] DEBUG c.i.webscraper.scraper.WebScraper -        Q[5chars] | A[212chars] | Code[1]
2026-05-13 16:28:15.600 [main] DEBUG c.i.webscraper.scraper.WebScraper -        Q[6chars] | A[188chars] | Code[2]
2026-05-13 16:28:15.600 [main] INFO  c.i.webscraper.scraper.WebScraper -      9 Q&A pair(s) extracted.
2026-05-13 16:28:15.601 [main] INFO  c.i.webscraper.scraper.WebScraper -   → Section: 'Miscellaneous Topics in Java' (https://interview.in28minutes.com/interview-guides/java/miscellaneous-topics-in-java/)
2026-05-13 16:28:15.601 [main] DEBUG c.i.webscraper.scraper.WebScraper - Sleeping 2500ms (attempt 1/3) before: https://interview.in28minutes.com/interview-guides/java/miscellaneous-topics-in-java/
2026-05-13 16:28:19.070 [main] DEBUG c.i.webscraper.scraper.WebScraper - HTTP 200 ← https://interview.in28minutes.com/interview-guides/java/miscellaneous-topics-in-java/
2026-05-13 16:28:19.086 [main] DEBUG c.i.webscraper.scraper.WebScraper -      11 question heading(s) in 'Miscellaneous Topics in Java'.
2026-05-13 16:28:19.088 [main] DEBUG c.i.webscraper.scraper.WebScraper -        Q[53chars] | A[1219chars] | Code[5]
2026-05-13 16:28:19.089 [main] DEBUG c.i.webscraper.scraper.WebScraper -        Q[44chars] | A[689chars] | Code[1]
2026-05-13 16:28:19.089 [main] DEBUG c.i.webscraper.scraper.WebScraper -        Q[48chars] | A[899chars] | Code[2]
2026-05-13 16:28:19.090 [main] DEBUG c.i.webscraper.scraper.WebScraper -        Q[61chars] | A[918chars] | Code[1]
2026-05-13 16:28:19.091 [main] DEBUG c.i.webscraper.scraper.WebScraper -        Q[72chars] | A[463chars] | Code[3]
2026-05-13 16:28:19.092 [main] DEBUG c.i.webscraper.scraper.WebScraper -        Q[30chars] | A[1123chars] | Code[2]
2026-05-13 16:28:19.092 [main] DEBUG c.i.webscraper.scraper.WebScraper -        Q[33chars] | A[683chars] | Code[1]
2026-05-13 16:28:19.093 [main] DEBUG c.i.webscraper.scraper.WebScraper -        Q[54chars] | A[1029chars] | Code[7]
2026-05-13 16:28:19.094 [main] DEBUG c.i.webscraper.scraper.WebScraper -        Q[65chars] | A[637chars] | Code[5]
2026-05-13 16:28:19.095 [main] DEBUG c.i.webscraper.scraper.WebScraper -        Q[61chars] | A[538chars] | Code[4]
2026-05-13 16:28:19.096 [main] DEBUG c.i.webscraper.scraper.WebScraper -        Q[52chars] | A[869chars] | Code[6]
2026-05-13 16:28:19.096 [main] INFO  c.i.webscraper.scraper.WebScraper -      11 Q&A pair(s) extracted.
2026-05-13 16:28:19.098 [main] INFO  c.i.webscraper.scraper.WebScraper -   → Section: 'New Features in Java' (https://interview.in28minutes.com/interview-guides/java/new-features-in-java/)
2026-05-13 16:28:19.099 [main] DEBUG c.i.webscraper.scraper.WebScraper - Sleeping 2500ms (attempt 1/3) before: https://interview.in28minutes.com/interview-guides/java/new-features-in-java/
2026-05-13 16:28:22.496 [main] DEBUG c.i.webscraper.scraper.WebScraper - HTTP 200 ← https://interview.in28minutes.com/interview-guides/java/new-features-in-java/
2026-05-13 16:28:22.505 [main] DEBUG c.i.webscraper.scraper.WebScraper -      3 question heading(s) in 'New Features in Java'.
2026-05-13 16:28:22.506 [main] DEBUG c.i.webscraper.scraper.WebScraper -        Q[29chars] | A[1122chars] | Code[0]
2026-05-13 16:28:22.508 [main] DEBUG c.i.webscraper.scraper.WebScraper -        Q[55chars] | A[1158chars] | Code[12]
2026-05-13 16:28:22.510 [main] DEBUG c.i.webscraper.scraper.WebScraper -        Q[68chars] | A[2207chars] | Code[23]
2026-05-13 16:28:22.511 [main] INFO  c.i.webscraper.scraper.WebScraper -      3 Q&A pair(s) extracted.
2026-05-13 16:28:22.511 [main] INFO  c.i.webscraper.scraper.WebScraper -   → Section: 'Java Interview - Diagrams' (https://interview.in28minutes.com/interview-guides/java/java-interview-diagrams/)
2026-05-13 16:28:22.512 [main] DEBUG c.i.webscraper.scraper.WebScraper - Sleeping 2500ms (attempt 1/3) before: https://interview.in28minutes.com/interview-guides/java/java-interview-diagrams/
2026-05-13 16:28:25.822 [main] DEBUG c.i.webscraper.scraper.WebScraper - HTTP 200 ← https://interview.in28minutes.com/interview-guides/java/java-interview-diagrams/
2026-05-13 16:28:25.826 [main] DEBUG c.i.webscraper.scraper.WebScraper -      7 question heading(s) in 'Java Interview - Diagrams'.
2026-05-13 16:28:25.826 [main] DEBUG c.i.webscraper.scraper.WebScraper -        Q[17chars] | A[0chars] | Code[1]
2026-05-13 16:28:25.828 [main] DEBUG c.i.webscraper.scraper.WebScraper -        Q[26chars] | A[0chars] | Code[1]
2026-05-13 16:28:25.828 [main] DEBUG c.i.webscraper.scraper.WebScraper -        Q[18chars] | A[0chars] | Code[1]
2026-05-13 16:28:25.829 [main] DEBUG c.i.webscraper.scraper.WebScraper -        Q[17chars] | A[0chars] | Code[1]
2026-05-13 16:28:25.829 [main] DEBUG c.i.webscraper.scraper.WebScraper -        Q[44chars] | A[0chars] | Code[1]
2026-05-13 16:28:25.830 [main] DEBUG c.i.webscraper.scraper.WebScraper -        Q[25chars] | A[0chars] | Code[1]
2026-05-13 16:28:25.830 [main] DEBUG c.i.webscraper.scraper.WebScraper -        Q[27chars] | A[141chars] | Code[7]
2026-05-13 16:28:25.831 [main] INFO  c.i.webscraper.scraper.WebScraper -      7 Q&A pair(s) extracted.
2026-05-13 16:28:25.831 [main] INFO  c.i.webscraper.scraper.WebScraper - Topic 'Java' complete → 17 section(s).
2026-05-13 16:28:25.831 [main] INFO  c.i.webscraper.scraper.WebScraper - ---------- Topic: DevOps → https://interview.in28minutes.com/devops/
2026-05-13 16:28:25.833 [main] DEBUG c.i.webscraper.scraper.WebScraper - Sleeping 2500ms (attempt 1/3) before: https://interview.in28minutes.com/devops/
2026-05-13 16:28:28.783 [main] DEBUG c.i.webscraper.scraper.WebScraper - HTTP 200 ← https://interview.in28minutes.com/devops/
2026-05-13 16:28:28.790 [main] DEBUG c.i.webscraper.scraper.WebScraper - Topic 'DevOps' → 2 card(s) found.
2026-05-13 16:28:28.791 [main] INFO  c.i.webscraper.scraper.WebScraper -   → Section: 'DevOps Fundamentals' (https://interview.in28minutes.com/interview-guides/devops/devops-fundamentals/)
2026-05-13 16:28:28.791 [main] DEBUG c.i.webscraper.scraper.WebScraper - Sleeping 2500ms (attempt 1/3) before: https://interview.in28minutes.com/interview-guides/devops/devops-fundamentals/
2026-05-13 16:28:31.786 [main] DEBUG c.i.webscraper.scraper.WebScraper - HTTP 200 ← https://interview.in28minutes.com/interview-guides/devops/devops-fundamentals/
2026-05-13 16:28:31.790 [main] DEBUG c.i.webscraper.scraper.WebScraper -      7 question heading(s) in 'DevOps Fundamentals'.
2026-05-13 16:28:31.791 [main] DEBUG c.i.webscraper.scraper.WebScraper -        Q[15chars] | A[2715chars] | Code[0]
2026-05-13 16:28:31.791 [main] DEBUG c.i.webscraper.scraper.WebScraper -        Q[28chars] | A[1346chars] | Code[0]
2026-05-13 16:28:31.792 [main] DEBUG c.i.webscraper.scraper.WebScraper -        Q[67chars] | A[1724chars] | Code[0]
2026-05-13 16:28:31.792 [main] DEBUG c.i.webscraper.scraper.WebScraper -        Q[31chars] | A[1269chars] | Code[0]
2026-05-13 16:28:31.793 [main] DEBUG c.i.webscraper.scraper.WebScraper -        Q[87chars] | A[2013chars] | Code[0]
2026-05-13 16:28:31.793 [main] DEBUG c.i.webscraper.scraper.WebScraper -        Q[22chars] | A[1717chars] | Code[0]
2026-05-13 16:28:31.794 [main] DEBUG c.i.webscraper.scraper.WebScraper -        Q[33chars] | A[800chars] | Code[0]
2026-05-13 16:28:31.794 [main] INFO  c.i.webscraper.scraper.WebScraper -      7 Q&A pair(s) extracted.
2026-05-13 16:28:31.795 [main] INFO  c.i.webscraper.scraper.WebScraper -   → Section: 'DevOps Interview - Diagrams' (https://interview.in28minutes.com/interview-guides/devops/devops-interview-diagrams/)
2026-05-13 16:28:31.795 [main] DEBUG c.i.webscraper.scraper.WebScraper - Sleeping 2500ms (attempt 1/3) before: https://interview.in28minutes.com/interview-guides/devops/devops-interview-diagrams/
2026-05-13 16:28:34.639 [main] DEBUG c.i.webscraper.scraper.WebScraper - HTTP 200 ← https://interview.in28minutes.com/interview-guides/devops/devops-interview-diagrams/
2026-05-13 16:28:34.641 [main] DEBUG c.i.webscraper.scraper.WebScraper -      10 question heading(s) in 'DevOps Interview - Diagrams'.
2026-05-13 16:28:34.643 [main] WARN  c.i.webscraper.scraper.WebScraper -      Section 'DevOps Interview - Diagrams' had no Q&A pairs.
2026-05-13 16:28:34.643 [main] INFO  c.i.webscraper.scraper.WebScraper - Topic 'DevOps' complete → 1 section(s).
2026-05-13 16:28:34.643 [main] INFO  c.i.webscraper.scraper.WebScraper - ---------- Topic: Cloud → https://interview.in28minutes.com/cloud/
2026-05-13 16:28:34.643 [main] DEBUG c.i.webscraper.scraper.WebScraper - Sleeping 2500ms (attempt 1/3) before: https://interview.in28minutes.com/cloud/
2026-05-13 16:28:37.596 [main] DEBUG c.i.webscraper.scraper.WebScraper - HTTP 200 ← https://interview.in28minutes.com/cloud/
2026-05-13 16:28:37.598 [main] DEBUG c.i.webscraper.scraper.WebScraper - Topic 'Cloud' → 8 card(s) found.
2026-05-13 16:28:37.598 [main] INFO  c.i.webscraper.scraper.WebScraper -   → Section: 'Cloud Fundamentals' (https://interview.in28minutes.com/interview-guides/cloud/cloud-fundamentals/)
2026-05-13 16:28:37.599 [main] DEBUG c.i.webscraper.scraper.WebScraper - Sleeping 2500ms (attempt 1/3) before: https://interview.in28minutes.com/interview-guides/cloud/cloud-fundamentals/
2026-05-13 16:28:41.353 [main] DEBUG c.i.webscraper.scraper.WebScraper - HTTP 200 ← https://interview.in28minutes.com/interview-guides/cloud/cloud-fundamentals/
2026-05-13 16:28:41.362 [main] DEBUG c.i.webscraper.scraper.WebScraper -      8 question heading(s) in 'Cloud Fundamentals'.
2026-05-13 16:28:41.363 [main] DEBUG c.i.webscraper.scraper.WebScraper -        Q[39chars] | A[914chars] | Code[0]
2026-05-13 16:28:41.363 [main] DEBUG c.i.webscraper.scraper.WebScraper -        Q[32chars] | A[2396chars] | Code[0]
2026-05-13 16:28:41.364 [main] DEBUG c.i.webscraper.scraper.WebScraper -        Q[41chars] | A[1115chars] | Code[0]
2026-05-13 16:28:41.366 [main] DEBUG c.i.webscraper.scraper.WebScraper -        Q[34chars] | A[2782chars] | Code[0]
2026-05-13 16:28:41.366 [main] DEBUG c.i.webscraper.scraper.WebScraper -        Q[23chars] | A[1214chars] | Code[0]
2026-05-13 16:28:41.366 [main] DEBUG c.i.webscraper.scraper.WebScraper -        Q[49chars] | A[970chars] | Code[0]
2026-05-13 16:28:41.367 [main] DEBUG c.i.webscraper.scraper.WebScraper -        Q[102chars] | A[2665chars] | Code[0]
2026-05-13 16:28:41.368 [main] INFO  c.i.webscraper.scraper.WebScraper -      7 Q&A pair(s) extracted.
2026-05-13 16:28:41.369 [main] INFO  c.i.webscraper.scraper.WebScraper -   → Section: 'Cloud Storage and Databases Fundamentals' (https://interview.in28minutes.com/interview-guides/cloud/cloud-storage-and-databases-fundamentals/)
2026-05-13 16:28:41.370 [main] DEBUG c.i.webscraper.scraper.WebScraper - Sleeping 2500ms (attempt 1/3) before: https://interview.in28minutes.com/interview-guides/cloud/cloud-storage-and-databases-fundamentals/
2026-05-13 16:28:44.516 [main] DEBUG c.i.webscraper.scraper.WebScraper - HTTP 200 ← https://interview.in28minutes.com/interview-guides/cloud/cloud-storage-and-databases-fundamentals/
2026-05-13 16:28:44.533 [main] DEBUG c.i.webscraper.scraper.WebScraper -      12 question heading(s) in 'Cloud Storage and Databases Fundamentals'.
2026-05-13 16:28:44.535 [main] DEBUG c.i.webscraper.scraper.WebScraper -        Q[49chars] | A[2169chars] | Code[0]
2026-05-13 16:28:44.536 [main] DEBUG c.i.webscraper.scraper.WebScraper -        Q[18chars] | A[764chars] | Code[0]
2026-05-13 16:28:44.536 [main] DEBUG c.i.webscraper.scraper.WebScraper -        Q[35chars] | A[795chars] | Code[0]
2026-05-13 16:28:44.537 [main] DEBUG c.i.webscraper.scraper.WebScraper -        Q[46chars] | A[801chars] | Code[0]
2026-05-13 16:28:44.538 [main] DEBUG c.i.webscraper.scraper.WebScraper -        Q[55chars] | A[1982chars] | Code[4]
2026-05-13 16:28:44.538 [main] DEBUG c.i.webscraper.scraper.WebScraper -        Q[67chars] | A[1210chars] | Code[0]
2026-05-13 16:28:44.539 [main] DEBUG c.i.webscraper.scraper.WebScraper -        Q[22chars] | A[2144chars] | Code[0]
2026-05-13 16:28:44.539 [main] DEBUG c.i.webscraper.scraper.WebScraper -        Q[21chars] | A[1214chars] | Code[0]
2026-05-13 16:28:44.540 [main] DEBUG c.i.webscraper.scraper.WebScraper -        Q[23chars] | A[2709chars] | Code[0]
2026-05-13 16:28:44.540 [main] DEBUG c.i.webscraper.scraper.WebScraper -        Q[23chars] | A[1082chars] | Code[0]
2026-05-13 16:28:44.542 [main] DEBUG c.i.webscraper.scraper.WebScraper -        Q[36chars] | A[1915chars] | Code[0]
2026-05-13 16:28:44.542 [main] DEBUG c.i.webscraper.scraper.WebScraper -        Q[35chars] | A[1864chars] | Code[0]
2026-05-13 16:28:44.543 [main] INFO  c.i.webscraper.scraper.WebScraper -      12 Q&A pair(s) extracted.
2026-05-13 16:28:44.543 [main] INFO  c.i.webscraper.scraper.WebScraper -   → Section: 'Asynchronous Communication in the Cloud' (https://interview.in28minutes.com/interview-guides/cloud/asynchronous-communication-in-the-cloud/)
2026-05-13 16:28:44.543 [main] DEBUG c.i.webscraper.scraper.WebScraper - Sleeping 2500ms (attempt 1/3) before: https://interview.in28minutes.com/interview-guides/cloud/asynchronous-communication-in-the-cloud/
2026-05-13 16:28:47.799 [main] DEBUG c.i.webscraper.scraper.WebScraper - HTTP 200 ← https://interview.in28minutes.com/interview-guides/cloud/asynchronous-communication-in-the-cloud/
2026-05-13 16:28:47.805 [main] DEBUG c.i.webscraper.scraper.WebScraper -      6 question heading(s) in 'Asynchronous Communication in the Cloud'.
2026-05-13 16:28:47.806 [main] DEBUG c.i.webscraper.scraper.WebScraper -        Q[31chars] | A[1110chars] | Code[0]
2026-05-13 16:28:47.808 [main] DEBUG c.i.webscraper.scraper.WebScraper -        Q[37chars] | A[1576chars] | Code[0]
2026-05-13 16:28:47.809 [main] DEBUG c.i.webscraper.scraper.WebScraper -        Q[43chars] | A[1395chars] | Code[0]
2026-05-13 16:28:47.810 [main] DEBUG c.i.webscraper.scraper.WebScraper -        Q[36chars] | A[1407chars] | Code[0]
2026-05-13 16:28:47.811 [main] DEBUG c.i.webscraper.scraper.WebScraper -        Q[28chars] | A[3668chars] | Code[0]
2026-05-13 16:28:47.812 [main] DEBUG c.i.webscraper.scraper.WebScraper -        Q[44chars] | A[1470chars] | Code[0]
2026-05-13 16:28:47.812 [main] INFO  c.i.webscraper.scraper.WebScraper -      6 Q&A pair(s) extracted.
2026-05-13 16:28:47.813 [main] INFO  c.i.webscraper.scraper.WebScraper -   → Section: 'Networking in the Cloud' (https://interview.in28minutes.com/interview-guides/cloud/networking-in-the-cloud/)
2026-05-13 16:28:47.813 [main] DEBUG c.i.webscraper.scraper.WebScraper - Sleeping 2500ms (attempt 1/3) before: https://interview.in28minutes.com/interview-guides/cloud/networking-in-the-cloud/
2026-05-13 16:28:51.210 [main] DEBUG c.i.webscraper.scraper.WebScraper - HTTP 200 ← https://interview.in28minutes.com/interview-guides/cloud/networking-in-the-cloud/
2026-05-13 16:28:51.215 [main] DEBUG c.i.webscraper.scraper.WebScraper -      7 question heading(s) in 'Networking in the Cloud'.
2026-05-13 16:28:51.217 [main] DEBUG c.i.webscraper.scraper.WebScraper -        Q[65chars] | A[1512chars] | Code[0]
2026-05-13 16:28:51.218 [main] DEBUG c.i.webscraper.scraper.WebScraper -        Q[47chars] | A[1096chars] | Code[0]
2026-05-13 16:28:51.219 [main] DEBUG c.i.webscraper.scraper.WebScraper -        Q[47chars] | A[2101chars] | Code[0]
2026-05-13 16:28:51.220 [main] DEBUG c.i.webscraper.scraper.WebScraper -        Q[65chars] | A[1150chars] | Code[0]
2026-05-13 16:28:51.221 [main] DEBUG c.i.webscraper.scraper.WebScraper -        Q[37chars] | A[980chars] | Code[0]
2026-05-13 16:28:51.222 [main] DEBUG c.i.webscraper.scraper.WebScraper -        Q[37chars] | A[1105chars] | Code[0]
2026-05-13 16:28:51.222 [main] INFO  c.i.webscraper.scraper.WebScraper -      6 Q&A pair(s) extracted.
2026-05-13 16:28:51.223 [main] INFO  c.i.webscraper.scraper.WebScraper -   → Section: 'Cost Management in the Cloud' (https://interview.in28minutes.com/interview-guides/cloud/cost-management-in-the-cloud/)
2026-05-13 16:28:51.223 [main] DEBUG c.i.webscraper.scraper.WebScraper - Sleeping 2500ms (attempt 1/3) before: https://interview.in28minutes.com/interview-guides/cloud/cost-management-in-the-cloud/
2026-05-13 16:28:54.338 [main] DEBUG c.i.webscraper.scraper.WebScraper - HTTP 200 ← https://interview.in28minutes.com/interview-guides/cloud/cost-management-in-the-cloud/
2026-05-13 16:28:54.345 [main] DEBUG c.i.webscraper.scraper.WebScraper -      6 question heading(s) in 'Cost Management in the Cloud'.
2026-05-13 16:28:54.346 [main] DEBUG c.i.webscraper.scraper.WebScraper -        Q[38chars] | A[1020chars] | Code[0]
2026-05-13 16:28:54.347 [main] DEBUG c.i.webscraper.scraper.WebScraper -        Q[21chars] | A[641chars] | Code[0]
2026-05-13 16:28:54.348 [main] DEBUG c.i.webscraper.scraper.WebScraper -        Q[56chars] | A[682chars] | Code[0]
2026-05-13 16:28:54.350 [main] DEBUG c.i.webscraper.scraper.WebScraper -        Q[39chars] | A[1261chars] | Code[0]
2026-05-13 16:28:54.351 [main] DEBUG c.i.webscraper.scraper.WebScraper -        Q[15chars] | A[1604chars] | Code[0]
2026-05-13 16:28:54.352 [main] INFO  c.i.webscraper.scraper.WebScraper -      5 Q&A pair(s) extracted.
2026-05-13 16:28:54.353 [main] INFO  c.i.webscraper.scraper.WebScraper -   → Section: 'AI, ML and Generative AI in the Cloud' (https://interview.in28minutes.com/interview-guides/cloud/ai-ml-and-generative-ai-in-the-cloud/)
2026-05-13 16:28:54.353 [main] DEBUG c.i.webscraper.scraper.WebScraper - Sleeping 2500ms (attempt 1/3) before: https://interview.in28minutes.com/interview-guides/cloud/ai-ml-and-generative-ai-in-the-cloud/
2026-05-13 16:28:57.732 [main] DEBUG c.i.webscraper.scraper.WebScraper - HTTP 200 ← https://interview.in28minutes.com/interview-guides/cloud/ai-ml-and-generative-ai-in-the-cloud/
2026-05-13 16:28:57.736 [main] DEBUG c.i.webscraper.scraper.WebScraper -      5 question heading(s) in 'AI, ML and Generative AI in the Cloud'.
2026-05-13 16:28:57.738 [main] DEBUG c.i.webscraper.scraper.WebScraper -        Q[16chars] | A[1171chars] | Code[0]
2026-05-13 16:28:57.739 [main] DEBUG c.i.webscraper.scraper.WebScraper -        Q[53chars] | A[848chars] | Code[0]
2026-05-13 16:28:57.740 [main] DEBUG c.i.webscraper.scraper.WebScraper -        Q[22chars] | A[2236chars] | Code[0]
2026-05-13 16:28:57.741 [main] DEBUG c.i.webscraper.scraper.WebScraper -        Q[52chars] | A[2601chars] | Code[0]
2026-05-13 16:28:57.741 [main] INFO  c.i.webscraper.scraper.WebScraper -      4 Q&A pair(s) extracted.
2026-05-13 16:28:57.743 [main] INFO  c.i.webscraper.scraper.WebScraper -   → Section: 'Security in the Cloud' (https://interview.in28minutes.com/interview-guides/cloud/security-in-the-cloud/)
2026-05-13 16:28:57.743 [main] DEBUG c.i.webscraper.scraper.WebScraper - Sleeping 2500ms (attempt 1/3) before: https://interview.in28minutes.com/interview-guides/cloud/security-in-the-cloud/
2026-05-13 16:29:00.807 [main] DEBUG c.i.webscraper.scraper.WebScraper - HTTP 200 ← https://interview.in28minutes.com/interview-guides/cloud/security-in-the-cloud/
2026-05-13 16:29:00.814 [main] DEBUG c.i.webscraper.scraper.WebScraper -      7 question heading(s) in 'Security in the Cloud'.
2026-05-13 16:29:00.816 [main] DEBUG c.i.webscraper.scraper.WebScraper -        Q[31chars] | A[2931chars] | Code[0]
2026-05-13 16:29:00.817 [main] DEBUG c.i.webscraper.scraper.WebScraper -        Q[43chars] | A[3777chars] | Code[0]
2026-05-13 16:29:00.818 [main] DEBUG c.i.webscraper.scraper.WebScraper -        Q[22chars] | A[1085chars] | Code[0]
2026-05-13 16:29:00.818 [main] DEBUG c.i.webscraper.scraper.WebScraper -        Q[14chars] | A[1377chars] | Code[0]
2026-05-13 16:29:00.819 [main] DEBUG c.i.webscraper.scraper.WebScraper -        Q[51chars] | A[1442chars] | Code[0]
2026-05-13 16:29:00.820 [main] DEBUG c.i.webscraper.scraper.WebScraper -        Q[34chars] | A[1374chars] | Code[0]
2026-05-13 16:29:00.822 [main] DEBUG c.i.webscraper.scraper.WebScraper -        Q[24chars] | A[1664chars] | Code[0]
2026-05-13 16:29:00.822 [main] INFO  c.i.webscraper.scraper.WebScraper -      7 Q&A pair(s) extracted.
2026-05-13 16:29:00.823 [main] INFO  c.i.webscraper.scraper.WebScraper -   → Section: 'Cloud Interview - Diagrams' (https://interview.in28minutes.com/interview-guides/cloud/cloud-interview-diagrams/)
2026-05-13 16:29:00.823 [main] DEBUG c.i.webscraper.scraper.WebScraper - Sleeping 2500ms (attempt 1/3) before: https://interview.in28minutes.com/interview-guides/cloud/cloud-interview-diagrams/
2026-05-13 16:29:04.146 [main] DEBUG c.i.webscraper.scraper.WebScraper - HTTP 200 ← https://interview.in28minutes.com/interview-guides/cloud/cloud-interview-diagrams/
2026-05-13 16:29:04.151 [main] DEBUG c.i.webscraper.scraper.WebScraper -      10 question heading(s) in 'Cloud Interview - Diagrams'.
2026-05-13 16:29:04.152 [main] WARN  c.i.webscraper.scraper.WebScraper -      Section 'Cloud Interview - Diagrams' had no Q&A pairs.
2026-05-13 16:29:04.152 [main] INFO  c.i.webscraper.scraper.WebScraper - Topic 'Cloud' complete → 7 section(s).
2026-05-13 16:29:04.152 [main] INFO  c.i.webscraper.scraper.WebScraper - ---------- Topic: Docker → https://interview.in28minutes.com/docker/
2026-05-13 16:29:04.153 [main] DEBUG c.i.webscraper.scraper.WebScraper - Sleeping 2500ms (attempt 1/3) before: https://interview.in28minutes.com/docker/
2026-05-13 16:29:07.101 [main] DEBUG c.i.webscraper.scraper.WebScraper - HTTP 200 ← https://interview.in28minutes.com/docker/
2026-05-13 16:29:07.104 [main] DEBUG c.i.webscraper.scraper.WebScraper - Topic 'Docker' → 10 card(s) found.
2026-05-13 16:29:07.105 [main] INFO  c.i.webscraper.scraper.WebScraper -   → Section: 'Docker Fundamentals' (https://interview.in28minutes.com/interview-guides/docker/docker-fundamentals/)
2026-05-13 16:29:07.106 [main] DEBUG c.i.webscraper.scraper.WebScraper - Sleeping 2500ms (attempt 1/3) before: https://interview.in28minutes.com/interview-guides/docker/docker-fundamentals/
2026-05-13 16:29:10.289 [main] DEBUG c.i.webscraper.scraper.WebScraper - HTTP 200 ← https://interview.in28minutes.com/interview-guides/docker/docker-fundamentals/
2026-05-13 16:29:10.294 [main] DEBUG c.i.webscraper.scraper.WebScraper -      6 question heading(s) in 'Docker Fundamentals'.
2026-05-13 16:29:10.295 [main] DEBUG c.i.webscraper.scraper.WebScraper -        Q[60chars] | A[523chars] | Code[0]
2026-05-13 16:29:10.295 [main] DEBUG c.i.webscraper.scraper.WebScraper -        Q[82chars] | A[337chars] | Code[0]
2026-05-13 16:29:10.296 [main] DEBUG c.i.webscraper.scraper.WebScraper -        Q[40chars] | A[390chars] | Code[0]
2026-05-13 16:29:10.297 [main] DEBUG c.i.webscraper.scraper.WebScraper -        Q[54chars] | A[955chars] | Code[0]
2026-05-13 16:29:10.298 [main] DEBUG c.i.webscraper.scraper.WebScraper -        Q[63chars] | A[1637chars] | Code[0]
2026-05-13 16:29:10.298 [main] INFO  c.i.webscraper.scraper.WebScraper -      5 Q&A pair(s) extracted.
2026-05-13 16:29:10.298 [main] INFO  c.i.webscraper.scraper.WebScraper -   → Section: 'Building Docker Images' (https://interview.in28minutes.com/interview-guides/docker/building-docker-images/)
2026-05-13 16:29:10.299 [main] DEBUG c.i.webscraper.scraper.WebScraper - Sleeping 2500ms (attempt 1/3) before: https://interview.in28minutes.com/interview-guides/docker/building-docker-images/
2026-05-13 16:29:13.547 [main] DEBUG c.i.webscraper.scraper.WebScraper - HTTP 200 ← https://interview.in28minutes.com/interview-guides/docker/building-docker-images/
2026-05-13 16:29:13.554 [main] DEBUG c.i.webscraper.scraper.WebScraper -      13 question heading(s) in 'Building Docker Images'.
2026-05-13 16:29:13.554 [main] DEBUG c.i.webscraper.scraper.WebScraper -        Q[54chars] | A[171chars] | Code[3]
2026-05-13 16:29:13.555 [main] DEBUG c.i.webscraper.scraper.WebScraper -        Q[21chars] | A[665chars] | Code[0]
2026-05-13 16:29:13.556 [main] DEBUG c.i.webscraper.scraper.WebScraper -        Q[35chars] | A[333chars] | Code[0]
2026-05-13 16:29:13.556 [main] DEBUG c.i.webscraper.scraper.WebScraper -        Q[87chars] | A[1092chars] | Code[7]
2026-05-13 16:29:13.557 [main] DEBUG c.i.webscraper.scraper.WebScraper -        Q[47chars] | A[214chars] | Code[1]
2026-05-13 16:29:13.558 [main] DEBUG c.i.webscraper.scraper.WebScraper -        Q[59chars] | A[659chars] | Code[1]
2026-05-13 16:29:13.558 [main] DEBUG c.i.webscraper.scraper.WebScraper -        Q[59chars] | A[510chars] | Code[2]
2026-05-13 16:29:13.558 [main] DEBUG c.i.webscraper.scraper.WebScraper -        Q[55chars] | A[1459chars] | Code[2]
2026-05-13 16:29:13.561 [main] DEBUG c.i.webscraper.scraper.WebScraper -        Q[92chars] | A[1309chars] | Code[2]
2026-05-13 16:29:13.561 [main] DEBUG c.i.webscraper.scraper.WebScraper -        Q[62chars] | A[725chars] | Code[4]
2026-05-13 16:29:13.562 [main] DEBUG c.i.webscraper.scraper.WebScraper -        Q[46chars] | A[313chars] | Code[1]
2026-05-13 16:29:13.562 [main] DEBUG c.i.webscraper.scraper.WebScraper -        Q[44chars] | A[680chars] | Code[1]
2026-05-13 16:29:13.562 [main] DEBUG c.i.webscraper.scraper.WebScraper -        Q[36chars] | A[768chars] | Code[0]
2026-05-13 16:29:13.564 [main] INFO  c.i.webscraper.scraper.WebScraper -      13 Q&A pair(s) extracted.
2026-05-13 16:29:13.564 [main] INFO  c.i.webscraper.scraper.WebScraper -   → Section: 'Managing Docker Containers' (https://interview.in28minutes.com/interview-guides/docker/managing-docker-containers/)
2026-05-13 16:29:13.565 [main] DEBUG c.i.webscraper.scraper.WebScraper - Sleeping 2500ms (attempt 1/3) before: https://interview.in28minutes.com/interview-guides/docker/managing-docker-containers/
2026-05-13 16:29:16.820 [main] DEBUG c.i.webscraper.scraper.WebScraper - HTTP 200 ← https://interview.in28minutes.com/interview-guides/docker/managing-docker-containers/
2026-05-13 16:29:16.825 [main] DEBUG c.i.webscraper.scraper.WebScraper -      5 question heading(s) in 'Managing Docker Containers'.
2026-05-13 16:29:16.826 [main] DEBUG c.i.webscraper.scraper.WebScraper -        Q[50chars] | A[416chars] | Code[0]
2026-05-13 16:29:16.828 [main] DEBUG c.i.webscraper.scraper.WebScraper -        Q[47chars] | A[2156chars] | Code[33]
2026-05-13 16:29:16.828 [main] DEBUG c.i.webscraper.scraper.WebScraper -        Q[108chars] | A[151chars] | Code[3]
2026-05-13 16:29:16.829 [main] DEBUG c.i.webscraper.scraper.WebScraper -        Q[38chars] | A[535chars] | Code[9]
2026-05-13 16:29:16.830 [main] DEBUG c.i.webscraper.scraper.WebScraper -        Q[101chars] | A[775chars] | Code[16]
2026-05-13 16:29:16.830 [main] INFO  c.i.webscraper.scraper.WebScraper -      5 Q&A pair(s) extracted.
2026-05-13 16:29:16.831 [main] INFO  c.i.webscraper.scraper.WebScraper -   → Section: 'Persisting Data in Docker' (https://interview.in28minutes.com/interview-guides/docker/persisting-data-in-docker/)
2026-05-13 16:29:16.831 [main] DEBUG c.i.webscraper.scraper.WebScraper - Sleeping 2500ms (attempt 1/3) before: https://interview.in28minutes.com/interview-guides/docker/persisting-data-in-docker/
2026-05-13 16:29:19.866 [main] DEBUG c.i.webscraper.scraper.WebScraper - HTTP 200 ← https://interview.in28minutes.com/interview-guides/docker/persisting-data-in-docker/
2026-05-13 16:29:19.871 [main] DEBUG c.i.webscraper.scraper.WebScraper -      8 question heading(s) in 'Persisting Data in Docker'.
2026-05-13 16:29:19.872 [main] DEBUG c.i.webscraper.scraper.WebScraper -        Q[46chars] | A[813chars] | Code[0]
2026-05-13 16:29:19.872 [main] DEBUG c.i.webscraper.scraper.WebScraper -        Q[27chars] | A[941chars] | Code[6]
2026-05-13 16:29:19.873 [main] DEBUG c.i.webscraper.scraper.WebScraper -        Q[39chars] | A[310chars] | Code[7]
2026-05-13 16:29:19.874 [main] DEBUG c.i.webscraper.scraper.WebScraper -        Q[35chars] | A[574chars] | Code[2]
2026-05-13 16:29:19.876 [main] DEBUG c.i.webscraper.scraper.WebScraper -        Q[57chars] | A[805chars] | Code[10]
2026-05-13 16:29:19.876 [main] DEBUG c.i.webscraper.scraper.WebScraper -        Q[65chars] | A[695chars] | Code[0]
2026-05-13 16:29:19.877 [main] DEBUG c.i.webscraper.scraper.WebScraper -        Q[24chars] | A[1109chars] | Code[0]
2026-05-13 16:29:19.878 [main] INFO  c.i.webscraper.scraper.WebScraper -      7 Q&A pair(s) extracted.
2026-05-13 16:29:19.878 [main] INFO  c.i.webscraper.scraper.WebScraper -   → Section: 'Docker Networking' (https://interview.in28minutes.com/interview-guides/docker/docker-networking/)
2026-05-13 16:29:19.878 [main] DEBUG c.i.webscraper.scraper.WebScraper - Sleeping 2500ms (attempt 1/3) before: https://interview.in28minutes.com/interview-guides/docker/docker-networking/
2026-05-13 16:29:23.028 [main] DEBUG c.i.webscraper.scraper.WebScraper - HTTP 200 ← https://interview.in28minutes.com/interview-guides/docker/docker-networking/
2026-05-13 16:29:23.032 [main] DEBUG c.i.webscraper.scraper.WebScraper -      7 question heading(s) in 'Docker Networking'.
2026-05-13 16:29:23.033 [main] DEBUG c.i.webscraper.scraper.WebScraper -        Q[36chars] | A[749chars] | Code[0]
2026-05-13 16:29:23.034 [main] DEBUG c.i.webscraper.scraper.WebScraper -        Q[42chars] | A[2776chars] | Code[6]
2026-05-13 16:29:23.035 [main] DEBUG c.i.webscraper.scraper.WebScraper -        Q[55chars] | A[206chars] | Code[4]
2026-05-13 16:29:23.037 [main] DEBUG c.i.webscraper.scraper.WebScraper -        Q[61chars] | A[358chars] | Code[2]
2026-05-13 16:29:23.037 [main] DEBUG c.i.webscraper.scraper.WebScraper -        Q[63chars] | A[219chars] | Code[1]
2026-05-13 16:29:23.038 [main] DEBUG c.i.webscraper.scraper.WebScraper -        Q[55chars] | A[445chars] | Code[1]
2026-05-13 16:29:23.038 [main] DEBUG c.i.webscraper.scraper.WebScraper -        Q[106chars] | A[409chars] | Code[2]
2026-05-13 16:29:23.038 [main] INFO  c.i.webscraper.scraper.WebScraper -      7 Q&A pair(s) extracted.
2026-05-13 16:29:23.039 [main] INFO  c.i.webscraper.scraper.WebScraper -   → Section: 'Docker Security' (https://interview.in28minutes.com/interview-guides/docker/docker-security/)
2026-05-13 16:29:23.039 [main] DEBUG c.i.webscraper.scraper.WebScraper - Sleeping 2500ms (attempt 1/3) before: https://interview.in28minutes.com/interview-guides/docker/docker-security/
2026-05-13 16:29:26.380 [main] DEBUG c.i.webscraper.scraper.WebScraper - HTTP 200 ← https://interview.in28minutes.com/interview-guides/docker/docker-security/
2026-05-13 16:29:26.385 [main] DEBUG c.i.webscraper.scraper.WebScraper -      9 question heading(s) in 'Docker Security'.
2026-05-13 16:29:26.386 [main] DEBUG c.i.webscraper.scraper.WebScraper -        Q[36chars] | A[733chars] | Code[0]
2026-05-13 16:29:26.386 [main] DEBUG c.i.webscraper.scraper.WebScraper -        Q[53chars] | A[1621chars] | Code[0]
2026-05-13 16:29:26.388 [main] DEBUG c.i.webscraper.scraper.WebScraper -        Q[45chars] | A[303chars] | Code[1]
2026-05-13 16:29:26.389 [main] DEBUG c.i.webscraper.scraper.WebScraper -        Q[54chars] | A[1036chars] | Code[1]
2026-05-13 16:29:26.390 [main] DEBUG c.i.webscraper.scraper.WebScraper -        Q[43chars] | A[1965chars] | Code[5]
2026-05-13 16:29:26.391 [main] DEBUG c.i.webscraper.scraper.WebScraper -        Q[74chars] | A[878chars] | Code[3]
2026-05-13 16:29:26.392 [main] DEBUG c.i.webscraper.scraper.WebScraper -        Q[53chars] | A[1020chars] | Code[0]
2026-05-13 16:29:26.393 [main] DEBUG c.i.webscraper.scraper.WebScraper -        Q[44chars] | A[1841chars] | Code[0]
2026-05-13 16:29:26.394 [main] DEBUG c.i.webscraper.scraper.WebScraper -        Q[42chars] | A[1142chars] | Code[1]
2026-05-13 16:29:26.394 [main] INFO  c.i.webscraper.scraper.WebScraper -      9 Q&A pair(s) extracted.
2026-05-13 16:29:26.394 [main] INFO  c.i.webscraper.scraper.WebScraper -   → Section: 'Docker Compose' (https://interview.in28minutes.com/interview-guides/docker/docker-compose/)
2026-05-13 16:29:26.395 [main] DEBUG c.i.webscraper.scraper.WebScraper - Sleeping 2500ms (attempt 1/3) before: https://interview.in28minutes.com/interview-guides/docker/docker-compose/
2026-05-13 16:29:29.366 [main] DEBUG c.i.webscraper.scraper.WebScraper - HTTP 200 ← https://interview.in28minutes.com/interview-guides/docker/docker-compose/
2026-05-13 16:29:29.373 [main] DEBUG c.i.webscraper.scraper.WebScraper -      6 question heading(s) in 'Docker Compose'.
2026-05-13 16:29:29.375 [main] DEBUG c.i.webscraper.scraper.WebScraper -        Q[36chars] | A[1907chars] | Code[4]
2026-05-13 16:29:29.377 [main] DEBUG c.i.webscraper.scraper.WebScraper -        Q[64chars] | A[722chars] | Code[0]
2026-05-13 16:29:29.378 [main] DEBUG c.i.webscraper.scraper.WebScraper -        Q[43chars] | A[2667chars] | Code[3]
2026-05-13 16:29:29.378 [main] DEBUG c.i.webscraper.scraper.WebScraper -        Q[68chars] | A[580chars] | Code[8]
2026-05-13 16:29:29.380 [main] DEBUG c.i.webscraper.scraper.WebScraper -        Q[48chars] | A[559chars] | Code[4]
2026-05-13 16:29:29.380 [main] DEBUG c.i.webscraper.scraper.WebScraper -        Q[18chars] | A[923chars] | Code[0]
2026-05-13 16:29:29.381 [main] INFO  c.i.webscraper.scraper.WebScraper -      6 Q&A pair(s) extracted.
2026-05-13 16:29:29.381 [main] INFO  c.i.webscraper.scraper.WebScraper -   → Section: 'Advanced Docker Concepts' (https://interview.in28minutes.com/interview-guides/docker/advanced-docker-concepts/)
2026-05-13 16:29:29.381 [main] DEBUG c.i.webscraper.scraper.WebScraper - Sleeping 2500ms (attempt 1/3) before: https://interview.in28minutes.com/interview-guides/docker/advanced-docker-concepts/
2026-05-13 16:29:33.031 [main] DEBUG c.i.webscraper.scraper.WebScraper - HTTP 200 ← https://interview.in28minutes.com/interview-guides/docker/advanced-docker-concepts/
2026-05-13 16:29:33.035 [main] DEBUG c.i.webscraper.scraper.WebScraper -      5 question heading(s) in 'Advanced Docker Concepts'.
2026-05-13 16:29:33.036 [main] DEBUG c.i.webscraper.scraper.WebScraper -        Q[10chars] | A[1446chars] | Code[0]
2026-05-13 16:29:33.037 [main] DEBUG c.i.webscraper.scraper.WebScraper -        Q[60chars] | A[894chars] | Code[5]
2026-05-13 16:29:33.038 [main] DEBUG c.i.webscraper.scraper.WebScraper -        Q[64chars] | A[1599chars] | Code[0]
2026-05-13 16:29:33.038 [main] INFO  c.i.webscraper.scraper.WebScraper -      3 Q&A pair(s) extracted.
2026-05-13 16:29:33.038 [main] INFO  c.i.webscraper.scraper.WebScraper -   → Section: 'Docker Cheat Sheet' (https://interview.in28minutes.com/interview-guides/docker/docker-cheat-sheet/)
2026-05-13 16:29:33.039 [main] DEBUG c.i.webscraper.scraper.WebScraper - Sleeping 2500ms (attempt 1/3) before: https://interview.in28minutes.com/interview-guides/docker/docker-cheat-sheet/
2026-05-13 16:29:36.161 [main] DEBUG c.i.webscraper.scraper.WebScraper - HTTP 200 ← https://interview.in28minutes.com/interview-guides/docker/docker-cheat-sheet/
2026-05-13 16:29:36.168 [main] DEBUG c.i.webscraper.scraper.WebScraper -      9 question heading(s) in 'Docker Cheat Sheet'.
2026-05-13 16:29:36.168 [main] WARN  c.i.webscraper.scraper.WebScraper -      Section 'Docker Cheat Sheet' had no Q&A pairs.
2026-05-13 16:29:36.169 [main] INFO  c.i.webscraper.scraper.WebScraper -   → Section: 'Docker Interview - Diagrams' (https://interview.in28minutes.com/interview-guides/docker/docker-interview-diagrams/)
2026-05-13 16:29:36.169 [main] DEBUG c.i.webscraper.scraper.WebScraper - Sleeping 2500ms (attempt 1/3) before: https://interview.in28minutes.com/interview-guides/docker/docker-interview-diagrams/
2026-05-13 16:29:39.545 [main] DEBUG c.i.webscraper.scraper.WebScraper - HTTP 200 ← https://interview.in28minutes.com/interview-guides/docker/docker-interview-diagrams/
2026-05-13 16:29:39.554 [main] DEBUG c.i.webscraper.scraper.WebScraper -      10 question heading(s) in 'Docker Interview - Diagrams'.
2026-05-13 16:29:39.556 [main] DEBUG c.i.webscraper.scraper.WebScraper -        Q[29chars] | A[0chars] | Code[1]
2026-05-13 16:29:39.556 [main] INFO  c.i.webscraper.scraper.WebScraper -      1 Q&A pair(s) extracted.
2026-05-13 16:29:39.557 [main] INFO  c.i.webscraper.scraper.WebScraper - Topic 'Docker' complete → 9 section(s).
2026-05-13 16:29:39.557 [main] INFO  c.i.webscraper.scraper.WebScraper - ---------- Topic: Kubernetes → https://interview.in28minutes.com/kubernetes/
2026-05-13 16:29:39.557 [main] DEBUG c.i.webscraper.scraper.WebScraper - Sleeping 2500ms (attempt 1/3) before: https://interview.in28minutes.com/kubernetes/
2026-05-13 16:29:42.940 [main] DEBUG c.i.webscraper.scraper.WebScraper - HTTP 200 ← https://interview.in28minutes.com/kubernetes/
2026-05-13 16:29:42.942 [main] DEBUG c.i.webscraper.scraper.WebScraper - Topic 'Kubernetes' → 10 card(s) found.
2026-05-13 16:29:42.942 [main] INFO  c.i.webscraper.scraper.WebScraper -   → Section: 'Kubernetes Landscape' (https://interview.in28minutes.com/interview-guides/kubernetes/kubernetes-landscape/)
2026-05-13 16:29:42.942 [main] DEBUG c.i.webscraper.scraper.WebScraper - Sleeping 2500ms (attempt 1/3) before: https://interview.in28minutes.com/interview-guides/kubernetes/kubernetes-landscape/
2026-05-13 16:29:46.098 [main] DEBUG c.i.webscraper.scraper.WebScraper - HTTP 200 ← https://interview.in28minutes.com/interview-guides/kubernetes/kubernetes-landscape/
2026-05-13 16:29:46.103 [main] DEBUG c.i.webscraper.scraper.WebScraper -      6 question heading(s) in 'Kubernetes Landscape'.
2026-05-13 16:29:46.104 [main] DEBUG c.i.webscraper.scraper.WebScraper -        Q[60chars] | A[505chars] | Code[0]
2026-05-13 16:29:46.105 [main] DEBUG c.i.webscraper.scraper.WebScraper -        Q[57chars] | A[2666chars] | Code[0]
2026-05-13 16:29:46.105 [main] DEBUG c.i.webscraper.scraper.WebScraper -        Q[38chars] | A[893chars] | Code[0]
2026-05-13 16:29:46.106 [main] DEBUG c.i.webscraper.scraper.WebScraper -        Q[53chars] | A[988chars] | Code[0]
2026-05-13 16:29:46.106 [main] DEBUG c.i.webscraper.scraper.WebScraper -        Q[39chars] | A[674chars] | Code[0]
2026-05-13 16:29:46.107 [main] INFO  c.i.webscraper.scraper.WebScraper -      5 Q&A pair(s) extracted.
2026-05-13 16:29:46.107 [main] INFO  c.i.webscraper.scraper.WebScraper -   → Section: 'Kubernetes Fundamentals' (https://interview.in28minutes.com/interview-guides/kubernetes/kubernetes-fundamentals/)
2026-05-13 16:29:46.108 [main] DEBUG c.i.webscraper.scraper.WebScraper - Sleeping 2500ms (attempt 1/3) before: https://interview.in28minutes.com/interview-guides/kubernetes/kubernetes-fundamentals/
2026-05-13 16:29:49.118 [main] DEBUG c.i.webscraper.scraper.WebScraper - HTTP 200 ← https://interview.in28minutes.com/interview-guides/kubernetes/kubernetes-fundamentals/
2026-05-13 16:29:49.123 [main] DEBUG c.i.webscraper.scraper.WebScraper -      6 question heading(s) in 'Kubernetes Fundamentals'.
2026-05-13 16:29:49.124 [main] DEBUG c.i.webscraper.scraper.WebScraper -        Q[40chars] | A[1535chars] | Code[0]
2026-05-13 16:29:49.125 [main] DEBUG c.i.webscraper.scraper.WebScraper -        Q[53chars] | A[1268chars] | Code[2]
2026-05-13 16:29:49.126 [main] DEBUG c.i.webscraper.scraper.WebScraper -        Q[63chars] | A[1213chars] | Code[0]
2026-05-13 16:29:49.128 [main] DEBUG c.i.webscraper.scraper.WebScraper -        Q[60chars] | A[1250chars] | Code[1]
2026-05-13 16:29:49.128 [main] DEBUG c.i.webscraper.scraper.WebScraper -        Q[62chars] | A[1511chars] | Code[1]
2026-05-13 16:29:49.129 [main] DEBUG c.i.webscraper.scraper.WebScraper -        Q[73chars] | A[1854chars] | Code[1]
2026-05-13 16:29:49.130 [main] INFO  c.i.webscraper.scraper.WebScraper -      6 Q&A pair(s) extracted.
2026-05-13 16:29:49.130 [main] INFO  c.i.webscraper.scraper.WebScraper -   → Section: 'Kubernetes Services and Networking' (https://interview.in28minutes.com/interview-guides/kubernetes/kubernetes-services-and-networking/)
2026-05-13 16:29:49.130 [main] DEBUG c.i.webscraper.scraper.WebScraper - Sleeping 2500ms (attempt 1/3) before: https://interview.in28minutes.com/interview-guides/kubernetes/kubernetes-services-and-networking/
2026-05-13 16:29:52.418 [main] DEBUG c.i.webscraper.scraper.WebScraper - HTTP 200 ← https://interview.in28minutes.com/interview-guides/kubernetes/kubernetes-services-and-networking/
2026-05-13 16:29:52.424 [main] DEBUG c.i.webscraper.scraper.WebScraper -      9 question heading(s) in 'Kubernetes Services and Networking'.
2026-05-13 16:29:52.425 [main] DEBUG c.i.webscraper.scraper.WebScraper -        Q[36chars] | A[220chars] | Code[1]
2026-05-13 16:29:52.426 [main] DEBUG c.i.webscraper.scraper.WebScraper -        Q[41chars] | A[1007chars] | Code[0]
2026-05-13 16:29:52.429 [main] DEBUG c.i.webscraper.scraper.WebScraper -        Q[29chars] | A[2847chars] | Code[0]
2026-05-13 16:29:52.430 [main] DEBUG c.i.webscraper.scraper.WebScraper -        Q[56chars] | A[967chars] | Code[0]
2026-05-13 16:29:52.431 [main] DEBUG c.i.webscraper.scraper.WebScraper -        Q[47chars] | A[1420chars] | Code[0]
2026-05-13 16:29:52.433 [main] DEBUG c.i.webscraper.scraper.WebScraper -        Q[45chars] | A[3682chars] | Code[0]
2026-05-13 16:29:52.434 [main] DEBUG c.i.webscraper.scraper.WebScraper -        Q[26chars] | A[710chars] | Code[1]
2026-05-13 16:29:52.436 [main] DEBUG c.i.webscraper.scraper.WebScraper -        Q[37chars] | A[1063chars] | Code[0]
2026-05-13 16:29:52.436 [main] INFO  c.i.webscraper.scraper.WebScraper -      8 Q&A pair(s) extracted.
2026-05-13 16:29:52.436 [main] INFO  c.i.webscraper.scraper.WebScraper -   → Section: 'More Kubernetes Fundamentals' (https://interview.in28minutes.com/interview-guides/kubernetes/more-kubernetes-fundamentals/)
2026-05-13 16:29:52.437 [main] DEBUG c.i.webscraper.scraper.WebScraper - Sleeping 2500ms (attempt 1/3) before: https://interview.in28minutes.com/interview-guides/kubernetes/more-kubernetes-fundamentals/
2026-05-13 16:29:55.978 [main] DEBUG c.i.webscraper.scraper.WebScraper - HTTP 200 ← https://interview.in28minutes.com/interview-guides/kubernetes/more-kubernetes-fundamentals/
2026-05-13 16:29:55.996 [main] DEBUG c.i.webscraper.scraper.WebScraper -      18 question heading(s) in 'More Kubernetes Fundamentals'.
2026-05-13 16:29:55.999 [main] DEBUG c.i.webscraper.scraper.WebScraper -        Q[36chars] | A[1464chars] | Code[1]
2026-05-13 16:29:56.003 [main] DEBUG c.i.webscraper.scraper.WebScraper -        Q[34chars] | A[31chars] | Code[2]
2026-05-13 16:29:56.003 [main] DEBUG c.i.webscraper.scraper.WebScraper -        Q[31chars] | A[75chars] | Code[1]
2026-05-13 16:29:56.003 [main] DEBUG c.i.webscraper.scraper.WebScraper -        Q[35chars] | A[313chars] | Code[3]
2026-05-13 16:29:56.005 [main] DEBUG c.i.webscraper.scraper.WebScraper -        Q[47chars] | A[1068chars] | Code[0]
2026-05-13 16:29:56.005 [main] DEBUG c.i.webscraper.scraper.WebScraper -        Q[39chars] | A[734chars] | Code[0]
2026-05-13 16:29:56.006 [main] DEBUG c.i.webscraper.scraper.WebScraper -        Q[20chars] | A[971chars] | Code[2]
2026-05-13 16:29:56.014 [main] DEBUG c.i.webscraper.scraper.WebScraper -        Q[19chars] | A[378chars] | Code[0]
2026-05-13 16:29:56.015 [main] DEBUG c.i.webscraper.scraper.WebScraper -        Q[33chars] | A[800chars] | Code[0]
2026-05-13 16:29:56.015 [main] DEBUG c.i.webscraper.scraper.WebScraper -        Q[60chars] | A[154chars] | Code[1]
2026-05-13 16:29:56.020 [main] DEBUG c.i.webscraper.scraper.WebScraper -        Q[43chars] | A[203chars] | Code[0]
2026-05-13 16:29:56.021 [main] DEBUG c.i.webscraper.scraper.WebScraper -        Q[40chars] | A[241chars] | Code[1]
2026-05-13 16:29:56.022 [main] DEBUG c.i.webscraper.scraper.WebScraper -        Q[32chars] | A[1046chars] | Code[1]
2026-05-13 16:29:56.023 [main] DEBUG c.i.webscraper.scraper.WebScraper -        Q[27chars] | A[859chars] | Code[0]
2026-05-13 16:29:56.024 [main] DEBUG c.i.webscraper.scraper.WebScraper -        Q[49chars] | A[1285chars] | Code[0]
2026-05-13 16:29:56.024 [main] INFO  c.i.webscraper.scraper.WebScraper -      15 Q&A pair(s) extracted.
2026-05-13 16:29:56.025 [main] INFO  c.i.webscraper.scraper.WebScraper -   → Section: 'Kubernetes Storage' (https://interview.in28minutes.com/interview-guides/kubernetes/kubernetes-storage/)
2026-05-13 16:29:56.026 [main] DEBUG c.i.webscraper.scraper.WebScraper - Sleeping 2500ms (attempt 1/3) before: https://interview.in28minutes.com/interview-guides/kubernetes/kubernetes-storage/
2026-05-13 16:30:00.226 [main] DEBUG c.i.webscraper.scraper.WebScraper - HTTP 200 ← https://interview.in28minutes.com/interview-guides/kubernetes/kubernetes-storage/
2026-05-13 16:30:00.234 [main] DEBUG c.i.webscraper.scraper.WebScraper -      11 question heading(s) in 'Kubernetes Storage'.
2026-05-13 16:30:00.235 [main] DEBUG c.i.webscraper.scraper.WebScraper -        Q[69chars] | A[547chars] | Code[0]
2026-05-13 16:30:00.235 [main] DEBUG c.i.webscraper.scraper.WebScraper -        Q[43chars] | A[764chars] | Code[0]
2026-05-13 16:30:00.235 [main] DEBUG c.i.webscraper.scraper.WebScraper -        Q[57chars] | A[521chars] | Code[1]
2026-05-13 16:30:00.236 [main] DEBUG c.i.webscraper.scraper.WebScraper -        Q[35chars] | A[724chars] | Code[1]
2026-05-13 16:30:00.236 [main] DEBUG c.i.webscraper.scraper.WebScraper -        Q[36chars] | A[714chars] | Code[1]
2026-05-13 16:30:00.236 [main] DEBUG c.i.webscraper.scraper.WebScraper -        Q[47chars] | A[311chars] | Code[1]
2026-05-13 16:30:00.237 [main] DEBUG c.i.webscraper.scraper.WebScraper -        Q[59chars] | A[209chars] | Code[1]
2026-05-13 16:30:00.239 [main] DEBUG c.i.webscraper.scraper.WebScraper -        Q[42chars] | A[1098chars] | Code[0]
2026-05-13 16:30:00.239 [main] DEBUG c.i.webscraper.scraper.WebScraper -        Q[112chars] | A[1189chars] | Code[0]
2026-05-13 16:30:00.240 [main] DEBUG c.i.webscraper.scraper.WebScraper -        Q[46chars] | A[712chars] | Code[1]
2026-05-13 16:30:00.241 [main] DEBUG c.i.webscraper.scraper.WebScraper -        Q[78chars] | A[1193chars] | Code[1]
2026-05-13 16:30:00.241 [main] INFO  c.i.webscraper.scraper.WebScraper -      11 Q&A pair(s) extracted.
2026-05-13 16:30:00.241 [main] INFO  c.i.webscraper.scraper.WebScraper -   → Section: 'Kubernetes Security' (https://interview.in28minutes.com/interview-guides/kubernetes/kubernetes-security/)
2026-05-13 16:30:00.242 [main] DEBUG c.i.webscraper.scraper.WebScraper - Sleeping 2500ms (attempt 1/3) before: https://interview.in28minutes.com/interview-guides/kubernetes/kubernetes-security/
2026-05-13 16:30:03.405 [main] DEBUG c.i.webscraper.scraper.WebScraper - HTTP 200 ← https://interview.in28minutes.com/interview-guides/kubernetes/kubernetes-security/
2026-05-13 16:30:03.415 [main] DEBUG c.i.webscraper.scraper.WebScraper -      10 question heading(s) in 'Kubernetes Security'.
2026-05-13 16:30:03.416 [main] DEBUG c.i.webscraper.scraper.WebScraper -        Q[49chars] | A[794chars] | Code[1]
2026-05-13 16:30:03.417 [main] DEBUG c.i.webscraper.scraper.WebScraper -        Q[44chars] | A[671chars] | Code[1]
2026-05-13 16:30:03.418 [main] DEBUG c.i.webscraper.scraper.WebScraper -        Q[56chars] | A[867chars] | Code[1]
2026-05-13 16:30:03.418 [main] DEBUG c.i.webscraper.scraper.WebScraper -        Q[38chars] | A[1067chars] | Code[0]
2026-05-13 16:30:03.419 [main] DEBUG c.i.webscraper.scraper.WebScraper -        Q[42chars] | A[0chars] | Code[1]
2026-05-13 16:30:03.419 [main] DEBUG c.i.webscraper.scraper.WebScraper -        Q[39chars] | A[1214chars] | Code[0]
2026-05-13 16:30:03.420 [main] DEBUG c.i.webscraper.scraper.WebScraper -        Q[87chars] | A[1599chars] | Code[1]
2026-05-13 16:30:03.421 [main] DEBUG c.i.webscraper.scraper.WebScraper -        Q[37chars] | A[925chars] | Code[1]
2026-05-13 16:30:03.422 [main] INFO  c.i.webscraper.scraper.WebScraper -      8 Q&A pair(s) extracted.
2026-05-13 16:30:03.422 [main] INFO  c.i.webscraper.scraper.WebScraper -   → Section: 'Kubernetes Scheduling' (https://interview.in28minutes.com/interview-guides/kubernetes/kubernetes-scheduling/)
2026-05-13 16:30:03.423 [main] DEBUG c.i.webscraper.scraper.WebScraper - Sleeping 2500ms (attempt 1/3) before: https://interview.in28minutes.com/interview-guides/kubernetes/kubernetes-scheduling/
2026-05-13 16:30:06.783 [main] DEBUG c.i.webscraper.scraper.WebScraper - HTTP 200 ← https://interview.in28minutes.com/interview-guides/kubernetes/kubernetes-scheduling/
2026-05-13 16:30:06.790 [main] DEBUG c.i.webscraper.scraper.WebScraper -      13 question heading(s) in 'Kubernetes Scheduling'.
2026-05-13 16:30:06.791 [main] DEBUG c.i.webscraper.scraper.WebScraper -        Q[35chars] | A[817chars] | Code[0]
2026-05-13 16:30:06.791 [main] DEBUG c.i.webscraper.scraper.WebScraper -        Q[32chars] | A[0chars] | Code[1]
2026-05-13 16:30:06.791 [main] DEBUG c.i.webscraper.scraper.WebScraper -        Q[63chars] | A[464chars] | Code[1]
2026-05-13 16:30:06.793 [main] DEBUG c.i.webscraper.scraper.WebScraper -        Q[28chars] | A[826chars] | Code[0]
2026-05-13 16:30:06.793 [main] DEBUG c.i.webscraper.scraper.WebScraper -        Q[31chars] | A[0chars] | Code[1]
2026-05-13 16:30:06.794 [main] DEBUG c.i.webscraper.scraper.WebScraper -        Q[22chars] | A[772chars] | Code[0]
2026-05-13 16:30:06.794 [main] DEBUG c.i.webscraper.scraper.WebScraper -        Q[32chars] | A[0chars] | Code[1]
2026-05-13 16:30:06.795 [main] DEBUG c.i.webscraper.scraper.WebScraper -        Q[32chars] | A[1180chars] | Code[0]
2026-05-13 16:30:06.795 [main] DEBUG c.i.webscraper.scraper.WebScraper -        Q[41chars] | A[0chars] | Code[1]
2026-05-13 16:30:06.796 [main] DEBUG c.i.webscraper.scraper.WebScraper -        Q[32chars] | A[648chars] | Code[1]
2026-05-13 16:30:06.796 [main] DEBUG c.i.webscraper.scraper.WebScraper -        Q[40chars] | A[871chars] | Code[0]
2026-05-13 16:30:06.796 [main] INFO  c.i.webscraper.scraper.WebScraper -      11 Q&A pair(s) extracted.
2026-05-13 16:30:06.796 [main] INFO  c.i.webscraper.scraper.WebScraper -   → Section: 'Kubernetes Observability' (https://interview.in28minutes.com/interview-guides/kubernetes/kubernetes-observability/)
2026-05-13 16:30:06.798 [main] DEBUG c.i.webscraper.scraper.WebScraper - Sleeping 2500ms (attempt 1/3) before: https://interview.in28minutes.com/interview-guides/kubernetes/kubernetes-observability/
2026-05-13 16:30:09.825 [main] DEBUG c.i.webscraper.scraper.WebScraper - HTTP 200 ← https://interview.in28minutes.com/interview-guides/kubernetes/kubernetes-observability/
2026-05-13 16:30:09.832 [main] DEBUG c.i.webscraper.scraper.WebScraper -      9 question heading(s) in 'Kubernetes Observability'.
2026-05-13 16:30:09.833 [main] DEBUG c.i.webscraper.scraper.WebScraper -        Q[19chars] | A[960chars] | Code[0]
2026-05-13 16:30:09.834 [main] DEBUG c.i.webscraper.scraper.WebScraper -        Q[22chars] | A[992chars] | Code[0]
2026-05-13 16:30:09.834 [main] DEBUG c.i.webscraper.scraper.WebScraper -        Q[22chars] | A[1220chars] | Code[0]
2026-05-13 16:30:09.835 [main] DEBUG c.i.webscraper.scraper.WebScraper -        Q[50chars] | A[831chars] | Code[0]
2026-05-13 16:30:09.836 [main] DEBUG c.i.webscraper.scraper.WebScraper -        Q[29chars] | A[760chars] | Code[0]
2026-05-13 16:30:09.836 [main] DEBUG c.i.webscraper.scraper.WebScraper -        Q[24chars] | A[239chars] | Code[1]
2026-05-13 16:30:09.837 [main] DEBUG c.i.webscraper.scraper.WebScraper -        Q[33chars] | A[599chars] | Code[1]
2026-05-13 16:30:09.837 [main] INFO  c.i.webscraper.scraper.WebScraper -      7 Q&A pair(s) extracted.
2026-05-13 16:30:09.838 [main] INFO  c.i.webscraper.scraper.WebScraper -   → Section: 'More Kubernetes Essentials' (https://interview.in28minutes.com/interview-guides/kubernetes/more-kubernetes-essentials/)
2026-05-13 16:30:09.838 [main] DEBUG c.i.webscraper.scraper.WebScraper - Sleeping 2500ms (attempt 1/3) before: https://interview.in28minutes.com/interview-guides/kubernetes/more-kubernetes-essentials/
2026-05-13 16:30:13.193 [main] DEBUG c.i.webscraper.scraper.WebScraper - HTTP 200 ← https://interview.in28minutes.com/interview-guides/kubernetes/more-kubernetes-essentials/
2026-05-13 16:30:13.200 [main] DEBUG c.i.webscraper.scraper.WebScraper -      11 question heading(s) in 'More Kubernetes Essentials'.
2026-05-13 16:30:13.201 [main] DEBUG c.i.webscraper.scraper.WebScraper -        Q[12chars] | A[1464chars] | Code[0]
2026-05-13 16:30:13.201 [main] DEBUG c.i.webscraper.scraper.WebScraper -        Q[12chars] | A[796chars] | Code[0]
2026-05-13 16:30:13.202 [main] DEBUG c.i.webscraper.scraper.WebScraper -        Q[12chars] | A[1221chars] | Code[0]
2026-05-13 16:30:13.202 [main] DEBUG c.i.webscraper.scraper.WebScraper -        Q[53chars] | A[1013chars] | Code[0]
2026-05-13 16:30:13.204 [main] DEBUG c.i.webscraper.scraper.WebScraper -        Q[45chars] | A[846chars] | Code[0]
2026-05-13 16:30:13.204 [main] DEBUG c.i.webscraper.scraper.WebScraper -        Q[19chars] | A[1578chars] | Code[1]
2026-05-13 16:30:13.205 [main] DEBUG c.i.webscraper.scraper.WebScraper -        Q[26chars] | A[880chars] | Code[1]
2026-05-13 16:30:13.205 [main] DEBUG c.i.webscraper.scraper.WebScraper -        Q[18chars] | A[945chars] | Code[2]
2026-05-13 16:30:13.206 [main] DEBUG c.i.webscraper.scraper.WebScraper -        Q[56chars] | A[1880chars] | Code[0]
2026-05-13 16:30:13.206 [main] INFO  c.i.webscraper.scraper.WebScraper -      9 Q&A pair(s) extracted.
2026-05-13 16:30:13.207 [main] INFO  c.i.webscraper.scraper.WebScraper -   → Section: 'Kubernetes Interview - Diagrams' (https://interview.in28minutes.com/interview-guides/kubernetes/kubernetes-interview-diagrams/)
2026-05-13 16:30:13.208 [main] DEBUG c.i.webscraper.scraper.WebScraper - Sleeping 2500ms (attempt 1/3) before: https://interview.in28minutes.com/interview-guides/kubernetes/kubernetes-interview-diagrams/
2026-05-13 16:30:16.198 [main] DEBUG c.i.webscraper.scraper.WebScraper - HTTP 200 ← https://interview.in28minutes.com/interview-guides/kubernetes/kubernetes-interview-diagrams/
2026-05-13 16:30:16.202 [main] DEBUG c.i.webscraper.scraper.WebScraper -      16 question heading(s) in 'Kubernetes Interview - Diagrams'.
2026-05-13 16:30:16.203 [main] DEBUG c.i.webscraper.scraper.WebScraper -        Q[26chars] | A[0chars] | Code[1]
2026-05-13 16:30:16.203 [main] DEBUG c.i.webscraper.scraper.WebScraper -        Q[26chars] | A[0chars] | Code[1]
2026-05-13 16:30:16.203 [main] DEBUG c.i.webscraper.scraper.WebScraper -        Q[7chars] | A[0chars] | Code[1]
2026-05-13 16:30:16.205 [main] DEBUG c.i.webscraper.scraper.WebScraper -        Q[6chars] | A[17chars] | Code[0]
2026-05-13 16:30:16.205 [main] DEBUG c.i.webscraper.scraper.WebScraper -        Q[7chars] | A[0chars] | Code[1]
2026-05-13 16:30:16.205 [main] DEBUG c.i.webscraper.scraper.WebScraper -        Q[12chars] | A[0chars] | Code[1]
2026-05-13 16:30:16.205 [main] INFO  c.i.webscraper.scraper.WebScraper -      6 Q&A pair(s) extracted.
2026-05-13 16:30:16.205 [main] INFO  c.i.webscraper.scraper.WebScraper - Topic 'Kubernetes' complete → 10 section(s).
2026-05-13 16:30:16.205 [main] INFO  c.i.webscraper.scraper.WebScraper - ---------- Topic: Terraform → https://interview.in28minutes.com/terraform/
2026-05-13 16:30:16.205 [main] DEBUG c.i.webscraper.scraper.WebScraper - Sleeping 2500ms (attempt 1/3) before: https://interview.in28minutes.com/terraform/
2026-05-13 16:30:19.180 [main] DEBUG c.i.webscraper.scraper.WebScraper - HTTP 200 ← https://interview.in28minutes.com/terraform/
2026-05-13 16:30:19.183 [main] DEBUG c.i.webscraper.scraper.WebScraper - Topic 'Terraform' → 5 card(s) found.
2026-05-13 16:30:19.184 [main] INFO  c.i.webscraper.scraper.WebScraper -   → Section: 'Introduction to Terraform' (https://interview.in28minutes.com/interview-guides/terraform/introduction-to-terraform/)
2026-05-13 16:30:19.184 [main] DEBUG c.i.webscraper.scraper.WebScraper - Sleeping 2500ms (attempt 1/3) before: https://interview.in28minutes.com/interview-guides/terraform/introduction-to-terraform/
2026-05-13 16:30:22.303 [main] DEBUG c.i.webscraper.scraper.WebScraper - HTTP 200 ← https://interview.in28minutes.com/interview-guides/terraform/introduction-to-terraform/
2026-05-13 16:30:22.312 [main] DEBUG c.i.webscraper.scraper.WebScraper -      9 question heading(s) in 'Introduction to Terraform'.
2026-05-13 16:30:22.313 [main] DEBUG c.i.webscraper.scraper.WebScraper -        Q[18chars] | A[1245chars] | Code[0]
2026-05-13 16:30:22.314 [main] DEBUG c.i.webscraper.scraper.WebScraper -        Q[58chars] | A[1831chars] | Code[0]
2026-05-13 16:30:22.314 [main] DEBUG c.i.webscraper.scraper.WebScraper -        Q[80chars] | A[1062chars] | Code[0]
2026-05-13 16:30:22.316 [main] DEBUG c.i.webscraper.scraper.WebScraper -        Q[46chars] | A[1044chars] | Code[1]
2026-05-13 16:30:22.318 [main] DEBUG c.i.webscraper.scraper.WebScraper -        Q[43chars] | A[2302chars] | Code[0]
2026-05-13 16:30:22.318 [main] DEBUG c.i.webscraper.scraper.WebScraper -        Q[62chars] | A[884chars] | Code[0]
2026-05-13 16:30:22.318 [main] DEBUG c.i.webscraper.scraper.WebScraper -        Q[42chars] | A[1068chars] | Code[1]
2026-05-13 16:30:22.319 [main] DEBUG c.i.webscraper.scraper.WebScraper -        Q[60chars] | A[432chars] | Code[1]
2026-05-13 16:30:22.319 [main] INFO  c.i.webscraper.scraper.WebScraper -      8 Q&A pair(s) extracted.
2026-05-13 16:30:22.319 [main] INFO  c.i.webscraper.scraper.WebScraper -   → Section: 'Terraform Language - HCL' (https://interview.in28minutes.com/interview-guides/terraform/terraform-language-hcl/)
2026-05-13 16:30:22.320 [main] DEBUG c.i.webscraper.scraper.WebScraper - Sleeping 2500ms (attempt 1/3) before: https://interview.in28minutes.com/interview-guides/terraform/terraform-language-hcl/
2026-05-13 16:30:25.657 [main] DEBUG c.i.webscraper.scraper.WebScraper - HTTP 200 ← https://interview.in28minutes.com/interview-guides/terraform/terraform-language-hcl/
2026-05-13 16:30:25.665 [main] DEBUG c.i.webscraper.scraper.WebScraper -      8 question heading(s) in 'Terraform Language - HCL'.
2026-05-13 16:30:25.666 [main] DEBUG c.i.webscraper.scraper.WebScraper -        Q[68chars] | A[866chars] | Code[0]
2026-05-13 16:30:25.667 [main] DEBUG c.i.webscraper.scraper.WebScraper -        Q[68chars] | A[550chars] | Code[1]
2026-05-13 16:30:25.668 [main] DEBUG c.i.webscraper.scraper.WebScraper -        Q[38chars] | A[824chars] | Code[1]
2026-05-13 16:30:25.669 [main] DEBUG c.i.webscraper.scraper.WebScraper -        Q[65chars] | A[503chars] | Code[1]
2026-05-13 16:30:25.669 [main] DEBUG c.i.webscraper.scraper.WebScraper -        Q[35chars] | A[792chars] | Code[1]
2026-05-13 16:30:25.670 [main] DEBUG c.i.webscraper.scraper.WebScraper -        Q[54chars] | A[518chars] | Code[4]
2026-05-13 16:30:25.671 [main] DEBUG c.i.webscraper.scraper.WebScraper -        Q[49chars] | A[1001chars] | Code[1]
2026-05-13 16:30:25.671 [main] DEBUG c.i.webscraper.scraper.WebScraper -        Q[50chars] | A[135chars] | Code[1]
2026-05-13 16:30:25.672 [main] INFO  c.i.webscraper.scraper.WebScraper -      8 Q&A pair(s) extracted.
2026-05-13 16:30:25.672 [main] INFO  c.i.webscraper.scraper.WebScraper -   → Section: 'Terraform State Management' (https://interview.in28minutes.com/interview-guides/terraform/terraform-state-management/)
2026-05-13 16:30:25.673 [main] DEBUG c.i.webscraper.scraper.WebScraper - Sleeping 2500ms (attempt 1/3) before: https://interview.in28minutes.com/interview-guides/terraform/terraform-state-management/
2026-05-13 16:30:29.003 [main] DEBUG c.i.webscraper.scraper.WebScraper - HTTP 200 ← https://interview.in28minutes.com/interview-guides/terraform/terraform-state-management/
2026-05-13 16:30:29.011 [main] DEBUG c.i.webscraper.scraper.WebScraper -      8 question heading(s) in 'Terraform State Management'.
2026-05-13 16:30:29.012 [main] DEBUG c.i.webscraper.scraper.WebScraper -        Q[37chars] | A[1264chars] | Code[0]
2026-05-13 16:30:29.015 [main] DEBUG c.i.webscraper.scraper.WebScraper -        Q[42chars] | A[4808chars] | Code[4]
2026-05-13 16:30:29.016 [main] DEBUG c.i.webscraper.scraper.WebScraper -        Q[49chars] | A[958chars] | Code[1]
2026-05-13 16:30:29.019 [main] DEBUG c.i.webscraper.scraper.WebScraper -        Q[60chars] | A[523chars] | Code[1]
2026-05-13 16:30:29.020 [main] DEBUG c.i.webscraper.scraper.WebScraper -        Q[18chars] | A[2007chars] | Code[0]
2026-05-13 16:30:29.021 [main] DEBUG c.i.webscraper.scraper.WebScraper -        Q[30chars] | A[2340chars] | Code[0]
2026-05-13 16:30:29.021 [main] DEBUG c.i.webscraper.scraper.WebScraper -        Q[73chars] | A[682chars] | Code[2]
2026-05-13 16:30:29.022 [main] DEBUG c.i.webscraper.scraper.WebScraper -        Q[64chars] | A[829chars] | Code[1]
2026-05-13 16:30:29.022 [main] INFO  c.i.webscraper.scraper.WebScraper -      8 Q&A pair(s) extracted.
2026-05-13 16:30:29.022 [main] INFO  c.i.webscraper.scraper.WebScraper -   → Section: 'Terraform Best Practices' (https://interview.in28minutes.com/interview-guides/terraform/terraform-best-practices/)
2026-05-13 16:30:29.023 [main] DEBUG c.i.webscraper.scraper.WebScraper - Sleeping 2500ms (attempt 1/3) before: https://interview.in28minutes.com/interview-guides/terraform/terraform-best-practices/
2026-05-13 16:30:32.312 [main] DEBUG c.i.webscraper.scraper.WebScraper - HTTP 200 ← https://interview.in28minutes.com/interview-guides/terraform/terraform-best-practices/
2026-05-13 16:30:32.318 [main] DEBUG c.i.webscraper.scraper.WebScraper -      8 question heading(s) in 'Terraform Best Practices'.
2026-05-13 16:30:32.320 [main] DEBUG c.i.webscraper.scraper.WebScraper -        Q[52chars] | A[1467chars] | Code[1]
2026-05-13 16:30:32.320 [main] DEBUG c.i.webscraper.scraper.WebScraper -        Q[55chars] | A[1090chars] | Code[1]
2026-05-13 16:30:32.321 [main] DEBUG c.i.webscraper.scraper.WebScraper -        Q[27chars] | A[1729chars] | Code[3]
2026-05-13 16:30:32.322 [main] DEBUG c.i.webscraper.scraper.WebScraper -        Q[42chars] | A[1357chars] | Code[0]
2026-05-13 16:30:32.322 [main] DEBUG c.i.webscraper.scraper.WebScraper -        Q[62chars] | A[1105chars] | Code[0]
2026-05-13 16:30:32.324 [main] DEBUG c.i.webscraper.scraper.WebScraper -        Q[37chars] | A[789chars] | Code[0]
2026-05-13 16:30:32.324 [main] DEBUG c.i.webscraper.scraper.WebScraper -        Q[38chars] | A[1222chars] | Code[0]
2026-05-13 16:30:32.325 [main] DEBUG c.i.webscraper.scraper.WebScraper -        Q[27chars] | A[2676chars] | Code[0]
2026-05-13 16:30:32.325 [main] INFO  c.i.webscraper.scraper.WebScraper -      8 Q&A pair(s) extracted.
2026-05-13 16:30:32.325 [main] INFO  c.i.webscraper.scraper.WebScraper -   → Section: 'Terraform Interview - Diagrams' (https://interview.in28minutes.com/interview-guides/terraform/terraform-interview-diagrams/)
2026-05-13 16:30:32.327 [main] DEBUG c.i.webscraper.scraper.WebScraper - Sleeping 2500ms (attempt 1/3) before: https://interview.in28minutes.com/interview-guides/terraform/terraform-interview-diagrams/
2026-05-13 16:30:36.309 [main] DEBUG c.i.webscraper.scraper.WebScraper - HTTP 200 ← https://interview.in28minutes.com/interview-guides/terraform/terraform-interview-diagrams/
2026-05-13 16:30:36.313 [main] DEBUG c.i.webscraper.scraper.WebScraper -      4 question heading(s) in 'Terraform Interview - Diagrams'.
2026-05-13 16:30:36.313 [main] WARN  c.i.webscraper.scraper.WebScraper -      Section 'Terraform Interview - Diagrams' had no Q&A pairs.
2026-05-13 16:30:36.314 [main] INFO  c.i.webscraper.scraper.WebScraper - Topic 'Terraform' complete → 4 section(s).
2026-05-13 16:30:36.314 [main] INFO  c.i.webscraper.scraper.WebScraper - ---------- Topic: Git → https://interview.in28minutes.com/git/
2026-05-13 16:30:36.314 [main] DEBUG c.i.webscraper.scraper.WebScraper - Sleeping 2500ms (attempt 1/3) before: https://interview.in28minutes.com/git/
2026-05-13 16:30:39.448 [main] DEBUG c.i.webscraper.scraper.WebScraper - HTTP 200 ← https://interview.in28minutes.com/git/
2026-05-13 16:30:39.452 [main] DEBUG c.i.webscraper.scraper.WebScraper - Topic 'Git' → 4 card(s) found.
2026-05-13 16:30:39.453 [main] INFO  c.i.webscraper.scraper.WebScraper -   → Section: 'Introduction to Git' (https://interview.in28minutes.com/interview-guides/git/introduction-to-git/)
2026-05-13 16:30:39.453 [main] DEBUG c.i.webscraper.scraper.WebScraper - Sleeping 2500ms (attempt 1/3) before: https://interview.in28minutes.com/interview-guides/git/introduction-to-git/
2026-05-13 16:30:42.479 [main] DEBUG c.i.webscraper.scraper.WebScraper - HTTP 200 ← https://interview.in28minutes.com/interview-guides/git/introduction-to-git/
2026-05-13 16:30:42.484 [main] DEBUG c.i.webscraper.scraper.WebScraper -      10 question heading(s) in 'Introduction to Git'.
2026-05-13 16:30:42.485 [main] DEBUG c.i.webscraper.scraper.WebScraper -        Q[33chars] | A[640chars] | Code[1]
2026-05-13 16:30:42.486 [main] DEBUG c.i.webscraper.scraper.WebScraper -        Q[78chars] | A[834chars] | Code[0]
2026-05-13 16:30:42.487 [main] DEBUG c.i.webscraper.scraper.WebScraper -        Q[42chars] | A[1678chars] | Code[8]
2026-05-13 16:30:42.488 [main] DEBUG c.i.webscraper.scraper.WebScraper -        Q[27chars] | A[1750chars] | Code[0]
2026-05-13 16:30:42.488 [main] DEBUG c.i.webscraper.scraper.WebScraper -        Q[64chars] | A[66chars] | Code[0]
2026-05-13 16:30:42.489 [main] DEBUG c.i.webscraper.scraper.WebScraper -        Q[15chars] | A[1407chars] | Code[0]
2026-05-13 16:30:42.490 [main] DEBUG c.i.webscraper.scraper.WebScraper -        Q[85chars] | A[1112chars] | Code[1]
2026-05-13 16:30:42.490 [main] DEBUG c.i.webscraper.scraper.WebScraper -        Q[38chars] | A[2220chars] | Code[0]
2026-05-13 16:30:42.491 [main] DEBUG c.i.webscraper.scraper.WebScraper -        Q[54chars] | A[1702chars] | Code[0]
2026-05-13 16:30:42.492 [main] DEBUG c.i.webscraper.scraper.WebScraper -        Q[65chars] | A[1263chars] | Code[0]
2026-05-13 16:30:42.492 [main] INFO  c.i.webscraper.scraper.WebScraper -      10 Q&A pair(s) extracted.
2026-05-13 16:30:42.492 [main] INFO  c.i.webscraper.scraper.WebScraper -   → Section: 'Git Branching' (https://interview.in28minutes.com/interview-guides/git/git-branching/)
2026-05-13 16:30:42.493 [main] DEBUG c.i.webscraper.scraper.WebScraper - Sleeping 2500ms (attempt 1/3) before: https://interview.in28minutes.com/interview-guides/git/git-branching/
2026-05-13 16:30:45.886 [main] DEBUG c.i.webscraper.scraper.WebScraper - HTTP 200 ← https://interview.in28minutes.com/interview-guides/git/git-branching/
2026-05-13 16:30:45.892 [main] DEBUG c.i.webscraper.scraper.WebScraper -      7 question heading(s) in 'Git Branching'.
2026-05-13 16:30:45.894 [main] DEBUG c.i.webscraper.scraper.WebScraper -        Q[38chars] | A[1041chars] | Code[0]
2026-05-13 16:30:45.894 [main] DEBUG c.i.webscraper.scraper.WebScraper -        Q[69chars] | A[978chars] | Code[1]
2026-05-13 16:30:45.895 [main] DEBUG c.i.webscraper.scraper.WebScraper -        Q[52chars] | A[2057chars] | Code[6]
2026-05-13 16:30:45.896 [main] DEBUG c.i.webscraper.scraper.WebScraper -        Q[57chars] | A[4002chars] | Code[0]
2026-05-13 16:30:45.897 [main] DEBUG c.i.webscraper.scraper.WebScraper -        Q[18chars] | A[2563chars] | Code[5]
2026-05-13 16:30:45.898 [main] DEBUG c.i.webscraper.scraper.WebScraper -        Q[18chars] | A[1586chars] | Code[0]
2026-05-13 16:30:45.899 [main] DEBUG c.i.webscraper.scraper.WebScraper -        Q[29chars] | A[1280chars] | Code[0]
2026-05-13 16:30:45.899 [main] INFO  c.i.webscraper.scraper.WebScraper -      7 Q&A pair(s) extracted.
2026-05-13 16:30:45.900 [main] INFO  c.i.webscraper.scraper.WebScraper -   → Section: 'Git - Other Features You Need To Know' (https://interview.in28minutes.com/interview-guides/git/git-other-features-you-need-to-know/)
2026-05-13 16:30:45.900 [main] DEBUG c.i.webscraper.scraper.WebScraper - Sleeping 2500ms (attempt 1/3) before: https://interview.in28minutes.com/interview-guides/git/git-other-features-you-need-to-know/
2026-05-13 16:30:49.288 [main] DEBUG c.i.webscraper.scraper.WebScraper - HTTP 200 ← https://interview.in28minutes.com/interview-guides/git/git-other-features-you-need-to-know/
2026-05-13 16:30:49.294 [main] DEBUG c.i.webscraper.scraper.WebScraper -      9 question heading(s) in 'Git - Other Features You Need To Know'.
2026-05-13 16:30:49.295 [main] DEBUG c.i.webscraper.scraper.WebScraper -        Q[67chars] | A[531chars] | Code[1]
2026-05-13 16:30:49.295 [main] DEBUG c.i.webscraper.scraper.WebScraper -        Q[54chars] | A[574chars] | Code[1]
2026-05-13 16:30:49.296 [main] DEBUG c.i.webscraper.scraper.WebScraper -        Q[80chars] | A[517chars] | Code[1]
2026-05-13 16:30:49.296 [main] DEBUG c.i.webscraper.scraper.WebScraper -        Q[59chars] | A[639chars] | Code[2]
2026-05-13 16:30:49.298 [main] DEBUG c.i.webscraper.scraper.WebScraper -        Q[69chars] | A[1120chars] | Code[0]
2026-05-13 16:30:49.298 [main] DEBUG c.i.webscraper.scraper.WebScraper -        Q[70chars] | A[335chars] | Code[1]
2026-05-13 16:30:49.299 [main] DEBUG c.i.webscraper.scraper.WebScraper -        Q[51chars] | A[276chars] | Code[1]
2026-05-13 16:30:49.299 [main] DEBUG c.i.webscraper.scraper.WebScraper -        Q[60chars] | A[331chars] | Code[1]
2026-05-13 16:30:49.300 [main] INFO  c.i.webscraper.scraper.WebScraper -      8 Q&A pair(s) extracted.
2026-05-13 16:30:49.300 [main] INFO  c.i.webscraper.scraper.WebScraper -   → Section: 'Git Interview - Diagrams' (https://interview.in28minutes.com/interview-guides/git/git-interview-diagrams/)
2026-05-13 16:30:49.300 [main] DEBUG c.i.webscraper.scraper.WebScraper - Sleeping 2500ms (attempt 1/3) before: https://interview.in28minutes.com/interview-guides/git/git-interview-diagrams/
2026-05-13 16:30:52.351 [main] DEBUG c.i.webscraper.scraper.WebScraper - HTTP 200 ← https://interview.in28minutes.com/interview-guides/git/git-interview-diagrams/
2026-05-13 16:30:52.355 [main] DEBUG c.i.webscraper.scraper.WebScraper -      9 question heading(s) in 'Git Interview - Diagrams'.
2026-05-13 16:30:52.357 [main] DEBUG c.i.webscraper.scraper.WebScraper -        Q[9chars] | A[38chars] | Code[0]
2026-05-13 16:30:52.357 [main] DEBUG c.i.webscraper.scraper.WebScraper -        Q[16chars] | A[0chars] | Code[1]
2026-05-13 16:30:52.357 [main] DEBUG c.i.webscraper.scraper.WebScraper -        Q[15chars] | A[0chars] | Code[1]
2026-05-13 16:30:52.358 [main] DEBUG c.i.webscraper.scraper.WebScraper -        Q[20chars] | A[0chars] | Code[1]
2026-05-13 16:30:52.358 [main] DEBUG c.i.webscraper.scraper.WebScraper -        Q[19chars] | A[0chars] | Code[1]
2026-05-13 16:30:52.359 [main] DEBUG c.i.webscraper.scraper.WebScraper -        Q[19chars] | A[0chars] | Code[1]
2026-05-13 16:30:52.359 [main] DEBUG c.i.webscraper.scraper.WebScraper -        Q[38chars] | A[0chars] | Code[1]
2026-05-13 16:30:52.359 [main] DEBUG c.i.webscraper.scraper.WebScraper -        Q[7chars] | A[0chars] | Code[1]
2026-05-13 16:30:52.360 [main] DEBUG c.i.webscraper.scraper.WebScraper -        Q[10chars] | A[0chars] | Code[1]
2026-05-13 16:30:52.360 [main] INFO  c.i.webscraper.scraper.WebScraper -      9 Q&A pair(s) extracted.
2026-05-13 16:30:52.360 [main] INFO  c.i.webscraper.scraper.WebScraper - Topic 'Git' complete → 4 section(s).
2026-05-13 16:30:52.361 [main] INFO  c.i.webscraper.scraper.WebScraper - ===== Done. 7 book(s) populated. =====
2026-05-13 16:30:52.361 [main] INFO  com.in28minutes.webscraper.Main - Phase 1 complete. 7 topic(s) scraped successfully:
2026-05-13 16:30:52.362 [main] INFO  com.in28minutes.webscraper.Main -   • Java → 17 section(s)
2026-05-13 16:30:52.362 [main] INFO  com.in28minutes.webscraper.Main -   • DevOps → 1 section(s)
2026-05-13 16:30:52.362 [main] INFO  com.in28minutes.webscraper.Main -   • Cloud → 7 section(s)
2026-05-13 16:30:52.363 [main] INFO  com.in28minutes.webscraper.Main -   • Docker → 9 section(s)
2026-05-13 16:30:52.363 [main] INFO  com.in28minutes.webscraper.Main -   • Kubernetes → 10 section(s)
2026-05-13 16:30:52.363 [main] INFO  com.in28minutes.webscraper.Main -   • Terraform → 4 section(s)
2026-05-13 16:30:52.363 [main] INFO  com.in28minutes.webscraper.Main -   • Git → 4 section(s)
2026-05-13 16:30:52.364 [main] INFO  com.in28minutes.webscraper.Main - Phase 2: PDF generation initiated.
2026-05-13 16:30:52.724 [main] INFO  c.i.webscraper.pdf.PdfGenerator - ===== PDF generation: 7 book(s) =====
2026-05-13 16:30:52.725 [main] INFO  c.i.webscraper.pdf.PdfGenerator - Generating: Java_Interview_Guide.pdf
2026-05-13 16:30:53.694 [main] INFO  c.i.webscraper.pdf.PdfGenerator -   Written: Java_Interview_Guide.pdf (542 KB)
2026-05-13 16:30:53.694 [main] INFO  c.i.webscraper.pdf.PdfGenerator - Generating: DevOps_Interview_Guide.pdf
2026-05-13 16:30:53.721 [main] INFO  c.i.webscraper.pdf.PdfGenerator -   Written: DevOps_Interview_Guide.pdf (27 KB)
2026-05-13 16:30:53.722 [main] INFO  c.i.webscraper.pdf.PdfGenerator - Generating: Cloud_Interview_Guide.pdf
2026-05-13 16:30:53.828 [main] INFO  c.i.webscraper.pdf.PdfGenerator -   Written: Cloud_Interview_Guide.pdf (122 KB)
2026-05-13 16:30:53.828 [main] INFO  c.i.webscraper.pdf.PdfGenerator - Generating: Docker_Interview_Guide.pdf
2026-05-13 16:30:53.912 [main] INFO  c.i.webscraper.pdf.PdfGenerator -   Written: Docker_Interview_Guide.pdf (132 KB)
2026-05-13 16:30:53.912 [main] INFO  c.i.webscraper.pdf.PdfGenerator - Generating: Kubernetes_Interview_Guide.pdf
2026-05-13 16:30:54.020 [main] INFO  c.i.webscraper.pdf.PdfGenerator -   Written: Kubernetes_Interview_Guide.pdf (167 KB)
2026-05-13 16:30:54.021 [main] INFO  c.i.webscraper.pdf.PdfGenerator - Generating: Terraform_Interview_Guide.pdf
2026-05-13 16:30:54.082 [main] INFO  c.i.webscraper.pdf.PdfGenerator -   Written: Terraform_Interview_Guide.pdf (87 KB)
2026-05-13 16:30:54.083 [main] INFO  c.i.webscraper.pdf.PdfGenerator - Generating: Git_Interview_Guide.pdf
2026-05-13 16:30:54.133 [main] INFO  c.i.webscraper.pdf.PdfGenerator -   Written: Git_Interview_Guide.pdf (73 KB)
2026-05-13 16:30:54.134 [main] INFO  c.i.webscraper.pdf.PdfGenerator - ===== Done. 7/7 PDF(s) in 'C:\Users\mmohamm1\OneDrive - Capgemini\Desktop\WebScraper\output' =====
2026-05-13 16:30:54.134 [main] INFO  com.in28minutes.webscraper.Main - =========================================================
2026-05-13 16:30:54.134 [main] INFO  com.in28minutes.webscraper.Main -   All done!  Elapsed time: 211s
2026-05-13 16:30:54.134 [main] INFO  com.in28minutes.webscraper.Main -   Output directory: C:\Users\mmohamm1\OneDrive - Capgemini\Desktop\WebScraper\output
2026-05-13 16:30:54.136 [main] INFO  com.in28minutes.webscraper.Main -   7 PDF file(s) generated:
2026-05-13 16:30:54.137 [main] INFO  com.in28minutes.webscraper.Main -     → Cloud_Interview_Guide.pdf (122 KB)
2026-05-13 16:30:54.137 [main] INFO  com.in28minutes.webscraper.Main -     → DevOps_Interview_Guide.pdf (27 KB)
2026-05-13 16:30:54.137 [main] INFO  com.in28minutes.webscraper.Main -     → Docker_Interview_Guide.pdf (132 KB)
2026-05-13 16:30:54.138 [main] INFO  com.in28minutes.webscraper.Main -     → Git_Interview_Guide.pdf (73 KB)
2026-05-13 16:30:54.138 [main] INFO  com.in28minutes.webscraper.Main -     → Java_Interview_Guide.pdf (542 KB)
2026-05-13 16:30:54.139 [main] INFO  com.in28minutes.webscraper.Main -     → Kubernetes_Interview_Guide.pdf (167 KB)
2026-05-13 16:30:54.139 [main] INFO  com.in28minutes.webscraper.Main -     → Terraform_Interview_Guide.pdf (87 KB)
2026-05-13 16:30:54.139 [main] INFO  com.in28minutes.webscraper.Main - =========================================================
2026-05-13 16:40:47.409 [main] INFO  com.in28minutes.webscraper.Main - In28Minutes Interview Guide Scraper starting...
2026-05-13 16:40:47.411 [main] INFO  com.in28minutes.webscraper.Main - Phase 1: Web scraping initiated.
2026-05-13 16:40:47.617 [main] INFO  c.i.webscraper.scraper.WebScraper - SSL trust-all installed (scraper mode).
2026-05-13 16:40:47.618 [main] INFO  c.i.webscraper.scraper.WebScraper - ===== Starting scrape for 7 topic(s) =====
2026-05-13 16:40:47.619 [main] INFO  c.i.webscraper.scraper.WebScraper - ---------- Topic: Java → https://interview.in28minutes.com/java/
2026-05-13 16:40:47.619 [main] DEBUG c.i.webscraper.scraper.WebScraper - Sleeping 2500ms (attempt 1/3) before: https://interview.in28minutes.com/java/
2026-05-13 16:40:51.501 [main] DEBUG c.i.webscraper.scraper.WebScraper - HTTP 200 ← https://interview.in28minutes.com/java/
2026-05-13 16:40:51.692 [main] DEBUG c.i.webscraper.scraper.WebScraper - Topic 'Java' → 17 card(s) found.
2026-05-13 16:40:51.696 [main] INFO  c.i.webscraper.scraper.WebScraper -   → Section: 'Java Platform' (https://interview.in28minutes.com/interview-guides/java/java-platform/)
2026-05-13 16:40:51.697 [main] DEBUG c.i.webscraper.scraper.WebScraper - Sleeping 2500ms (attempt 1/3) before: https://interview.in28minutes.com/interview-guides/java/java-platform/
2026-05-13 16:40:54.410 [main] DEBUG c.i.webscraper.scraper.WebScraper - HTTP 200 ← https://interview.in28minutes.com/interview-guides/java/java-platform/
2026-05-13 16:40:54.510 [main] DEBUG c.i.webscraper.scraper.WebScraper -      19 question heading(s) in 'Java Platform'.
2026-05-13 16:40:54.522 [main] DEBUG c.i.webscraper.scraper.WebScraper -        Q[30chars] | A[343chars] | Code[1]
2026-05-13 16:40:54.530 [main] DEBUG c.i.webscraper.scraper.WebScraper -        Q[36chars] | A[744chars] | Code[0]
2026-05-13 16:40:54.542 [main] DEBUG c.i.webscraper.scraper.WebScraper -        Q[32chars] | A[656chars] | Code[3]
2026-05-13 16:40:54.577 [main] DEBUG c.i.webscraper.scraper.WebScraper -        Q[66chars] | A[1977chars] | Code[6]
2026-05-13 16:40:54.583 [main] DEBUG c.i.webscraper.scraper.WebScraper -        Q[17chars] | A[1093chars] | Code[0]
2026-05-13 16:40:54.585 [main] DEBUG c.i.webscraper.scraper.WebScraper -        Q[39chars] | A[351chars] | Code[4]
2026-05-13 16:40:54.595 [main] DEBUG c.i.webscraper.scraper.WebScraper -        Q[48chars] | A[648chars] | Code[9]
2026-05-13 16:40:54.599 [main] DEBUG c.i.webscraper.scraper.WebScraper -        Q[18chars] | A[259chars] | Code[1]
2026-05-13 16:40:54.601 [main] DEBUG c.i.webscraper.scraper.WebScraper -        Q[43chars] | A[321chars] | Code[0]
2026-05-13 16:40:54.612 [main] DEBUG c.i.webscraper.scraper.WebScraper -        Q[27chars] | A[1574chars] | Code[1]
2026-05-13 16:40:54.614 [main] DEBUG c.i.webscraper.scraper.WebScraper -        Q[53chars] | A[590chars] | Code[0]
2026-05-13 16:40:54.615 [main] DEBUG c.i.webscraper.scraper.WebScraper -        Q[89chars] | A[516chars] | Code[2]
2026-05-13 16:40:54.618 [main] DEBUG c.i.webscraper.scraper.WebScraper -        Q[29chars] | A[568chars] | Code[0]
2026-05-13 16:40:54.624 [main] DEBUG c.i.webscraper.scraper.WebScraper -        Q[32chars] | A[375chars] | Code[0]
2026-05-13 16:40:54.625 [main] DEBUG c.i.webscraper.scraper.WebScraper -        Q[74chars] | A[757chars] | Code[0]
2026-05-13 16:40:54.630 [main] DEBUG c.i.webscraper.scraper.WebScraper -        Q[39chars] | A[410chars] | Code[2]
2026-05-13 16:40:54.647 [main] DEBUG c.i.webscraper.scraper.WebScraper -        Q[55chars] | A[1659chars] | Code[8]
2026-05-13 16:40:54.649 [main] DEBUG c.i.webscraper.scraper.WebScraper -        Q[55chars] | A[557chars] | Code[0]
2026-05-13 16:40:54.650 [main] INFO  c.i.webscraper.scraper.WebScraper -      18 Q&A pair(s) extracted.
2026-05-13 16:40:54.650 [main] INFO  c.i.webscraper.scraper.WebScraper -   → Section: 'Java Landscape' (https://interview.in28minutes.com/interview-guides/java/java-landscape/)
2026-05-13 16:40:54.650 [main] DEBUG c.i.webscraper.scraper.WebScraper - Sleeping 2500ms (attempt 1/3) before: https://interview.in28minutes.com/interview-guides/java/java-landscape/
2026-05-13 16:40:57.347 [main] DEBUG c.i.webscraper.scraper.WebScraper - HTTP 200 ← https://interview.in28minutes.com/interview-guides/java/java-landscape/
2026-05-13 16:40:57.392 [main] DEBUG c.i.webscraper.scraper.WebScraper -      12 question heading(s) in 'Java Landscape'.
2026-05-13 16:40:57.395 [main] DEBUG c.i.webscraper.scraper.WebScraper -        Q[14chars] | A[182chars] | Code[0]
2026-05-13 16:40:57.400 [main] DEBUG c.i.webscraper.scraper.WebScraper -        Q[29chars] | A[1077chars] | Code[0]
2026-05-13 16:40:57.405 [main] DEBUG c.i.webscraper.scraper.WebScraper -        Q[47chars] | A[1114chars] | Code[0]
2026-05-13 16:40:57.407 [main] DEBUG c.i.webscraper.scraper.WebScraper -        Q[19chars] | A[310chars] | Code[2]
2026-05-13 16:40:57.410 [main] DEBUG c.i.webscraper.scraper.WebScraper -        Q[51chars] | A[1438chars] | Code[0]
2026-05-13 16:40:57.412 [main] DEBUG c.i.webscraper.scraper.WebScraper -        Q[12chars] | A[844chars] | Code[0]
2026-05-13 16:40:57.416 [main] DEBUG c.i.webscraper.scraper.WebScraper -        Q[10chars] | A[1018chars] | Code[0]
2026-05-13 16:40:57.419 [main] DEBUG c.i.webscraper.scraper.WebScraper -        Q[22chars] | A[100chars] | Code[0]
2026-05-13 16:40:57.421 [main] DEBUG c.i.webscraper.scraper.WebScraper -        Q[63chars] | A[485chars] | Code[0]
2026-05-13 16:40:57.424 [main] DEBUG c.i.webscraper.scraper.WebScraper -        Q[36chars] | A[947chars] | Code[0]
2026-05-13 16:40:57.425 [main] DEBUG c.i.webscraper.scraper.WebScraper -        Q[43chars] | A[711chars] | Code[0]
2026-05-13 16:40:57.426 [main] DEBUG c.i.webscraper.scraper.WebScraper -        Q[26chars] | A[147chars] | Code[0]
2026-05-13 16:40:57.427 [main] INFO  c.i.webscraper.scraper.WebScraper -      12 Q&A pair(s) extracted.
2026-05-13 16:40:57.429 [main] INFO  c.i.webscraper.scraper.WebScraper -   → Section: 'Java Memory Management' (https://interview.in28minutes.com/interview-guides/java/java-memory-management/)
2026-05-13 16:40:57.430 [main] DEBUG c.i.webscraper.scraper.WebScraper - Sleeping 2500ms (attempt 1/3) before: https://interview.in28minutes.com/interview-guides/java/java-memory-management/
2026-05-13 16:41:00.173 [main] DEBUG c.i.webscraper.scraper.WebScraper - HTTP 200 ← https://interview.in28minutes.com/interview-guides/java/java-memory-management/
2026-05-13 16:41:00.217 [main] DEBUG c.i.webscraper.scraper.WebScraper -      13 question heading(s) in 'Java Memory Management'.
2026-05-13 16:41:00.237 [main] DEBUG c.i.webscraper.scraper.WebScraper -        Q[65chars] | A[878chars] | Code[3]
2026-05-13 16:41:00.244 [main] DEBUG c.i.webscraper.scraper.WebScraper -        Q[22chars] | A[730chars] | Code[4]
2026-05-13 16:41:00.251 [main] DEBUG c.i.webscraper.scraper.WebScraper -        Q[33chars] | A[411chars] | Code[1]
2026-05-13 16:41:00.257 [main] DEBUG c.i.webscraper.scraper.WebScraper -        Q[21chars] | A[1486chars] | Code[2]
2026-05-13 16:41:00.259 [main] DEBUG c.i.webscraper.scraper.WebScraper -        Q[18chars] | A[224chars] | Code[0]
2026-05-13 16:41:00.260 [main] DEBUG c.i.webscraper.scraper.WebScraper -        Q[34chars] | A[1118chars] | Code[1]
2026-05-13 16:41:00.262 [main] DEBUG c.i.webscraper.scraper.WebScraper -        Q[48chars] | A[1343chars] | Code[0]
2026-05-13 16:41:00.263 [main] DEBUG c.i.webscraper.scraper.WebScraper -        Q[32chars] | A[385chars] | Code[0]
2026-05-13 16:41:00.269 [main] DEBUG c.i.webscraper.scraper.WebScraper -        Q[35chars] | A[1968chars] | Code[4]
2026-05-13 16:41:00.270 [main] DEBUG c.i.webscraper.scraper.WebScraper -        Q[46chars] | A[686chars] | Code[0]
2026-05-13 16:41:00.272 [main] DEBUG c.i.webscraper.scraper.WebScraper -        Q[23chars] | A[497chars] | Code[2]
2026-05-13 16:41:00.272 [main] INFO  c.i.webscraper.scraper.WebScraper -      11 Q&A pair(s) extracted.
2026-05-13 16:41:00.273 [main] INFO  c.i.webscraper.scraper.WebScraper -   → Section: 'Java Object Oriented Programming Concepts' (https://interview.in28minutes.com/interview-guides/java/java-object-oriented-programming-concepts/)
2026-05-13 16:41:00.273 [main] DEBUG c.i.webscraper.scraper.WebScraper - Sleeping 2500ms (attempt 1/3) before: https://interview.in28minutes.com/interview-guides/java/java-object-oriented-programming-concepts/
2026-05-13 16:41:03.145 [main] DEBUG c.i.webscraper.scraper.WebScraper - HTTP 200 ← https://interview.in28minutes.com/interview-guides/java/java-object-oriented-programming-concepts/
2026-05-13 16:41:03.237 [main] DEBUG c.i.webscraper.scraper.WebScraper -      24 question heading(s) in 'Java Object Oriented Programming Concepts'.
2026-05-13 16:41:03.239 [main] DEBUG c.i.webscraper.scraper.WebScraper -        Q[41chars] | A[514chars] | Code[2]
2026-05-13 16:41:03.241 [main] DEBUG c.i.webscraper.scraper.WebScraper -        Q[36chars] | A[548chars] | Code[4]
2026-05-13 16:41:03.241 [main] DEBUG c.i.webscraper.scraper.WebScraper -        Q[37chars] | A[220chars] | Code[0]
2026-05-13 16:41:03.244 [main] DEBUG c.i.webscraper.scraper.WebScraper -        Q[42chars] | A[1544chars] | Code[3]
2026-05-13 16:41:03.250 [main] DEBUG c.i.webscraper.scraper.WebScraper -        Q[80chars] | A[547chars] | Code[3]
2026-05-13 16:41:03.255 [main] DEBUG c.i.webscraper.scraper.WebScraper -        Q[25chars] | A[1234chars] | Code[8]
2026-05-13 16:41:03.256 [main] DEBUG c.i.webscraper.scraper.WebScraper -        Q[29chars] | A[492chars] | Code[6]
2026-05-13 16:41:03.258 [main] DEBUG c.i.webscraper.scraper.WebScraper -        Q[61chars] | A[953chars] | Code[5]
2026-05-13 16:41:03.260 [main] DEBUG c.i.webscraper.scraper.WebScraper -        Q[47chars] | A[740chars] | Code[3]
2026-05-13 16:41:03.261 [main] DEBUG c.i.webscraper.scraper.WebScraper -        Q[22chars] | A[745chars] | Code[3]
2026-05-13 16:41:03.263 [main] DEBUG c.i.webscraper.scraper.WebScraper -        Q[27chars] | A[858chars] | Code[3]
2026-05-13 16:41:03.269 [main] DEBUG c.i.webscraper.scraper.WebScraper -        Q[59chars] | A[1059chars] | Code[3]
2026-05-13 16:41:03.272 [main] DEBUG c.i.webscraper.scraper.WebScraper -        Q[20chars] | A[1751chars] | Code[0]
2026-05-13 16:41:03.273 [main] DEBUG c.i.webscraper.scraper.WebScraper -        Q[17chars] | A[825chars] | Code[2]
2026-05-13 16:41:03.275 [main] DEBUG c.i.webscraper.scraper.WebScraper -        Q[17chars] | A[875chars] | Code[4]
2026-05-13 16:41:03.280 [main] DEBUG c.i.webscraper.scraper.WebScraper -        Q[31chars] | A[846chars] | Code[4]
2026-05-13 16:41:03.281 [main] DEBUG c.i.webscraper.scraper.WebScraper -        Q[52chars] | A[71chars] | Code[0]
2026-05-13 16:41:03.284 [main] DEBUG c.i.webscraper.scraper.WebScraper -        Q[34chars] | A[1713chars] | Code[2]
2026-05-13 16:41:03.284 [main] DEBUG c.i.webscraper.scraper.WebScraper -        Q[21chars] | A[774chars] | Code[4]
2026-05-13 16:41:03.286 [main] DEBUG c.i.webscraper.scraper.WebScraper -        Q[32chars] | A[468chars] | Code[1]
2026-05-13 16:41:03.287 [main] DEBUG c.i.webscraper.scraper.WebScraper -        Q[25chars] | A[381chars] | Code[2]
2026-05-13 16:41:03.288 [main] DEBUG c.i.webscraper.scraper.WebScraper -        Q[51chars] | A[727chars] | Code[2]
2026-05-13 16:41:03.288 [main] INFO  c.i.webscraper.scraper.WebScraper -      22 Q&A pair(s) extracted.
2026-05-13 16:41:03.288 [main] INFO  c.i.webscraper.scraper.WebScraper -   → Section: 'Java Object Oriented Programming Details' (https://interview.in28minutes.com/interview-guides/java/java-object-oriented-programming-details/)
2026-05-13 16:41:03.289 [main] DEBUG c.i.webscraper.scraper.WebScraper - Sleeping 2500ms (attempt 1/3) before: https://interview.in28minutes.com/interview-guides/java/java-object-oriented-programming-details/
2026-05-13 16:41:06.033 [main] DEBUG c.i.webscraper.scraper.WebScraper - HTTP 200 ← https://interview.in28minutes.com/interview-guides/java/java-object-oriented-programming-details/
2026-05-13 16:41:06.093 [main] DEBUG c.i.webscraper.scraper.WebScraper -      14 question heading(s) in 'Java Object Oriented Programming Details'.
2026-05-13 16:41:06.097 [main] DEBUG c.i.webscraper.scraper.WebScraper -        Q[46chars] | A[529chars] | Code[1]
2026-05-13 16:41:06.100 [main] DEBUG c.i.webscraper.scraper.WebScraper -        Q[66chars] | A[807chars] | Code[5]
2026-05-13 16:41:06.107 [main] DEBUG c.i.webscraper.scraper.WebScraper -        Q[64chars] | A[1739chars] | Code[5]
2026-05-13 16:41:06.114 [main] DEBUG c.i.webscraper.scraper.WebScraper -        Q[66chars] | A[531chars] | Code[3]
2026-05-13 16:41:06.132 [main] DEBUG c.i.webscraper.scraper.WebScraper -        Q[64chars] | A[2637chars] | Code[8]
2026-05-13 16:41:06.136 [main] DEBUG c.i.webscraper.scraper.WebScraper -        Q[46chars] | A[591chars] | Code[4]
2026-05-13 16:41:06.139 [main] DEBUG c.i.webscraper.scraper.WebScraper -        Q[33chars] | A[274chars] | Code[1]
2026-05-13 16:41:06.140 [main] DEBUG c.i.webscraper.scraper.WebScraper -        Q[43chars] | A[691chars] | Code[4]
2026-05-13 16:41:06.142 [main] DEBUG c.i.webscraper.scraper.WebScraper -        Q[36chars] | A[197chars] | Code[4]
2026-05-13 16:41:06.143 [main] DEBUG c.i.webscraper.scraper.WebScraper -        Q[47chars] | A[333chars] | Code[1]
2026-05-13 16:41:06.144 [main] DEBUG c.i.webscraper.scraper.WebScraper -        Q[64chars] | A[933chars] | Code[3]
2026-05-13 16:41:06.146 [main] DEBUG c.i.webscraper.scraper.WebScraper -        Q[43chars] | A[600chars] | Code[1]
2026-05-13 16:41:06.152 [main] DEBUG c.i.webscraper.scraper.WebScraper -        Q[40chars] | A[2241chars] | Code[4]
2026-05-13 16:41:06.153 [main] DEBUG c.i.webscraper.scraper.WebScraper -        Q[64chars] | A[768chars] | Code[3]
2026-05-13 16:41:06.154 [main] INFO  c.i.webscraper.scraper.WebScraper -      14 Q&A pair(s) extracted.
2026-05-13 16:41:06.154 [main] INFO  c.i.webscraper.scraper.WebScraper -   → Section: 'Core Java in Depth' (https://interview.in28minutes.com/interview-guides/java/core-java-in-depth/)
2026-05-13 16:41:06.154 [main] DEBUG c.i.webscraper.scraper.WebScraper - Sleeping 2500ms (attempt 1/3) before: https://interview.in28minutes.com/interview-guides/java/core-java-in-depth/
2026-05-13 16:41:09.005 [main] DEBUG c.i.webscraper.scraper.WebScraper - HTTP 200 ← https://interview.in28minutes.com/interview-guides/java/core-java-in-depth/
2026-05-13 16:41:09.064 [main] DEBUG c.i.webscraper.scraper.WebScraper -      17 question heading(s) in 'Core Java in Depth'.
2026-05-13 16:41:09.066 [main] DEBUG c.i.webscraper.scraper.WebScraper -        Q[31chars] | A[761chars] | Code[3]
2026-05-13 16:41:09.069 [main] DEBUG c.i.webscraper.scraper.WebScraper -        Q[39chars] | A[375chars] | Code[6]
2026-05-13 16:41:09.070 [main] DEBUG c.i.webscraper.scraper.WebScraper -        Q[59chars] | A[927chars] | Code[2]
2026-05-13 16:41:09.071 [main] DEBUG c.i.webscraper.scraper.WebScraper -        Q[42chars] | A[755chars] | Code[2]
2026-05-13 16:41:09.074 [main] DEBUG c.i.webscraper.scraper.WebScraper -        Q[39chars] | A[1224chars] | Code[5]
2026-05-13 16:41:09.078 [main] DEBUG c.i.webscraper.scraper.WebScraper -        Q[41chars] | A[608chars] | Code[1]
2026-05-13 16:41:09.080 [main] DEBUG c.i.webscraper.scraper.WebScraper -        Q[24chars] | A[342chars] | Code[2]
2026-05-13 16:41:09.082 [main] DEBUG c.i.webscraper.scraper.WebScraper -        Q[22chars] | A[870chars] | Code[2]
2026-05-13 16:41:09.082 [main] DEBUG c.i.webscraper.scraper.WebScraper -        Q[23chars] | A[310chars] | Code[1]
2026-05-13 16:41:09.083 [main] DEBUG c.i.webscraper.scraper.WebScraper -        Q[63chars] | A[403chars] | Code[3]
2026-05-13 16:41:09.085 [main] DEBUG c.i.webscraper.scraper.WebScraper -        Q[46chars] | A[268chars] | Code[5]
2026-05-13 16:41:09.085 [main] DEBUG c.i.webscraper.scraper.WebScraper -        Q[39chars] | A[302chars] | Code[5]
2026-05-13 16:41:09.086 [main] DEBUG c.i.webscraper.scraper.WebScraper -        Q[46chars] | A[434chars] | Code[9]
2026-05-13 16:41:09.087 [main] DEBUG c.i.webscraper.scraper.WebScraper -        Q[54chars] | A[261chars] | Code[1]
2026-05-13 16:41:09.088 [main] DEBUG c.i.webscraper.scraper.WebScraper -        Q[52chars] | A[279chars] | Code[2]
2026-05-13 16:41:09.094 [main] DEBUG c.i.webscraper.scraper.WebScraper -        Q[41chars] | A[556chars] | Code[5]
2026-05-13 16:41:09.099 [main] DEBUG c.i.webscraper.scraper.WebScraper -        Q[72chars] | A[831chars] | Code[6]
2026-05-13 16:41:09.099 [main] INFO  c.i.webscraper.scraper.WebScraper -      17 Q&A pair(s) extracted.
2026-05-13 16:41:09.100 [main] INFO  c.i.webscraper.scraper.WebScraper -   → Section: 'Functional Programming in Java' (https://interview.in28minutes.com/interview-guides/java/functional-programming-in-java/)
2026-05-13 16:41:09.100 [main] DEBUG c.i.webscraper.scraper.WebScraper - Sleeping 2500ms (attempt 1/3) before: https://interview.in28minutes.com/interview-guides/java/functional-programming-in-java/
2026-05-13 16:41:11.874 [main] DEBUG c.i.webscraper.scraper.WebScraper - HTTP 200 ← https://interview.in28minutes.com/interview-guides/java/functional-programming-in-java/
2026-05-13 16:41:11.918 [main] DEBUG c.i.webscraper.scraper.WebScraper -      16 question heading(s) in 'Functional Programming in Java'.
2026-05-13 16:41:11.919 [main] DEBUG c.i.webscraper.scraper.WebScraper -        Q[61chars] | A[468chars] | Code[2]
2026-05-13 16:41:11.920 [main] DEBUG c.i.webscraper.scraper.WebScraper -        Q[73chars] | A[913chars] | Code[1]
2026-05-13 16:41:11.921 [main] DEBUG c.i.webscraper.scraper.WebScraper -        Q[50chars] | A[1164chars] | Code[9]
2026-05-13 16:41:11.922 [main] DEBUG c.i.webscraper.scraper.WebScraper -        Q[47chars] | A[335chars] | Code[0]
2026-05-13 16:41:11.924 [main] DEBUG c.i.webscraper.scraper.WebScraper -        Q[55chars] | A[973chars] | Code[4]
2026-05-13 16:41:11.926 [main] DEBUG c.i.webscraper.scraper.WebScraper -        Q[50chars] | A[414chars] | Code[5]
2026-05-13 16:41:11.928 [main] DEBUG c.i.webscraper.scraper.WebScraper -        Q[66chars] | A[860chars] | Code[12]
2026-05-13 16:41:11.930 [main] DEBUG c.i.webscraper.scraper.WebScraper -        Q[54chars] | A[343chars] | Code[8]
2026-05-13 16:41:11.935 [main] DEBUG c.i.webscraper.scraper.WebScraper -        Q[62chars] | A[1919chars] | Code[28]
2026-05-13 16:41:11.936 [main] DEBUG c.i.webscraper.scraper.WebScraper -        Q[60chars] | A[641chars] | Code[2]
2026-05-13 16:41:11.937 [main] DEBUG c.i.webscraper.scraper.WebScraper -        Q[38chars] | A[316chars] | Code[9]
2026-05-13 16:41:11.939 [main] DEBUG c.i.webscraper.scraper.WebScraper -        Q[55chars] | A[138chars] | Code[1]
2026-05-13 16:41:11.940 [main] DEBUG c.i.webscraper.scraper.WebScraper -        Q[52chars] | A[1067chars] | Code[8]
2026-05-13 16:41:11.943 [main] DEBUG c.i.webscraper.scraper.WebScraper -        Q[60chars] | A[429chars] | Code[8]
2026-05-13 16:41:11.944 [main] DEBUG c.i.webscraper.scraper.WebScraper -        Q[91chars] | A[490chars] | Code[2]
2026-05-13 16:41:11.945 [main] DEBUG c.i.webscraper.scraper.WebScraper -        Q[54chars] | A[980chars] | Code[1]
2026-05-13 16:41:11.945 [main] INFO  c.i.webscraper.scraper.WebScraper -      16 Q&A pair(s) extracted.
2026-05-13 16:41:11.945 [main] INFO  c.i.webscraper.scraper.WebScraper -   → Section: 'Threads and Concurrency in Java' (https://interview.in28minutes.com/interview-guides/java/threads-and-concurrency-in-java/)
2026-05-13 16:41:11.946 [main] DEBUG c.i.webscraper.scraper.WebScraper - Sleeping 2500ms (attempt 1/3) before: https://interview.in28minutes.com/interview-guides/java/threads-and-concurrency-in-java/
2026-05-13 16:41:14.653 [main] DEBUG c.i.webscraper.scraper.WebScraper - HTTP 200 ← https://interview.in28minutes.com/interview-guides/java/threads-and-concurrency-in-java/
2026-05-13 16:41:14.684 [main] DEBUG c.i.webscraper.scraper.WebScraper -      21 question heading(s) in 'Threads and Concurrency in Java'.
2026-05-13 16:41:14.687 [main] DEBUG c.i.webscraper.scraper.WebScraper -        Q[78chars] | A[1752chars] | Code[0]
2026-05-13 16:41:14.688 [main] DEBUG c.i.webscraper.scraper.WebScraper -        Q[69chars] | A[73chars] | Code[2]
2026-05-13 16:41:14.688 [main] DEBUG c.i.webscraper.scraper.WebScraper -        Q[49chars] | A[47chars] | Code[1]
2026-05-13 16:41:14.691 [main] DEBUG c.i.webscraper.scraper.WebScraper -        Q[45chars] | A[868chars] | Code[3]
2026-05-13 16:41:14.692 [main] DEBUG c.i.webscraper.scraper.WebScraper -        Q[42chars] | A[736chars] | Code[0]
2026-05-13 16:41:14.693 [main] DEBUG c.i.webscraper.scraper.WebScraper -        Q[30chars] | A[705chars] | Code[1]
2026-05-13 16:41:14.693 [main] DEBUG c.i.webscraper.scraper.WebScraper -        Q[87chars] | A[126chars] | Code[0]
2026-05-13 16:41:14.695 [main] DEBUG c.i.webscraper.scraper.WebScraper -        Q[39chars] | A[887chars] | Code[3]
2026-05-13 16:41:14.696 [main] DEBUG c.i.webscraper.scraper.WebScraper -        Q[37chars] | A[808chars] | Code[2]
2026-05-13 16:41:14.700 [main] DEBUG c.i.webscraper.scraper.WebScraper -        Q[71chars] | A[1721chars] | Code[5]
2026-05-13 16:41:14.702 [main] DEBUG c.i.webscraper.scraper.WebScraper -        Q[48chars] | A[1643chars] | Code[4]
2026-05-13 16:41:14.706 [main] DEBUG c.i.webscraper.scraper.WebScraper -        Q[31chars] | A[3570chars] | Code[6]
2026-05-13 16:41:14.709 [main] DEBUG c.i.webscraper.scraper.WebScraper -        Q[31chars] | A[760chars] | Code[3]
2026-05-13 16:41:14.709 [main] DEBUG c.i.webscraper.scraper.WebScraper -        Q[28chars] | A[212chars] | Code[1]
2026-05-13 16:41:14.710 [main] DEBUG c.i.webscraper.scraper.WebScraper -        Q[28chars] | A[227chars] | Code[1]
2026-05-13 16:41:14.710 [main] DEBUG c.i.webscraper.scraper.WebScraper -        Q[33chars] | A[230chars] | Code[1]
2026-05-13 16:41:14.711 [main] DEBUG c.i.webscraper.scraper.WebScraper -        Q[61chars] | A[923chars] | Code[1]
2026-05-13 16:41:14.712 [main] DEBUG c.i.webscraper.scraper.WebScraper -        Q[23chars] | A[344chars] | Code[1]
2026-05-13 16:41:14.713 [main] DEBUG c.i.webscraper.scraper.WebScraper -        Q[41chars] | A[873chars] | Code[2]
2026-05-13 16:41:14.713 [main] DEBUG c.i.webscraper.scraper.WebScraper -        Q[51chars] | A[192chars] | Code[1]
2026-05-13 16:41:14.714 [main] DEBUG c.i.webscraper.scraper.WebScraper -        Q[58chars] | A[580chars] | Code[1]
2026-05-13 16:41:14.714 [main] INFO  c.i.webscraper.scraper.WebScraper -      21 Q&A pair(s) extracted.
2026-05-13 16:41:14.714 [main] INFO  c.i.webscraper.scraper.WebScraper -   → Section: 'Collections in Java' (https://interview.in28minutes.com/interview-guides/java/collections-in-java/)
2026-05-13 16:41:14.714 [main] DEBUG c.i.webscraper.scraper.WebScraper - Sleeping 2500ms (attempt 1/3) before: https://interview.in28minutes.com/interview-guides/java/collections-in-java/
2026-05-13 16:41:17.443 [main] DEBUG c.i.webscraper.scraper.WebScraper - HTTP 200 ← https://interview.in28minutes.com/interview-guides/java/collections-in-java/
2026-05-13 16:41:17.470 [main] DEBUG c.i.webscraper.scraper.WebScraper -      22 question heading(s) in 'Collections in Java'.
2026-05-13 16:41:17.471 [main] DEBUG c.i.webscraper.scraper.WebScraper -        Q[49chars] | A[798chars] | Code[0]
2026-05-13 16:41:17.472 [main] DEBUG c.i.webscraper.scraper.WebScraper -        Q[35chars] | A[643chars] | Code[1]
2026-05-13 16:41:17.474 [main] DEBUG c.i.webscraper.scraper.WebScraper -        Q[74chars] | A[703chars] | Code[0]
2026-05-13 16:41:17.474 [main] DEBUG c.i.webscraper.scraper.WebScraper -        Q[58chars] | A[165chars] | Code[0]
2026-05-13 16:41:17.475 [main] DEBUG c.i.webscraper.scraper.WebScraper -        Q[53chars] | A[937chars] | Code[1]
2026-05-13 16:41:17.476 [main] DEBUG c.i.webscraper.scraper.WebScraper -        Q[62chars] | A[692chars] | Code[1]
2026-05-13 16:41:17.477 [main] DEBUG c.i.webscraper.scraper.WebScraper -        Q[47chars] | A[488chars] | Code[2]
2026-05-13 16:41:17.479 [main] DEBUG c.i.webscraper.scraper.WebScraper -        Q[51chars] | A[1619chars] | Code[0]
2026-05-13 16:41:17.480 [main] DEBUG c.i.webscraper.scraper.WebScraper -        Q[52chars] | A[982chars] | Code[5]
2026-05-13 16:41:17.481 [main] DEBUG c.i.webscraper.scraper.WebScraper -        Q[59chars] | A[455chars] | Code[2]
2026-05-13 16:41:17.494 [main] DEBUG c.i.webscraper.scraper.WebScraper -        Q[50chars] | A[1701chars] | Code[1]
2026-05-13 16:41:17.495 [main] DEBUG c.i.webscraper.scraper.WebScraper -        Q[46chars] | A[505chars] | Code[6]
2026-05-13 16:41:17.497 [main] DEBUG c.i.webscraper.scraper.WebScraper -        Q[43chars] | A[1289chars] | Code[4]
2026-05-13 16:41:17.497 [main] DEBUG c.i.webscraper.scraper.WebScraper -        Q[50chars] | A[76chars] | Code[1]
2026-05-13 16:41:17.498 [main] DEBUG c.i.webscraper.scraper.WebScraper -        Q[59chars] | A[515chars] | Code[0]
2026-05-13 16:41:17.499 [main] DEBUG c.i.webscraper.scraper.WebScraper -        Q[44chars] | A[468chars] | Code[0]
2026-05-13 16:41:17.500 [main] DEBUG c.i.webscraper.scraper.WebScraper -        Q[77chars] | A[509chars] | Code[1]
2026-05-13 16:41:17.501 [main] DEBUG c.i.webscraper.scraper.WebScraper -        Q[65chars] | A[558chars] | Code[2]
2026-05-13 16:41:17.502 [main] DEBUG c.i.webscraper.scraper.WebScraper -        Q[59chars] | A[668chars] | Code[3]
2026-05-13 16:41:17.503 [main] DEBUG c.i.webscraper.scraper.WebScraper -        Q[41chars] | A[215chars] | Code[4]
2026-05-13 16:41:17.503 [main] INFO  c.i.webscraper.scraper.WebScraper -      20 Q&A pair(s) extracted.
2026-05-13 16:41:17.503 [main] INFO  c.i.webscraper.scraper.WebScraper -   → Section: 'Generics in Java' (https://interview.in28minutes.com/interview-guides/java/generics-in-java/)
2026-05-13 16:41:17.503 [main] DEBUG c.i.webscraper.scraper.WebScraper - Sleeping 2500ms (attempt 1/3) before: https://interview.in28minutes.com/interview-guides/java/generics-in-java/
2026-05-13 16:41:20.198 [main] DEBUG c.i.webscraper.scraper.WebScraper - HTTP 200 ← https://interview.in28minutes.com/interview-guides/java/generics-in-java/
2026-05-13 16:41:20.214 [main] DEBUG c.i.webscraper.scraper.WebScraper -      5 question heading(s) in 'Generics in Java'.
2026-05-13 16:41:20.232 [main] DEBUG c.i.webscraper.scraper.WebScraper -        Q[32chars] | A[1257chars] | Code[3]
2026-05-13 16:41:20.239 [main] DEBUG c.i.webscraper.scraper.WebScraper -        Q[61chars] | A[784chars] | Code[3]
2026-05-13 16:41:20.242 [main] DEBUG c.i.webscraper.scraper.WebScraper -        Q[42chars] | A[992chars] | Code[4]
2026-05-13 16:41:20.243 [main] DEBUG c.i.webscraper.scraper.WebScraper -        Q[45chars] | A[868chars] | Code[6]
2026-05-13 16:41:20.247 [main] DEBUG c.i.webscraper.scraper.WebScraper -        Q[50chars] | A[2646chars] | Code[5]
2026-05-13 16:41:20.247 [main] INFO  c.i.webscraper.scraper.WebScraper -      5 Q&A pair(s) extracted.
2026-05-13 16:41:20.248 [main] INFO  c.i.webscraper.scraper.WebScraper -   → Section: 'Modifiers in Java' (https://interview.in28minutes.com/interview-guides/java/modifiers-in-java/)
2026-05-13 16:41:20.249 [main] DEBUG c.i.webscraper.scraper.WebScraper - Sleeping 2500ms (attempt 1/3) before: https://interview.in28minutes.com/interview-guides/java/modifiers-in-java/
2026-05-13 16:41:22.931 [main] DEBUG c.i.webscraper.scraper.WebScraper - HTTP 200 ← https://interview.in28minutes.com/interview-guides/java/modifiers-in-java/
2026-05-13 16:41:22.939 [main] DEBUG c.i.webscraper.scraper.WebScraper -      5 question heading(s) in 'Modifiers in Java'.
2026-05-13 16:41:22.942 [main] DEBUG c.i.webscraper.scraper.WebScraper -        Q[77chars] | A[1373chars] | Code[0]
2026-05-13 16:41:22.943 [main] DEBUG c.i.webscraper.scraper.WebScraper -        Q[59chars] | A[2617chars] | Code[10]
2026-05-13 16:41:22.944 [main] DEBUG c.i.webscraper.scraper.WebScraper -        Q[65chars] | A[924chars] | Code[5]
2026-05-13 16:41:22.945 [main] DEBUG c.i.webscraper.scraper.WebScraper -        Q[68chars] | A[921chars] | Code[6]
2026-05-13 16:41:22.946 [main] INFO  c.i.webscraper.scraper.WebScraper -      4 Q&A pair(s) extracted.
2026-05-13 16:41:22.946 [main] INFO  c.i.webscraper.scraper.WebScraper -   → Section: 'Exception Handling in Java' (https://interview.in28minutes.com/interview-guides/java/exception-handling-in-java/)
2026-05-13 16:41:22.947 [main] DEBUG c.i.webscraper.scraper.WebScraper - Sleeping 2500ms (attempt 1/3) before: https://interview.in28minutes.com/interview-guides/java/exception-handling-in-java/
2026-05-13 16:41:25.639 [main] DEBUG c.i.webscraper.scraper.WebScraper - HTTP 200 ← https://interview.in28minutes.com/interview-guides/java/exception-handling-in-java/
2026-05-13 16:41:25.648 [main] DEBUG c.i.webscraper.scraper.WebScraper -      10 question heading(s) in 'Exception Handling in Java'.
2026-05-13 16:41:25.649 [main] DEBUG c.i.webscraper.scraper.WebScraper -        Q[36chars] | A[1041chars] | Code[0]
2026-05-13 16:41:25.650 [main] DEBUG c.i.webscraper.scraper.WebScraper -        Q[50chars] | A[485chars] | Code[1]
2026-05-13 16:41:25.651 [main] DEBUG c.i.webscraper.scraper.WebScraper -        Q[68chars] | A[2098chars] | Code[6]
2026-05-13 16:41:25.651 [main] DEBUG c.i.webscraper.scraper.WebScraper -        Q[61chars] | A[777chars] | Code[1]
2026-05-13 16:41:25.652 [main] DEBUG c.i.webscraper.scraper.WebScraper -        Q[50chars] | A[401chars] | Code[2]
2026-05-13 16:41:25.652 [main] DEBUG c.i.webscraper.scraper.WebScraper -        Q[57chars] | A[323chars] | Code[4]
2026-05-13 16:41:25.652 [main] DEBUG c.i.webscraper.scraper.WebScraper -        Q[51chars] | A[18chars] | Code[0]
2026-05-13 16:41:25.652 [main] DEBUG c.i.webscraper.scraper.WebScraper -        Q[55chars] | A[1336chars] | Code[2]
2026-05-13 16:41:25.654 [main] DEBUG c.i.webscraper.scraper.WebScraper -        Q[28chars] | A[1142chars] | Code[15]
2026-05-13 16:41:25.655 [main] DEBUG c.i.webscraper.scraper.WebScraper -        Q[67chars] | A[841chars] | Code[3]
2026-05-13 16:41:25.655 [main] INFO  c.i.webscraper.scraper.WebScraper -      10 Q&A pair(s) extracted.
2026-05-13 16:41:25.655 [main] INFO  c.i.webscraper.scraper.WebScraper -   → Section: 'Serialization in Java' (https://interview.in28minutes.com/interview-guides/java/serialization-in-java/)
2026-05-13 16:41:25.655 [main] DEBUG c.i.webscraper.scraper.WebScraper - Sleeping 2500ms (attempt 1/3) before: https://interview.in28minutes.com/interview-guides/java/serialization-in-java/
2026-05-13 16:41:28.349 [main] DEBUG c.i.webscraper.scraper.WebScraper - HTTP 200 ← https://interview.in28minutes.com/interview-guides/java/serialization-in-java/
2026-05-13 16:41:28.361 [main] DEBUG c.i.webscraper.scraper.WebScraper -      7 question heading(s) in 'Serialization in Java'.
2026-05-13 16:41:28.362 [main] DEBUG c.i.webscraper.scraper.WebScraper -        Q[22chars] | A[561chars] | Code[0]
2026-05-13 16:41:28.363 [main] DEBUG c.i.webscraper.scraper.WebScraper -        Q[27chars] | A[274chars] | Code[1]
2026-05-13 16:41:28.364 [main] DEBUG c.i.webscraper.scraper.WebScraper -        Q[37chars] | A[382chars] | Code[1]
2026-05-13 16:41:28.365 [main] DEBUG c.i.webscraper.scraper.WebScraper -        Q[62chars] | A[601chars] | Code[2]
2026-05-13 16:41:28.367 [main] DEBUG c.i.webscraper.scraper.WebScraper -        Q[48chars] | A[321chars] | Code[2]
2026-05-13 16:41:28.370 [main] DEBUG c.i.webscraper.scraper.WebScraper -        Q[49chars] | A[1348chars] | Code[6]
2026-05-13 16:41:28.372 [main] DEBUG c.i.webscraper.scraper.WebScraper -        Q[60chars] | A[763chars] | Code[2]
2026-05-13 16:41:28.372 [main] INFO  c.i.webscraper.scraper.WebScraper -      7 Q&A pair(s) extracted.
2026-05-13 16:41:28.372 [main] INFO  c.i.webscraper.scraper.WebScraper -   → Section: 'Built-in Classes in Java' (https://interview.in28minutes.com/interview-guides/java/built-in-classes-in-java/)
2026-05-13 16:41:28.373 [main] DEBUG c.i.webscraper.scraper.WebScraper - Sleeping 2500ms (attempt 1/3) before: https://interview.in28minutes.com/interview-guides/java/built-in-classes-in-java/
2026-05-13 16:41:31.088 [main] DEBUG c.i.webscraper.scraper.WebScraper - HTTP 200 ← https://interview.in28minutes.com/interview-guides/java/built-in-classes-in-java/
2026-05-13 16:41:31.104 [main] DEBUG c.i.webscraper.scraper.WebScraper -      9 question heading(s) in 'Built-in Classes in Java'.
2026-05-13 16:41:31.105 [main] DEBUG c.i.webscraper.scraper.WebScraper -        Q[6chars] | A[359chars] | Code[1]
2026-05-13 16:41:31.105 [main] DEBUG c.i.webscraper.scraper.WebScraper -        Q[4chars] | A[210chars] | Code[2]
2026-05-13 16:41:31.107 [main] DEBUG c.i.webscraper.scraper.WebScraper -        Q[7chars] | A[188chars] | Code[1]
2026-05-13 16:41:31.108 [main] DEBUG c.i.webscraper.scraper.WebScraper -        Q[6chars] | A[211chars] | Code[1]
2026-05-13 16:41:31.109 [main] DEBUG c.i.webscraper.scraper.WebScraper -        Q[11chars] | A[161chars] | Code[1]
2026-05-13 16:41:31.110 [main] DEBUG c.i.webscraper.scraper.WebScraper -        Q[4chars] | A[301chars] | Code[1]
2026-05-13 16:41:31.111 [main] DEBUG c.i.webscraper.scraper.WebScraper -        Q[5chars] | A[227chars] | Code[2]
2026-05-13 16:41:31.111 [main] DEBUG c.i.webscraper.scraper.WebScraper -        Q[5chars] | A[212chars] | Code[1]
2026-05-13 16:41:31.112 [main] DEBUG c.i.webscraper.scraper.WebScraper -        Q[6chars] | A[188chars] | Code[2]
2026-05-13 16:41:31.112 [main] INFO  c.i.webscraper.scraper.WebScraper -      9 Q&A pair(s) extracted.
2026-05-13 16:41:31.112 [main] INFO  c.i.webscraper.scraper.WebScraper -   → Section: 'Miscellaneous Topics in Java' (https://interview.in28minutes.com/interview-guides/java/miscellaneous-topics-in-java/)
2026-05-13 16:41:31.113 [main] DEBUG c.i.webscraper.scraper.WebScraper - Sleeping 2500ms (attempt 1/3) before: https://interview.in28minutes.com/interview-guides/java/miscellaneous-topics-in-java/
2026-05-13 16:41:33.833 [main] DEBUG c.i.webscraper.scraper.WebScraper - HTTP 200 ← https://interview.in28minutes.com/interview-guides/java/miscellaneous-topics-in-java/
2026-05-13 16:41:33.846 [main] DEBUG c.i.webscraper.scraper.WebScraper -      11 question heading(s) in 'Miscellaneous Topics in Java'.
2026-05-13 16:41:33.847 [main] DEBUG c.i.webscraper.scraper.WebScraper -        Q[53chars] | A[1219chars] | Code[5]
2026-05-13 16:41:33.847 [main] DEBUG c.i.webscraper.scraper.WebScraper -        Q[44chars] | A[689chars] | Code[1]
2026-05-13 16:41:33.847 [main] DEBUG c.i.webscraper.scraper.WebScraper -        Q[48chars] | A[899chars] | Code[2]
2026-05-13 16:41:33.848 [main] DEBUG c.i.webscraper.scraper.WebScraper -        Q[61chars] | A[918chars] | Code[1]
2026-05-13 16:41:33.848 [main] DEBUG c.i.webscraper.scraper.WebScraper -        Q[72chars] | A[463chars] | Code[3]
2026-05-13 16:41:33.849 [main] DEBUG c.i.webscraper.scraper.WebScraper -        Q[30chars] | A[1123chars] | Code[2]
2026-05-13 16:41:33.850 [main] DEBUG c.i.webscraper.scraper.WebScraper -        Q[33chars] | A[683chars] | Code[1]
2026-05-13 16:41:33.851 [main] DEBUG c.i.webscraper.scraper.WebScraper -        Q[54chars] | A[1029chars] | Code[7]
2026-05-13 16:41:33.852 [main] DEBUG c.i.webscraper.scraper.WebScraper -        Q[65chars] | A[637chars] | Code[5]
2026-05-13 16:41:33.852 [main] DEBUG c.i.webscraper.scraper.WebScraper -        Q[61chars] | A[538chars] | Code[4]
2026-05-13 16:41:33.854 [main] DEBUG c.i.webscraper.scraper.WebScraper -        Q[52chars] | A[869chars] | Code[6]
2026-05-13 16:41:33.854 [main] INFO  c.i.webscraper.scraper.WebScraper -      11 Q&A pair(s) extracted.
2026-05-13 16:41:33.854 [main] INFO  c.i.webscraper.scraper.WebScraper -   → Section: 'New Features in Java' (https://interview.in28minutes.com/interview-guides/java/new-features-in-java/)
2026-05-13 16:41:33.854 [main] DEBUG c.i.webscraper.scraper.WebScraper - Sleeping 2500ms (attempt 1/3) before: https://interview.in28minutes.com/interview-guides/java/new-features-in-java/
2026-05-13 16:41:36.548 [main] DEBUG c.i.webscraper.scraper.WebScraper - HTTP 200 ← https://interview.in28minutes.com/interview-guides/java/new-features-in-java/
2026-05-13 16:41:36.559 [main] DEBUG c.i.webscraper.scraper.WebScraper -      3 question heading(s) in 'New Features in Java'.
2026-05-13 16:41:36.560 [main] DEBUG c.i.webscraper.scraper.WebScraper -        Q[29chars] | A[1122chars] | Code[0]
2026-05-13 16:41:36.561 [main] DEBUG c.i.webscraper.scraper.WebScraper -        Q[55chars] | A[1158chars] | Code[12]
2026-05-13 16:41:36.564 [main] DEBUG c.i.webscraper.scraper.WebScraper -        Q[68chars] | A[2207chars] | Code[23]
2026-05-13 16:41:36.564 [main] INFO  c.i.webscraper.scraper.WebScraper -      3 Q&A pair(s) extracted.
2026-05-13 16:41:36.564 [main] INFO  c.i.webscraper.scraper.WebScraper -   → Section: 'Java Interview - Diagrams' (https://interview.in28minutes.com/interview-guides/java/java-interview-diagrams/)
2026-05-13 16:41:36.565 [main] DEBUG c.i.webscraper.scraper.WebScraper - Sleeping 2500ms (attempt 1/3) before: https://interview.in28minutes.com/interview-guides/java/java-interview-diagrams/
2026-05-13 16:41:39.181 [main] DEBUG c.i.webscraper.scraper.WebScraper - HTTP 200 ← https://interview.in28minutes.com/interview-guides/java/java-interview-diagrams/
2026-05-13 16:41:39.187 [main] DEBUG c.i.webscraper.scraper.WebScraper -      7 question heading(s) in 'Java Interview - Diagrams'.
2026-05-13 16:41:39.187 [main] DEBUG c.i.webscraper.scraper.WebScraper -        Q[17chars] | A[0chars] | Code[1]
2026-05-13 16:41:39.187 [main] DEBUG c.i.webscraper.scraper.WebScraper -        Q[26chars] | A[0chars] | Code[1]
2026-05-13 16:41:39.188 [main] DEBUG c.i.webscraper.scraper.WebScraper -        Q[18chars] | A[0chars] | Code[1]
2026-05-13 16:41:39.188 [main] DEBUG c.i.webscraper.scraper.WebScraper -        Q[17chars] | A[0chars] | Code[1]
2026-05-13 16:41:39.188 [main] DEBUG c.i.webscraper.scraper.WebScraper -        Q[44chars] | A[0chars] | Code[1]
2026-05-13 16:41:39.189 [main] DEBUG c.i.webscraper.scraper.WebScraper -        Q[25chars] | A[0chars] | Code[1]
2026-05-13 16:41:39.190 [main] DEBUG c.i.webscraper.scraper.WebScraper -        Q[27chars] | A[141chars] | Code[7]
2026-05-13 16:41:39.190 [main] INFO  c.i.webscraper.scraper.WebScraper -      7 Q&A pair(s) extracted.
2026-05-13 16:41:39.190 [main] INFO  c.i.webscraper.scraper.WebScraper - Topic 'Java' complete → 17 section(s).
2026-05-13 16:41:39.190 [main] INFO  c.i.webscraper.scraper.WebScraper - ---------- Topic: DevOps → https://interview.in28minutes.com/devops/
2026-05-13 16:41:39.191 [main] DEBUG c.i.webscraper.scraper.WebScraper - Sleeping 2500ms (attempt 1/3) before: https://interview.in28minutes.com/devops/
2026-05-13 16:41:41.800 [main] DEBUG c.i.webscraper.scraper.WebScraper - HTTP 200 ← https://interview.in28minutes.com/devops/
2026-05-13 16:41:41.803 [main] DEBUG c.i.webscraper.scraper.WebScraper - Topic 'DevOps' → 2 card(s) found.
2026-05-13 16:41:41.804 [main] INFO  c.i.webscraper.scraper.WebScraper -   → Section: 'DevOps Fundamentals' (https://interview.in28minutes.com/interview-guides/devops/devops-fundamentals/)
2026-05-13 16:41:41.804 [main] DEBUG c.i.webscraper.scraper.WebScraper - Sleeping 2500ms (attempt 1/3) before: https://interview.in28minutes.com/interview-guides/devops/devops-fundamentals/
2026-05-13 16:41:44.490 [main] DEBUG c.i.webscraper.scraper.WebScraper - HTTP 200 ← https://interview.in28minutes.com/interview-guides/devops/devops-fundamentals/
2026-05-13 16:41:44.498 [main] DEBUG c.i.webscraper.scraper.WebScraper -      7 question heading(s) in 'DevOps Fundamentals'.
2026-05-13 16:41:44.499 [main] DEBUG c.i.webscraper.scraper.WebScraper -        Q[15chars] | A[2715chars] | Code[0]
2026-05-13 16:41:44.499 [main] DEBUG c.i.webscraper.scraper.WebScraper -        Q[28chars] | A[1346chars] | Code[0]
2026-05-13 16:41:44.500 [main] DEBUG c.i.webscraper.scraper.WebScraper -        Q[67chars] | A[1724chars] | Code[0]
2026-05-13 16:41:44.500 [main] DEBUG c.i.webscraper.scraper.WebScraper -        Q[31chars] | A[1269chars] | Code[0]
2026-05-13 16:41:44.500 [main] DEBUG c.i.webscraper.scraper.WebScraper -        Q[87chars] | A[2013chars] | Code[0]
2026-05-13 16:41:44.501 [main] DEBUG c.i.webscraper.scraper.WebScraper -        Q[22chars] | A[1717chars] | Code[0]
2026-05-13 16:41:44.501 [main] DEBUG c.i.webscraper.scraper.WebScraper -        Q[33chars] | A[800chars] | Code[0]
2026-05-13 16:41:44.501 [main] INFO  c.i.webscraper.scraper.WebScraper -      7 Q&A pair(s) extracted.
2026-05-13 16:41:44.501 [main] INFO  c.i.webscraper.scraper.WebScraper -   → Section: 'DevOps Interview - Diagrams' (https://interview.in28minutes.com/interview-guides/devops/devops-interview-diagrams/)
2026-05-13 16:41:44.501 [main] DEBUG c.i.webscraper.scraper.WebScraper - Sleeping 2500ms (attempt 1/3) before: https://interview.in28minutes.com/interview-guides/devops/devops-interview-diagrams/
2026-05-13 16:41:47.131 [main] DEBUG c.i.webscraper.scraper.WebScraper - HTTP 200 ← https://interview.in28minutes.com/interview-guides/devops/devops-interview-diagrams/
2026-05-13 16:41:47.138 [main] DEBUG c.i.webscraper.scraper.WebScraper -      10 question heading(s) in 'DevOps Interview - Diagrams'.
2026-05-13 16:41:47.138 [main] WARN  c.i.webscraper.scraper.WebScraper -      Section 'DevOps Interview - Diagrams' had no Q&A pairs.
2026-05-13 16:41:47.140 [main] INFO  c.i.webscraper.scraper.WebScraper - Topic 'DevOps' complete → 1 section(s).
2026-05-13 16:41:47.140 [main] INFO  c.i.webscraper.scraper.WebScraper - ---------- Topic: Cloud → https://interview.in28minutes.com/cloud/
2026-05-13 16:41:47.140 [main] DEBUG c.i.webscraper.scraper.WebScraper - Sleeping 2500ms (attempt 1/3) before: https://interview.in28minutes.com/cloud/
2026-05-13 16:41:49.761 [main] DEBUG c.i.webscraper.scraper.WebScraper - HTTP 200 ← https://interview.in28minutes.com/cloud/
2026-05-13 16:41:49.765 [main] DEBUG c.i.webscraper.scraper.WebScraper - Topic 'Cloud' → 8 card(s) found.
2026-05-13 16:41:49.767 [main] INFO  c.i.webscraper.scraper.WebScraper -   → Section: 'Cloud Fundamentals' (https://interview.in28minutes.com/interview-guides/cloud/cloud-fundamentals/)
2026-05-13 16:41:49.769 [main] DEBUG c.i.webscraper.scraper.WebScraper - Sleeping 2500ms (attempt 1/3) before: https://interview.in28minutes.com/interview-guides/cloud/cloud-fundamentals/
2026-05-13 16:41:52.450 [main] DEBUG c.i.webscraper.scraper.WebScraper - HTTP 200 ← https://interview.in28minutes.com/interview-guides/cloud/cloud-fundamentals/
2026-05-13 16:41:52.456 [main] DEBUG c.i.webscraper.scraper.WebScraper -      8 question heading(s) in 'Cloud Fundamentals'.
2026-05-13 16:41:52.457 [main] DEBUG c.i.webscraper.scraper.WebScraper -        Q[39chars] | A[914chars] | Code[0]
2026-05-13 16:41:52.458 [main] DEBUG c.i.webscraper.scraper.WebScraper -        Q[32chars] | A[2396chars] | Code[0]
2026-05-13 16:41:52.458 [main] DEBUG c.i.webscraper.scraper.WebScraper -        Q[41chars] | A[1115chars] | Code[0]
2026-05-13 16:41:52.460 [main] DEBUG c.i.webscraper.scraper.WebScraper -        Q[34chars] | A[2782chars] | Code[0]
2026-05-13 16:41:52.461 [main] DEBUG c.i.webscraper.scraper.WebScraper -        Q[23chars] | A[1214chars] | Code[0]
2026-05-13 16:41:52.461 [main] DEBUG c.i.webscraper.scraper.WebScraper -        Q[49chars] | A[970chars] | Code[0]
2026-05-13 16:41:52.463 [main] DEBUG c.i.webscraper.scraper.WebScraper -        Q[102chars] | A[2665chars] | Code[0]
2026-05-13 16:41:52.463 [main] INFO  c.i.webscraper.scraper.WebScraper -      7 Q&A pair(s) extracted.
2026-05-13 16:41:52.463 [main] INFO  c.i.webscraper.scraper.WebScraper -   → Section: 'Cloud Storage and Databases Fundamentals' (https://interview.in28minutes.com/interview-guides/cloud/cloud-storage-and-databases-fundamentals/)
2026-05-13 16:41:52.464 [main] DEBUG c.i.webscraper.scraper.WebScraper - Sleeping 2500ms (attempt 1/3) before: https://interview.in28minutes.com/interview-guides/cloud/cloud-storage-and-databases-fundamentals/
2026-05-13 16:41:55.192 [main] DEBUG c.i.webscraper.scraper.WebScraper - HTTP 200 ← https://interview.in28minutes.com/interview-guides/cloud/cloud-storage-and-databases-fundamentals/
2026-05-13 16:41:55.200 [main] DEBUG c.i.webscraper.scraper.WebScraper -      12 question heading(s) in 'Cloud Storage and Databases Fundamentals'.
2026-05-13 16:41:55.201 [main] DEBUG c.i.webscraper.scraper.WebScraper -        Q[49chars] | A[2169chars] | Code[0]
2026-05-13 16:41:55.201 [main] DEBUG c.i.webscraper.scraper.WebScraper -        Q[18chars] | A[764chars] | Code[0]
2026-05-13 16:41:55.202 [main] DEBUG c.i.webscraper.scraper.WebScraper -        Q[35chars] | A[795chars] | Code[0]
2026-05-13 16:41:55.202 [main] DEBUG c.i.webscraper.scraper.WebScraper -        Q[46chars] | A[801chars] | Code[0]
2026-05-13 16:41:55.203 [main] DEBUG c.i.webscraper.scraper.WebScraper -        Q[55chars] | A[1982chars] | Code[4]
2026-05-13 16:41:55.203 [main] DEBUG c.i.webscraper.scraper.WebScraper -        Q[67chars] | A[1210chars] | Code[0]
2026-05-13 16:41:55.205 [main] DEBUG c.i.webscraper.scraper.WebScraper -        Q[22chars] | A[2144chars] | Code[0]
2026-05-13 16:41:55.205 [main] DEBUG c.i.webscraper.scraper.WebScraper -        Q[21chars] | A[1214chars] | Code[0]
2026-05-13 16:41:55.205 [main] DEBUG c.i.webscraper.scraper.WebScraper -        Q[23chars] | A[2709chars] | Code[0]
2026-05-13 16:41:55.207 [main] DEBUG c.i.webscraper.scraper.WebScraper -        Q[23chars] | A[1082chars] | Code[0]
2026-05-13 16:41:55.208 [main] DEBUG c.i.webscraper.scraper.WebScraper -        Q[36chars] | A[1915chars] | Code[0]
2026-05-13 16:41:55.208 [main] DEBUG c.i.webscraper.scraper.WebScraper -        Q[35chars] | A[1864chars] | Code[0]
2026-05-13 16:41:55.209 [main] INFO  c.i.webscraper.scraper.WebScraper -      12 Q&A pair(s) extracted.
2026-05-13 16:41:55.209 [main] INFO  c.i.webscraper.scraper.WebScraper -   → Section: 'Asynchronous Communication in the Cloud' (https://interview.in28minutes.com/interview-guides/cloud/asynchronous-communication-in-the-cloud/)
2026-05-13 16:41:55.209 [main] DEBUG c.i.webscraper.scraper.WebScraper - Sleeping 2500ms (attempt 1/3) before: https://interview.in28minutes.com/interview-guides/cloud/asynchronous-communication-in-the-cloud/
2026-05-13 16:41:57.889 [main] DEBUG c.i.webscraper.scraper.WebScraper - HTTP 200 ← https://interview.in28minutes.com/interview-guides/cloud/asynchronous-communication-in-the-cloud/
2026-05-13 16:41:57.895 [main] DEBUG c.i.webscraper.scraper.WebScraper -      6 question heading(s) in 'Asynchronous Communication in the Cloud'.
2026-05-13 16:41:57.895 [main] DEBUG c.i.webscraper.scraper.WebScraper -        Q[31chars] | A[1110chars] | Code[0]
2026-05-13 16:41:57.897 [main] DEBUG c.i.webscraper.scraper.WebScraper -        Q[37chars] | A[1576chars] | Code[0]
2026-05-13 16:41:57.897 [main] DEBUG c.i.webscraper.scraper.WebScraper -        Q[43chars] | A[1395chars] | Code[0]
2026-05-13 16:41:57.897 [main] DEBUG c.i.webscraper.scraper.WebScraper -        Q[36chars] | A[1407chars] | Code[0]
2026-05-13 16:41:57.899 [main] DEBUG c.i.webscraper.scraper.WebScraper -        Q[28chars] | A[3668chars] | Code[0]
2026-05-13 16:41:57.900 [main] DEBUG c.i.webscraper.scraper.WebScraper -        Q[44chars] | A[1470chars] | Code[0]
2026-05-13 16:41:57.900 [main] INFO  c.i.webscraper.scraper.WebScraper -      6 Q&A pair(s) extracted.
2026-05-13 16:41:57.901 [main] INFO  c.i.webscraper.scraper.WebScraper -   → Section: 'Networking in the Cloud' (https://interview.in28minutes.com/interview-guides/cloud/networking-in-the-cloud/)
2026-05-13 16:41:57.901 [main] DEBUG c.i.webscraper.scraper.WebScraper - Sleeping 2500ms (attempt 1/3) before: https://interview.in28minutes.com/interview-guides/cloud/networking-in-the-cloud/
2026-05-13 16:42:00.610 [main] DEBUG c.i.webscraper.scraper.WebScraper - HTTP 200 ← https://interview.in28minutes.com/interview-guides/cloud/networking-in-the-cloud/
2026-05-13 16:42:00.617 [main] DEBUG c.i.webscraper.scraper.WebScraper -      7 question heading(s) in 'Networking in the Cloud'.
2026-05-13 16:42:00.621 [main] DEBUG c.i.webscraper.scraper.WebScraper -        Q[65chars] | A[1512chars] | Code[0]
2026-05-13 16:42:00.622 [main] DEBUG c.i.webscraper.scraper.WebScraper -        Q[47chars] | A[1096chars] | Code[0]
2026-05-13 16:42:00.623 [main] DEBUG c.i.webscraper.scraper.WebScraper -        Q[47chars] | A[2101chars] | Code[0]
2026-05-13 16:42:00.623 [main] DEBUG c.i.webscraper.scraper.WebScraper -        Q[65chars] | A[1150chars] | Code[0]
2026-05-13 16:42:00.624 [main] DEBUG c.i.webscraper.scraper.WebScraper -        Q[37chars] | A[980chars] | Code[0]
2026-05-13 16:42:00.624 [main] DEBUG c.i.webscraper.scraper.WebScraper -        Q[37chars] | A[1105chars] | Code[0]
2026-05-13 16:42:00.624 [main] INFO  c.i.webscraper.scraper.WebScraper -      6 Q&A pair(s) extracted.
2026-05-13 16:42:00.624 [main] INFO  c.i.webscraper.scraper.WebScraper -   → Section: 'Cost Management in the Cloud' (https://interview.in28minutes.com/interview-guides/cloud/cost-management-in-the-cloud/)
2026-05-13 16:42:00.624 [main] DEBUG c.i.webscraper.scraper.WebScraper - Sleeping 2500ms (attempt 1/3) before: https://interview.in28minutes.com/interview-guides/cloud/cost-management-in-the-cloud/
2026-05-13 16:42:03.337 [main] DEBUG c.i.webscraper.scraper.WebScraper - HTTP 200 ← https://interview.in28minutes.com/interview-guides/cloud/cost-management-in-the-cloud/
2026-05-13 16:42:03.340 [main] DEBUG c.i.webscraper.scraper.WebScraper -      6 question heading(s) in 'Cost Management in the Cloud'.
2026-05-13 16:42:03.341 [main] DEBUG c.i.webscraper.scraper.WebScraper -        Q[38chars] | A[1020chars] | Code[0]
2026-05-13 16:42:03.341 [main] DEBUG c.i.webscraper.scraper.WebScraper -        Q[21chars] | A[641chars] | Code[0]
2026-05-13 16:42:03.344 [main] DEBUG c.i.webscraper.scraper.WebScraper -        Q[56chars] | A[682chars] | Code[0]
2026-05-13 16:42:03.344 [main] DEBUG c.i.webscraper.scraper.WebScraper -        Q[39chars] | A[1261chars] | Code[0]
2026-05-13 16:42:03.348 [main] DEBUG c.i.webscraper.scraper.WebScraper -        Q[15chars] | A[1604chars] | Code[0]
2026-05-13 16:42:03.349 [main] INFO  c.i.webscraper.scraper.WebScraper -      5 Q&A pair(s) extracted.
2026-05-13 16:42:03.349 [main] INFO  c.i.webscraper.scraper.WebScraper -   → Section: 'AI, ML and Generative AI in the Cloud' (https://interview.in28minutes.com/interview-guides/cloud/ai-ml-and-generative-ai-in-the-cloud/)
2026-05-13 16:42:03.349 [main] DEBUG c.i.webscraper.scraper.WebScraper - Sleeping 2500ms (attempt 1/3) before: https://interview.in28minutes.com/interview-guides/cloud/ai-ml-and-generative-ai-in-the-cloud/
2026-05-13 16:42:06.035 [main] DEBUG c.i.webscraper.scraper.WebScraper - HTTP 200 ← https://interview.in28minutes.com/interview-guides/cloud/ai-ml-and-generative-ai-in-the-cloud/
2026-05-13 16:42:06.044 [main] DEBUG c.i.webscraper.scraper.WebScraper -      5 question heading(s) in 'AI, ML and Generative AI in the Cloud'.
2026-05-13 16:42:06.045 [main] DEBUG c.i.webscraper.scraper.WebScraper -        Q[16chars] | A[1171chars] | Code[0]
2026-05-13 16:42:06.045 [main] DEBUG c.i.webscraper.scraper.WebScraper -        Q[53chars] | A[848chars] | Code[0]
2026-05-13 16:42:06.047 [main] DEBUG c.i.webscraper.scraper.WebScraper -        Q[22chars] | A[2236chars] | Code[0]
2026-05-13 16:42:06.049 [main] DEBUG c.i.webscraper.scraper.WebScraper -        Q[52chars] | A[2601chars] | Code[0]
2026-05-13 16:42:06.049 [main] INFO  c.i.webscraper.scraper.WebScraper -      4 Q&A pair(s) extracted.
2026-05-13 16:42:06.050 [main] INFO  c.i.webscraper.scraper.WebScraper -   → Section: 'Security in the Cloud' (https://interview.in28minutes.com/interview-guides/cloud/security-in-the-cloud/)
2026-05-13 16:42:06.050 [main] DEBUG c.i.webscraper.scraper.WebScraper - Sleeping 2500ms (attempt 1/3) before: https://interview.in28minutes.com/interview-guides/cloud/security-in-the-cloud/
2026-05-13 16:42:08.725 [main] DEBUG c.i.webscraper.scraper.WebScraper - HTTP 200 ← https://interview.in28minutes.com/interview-guides/cloud/security-in-the-cloud/
2026-05-13 16:42:08.733 [main] DEBUG c.i.webscraper.scraper.WebScraper -      7 question heading(s) in 'Security in the Cloud'.
2026-05-13 16:42:08.735 [main] DEBUG c.i.webscraper.scraper.WebScraper -        Q[31chars] | A[2931chars] | Code[0]
2026-05-13 16:42:08.737 [main] DEBUG c.i.webscraper.scraper.WebScraper -        Q[43chars] | A[3777chars] | Code[0]
2026-05-13 16:42:08.738 [main] DEBUG c.i.webscraper.scraper.WebScraper -        Q[22chars] | A[1085chars] | Code[0]
2026-05-13 16:42:08.739 [main] DEBUG c.i.webscraper.scraper.WebScraper -        Q[14chars] | A[1377chars] | Code[0]
2026-05-13 16:42:08.739 [main] DEBUG c.i.webscraper.scraper.WebScraper -        Q[51chars] | A[1442chars] | Code[0]
2026-05-13 16:42:08.740 [main] DEBUG c.i.webscraper.scraper.WebScraper -        Q[34chars] | A[1374chars] | Code[0]
2026-05-13 16:42:08.741 [main] DEBUG c.i.webscraper.scraper.WebScraper -        Q[24chars] | A[1664chars] | Code[0]
2026-05-13 16:42:08.741 [main] INFO  c.i.webscraper.scraper.WebScraper -      7 Q&A pair(s) extracted.
2026-05-13 16:42:08.742 [main] INFO  c.i.webscraper.scraper.WebScraper -   → Section: 'Cloud Interview - Diagrams' (https://interview.in28minutes.com/interview-guides/cloud/cloud-interview-diagrams/)
2026-05-13 16:42:08.742 [main] DEBUG c.i.webscraper.scraper.WebScraper - Sleeping 2500ms (attempt 1/3) before: https://interview.in28minutes.com/interview-guides/cloud/cloud-interview-diagrams/
2026-05-13 16:42:11.350 [main] DEBUG c.i.webscraper.scraper.WebScraper - HTTP 200 ← https://interview.in28minutes.com/interview-guides/cloud/cloud-interview-diagrams/
2026-05-13 16:42:11.354 [main] DEBUG c.i.webscraper.scraper.WebScraper -      10 question heading(s) in 'Cloud Interview - Diagrams'.
2026-05-13 16:42:11.354 [main] WARN  c.i.webscraper.scraper.WebScraper -      Section 'Cloud Interview - Diagrams' had no Q&A pairs.
2026-05-13 16:42:11.354 [main] INFO  c.i.webscraper.scraper.WebScraper - Topic 'Cloud' complete → 7 section(s).
2026-05-13 16:42:11.354 [main] INFO  c.i.webscraper.scraper.WebScraper - ---------- Topic: Docker → https://interview.in28minutes.com/docker/
2026-05-13 16:42:11.354 [main] DEBUG c.i.webscraper.scraper.WebScraper - Sleeping 2500ms (attempt 1/3) before: https://interview.in28minutes.com/docker/
2026-05-13 16:42:14.029 [main] DEBUG c.i.webscraper.scraper.WebScraper - HTTP 200 ← https://interview.in28minutes.com/docker/
2026-05-13 16:42:14.032 [main] DEBUG c.i.webscraper.scraper.WebScraper - Topic 'Docker' → 10 card(s) found.
2026-05-13 16:42:14.033 [main] INFO  c.i.webscraper.scraper.WebScraper -   → Section: 'Docker Fundamentals' (https://interview.in28minutes.com/interview-guides/docker/docker-fundamentals/)
2026-05-13 16:42:14.033 [main] DEBUG c.i.webscraper.scraper.WebScraper - Sleeping 2500ms (attempt 1/3) before: https://interview.in28minutes.com/interview-guides/docker/docker-fundamentals/
2026-05-13 16:42:16.714 [main] DEBUG c.i.webscraper.scraper.WebScraper - HTTP 200 ← https://interview.in28minutes.com/interview-guides/docker/docker-fundamentals/
2026-05-13 16:42:16.718 [main] DEBUG c.i.webscraper.scraper.WebScraper -      6 question heading(s) in 'Docker Fundamentals'.
2026-05-13 16:42:16.718 [main] DEBUG c.i.webscraper.scraper.WebScraper -        Q[60chars] | A[523chars] | Code[0]
2026-05-13 16:42:16.719 [main] DEBUG c.i.webscraper.scraper.WebScraper -        Q[82chars] | A[337chars] | Code[0]
2026-05-13 16:42:16.719 [main] DEBUG c.i.webscraper.scraper.WebScraper -        Q[40chars] | A[390chars] | Code[0]
2026-05-13 16:42:16.719 [main] DEBUG c.i.webscraper.scraper.WebScraper -        Q[54chars] | A[955chars] | Code[0]
2026-05-13 16:42:16.720 [main] DEBUG c.i.webscraper.scraper.WebScraper -        Q[63chars] | A[1637chars] | Code[0]
2026-05-13 16:42:16.720 [main] INFO  c.i.webscraper.scraper.WebScraper -      5 Q&A pair(s) extracted.
2026-05-13 16:42:16.720 [main] INFO  c.i.webscraper.scraper.WebScraper -   → Section: 'Building Docker Images' (https://interview.in28minutes.com/interview-guides/docker/building-docker-images/)
2026-05-13 16:42:16.720 [main] DEBUG c.i.webscraper.scraper.WebScraper - Sleeping 2500ms (attempt 1/3) before: https://interview.in28minutes.com/interview-guides/docker/building-docker-images/
2026-05-13 16:42:19.422 [main] DEBUG c.i.webscraper.scraper.WebScraper - HTTP 200 ← https://interview.in28minutes.com/interview-guides/docker/building-docker-images/
2026-05-13 16:42:19.431 [main] DEBUG c.i.webscraper.scraper.WebScraper -      13 question heading(s) in 'Building Docker Images'.
2026-05-13 16:42:19.432 [main] DEBUG c.i.webscraper.scraper.WebScraper -        Q[54chars] | A[171chars] | Code[3]
2026-05-13 16:42:19.434 [main] DEBUG c.i.webscraper.scraper.WebScraper -        Q[21chars] | A[665chars] | Code[0]
2026-05-13 16:42:19.434 [main] DEBUG c.i.webscraper.scraper.WebScraper -        Q[35chars] | A[333chars] | Code[0]
2026-05-13 16:42:19.435 [main] DEBUG c.i.webscraper.scraper.WebScraper -        Q[87chars] | A[1092chars] | Code[7]
2026-05-13 16:42:19.436 [main] DEBUG c.i.webscraper.scraper.WebScraper -        Q[47chars] | A[214chars] | Code[1]
2026-05-13 16:42:19.436 [main] DEBUG c.i.webscraper.scraper.WebScraper -        Q[59chars] | A[659chars] | Code[1]
2026-05-13 16:42:19.437 [main] DEBUG c.i.webscraper.scraper.WebScraper -        Q[59chars] | A[510chars] | Code[2]
2026-05-13 16:42:19.437 [main] DEBUG c.i.webscraper.scraper.WebScraper -        Q[55chars] | A[1459chars] | Code[2]
2026-05-13 16:42:19.438 [main] DEBUG c.i.webscraper.scraper.WebScraper -        Q[92chars] | A[1309chars] | Code[2]
2026-05-13 16:42:19.438 [main] DEBUG c.i.webscraper.scraper.WebScraper -        Q[62chars] | A[725chars] | Code[4]
2026-05-13 16:42:19.438 [main] DEBUG c.i.webscraper.scraper.WebScraper -        Q[46chars] | A[313chars] | Code[1]
2026-05-13 16:42:19.439 [main] DEBUG c.i.webscraper.scraper.WebScraper -        Q[44chars] | A[680chars] | Code[1]
2026-05-13 16:42:19.439 [main] DEBUG c.i.webscraper.scraper.WebScraper -        Q[36chars] | A[768chars] | Code[0]
2026-05-13 16:42:19.439 [main] INFO  c.i.webscraper.scraper.WebScraper -      13 Q&A pair(s) extracted.
2026-05-13 16:42:19.439 [main] INFO  c.i.webscraper.scraper.WebScraper -   → Section: 'Managing Docker Containers' (https://interview.in28minutes.com/interview-guides/docker/managing-docker-containers/)
2026-05-13 16:42:19.440 [main] DEBUG c.i.webscraper.scraper.WebScraper - Sleeping 2500ms (attempt 1/3) before: https://interview.in28minutes.com/interview-guides/docker/managing-docker-containers/
2026-05-13 16:42:22.139 [main] DEBUG c.i.webscraper.scraper.WebScraper - HTTP 200 ← https://interview.in28minutes.com/interview-guides/docker/managing-docker-containers/
2026-05-13 16:42:22.144 [main] DEBUG c.i.webscraper.scraper.WebScraper -      5 question heading(s) in 'Managing Docker Containers'.
2026-05-13 16:42:22.145 [main] DEBUG c.i.webscraper.scraper.WebScraper -        Q[50chars] | A[416chars] | Code[0]
2026-05-13 16:42:22.145 [main] DEBUG c.i.webscraper.scraper.WebScraper -        Q[47chars] | A[2156chars] | Code[33]
2026-05-13 16:42:22.145 [main] DEBUG c.i.webscraper.scraper.WebScraper -        Q[108chars] | A[151chars] | Code[3]
2026-05-13 16:42:22.147 [main] DEBUG c.i.webscraper.scraper.WebScraper -        Q[38chars] | A[535chars] | Code[9]
2026-05-13 16:42:22.148 [main] DEBUG c.i.webscraper.scraper.WebScraper -        Q[101chars] | A[775chars] | Code[16]
2026-05-13 16:42:22.148 [main] INFO  c.i.webscraper.scraper.WebScraper -      5 Q&A pair(s) extracted.
2026-05-13 16:42:22.148 [main] INFO  c.i.webscraper.scraper.WebScraper -   → Section: 'Persisting Data in Docker' (https://interview.in28minutes.com/interview-guides/docker/persisting-data-in-docker/)
2026-05-13 16:42:22.148 [main] DEBUG c.i.webscraper.scraper.WebScraper - Sleeping 2500ms (attempt 1/3) before: https://interview.in28minutes.com/interview-guides/docker/persisting-data-in-docker/
2026-05-13 16:42:24.831 [main] DEBUG c.i.webscraper.scraper.WebScraper - HTTP 200 ← https://interview.in28minutes.com/interview-guides/docker/persisting-data-in-docker/
2026-05-13 16:42:24.834 [main] DEBUG c.i.webscraper.scraper.WebScraper -      8 question heading(s) in 'Persisting Data in Docker'.
2026-05-13 16:42:24.834 [main] DEBUG c.i.webscraper.scraper.WebScraper -        Q[46chars] | A[813chars] | Code[0]
2026-05-13 16:42:24.835 [main] DEBUG c.i.webscraper.scraper.WebScraper -        Q[27chars] | A[941chars] | Code[6]
2026-05-13 16:42:24.835 [main] DEBUG c.i.webscraper.scraper.WebScraper -        Q[39chars] | A[310chars] | Code[7]
2026-05-13 16:42:24.835 [main] DEBUG c.i.webscraper.scraper.WebScraper -        Q[35chars] | A[574chars] | Code[2]
2026-05-13 16:42:24.837 [main] DEBUG c.i.webscraper.scraper.WebScraper -        Q[57chars] | A[805chars] | Code[10]
2026-05-13 16:42:24.837 [main] DEBUG c.i.webscraper.scraper.WebScraper -        Q[65chars] | A[695chars] | Code[0]
2026-05-13 16:42:24.838 [main] DEBUG c.i.webscraper.scraper.WebScraper -        Q[24chars] | A[1109chars] | Code[0]
2026-05-13 16:42:24.838 [main] INFO  c.i.webscraper.scraper.WebScraper -      7 Q&A pair(s) extracted.
2026-05-13 16:42:24.838 [main] INFO  c.i.webscraper.scraper.WebScraper -   → Section: 'Docker Networking' (https://interview.in28minutes.com/interview-guides/docker/docker-networking/)
2026-05-13 16:42:24.838 [main] DEBUG c.i.webscraper.scraper.WebScraper - Sleeping 2500ms (attempt 1/3) before: https://interview.in28minutes.com/interview-guides/docker/docker-networking/
2026-05-13 16:42:27.523 [main] DEBUG c.i.webscraper.scraper.WebScraper - HTTP 200 ← https://interview.in28minutes.com/interview-guides/docker/docker-networking/
2026-05-13 16:42:27.530 [main] DEBUG c.i.webscraper.scraper.WebScraper -      7 question heading(s) in 'Docker Networking'.
2026-05-13 16:42:27.531 [main] DEBUG c.i.webscraper.scraper.WebScraper -        Q[36chars] | A[749chars] | Code[0]
2026-05-13 16:42:27.533 [main] DEBUG c.i.webscraper.scraper.WebScraper -        Q[42chars] | A[2776chars] | Code[6]
2026-05-13 16:42:27.533 [main] DEBUG c.i.webscraper.scraper.WebScraper -        Q[55chars] | A[206chars] | Code[4]
2026-05-13 16:42:27.534 [main] DEBUG c.i.webscraper.scraper.WebScraper -        Q[61chars] | A[358chars] | Code[2]
2026-05-13 16:42:27.534 [main] DEBUG c.i.webscraper.scraper.WebScraper -        Q[63chars] | A[219chars] | Code[1]
2026-05-13 16:42:27.534 [main] DEBUG c.i.webscraper.scraper.WebScraper -        Q[55chars] | A[445chars] | Code[1]
2026-05-13 16:42:27.534 [main] DEBUG c.i.webscraper.scraper.WebScraper -        Q[106chars] | A[409chars] | Code[2]
2026-05-13 16:42:27.536 [main] INFO  c.i.webscraper.scraper.WebScraper -      7 Q&A pair(s) extracted.
2026-05-13 16:42:27.536 [main] INFO  c.i.webscraper.scraper.WebScraper -   → Section: 'Docker Security' (https://interview.in28minutes.com/interview-guides/docker/docker-security/)
2026-05-13 16:42:27.537 [main] DEBUG c.i.webscraper.scraper.WebScraper - Sleeping 2500ms (attempt 1/3) before: https://interview.in28minutes.com/interview-guides/docker/docker-security/
2026-05-13 16:42:30.238 [main] DEBUG c.i.webscraper.scraper.WebScraper - HTTP 200 ← https://interview.in28minutes.com/interview-guides/docker/docker-security/
2026-05-13 16:42:30.243 [main] DEBUG c.i.webscraper.scraper.WebScraper -      9 question heading(s) in 'Docker Security'.
2026-05-13 16:42:30.244 [main] DEBUG c.i.webscraper.scraper.WebScraper -        Q[36chars] | A[733chars] | Code[0]
2026-05-13 16:42:30.244 [main] DEBUG c.i.webscraper.scraper.WebScraper -        Q[53chars] | A[1621chars] | Code[0]
2026-05-13 16:42:30.245 [main] DEBUG c.i.webscraper.scraper.WebScraper -        Q[45chars] | A[303chars] | Code[1]
2026-05-13 16:42:30.245 [main] DEBUG c.i.webscraper.scraper.WebScraper -        Q[54chars] | A[1036chars] | Code[1]
2026-05-13 16:42:30.247 [main] DEBUG c.i.webscraper.scraper.WebScraper -        Q[43chars] | A[1965chars] | Code[5]
2026-05-13 16:42:30.248 [main] DEBUG c.i.webscraper.scraper.WebScraper -        Q[74chars] | A[878chars] | Code[3]
2026-05-13 16:42:30.248 [main] DEBUG c.i.webscraper.scraper.WebScraper -        Q[53chars] | A[1020chars] | Code[0]
2026-05-13 16:42:30.248 [main] DEBUG c.i.webscraper.scraper.WebScraper -        Q[44chars] | A[1841chars] | Code[0]
2026-05-13 16:42:30.249 [main] DEBUG c.i.webscraper.scraper.WebScraper -        Q[42chars] | A[1142chars] | Code[1]
2026-05-13 16:42:30.249 [main] INFO  c.i.webscraper.scraper.WebScraper -      9 Q&A pair(s) extracted.
2026-05-13 16:42:30.249 [main] INFO  c.i.webscraper.scraper.WebScraper -   → Section: 'Docker Compose' (https://interview.in28minutes.com/interview-guides/docker/docker-compose/)
2026-05-13 16:42:30.249 [main] DEBUG c.i.webscraper.scraper.WebScraper - Sleeping 2500ms (attempt 1/3) before: https://interview.in28minutes.com/interview-guides/docker/docker-compose/
2026-05-13 16:42:32.956 [main] DEBUG c.i.webscraper.scraper.WebScraper - HTTP 200 ← https://interview.in28minutes.com/interview-guides/docker/docker-compose/
2026-05-13 16:42:32.961 [main] DEBUG c.i.webscraper.scraper.WebScraper -      6 question heading(s) in 'Docker Compose'.
2026-05-13 16:42:32.961 [main] DEBUG c.i.webscraper.scraper.WebScraper -        Q[36chars] | A[1907chars] | Code[4]
2026-05-13 16:42:32.962 [main] DEBUG c.i.webscraper.scraper.WebScraper -        Q[64chars] | A[722chars] | Code[0]
2026-05-13 16:42:32.962 [main] DEBUG c.i.webscraper.scraper.WebScraper -        Q[43chars] | A[2667chars] | Code[3]
2026-05-13 16:42:32.963 [main] DEBUG c.i.webscraper.scraper.WebScraper -        Q[68chars] | A[580chars] | Code[8]
2026-05-13 16:42:32.963 [main] DEBUG c.i.webscraper.scraper.WebScraper -        Q[48chars] | A[559chars] | Code[4]
2026-05-13 16:42:32.963 [main] DEBUG c.i.webscraper.scraper.WebScraper -        Q[18chars] | A[923chars] | Code[0]
2026-05-13 16:42:32.964 [main] INFO  c.i.webscraper.scraper.WebScraper -      6 Q&A pair(s) extracted.
2026-05-13 16:42:32.964 [main] INFO  c.i.webscraper.scraper.WebScraper -   → Section: 'Advanced Docker Concepts' (https://interview.in28minutes.com/interview-guides/docker/advanced-docker-concepts/)
2026-05-13 16:42:32.964 [main] DEBUG c.i.webscraper.scraper.WebScraper - Sleeping 2500ms (attempt 1/3) before: https://interview.in28minutes.com/interview-guides/docker/advanced-docker-concepts/
2026-05-13 16:42:35.651 [main] DEBUG c.i.webscraper.scraper.WebScraper - HTTP 200 ← https://interview.in28minutes.com/interview-guides/docker/advanced-docker-concepts/
2026-05-13 16:42:35.655 [main] DEBUG c.i.webscraper.scraper.WebScraper -      5 question heading(s) in 'Advanced Docker Concepts'.
2026-05-13 16:42:35.656 [main] DEBUG c.i.webscraper.scraper.WebScraper -        Q[10chars] | A[1446chars] | Code[0]
2026-05-13 16:42:35.656 [main] DEBUG c.i.webscraper.scraper.WebScraper -        Q[60chars] | A[894chars] | Code[5]
2026-05-13 16:42:35.657 [main] DEBUG c.i.webscraper.scraper.WebScraper -        Q[64chars] | A[1599chars] | Code[0]
2026-05-13 16:42:35.657 [main] INFO  c.i.webscraper.scraper.WebScraper -      3 Q&A pair(s) extracted.
2026-05-13 16:42:35.657 [main] INFO  c.i.webscraper.scraper.WebScraper -   → Section: 'Docker Cheat Sheet' (https://interview.in28minutes.com/interview-guides/docker/docker-cheat-sheet/)
2026-05-13 16:42:35.657 [main] DEBUG c.i.webscraper.scraper.WebScraper - Sleeping 2500ms (attempt 1/3) before: https://interview.in28minutes.com/interview-guides/docker/docker-cheat-sheet/
2026-05-13 16:42:38.286 [main] DEBUG c.i.webscraper.scraper.WebScraper - HTTP 200 ← https://interview.in28minutes.com/interview-guides/docker/docker-cheat-sheet/
2026-05-13 16:42:38.292 [main] DEBUG c.i.webscraper.scraper.WebScraper -      9 question heading(s) in 'Docker Cheat Sheet'.
2026-05-13 16:42:38.293 [main] WARN  c.i.webscraper.scraper.WebScraper -      Section 'Docker Cheat Sheet' had no Q&A pairs.
2026-05-13 16:42:38.293 [main] INFO  c.i.webscraper.scraper.WebScraper -   → Section: 'Docker Interview - Diagrams' (https://interview.in28minutes.com/interview-guides/docker/docker-interview-diagrams/)
2026-05-13 16:42:38.293 [main] DEBUG c.i.webscraper.scraper.WebScraper - Sleeping 2500ms (attempt 1/3) before: https://interview.in28minutes.com/interview-guides/docker/docker-interview-diagrams/
2026-05-13 16:42:40.897 [main] DEBUG c.i.webscraper.scraper.WebScraper - HTTP 200 ← https://interview.in28minutes.com/interview-guides/docker/docker-interview-diagrams/
2026-05-13 16:42:40.905 [main] DEBUG c.i.webscraper.scraper.WebScraper -      10 question heading(s) in 'Docker Interview - Diagrams'.
2026-05-13 16:42:40.905 [main] DEBUG c.i.webscraper.scraper.WebScraper -        Q[29chars] | A[0chars] | Code[1]
2026-05-13 16:42:40.905 [main] INFO  c.i.webscraper.scraper.WebScraper -      1 Q&A pair(s) extracted.
2026-05-13 16:42:40.905 [main] INFO  c.i.webscraper.scraper.WebScraper - Topic 'Docker' complete → 9 section(s).
2026-05-13 16:42:40.905 [main] INFO  c.i.webscraper.scraper.WebScraper - ---------- Topic: Kubernetes → https://interview.in28minutes.com/kubernetes/
2026-05-13 16:42:40.905 [main] DEBUG c.i.webscraper.scraper.WebScraper - Sleeping 2500ms (attempt 1/3) before: https://interview.in28minutes.com/kubernetes/
2026-05-13 16:42:43.508 [main] DEBUG c.i.webscraper.scraper.WebScraper - HTTP 200 ← https://interview.in28minutes.com/kubernetes/
2026-05-13 16:42:43.512 [main] DEBUG c.i.webscraper.scraper.WebScraper - Topic 'Kubernetes' → 10 card(s) found.
2026-05-13 16:42:43.513 [main] INFO  c.i.webscraper.scraper.WebScraper -   → Section: 'Kubernetes Landscape' (https://interview.in28minutes.com/interview-guides/kubernetes/kubernetes-landscape/)
2026-05-13 16:42:43.513 [main] DEBUG c.i.webscraper.scraper.WebScraper - Sleeping 2500ms (attempt 1/3) before: https://interview.in28minutes.com/interview-guides/kubernetes/kubernetes-landscape/
2026-05-13 16:42:46.201 [main] DEBUG c.i.webscraper.scraper.WebScraper - HTTP 200 ← https://interview.in28minutes.com/interview-guides/kubernetes/kubernetes-landscape/
2026-05-13 16:42:46.207 [main] DEBUG c.i.webscraper.scraper.WebScraper -      6 question heading(s) in 'Kubernetes Landscape'.
2026-05-13 16:42:46.208 [main] DEBUG c.i.webscraper.scraper.WebScraper -        Q[60chars] | A[505chars] | Code[0]
2026-05-13 16:42:46.209 [main] DEBUG c.i.webscraper.scraper.WebScraper -        Q[57chars] | A[2666chars] | Code[0]
2026-05-13 16:42:46.210 [main] DEBUG c.i.webscraper.scraper.WebScraper -        Q[38chars] | A[893chars] | Code[0]
2026-05-13 16:42:46.211 [main] DEBUG c.i.webscraper.scraper.WebScraper -        Q[53chars] | A[988chars] | Code[0]
2026-05-13 16:42:46.211 [main] DEBUG c.i.webscraper.scraper.WebScraper -        Q[39chars] | A[674chars] | Code[0]
2026-05-13 16:42:46.211 [main] INFO  c.i.webscraper.scraper.WebScraper -      5 Q&A pair(s) extracted.
2026-05-13 16:42:46.212 [main] INFO  c.i.webscraper.scraper.WebScraper -   → Section: 'Kubernetes Fundamentals' (https://interview.in28minutes.com/interview-guides/kubernetes/kubernetes-fundamentals/)
2026-05-13 16:42:46.212 [main] DEBUG c.i.webscraper.scraper.WebScraper - Sleeping 2500ms (attempt 1/3) before: https://interview.in28minutes.com/interview-guides/kubernetes/kubernetes-fundamentals/
2026-05-13 16:42:48.882 [main] DEBUG c.i.webscraper.scraper.WebScraper - HTTP 200 ← https://interview.in28minutes.com/interview-guides/kubernetes/kubernetes-fundamentals/
2026-05-13 16:42:48.887 [main] DEBUG c.i.webscraper.scraper.WebScraper -      6 question heading(s) in 'Kubernetes Fundamentals'.
2026-05-13 16:42:48.888 [main] DEBUG c.i.webscraper.scraper.WebScraper -        Q[40chars] | A[1535chars] | Code[0]
2026-05-13 16:42:48.889 [main] DEBUG c.i.webscraper.scraper.WebScraper -        Q[53chars] | A[1268chars] | Code[2]
2026-05-13 16:42:48.889 [main] DEBUG c.i.webscraper.scraper.WebScraper -        Q[63chars] | A[1213chars] | Code[0]
2026-05-13 16:42:48.891 [main] DEBUG c.i.webscraper.scraper.WebScraper -        Q[60chars] | A[1250chars] | Code[1]
2026-05-13 16:42:48.891 [main] DEBUG c.i.webscraper.scraper.WebScraper -        Q[62chars] | A[1511chars] | Code[1]
2026-05-13 16:42:48.891 [main] DEBUG c.i.webscraper.scraper.WebScraper -        Q[73chars] | A[1854chars] | Code[1]
2026-05-13 16:42:48.892 [main] INFO  c.i.webscraper.scraper.WebScraper -      6 Q&A pair(s) extracted.
2026-05-13 16:42:48.892 [main] INFO  c.i.webscraper.scraper.WebScraper -   → Section: 'Kubernetes Services and Networking' (https://interview.in28minutes.com/interview-guides/kubernetes/kubernetes-services-and-networking/)
2026-05-13 16:42:48.892 [main] DEBUG c.i.webscraper.scraper.WebScraper - Sleeping 2500ms (attempt 1/3) before: https://interview.in28minutes.com/interview-guides/kubernetes/kubernetes-services-and-networking/
2026-05-13 16:42:51.595 [main] DEBUG c.i.webscraper.scraper.WebScraper - HTTP 200 ← https://interview.in28minutes.com/interview-guides/kubernetes/kubernetes-services-and-networking/
2026-05-13 16:42:51.597 [main] DEBUG c.i.webscraper.scraper.WebScraper -      9 question heading(s) in 'Kubernetes Services and Networking'.
2026-05-13 16:42:51.597 [main] DEBUG c.i.webscraper.scraper.WebScraper -        Q[36chars] | A[220chars] | Code[1]
2026-05-13 16:42:51.597 [main] DEBUG c.i.webscraper.scraper.WebScraper -        Q[41chars] | A[1007chars] | Code[0]
2026-05-13 16:42:51.597 [main] DEBUG c.i.webscraper.scraper.WebScraper -        Q[29chars] | A[2847chars] | Code[0]
2026-05-13 16:42:51.599 [main] DEBUG c.i.webscraper.scraper.WebScraper -        Q[56chars] | A[967chars] | Code[0]
2026-05-13 16:42:51.599 [main] DEBUG c.i.webscraper.scraper.WebScraper -        Q[47chars] | A[1420chars] | Code[0]
2026-05-13 16:42:51.599 [main] DEBUG c.i.webscraper.scraper.WebScraper -        Q[45chars] | A[3682chars] | Code[0]
2026-05-13 16:42:51.599 [main] DEBUG c.i.webscraper.scraper.WebScraper -        Q[26chars] | A[710chars] | Code[1]
2026-05-13 16:42:51.599 [main] DEBUG c.i.webscraper.scraper.WebScraper -        Q[37chars] | A[1063chars] | Code[0]
2026-05-13 16:42:51.599 [main] INFO  c.i.webscraper.scraper.WebScraper -      8 Q&A pair(s) extracted.
2026-05-13 16:42:51.601 [main] INFO  c.i.webscraper.scraper.WebScraper -   → Section: 'More Kubernetes Fundamentals' (https://interview.in28minutes.com/interview-guides/kubernetes/more-kubernetes-fundamentals/)
2026-05-13 16:42:51.601 [main] DEBUG c.i.webscraper.scraper.WebScraper - Sleeping 2500ms (attempt 1/3) before: https://interview.in28minutes.com/interview-guides/kubernetes/more-kubernetes-fundamentals/
2026-05-13 16:44:37.363 [main] INFO  com.in28minutes.webscraper.Main - In28Minutes Interview Guide Scraper starting...
2026-05-13 16:44:37.365 [main] INFO  com.in28minutes.webscraper.Main - Phase 1: Web scraping initiated.
2026-05-13 16:44:37.558 [main] INFO  c.i.webscraper.scraper.WebScraper - SSL trust-all installed (scraper mode).
2026-05-13 16:44:37.559 [main] INFO  c.i.webscraper.scraper.WebScraper - ===== Starting scrape for 7 topic(s) =====
2026-05-13 16:44:37.562 [main] INFO  c.i.webscraper.scraper.WebScraper - ---------- Topic: Java → https://interview.in28minutes.com/java/
2026-05-13 16:44:37.563 [main] DEBUG c.i.webscraper.scraper.WebScraper - Sleeping 2500ms (attempt 1/3) before: https://interview.in28minutes.com/java/
2026-05-13 16:44:41.235 [main] DEBUG c.i.webscraper.scraper.WebScraper - HTTP 200 ← https://interview.in28minutes.com/java/
2026-05-13 16:44:41.389 [main] DEBUG c.i.webscraper.scraper.WebScraper - Topic 'Java' → 17 card(s) found.
2026-05-13 16:44:41.395 [main] INFO  c.i.webscraper.scraper.WebScraper -   → Section: 'Java Platform' (https://interview.in28minutes.com/interview-guides/java/java-platform/)
2026-05-13 16:44:41.397 [main] DEBUG c.i.webscraper.scraper.WebScraper - Sleeping 2500ms (attempt 1/3) before: https://interview.in28minutes.com/interview-guides/java/java-platform/
2026-05-13 16:44:44.094 [main] DEBUG c.i.webscraper.scraper.WebScraper - HTTP 200 ← https://interview.in28minutes.com/interview-guides/java/java-platform/
2026-05-13 16:44:44.153 [main] DEBUG c.i.webscraper.scraper.WebScraper -      19 question heading(s) in 'Java Platform'.
2026-05-13 16:44:44.161 [main] DEBUG c.i.webscraper.scraper.WebScraper -        Q[30chars] | A[343chars] | Code[1]
2026-05-13 16:44:44.166 [main] DEBUG c.i.webscraper.scraper.WebScraper -        Q[36chars] | A[744chars] | Code[0]
2026-05-13 16:44:44.171 [main] DEBUG c.i.webscraper.scraper.WebScraper -        Q[32chars] | A[656chars] | Code[3]
2026-05-13 16:44:44.191 [main] DEBUG c.i.webscraper.scraper.WebScraper -        Q[66chars] | A[1977chars] | Code[6]
2026-05-13 16:44:44.206 [main] DEBUG c.i.webscraper.scraper.WebScraper -        Q[17chars] | A[1093chars] | Code[0]
2026-05-13 16:44:44.224 [main] DEBUG c.i.webscraper.scraper.WebScraper -        Q[39chars] | A[351chars] | Code[4]
2026-05-13 16:44:44.234 [main] DEBUG c.i.webscraper.scraper.WebScraper -        Q[48chars] | A[648chars] | Code[9]
2026-05-13 16:44:44.245 [main] DEBUG c.i.webscraper.scraper.WebScraper -        Q[18chars] | A[259chars] | Code[1]
2026-05-13 16:44:44.251 [main] DEBUG c.i.webscraper.scraper.WebScraper -        Q[43chars] | A[321chars] | Code[0]
2026-05-13 16:44:44.263 [main] DEBUG c.i.webscraper.scraper.WebScraper -        Q[27chars] | A[1574chars] | Code[1]
2026-05-13 16:44:44.271 [main] DEBUG c.i.webscraper.scraper.WebScraper -        Q[53chars] | A[590chars] | Code[0]
2026-05-13 16:44:44.275 [main] DEBUG c.i.webscraper.scraper.WebScraper -        Q[89chars] | A[516chars] | Code[2]
2026-05-13 16:44:44.286 [main] DEBUG c.i.webscraper.scraper.WebScraper -        Q[29chars] | A[568chars] | Code[0]
2026-05-13 16:44:44.291 [main] DEBUG c.i.webscraper.scraper.WebScraper -        Q[32chars] | A[375chars] | Code[0]
2026-05-13 16:44:44.292 [main] DEBUG c.i.webscraper.scraper.WebScraper -        Q[74chars] | A[757chars] | Code[0]
2026-05-13 16:44:44.296 [main] DEBUG c.i.webscraper.scraper.WebScraper -        Q[39chars] | A[410chars] | Code[2]
2026-05-13 16:44:44.312 [main] DEBUG c.i.webscraper.scraper.WebScraper -        Q[55chars] | A[1659chars] | Code[8]
2026-05-13 16:44:44.326 [main] DEBUG c.i.webscraper.scraper.WebScraper -        Q[55chars] | A[557chars] | Code[0]
2026-05-13 16:44:44.330 [main] INFO  c.i.webscraper.scraper.WebScraper -      18 Q&A pair(s) extracted.
2026-05-13 16:44:44.333 [main] INFO  c.i.webscraper.scraper.WebScraper -   → Section: 'Java Landscape' (https://interview.in28minutes.com/interview-guides/java/java-landscape/)
2026-05-13 16:44:44.334 [main] DEBUG c.i.webscraper.scraper.WebScraper - Sleeping 2500ms (attempt 1/3) before: https://interview.in28minutes.com/interview-guides/java/java-landscape/
2026-05-13 16:44:48.177 [main] DEBUG c.i.webscraper.scraper.WebScraper - HTTP 200 ← https://interview.in28minutes.com/interview-guides/java/java-landscape/
2026-05-13 16:44:48.192 [main] DEBUG c.i.webscraper.scraper.WebScraper -      12 question heading(s) in 'Java Landscape'.
2026-05-13 16:44:48.193 [main] DEBUG c.i.webscraper.scraper.WebScraper -        Q[14chars] | A[182chars] | Code[0]
2026-05-13 16:44:48.195 [main] DEBUG c.i.webscraper.scraper.WebScraper -        Q[29chars] | A[1077chars] | Code[0]
2026-05-13 16:44:48.197 [main] DEBUG c.i.webscraper.scraper.WebScraper -        Q[47chars] | A[1114chars] | Code[0]
2026-05-13 16:44:48.199 [main] DEBUG c.i.webscraper.scraper.WebScraper -        Q[19chars] | A[310chars] | Code[2]
2026-05-13 16:44:48.203 [main] DEBUG c.i.webscraper.scraper.WebScraper -        Q[51chars] | A[1438chars] | Code[0]
2026-05-13 16:44:48.205 [main] DEBUG c.i.webscraper.scraper.WebScraper -        Q[12chars] | A[844chars] | Code[0]
2026-05-13 16:44:48.209 [main] DEBUG c.i.webscraper.scraper.WebScraper -        Q[10chars] | A[1018chars] | Code[0]
2026-05-13 16:44:48.210 [main] DEBUG c.i.webscraper.scraper.WebScraper -        Q[22chars] | A[100chars] | Code[0]
2026-05-13 16:44:48.212 [main] DEBUG c.i.webscraper.scraper.WebScraper -        Q[63chars] | A[485chars] | Code[0]
2026-05-13 16:44:48.214 [main] DEBUG c.i.webscraper.scraper.WebScraper -        Q[36chars] | A[947chars] | Code[0]
2026-05-13 16:44:48.217 [main] DEBUG c.i.webscraper.scraper.WebScraper -        Q[43chars] | A[711chars] | Code[0]
2026-05-13 16:44:48.221 [main] DEBUG c.i.webscraper.scraper.WebScraper -        Q[26chars] | A[147chars] | Code[0]
2026-05-13 16:44:48.222 [main] INFO  c.i.webscraper.scraper.WebScraper -      12 Q&A pair(s) extracted.
2026-05-13 16:44:48.225 [main] INFO  c.i.webscraper.scraper.WebScraper -   → Section: 'Java Memory Management' (https://interview.in28minutes.com/interview-guides/java/java-memory-management/)
2026-05-13 16:44:48.226 [main] DEBUG c.i.webscraper.scraper.WebScraper - Sleeping 2500ms (attempt 1/3) before: https://interview.in28minutes.com/interview-guides/java/java-memory-management/
2026-05-13 16:44:51.278 [main] DEBUG c.i.webscraper.scraper.WebScraper - HTTP 200 ← https://interview.in28minutes.com/interview-guides/java/java-memory-management/
2026-05-13 16:44:51.307 [main] DEBUG c.i.webscraper.scraper.WebScraper -      13 question heading(s) in 'Java Memory Management'.
2026-05-13 16:44:51.311 [main] DEBUG c.i.webscraper.scraper.WebScraper -        Q[65chars] | A[878chars] | Code[3]
2026-05-13 16:44:51.314 [main] DEBUG c.i.webscraper.scraper.WebScraper -        Q[22chars] | A[730chars] | Code[4]
2026-05-13 16:44:51.315 [main] DEBUG c.i.webscraper.scraper.WebScraper -        Q[33chars] | A[411chars] | Code[1]
2026-05-13 16:44:51.321 [main] DEBUG c.i.webscraper.scraper.WebScraper -        Q[21chars] | A[1486chars] | Code[2]
2026-05-13 16:44:51.329 [main] DEBUG c.i.webscraper.scraper.WebScraper -        Q[18chars] | A[224chars] | Code[0]
2026-05-13 16:44:51.334 [main] DEBUG c.i.webscraper.scraper.WebScraper -        Q[34chars] | A[1118chars] | Code[1]
2026-05-13 16:44:51.342 [main] DEBUG c.i.webscraper.scraper.WebScraper -        Q[48chars] | A[1343chars] | Code[0]
2026-05-13 16:44:51.344 [main] DEBUG c.i.webscraper.scraper.WebScraper -        Q[32chars] | A[385chars] | Code[0]
2026-05-13 16:44:51.348 [main] DEBUG c.i.webscraper.scraper.WebScraper -        Q[35chars] | A[1968chars] | Code[4]
2026-05-13 16:44:51.351 [main] DEBUG c.i.webscraper.scraper.WebScraper -        Q[46chars] | A[686chars] | Code[0]
2026-05-13 16:44:51.353 [main] DEBUG c.i.webscraper.scraper.WebScraper -        Q[23chars] | A[497chars] | Code[2]
2026-05-13 16:44:51.355 [main] INFO  c.i.webscraper.scraper.WebScraper -      11 Q&A pair(s) extracted.
2026-05-13 16:44:51.361 [main] INFO  c.i.webscraper.scraper.WebScraper -   → Section: 'Java Object Oriented Programming Concepts' (https://interview.in28minutes.com/interview-guides/java/java-object-oriented-programming-concepts/)
2026-05-13 16:44:51.363 [main] DEBUG c.i.webscraper.scraper.WebScraper - Sleeping 2500ms (attempt 1/3) before: https://interview.in28minutes.com/interview-guides/java/java-object-oriented-programming-concepts/
2026-05-13 16:44:55.055 [main] DEBUG c.i.webscraper.scraper.WebScraper - HTTP 200 ← https://interview.in28minutes.com/interview-guides/java/java-object-oriented-programming-concepts/
2026-05-13 16:44:55.126 [main] DEBUG c.i.webscraper.scraper.WebScraper -      24 question heading(s) in 'Java Object Oriented Programming Concepts'.
2026-05-13 16:44:55.130 [main] DEBUG c.i.webscraper.scraper.WebScraper -        Q[41chars] | A[514chars] | Code[2]
2026-05-13 16:44:55.133 [main] DEBUG c.i.webscraper.scraper.WebScraper -        Q[36chars] | A[548chars] | Code[4]
2026-05-13 16:44:55.134 [main] DEBUG c.i.webscraper.scraper.WebScraper -        Q[37chars] | A[220chars] | Code[0]
2026-05-13 16:44:55.137 [main] DEBUG c.i.webscraper.scraper.WebScraper -        Q[42chars] | A[1544chars] | Code[3]
2026-05-13 16:44:55.139 [main] DEBUG c.i.webscraper.scraper.WebScraper -        Q[80chars] | A[547chars] | Code[3]
2026-05-13 16:44:55.144 [main] DEBUG c.i.webscraper.scraper.WebScraper -        Q[25chars] | A[1234chars] | Code[8]
2026-05-13 16:44:55.147 [main] DEBUG c.i.webscraper.scraper.WebScraper -        Q[29chars] | A[492chars] | Code[6]
2026-05-13 16:44:55.152 [main] DEBUG c.i.webscraper.scraper.WebScraper -        Q[61chars] | A[953chars] | Code[5]
2026-05-13 16:44:55.158 [main] DEBUG c.i.webscraper.scraper.WebScraper -        Q[47chars] | A[740chars] | Code[3]
2026-05-13 16:44:55.161 [main] DEBUG c.i.webscraper.scraper.WebScraper -        Q[22chars] | A[745chars] | Code[3]
2026-05-13 16:44:55.163 [main] DEBUG c.i.webscraper.scraper.WebScraper -        Q[27chars] | A[858chars] | Code[3]
2026-05-13 16:44:55.165 [main] DEBUG c.i.webscraper.scraper.WebScraper -        Q[59chars] | A[1059chars] | Code[3]
2026-05-13 16:44:55.168 [main] DEBUG c.i.webscraper.scraper.WebScraper -        Q[20chars] | A[1751chars] | Code[0]
2026-05-13 16:44:55.169 [main] DEBUG c.i.webscraper.scraper.WebScraper -        Q[17chars] | A[825chars] | Code[2]
2026-05-13 16:44:55.171 [main] DEBUG c.i.webscraper.scraper.WebScraper -        Q[17chars] | A[875chars] | Code[4]
2026-05-13 16:44:55.174 [main] DEBUG c.i.webscraper.scraper.WebScraper -        Q[31chars] | A[846chars] | Code[4]
2026-05-13 16:44:55.175 [main] DEBUG c.i.webscraper.scraper.WebScraper -        Q[52chars] | A[71chars] | Code[0]
2026-05-13 16:44:55.178 [main] DEBUG c.i.webscraper.scraper.WebScraper -        Q[34chars] | A[1713chars] | Code[2]
2026-05-13 16:44:55.179 [main] DEBUG c.i.webscraper.scraper.WebScraper -        Q[21chars] | A[774chars] | Code[4]
2026-05-13 16:44:55.180 [main] DEBUG c.i.webscraper.scraper.WebScraper -        Q[32chars] | A[468chars] | Code[1]
2026-05-13 16:44:55.180 [main] DEBUG c.i.webscraper.scraper.WebScraper -        Q[25chars] | A[381chars] | Code[2]
2026-05-13 16:44:55.181 [main] DEBUG c.i.webscraper.scraper.WebScraper -        Q[51chars] | A[727chars] | Code[2]
2026-05-13 16:44:55.182 [main] INFO  c.i.webscraper.scraper.WebScraper -      22 Q&A pair(s) extracted.
2026-05-13 16:44:55.182 [main] INFO  c.i.webscraper.scraper.WebScraper -   → Section: 'Java Object Oriented Programming Details' (https://interview.in28minutes.com/interview-guides/java/java-object-oriented-programming-details/)
2026-05-13 16:44:55.183 [main] DEBUG c.i.webscraper.scraper.WebScraper - Sleeping 2500ms (attempt 1/3) before: https://interview.in28minutes.com/interview-guides/java/java-object-oriented-programming-details/
2026-05-13 16:44:58.393 [main] DEBUG c.i.webscraper.scraper.WebScraper - HTTP 200 ← https://interview.in28minutes.com/interview-guides/java/java-object-oriented-programming-details/
2026-05-13 16:44:58.444 [main] DEBUG c.i.webscraper.scraper.WebScraper -      14 question heading(s) in 'Java Object Oriented Programming Details'.
2026-05-13 16:44:58.446 [main] DEBUG c.i.webscraper.scraper.WebScraper -        Q[46chars] | A[529chars] | Code[1]
2026-05-13 16:44:58.448 [main] DEBUG c.i.webscraper.scraper.WebScraper -        Q[66chars] | A[807chars] | Code[5]
2026-05-13 16:44:58.451 [main] DEBUG c.i.webscraper.scraper.WebScraper -        Q[64chars] | A[1739chars] | Code[5]
2026-05-13 16:44:58.453 [main] DEBUG c.i.webscraper.scraper.WebScraper -        Q[66chars] | A[531chars] | Code[3]
2026-05-13 16:44:58.457 [main] DEBUG c.i.webscraper.scraper.WebScraper -        Q[64chars] | A[2637chars] | Code[8]
2026-05-13 16:44:58.460 [main] DEBUG c.i.webscraper.scraper.WebScraper -        Q[46chars] | A[591chars] | Code[4]
2026-05-13 16:44:58.464 [main] DEBUG c.i.webscraper.scraper.WebScraper -        Q[33chars] | A[274chars] | Code[1]
2026-05-13 16:44:58.466 [main] DEBUG c.i.webscraper.scraper.WebScraper -        Q[43chars] | A[691chars] | Code[4]
2026-05-13 16:44:58.470 [main] DEBUG c.i.webscraper.scraper.WebScraper -        Q[36chars] | A[197chars] | Code[4]
2026-05-13 16:44:58.472 [main] DEBUG c.i.webscraper.scraper.WebScraper -        Q[47chars] | A[333chars] | Code[1]
2026-05-13 16:44:58.474 [main] DEBUG c.i.webscraper.scraper.WebScraper -        Q[64chars] | A[933chars] | Code[3]
2026-05-13 16:44:58.477 [main] DEBUG c.i.webscraper.scraper.WebScraper -        Q[43chars] | A[600chars] | Code[1]
2026-05-13 16:44:58.480 [main] DEBUG c.i.webscraper.scraper.WebScraper -        Q[40chars] | A[2241chars] | Code[4]
2026-05-13 16:44:58.483 [main] DEBUG c.i.webscraper.scraper.WebScraper -        Q[64chars] | A[768chars] | Code[3]
2026-05-13 16:44:58.484 [main] INFO  c.i.webscraper.scraper.WebScraper -      14 Q&A pair(s) extracted.
2026-05-13 16:44:58.486 [main] INFO  c.i.webscraper.scraper.WebScraper -   → Section: 'Core Java in Depth' (https://interview.in28minutes.com/interview-guides/java/core-java-in-depth/)
2026-05-13 16:44:58.488 [main] DEBUG c.i.webscraper.scraper.WebScraper - Sleeping 2500ms (attempt 1/3) before: https://interview.in28minutes.com/interview-guides/java/core-java-in-depth/
2026-05-13 16:45:01.221 [main] DEBUG c.i.webscraper.scraper.WebScraper - HTTP 200 ← https://interview.in28minutes.com/interview-guides/java/core-java-in-depth/
2026-05-13 16:45:01.259 [main] DEBUG c.i.webscraper.scraper.WebScraper -      17 question heading(s) in 'Core Java in Depth'.
2026-05-13 16:45:01.261 [main] DEBUG c.i.webscraper.scraper.WebScraper -        Q[31chars] | A[761chars] | Code[3]
2026-05-13 16:45:01.263 [main] DEBUG c.i.webscraper.scraper.WebScraper -        Q[39chars] | A[375chars] | Code[6]
2026-05-13 16:45:01.264 [main] DEBUG c.i.webscraper.scraper.WebScraper -        Q[59chars] | A[927chars] | Code[2]
2026-05-13 16:45:01.268 [main] DEBUG c.i.webscraper.scraper.WebScraper -        Q[42chars] | A[755chars] | Code[2]
2026-05-13 16:45:01.273 [main] DEBUG c.i.webscraper.scraper.WebScraper -        Q[39chars] | A[1224chars] | Code[5]
2026-05-13 16:45:01.275 [main] DEBUG c.i.webscraper.scraper.WebScraper -        Q[41chars] | A[608chars] | Code[1]
2026-05-13 16:45:01.279 [main] DEBUG c.i.webscraper.scraper.WebScraper -        Q[24chars] | A[342chars] | Code[2]
2026-05-13 16:45:01.281 [main] DEBUG c.i.webscraper.scraper.WebScraper -        Q[22chars] | A[870chars] | Code[2]
2026-05-13 16:45:01.282 [main] DEBUG c.i.webscraper.scraper.WebScraper -        Q[23chars] | A[310chars] | Code[1]
2026-05-13 16:45:01.285 [main] DEBUG c.i.webscraper.scraper.WebScraper -        Q[63chars] | A[403chars] | Code[3]
2026-05-13 16:45:01.287 [main] DEBUG c.i.webscraper.scraper.WebScraper -        Q[46chars] | A[268chars] | Code[5]
2026-05-13 16:45:01.292 [main] DEBUG c.i.webscraper.scraper.WebScraper -        Q[39chars] | A[302chars] | Code[5]
2026-05-13 16:45:01.293 [main] DEBUG c.i.webscraper.scraper.WebScraper -        Q[46chars] | A[434chars] | Code[9]
2026-05-13 16:45:01.293 [main] DEBUG c.i.webscraper.scraper.WebScraper -        Q[54chars] | A[261chars] | Code[1]
2026-05-13 16:45:01.296 [main] DEBUG c.i.webscraper.scraper.WebScraper -        Q[52chars] | A[279chars] | Code[2]
2026-05-13 16:45:01.302 [main] DEBUG c.i.webscraper.scraper.WebScraper -        Q[41chars] | A[556chars] | Code[5]
2026-05-13 16:45:01.305 [main] DEBUG c.i.webscraper.scraper.WebScraper -        Q[72chars] | A[831chars] | Code[6]
2026-05-13 16:45:01.306 [main] INFO  c.i.webscraper.scraper.WebScraper -      17 Q&A pair(s) extracted.
2026-05-13 16:45:01.307 [main] INFO  c.i.webscraper.scraper.WebScraper -   → Section: 'Functional Programming in Java' (https://interview.in28minutes.com/interview-guides/java/functional-programming-in-java/)
2026-05-13 16:45:01.308 [main] DEBUG c.i.webscraper.scraper.WebScraper - Sleeping 2500ms (attempt 1/3) before: https://interview.in28minutes.com/interview-guides/java/functional-programming-in-java/
2026-05-13 16:45:04.014 [main] DEBUG c.i.webscraper.scraper.WebScraper - HTTP 200 ← https://interview.in28minutes.com/interview-guides/java/functional-programming-in-java/
2026-05-13 16:45:04.091 [main] DEBUG c.i.webscraper.scraper.WebScraper -      16 question heading(s) in 'Functional Programming in Java'.
2026-05-13 16:45:04.092 [main] DEBUG c.i.webscraper.scraper.WebScraper -        Q[61chars] | A[468chars] | Code[2]
2026-05-13 16:45:04.094 [main] DEBUG c.i.webscraper.scraper.WebScraper -        Q[73chars] | A[913chars] | Code[1]
2026-05-13 16:45:04.098 [main] DEBUG c.i.webscraper.scraper.WebScraper -        Q[50chars] | A[1164chars] | Code[9]
2026-05-13 16:45:04.099 [main] DEBUG c.i.webscraper.scraper.WebScraper -        Q[47chars] | A[335chars] | Code[0]
2026-05-13 16:45:04.102 [main] DEBUG c.i.webscraper.scraper.WebScraper -        Q[55chars] | A[973chars] | Code[4]
2026-05-13 16:45:04.103 [main] DEBUG c.i.webscraper.scraper.WebScraper -        Q[50chars] | A[414chars] | Code[5]
2026-05-13 16:45:04.110 [main] DEBUG c.i.webscraper.scraper.WebScraper -        Q[66chars] | A[860chars] | Code[12]
2026-05-13 16:45:04.113 [main] DEBUG c.i.webscraper.scraper.WebScraper -        Q[54chars] | A[343chars] | Code[8]
2026-05-13 16:45:04.120 [main] DEBUG c.i.webscraper.scraper.WebScraper -        Q[62chars] | A[1919chars] | Code[28]
2026-05-13 16:45:04.123 [main] DEBUG c.i.webscraper.scraper.WebScraper -        Q[60chars] | A[641chars] | Code[2]
2026-05-13 16:45:04.125 [main] DEBUG c.i.webscraper.scraper.WebScraper -        Q[38chars] | A[316chars] | Code[9]
2026-05-13 16:45:04.126 [main] DEBUG c.i.webscraper.scraper.WebScraper -        Q[55chars] | A[138chars] | Code[1]
2026-05-13 16:45:04.128 [main] DEBUG c.i.webscraper.scraper.WebScraper -        Q[52chars] | A[1067chars] | Code[8]
2026-05-13 16:45:04.129 [main] DEBUG c.i.webscraper.scraper.WebScraper -        Q[60chars] | A[429chars] | Code[8]
2026-05-13 16:45:04.130 [main] DEBUG c.i.webscraper.scraper.WebScraper -        Q[91chars] | A[490chars] | Code[2]
2026-05-13 16:45:04.133 [main] DEBUG c.i.webscraper.scraper.WebScraper -        Q[54chars] | A[980chars] | Code[1]
2026-05-13 16:45:04.134 [main] INFO  c.i.webscraper.scraper.WebScraper -      16 Q&A pair(s) extracted.
2026-05-13 16:45:04.134 [main] INFO  c.i.webscraper.scraper.WebScraper -   → Section: 'Threads and Concurrency in Java' (https://interview.in28minutes.com/interview-guides/java/threads-and-concurrency-in-java/)
2026-05-13 16:45:04.134 [main] DEBUG c.i.webscraper.scraper.WebScraper - Sleeping 2500ms (attempt 1/3) before: https://interview.in28minutes.com/interview-guides/java/threads-and-concurrency-in-java/
2026-05-13 16:45:07.741 [main] DEBUG c.i.webscraper.scraper.WebScraper - HTTP 200 ← https://interview.in28minutes.com/interview-guides/java/threads-and-concurrency-in-java/
2026-05-13 16:45:07.828 [main] DEBUG c.i.webscraper.scraper.WebScraper -      21 question heading(s) in 'Threads and Concurrency in Java'.
2026-05-13 16:45:07.879 [main] DEBUG c.i.webscraper.scraper.WebScraper -        Q[78chars] | A[1752chars] | Code[0]
2026-05-13 16:45:07.962 [main] DEBUG c.i.webscraper.scraper.WebScraper -        Q[69chars] | A[73chars] | Code[2]
2026-05-13 16:45:07.981 [main] DEBUG c.i.webscraper.scraper.WebScraper -        Q[49chars] | A[47chars] | Code[1]
2026-05-13 16:45:08.031 [main] DEBUG c.i.webscraper.scraper.WebScraper -        Q[45chars] | A[868chars] | Code[3]
2026-05-13 16:45:08.043 [main] DEBUG c.i.webscraper.scraper.WebScraper -        Q[42chars] | A[736chars] | Code[0]
2026-05-13 16:45:08.043 [main] DEBUG c.i.webscraper.scraper.WebScraper -        Q[30chars] | A[705chars] | Code[1]
2026-05-13 16:45:08.044 [main] DEBUG c.i.webscraper.scraper.WebScraper -        Q[87chars] | A[126chars] | Code[0]
2026-05-13 16:45:08.044 [main] DEBUG c.i.webscraper.scraper.WebScraper -        Q[39chars] | A[887chars] | Code[3]
2026-05-13 16:45:08.048 [main] DEBUG c.i.webscraper.scraper.WebScraper -        Q[37chars] | A[808chars] | Code[2]
2026-05-13 16:45:08.050 [main] DEBUG c.i.webscraper.scraper.WebScraper -        Q[71chars] | A[1721chars] | Code[5]
2026-05-13 16:45:08.051 [main] DEBUG c.i.webscraper.scraper.WebScraper -        Q[48chars] | A[1643chars] | Code[4]
2026-05-13 16:45:08.059 [main] DEBUG c.i.webscraper.scraper.WebScraper -        Q[31chars] | A[3570chars] | Code[6]
2026-05-13 16:45:08.062 [main] DEBUG c.i.webscraper.scraper.WebScraper -        Q[31chars] | A[760chars] | Code[3]
2026-05-13 16:45:08.063 [main] DEBUG c.i.webscraper.scraper.WebScraper -        Q[28chars] | A[212chars] | Code[1]
2026-05-13 16:45:08.064 [main] DEBUG c.i.webscraper.scraper.WebScraper -        Q[28chars] | A[227chars] | Code[1]
2026-05-13 16:45:08.073 [main] DEBUG c.i.webscraper.scraper.WebScraper -        Q[33chars] | A[230chars] | Code[1]
2026-05-13 16:45:08.079 [main] DEBUG c.i.webscraper.scraper.WebScraper -        Q[61chars] | A[923chars] | Code[1]
2026-05-13 16:45:08.102 [main] DEBUG c.i.webscraper.scraper.WebScraper -        Q[23chars] | A[344chars] | Code[1]
2026-05-13 16:45:08.118 [main] DEBUG c.i.webscraper.scraper.WebScraper -        Q[41chars] | A[873chars] | Code[2]
2026-05-13 16:45:08.121 [main] DEBUG c.i.webscraper.scraper.WebScraper -        Q[51chars] | A[192chars] | Code[1]
2026-05-13 16:45:08.125 [main] DEBUG c.i.webscraper.scraper.WebScraper -        Q[58chars] | A[580chars] | Code[1]
2026-05-13 16:45:08.126 [main] INFO  c.i.webscraper.scraper.WebScraper -      21 Q&A pair(s) extracted.
2026-05-13 16:45:08.129 [main] INFO  c.i.webscraper.scraper.WebScraper -   → Section: 'Collections in Java' (https://interview.in28minutes.com/interview-guides/java/collections-in-java/)
2026-05-13 16:45:08.129 [main] DEBUG c.i.webscraper.scraper.WebScraper - Sleeping 2500ms (attempt 1/3) before: https://interview.in28minutes.com/interview-guides/java/collections-in-java/
2026-05-13 16:45:10.874 [main] DEBUG c.i.webscraper.scraper.WebScraper - HTTP 200 ← https://interview.in28minutes.com/interview-guides/java/collections-in-java/
2026-05-13 16:45:10.911 [main] DEBUG c.i.webscraper.scraper.WebScraper -      22 question heading(s) in 'Collections in Java'.
2026-05-13 16:45:10.912 [main] DEBUG c.i.webscraper.scraper.WebScraper -        Q[49chars] | A[798chars] | Code[0]
2026-05-13 16:45:10.915 [main] DEBUG c.i.webscraper.scraper.WebScraper -        Q[35chars] | A[643chars] | Code[1]
2026-05-13 16:45:10.917 [main] DEBUG c.i.webscraper.scraper.WebScraper -        Q[74chars] | A[703chars] | Code[0]
2026-05-13 16:45:10.918 [main] DEBUG c.i.webscraper.scraper.WebScraper -        Q[58chars] | A[165chars] | Code[0]
2026-05-13 16:45:10.919 [main] DEBUG c.i.webscraper.scraper.WebScraper -        Q[53chars] | A[937chars] | Code[1]
2026-05-13 16:45:10.920 [main] DEBUG c.i.webscraper.scraper.WebScraper -        Q[62chars] | A[692chars] | Code[1]
2026-05-13 16:45:10.921 [main] DEBUG c.i.webscraper.scraper.WebScraper -        Q[47chars] | A[488chars] | Code[2]
2026-05-13 16:45:10.923 [main] DEBUG c.i.webscraper.scraper.WebScraper -        Q[51chars] | A[1619chars] | Code[0]
2026-05-13 16:45:10.924 [main] DEBUG c.i.webscraper.scraper.WebScraper -        Q[52chars] | A[982chars] | Code[5]
2026-05-13 16:45:10.925 [main] DEBUG c.i.webscraper.scraper.WebScraper -        Q[59chars] | A[455chars] | Code[2]
2026-05-13 16:45:10.940 [main] DEBUG c.i.webscraper.scraper.WebScraper -        Q[50chars] | A[1701chars] | Code[1]
2026-05-13 16:45:10.941 [main] DEBUG c.i.webscraper.scraper.WebScraper -        Q[46chars] | A[505chars] | Code[6]
2026-05-13 16:45:10.943 [main] DEBUG c.i.webscraper.scraper.WebScraper -        Q[43chars] | A[1289chars] | Code[4]
2026-05-13 16:45:10.944 [main] DEBUG c.i.webscraper.scraper.WebScraper -        Q[50chars] | A[76chars] | Code[1]
2026-05-13 16:45:10.946 [main] DEBUG c.i.webscraper.scraper.WebScraper -        Q[59chars] | A[515chars] | Code[0]
2026-05-13 16:45:10.949 [main] DEBUG c.i.webscraper.scraper.WebScraper -        Q[44chars] | A[468chars] | Code[0]
2026-05-13 16:45:10.951 [main] DEBUG c.i.webscraper.scraper.WebScraper -        Q[77chars] | A[509chars] | Code[1]
2026-05-13 16:45:10.952 [main] DEBUG c.i.webscraper.scraper.WebScraper -        Q[65chars] | A[558chars] | Code[2]
2026-05-13 16:45:10.955 [main] DEBUG c.i.webscraper.scraper.WebScraper -        Q[59chars] | A[668chars] | Code[3]
2026-05-13 16:45:10.956 [main] DEBUG c.i.webscraper.scraper.WebScraper -        Q[41chars] | A[215chars] | Code[4]
2026-05-13 16:45:10.956 [main] INFO  c.i.webscraper.scraper.WebScraper -      20 Q&A pair(s) extracted.
2026-05-13 16:45:10.957 [main] INFO  c.i.webscraper.scraper.WebScraper -   → Section: 'Generics in Java' (https://interview.in28minutes.com/interview-guides/java/generics-in-java/)
2026-05-13 16:45:10.958 [main] DEBUG c.i.webscraper.scraper.WebScraper - Sleeping 2500ms (attempt 1/3) before: https://interview.in28minutes.com/interview-guides/java/generics-in-java/
2026-05-13 16:45:14.114 [main] DEBUG c.i.webscraper.scraper.WebScraper - HTTP 200 ← https://interview.in28minutes.com/interview-guides/java/generics-in-java/
2026-05-13 16:45:14.120 [main] DEBUG c.i.webscraper.scraper.WebScraper -      5 question heading(s) in 'Generics in Java'.
2026-05-13 16:45:14.121 [main] DEBUG c.i.webscraper.scraper.WebScraper -        Q[32chars] | A[1257chars] | Code[3]
2026-05-13 16:45:14.121 [main] DEBUG c.i.webscraper.scraper.WebScraper -        Q[61chars] | A[784chars] | Code[3]
2026-05-13 16:45:14.122 [main] DEBUG c.i.webscraper.scraper.WebScraper -        Q[42chars] | A[992chars] | Code[4]
2026-05-13 16:45:14.122 [main] DEBUG c.i.webscraper.scraper.WebScraper -        Q[45chars] | A[868chars] | Code[6]
2026-05-13 16:45:14.124 [main] DEBUG c.i.webscraper.scraper.WebScraper -        Q[50chars] | A[2646chars] | Code[5]
2026-05-13 16:45:14.124 [main] INFO  c.i.webscraper.scraper.WebScraper -      5 Q&A pair(s) extracted.
2026-05-13 16:45:14.124 [main] INFO  c.i.webscraper.scraper.WebScraper -   → Section: 'Modifiers in Java' (https://interview.in28minutes.com/interview-guides/java/modifiers-in-java/)
2026-05-13 16:45:14.124 [main] DEBUG c.i.webscraper.scraper.WebScraper - Sleeping 2500ms (attempt 1/3) before: https://interview.in28minutes.com/interview-guides/java/modifiers-in-java/
2026-05-13 16:45:17.473 [main] DEBUG c.i.webscraper.scraper.WebScraper - HTTP 200 ← https://interview.in28minutes.com/interview-guides/java/modifiers-in-java/
2026-05-13 16:45:17.480 [main] DEBUG c.i.webscraper.scraper.WebScraper -      5 question heading(s) in 'Modifiers in Java'.
2026-05-13 16:45:17.481 [main] DEBUG c.i.webscraper.scraper.WebScraper -        Q[77chars] | A[1373chars] | Code[0]
2026-05-13 16:45:17.484 [main] DEBUG c.i.webscraper.scraper.WebScraper -        Q[59chars] | A[2617chars] | Code[10]
2026-05-13 16:45:17.485 [main] DEBUG c.i.webscraper.scraper.WebScraper -        Q[65chars] | A[924chars] | Code[5]
2026-05-13 16:45:17.487 [main] DEBUG c.i.webscraper.scraper.WebScraper -        Q[68chars] | A[921chars] | Code[6]
2026-05-13 16:45:17.488 [main] INFO  c.i.webscraper.scraper.WebScraper -      4 Q&A pair(s) extracted.
2026-05-13 16:45:17.489 [main] INFO  c.i.webscraper.scraper.WebScraper -   → Section: 'Exception Handling in Java' (https://interview.in28minutes.com/interview-guides/java/exception-handling-in-java/)
2026-05-13 16:45:17.489 [main] DEBUG c.i.webscraper.scraper.WebScraper - Sleeping 2500ms (attempt 1/3) before: https://interview.in28minutes.com/interview-guides/java/exception-handling-in-java/
2026-05-13 16:45:21.069 [main] DEBUG c.i.webscraper.scraper.WebScraper - HTTP 200 ← https://interview.in28minutes.com/interview-guides/java/exception-handling-in-java/
2026-05-13 16:45:21.090 [main] DEBUG c.i.webscraper.scraper.WebScraper -      10 question heading(s) in 'Exception Handling in Java'.
2026-05-13 16:45:21.091 [main] DEBUG c.i.webscraper.scraper.WebScraper -        Q[36chars] | A[1041chars] | Code[0]
2026-05-13 16:45:21.091 [main] DEBUG c.i.webscraper.scraper.WebScraper -        Q[50chars] | A[485chars] | Code[1]
2026-05-13 16:45:21.094 [main] DEBUG c.i.webscraper.scraper.WebScraper -        Q[68chars] | A[2098chars] | Code[6]
2026-05-13 16:45:21.095 [main] DEBUG c.i.webscraper.scraper.WebScraper -        Q[61chars] | A[777chars] | Code[1]
2026-05-13 16:45:21.097 [main] DEBUG c.i.webscraper.scraper.WebScraper -        Q[50chars] | A[401chars] | Code[2]
2026-05-13 16:45:21.097 [main] DEBUG c.i.webscraper.scraper.WebScraper -        Q[57chars] | A[323chars] | Code[4]
2026-05-13 16:45:21.097 [main] DEBUG c.i.webscraper.scraper.WebScraper -        Q[51chars] | A[18chars] | Code[0]
2026-05-13 16:45:21.099 [main] DEBUG c.i.webscraper.scraper.WebScraper -        Q[55chars] | A[1336chars] | Code[2]
2026-05-13 16:45:21.101 [main] DEBUG c.i.webscraper.scraper.WebScraper -        Q[28chars] | A[1142chars] | Code[15]
2026-05-13 16:45:21.102 [main] DEBUG c.i.webscraper.scraper.WebScraper -        Q[67chars] | A[841chars] | Code[3]
2026-05-13 16:45:21.103 [main] INFO  c.i.webscraper.scraper.WebScraper -      10 Q&A pair(s) extracted.
2026-05-13 16:45:21.104 [main] INFO  c.i.webscraper.scraper.WebScraper -   → Section: 'Serialization in Java' (https://interview.in28minutes.com/interview-guides/java/serialization-in-java/)
2026-05-13 16:45:21.104 [main] DEBUG c.i.webscraper.scraper.WebScraper - Sleeping 2500ms (attempt 1/3) before: https://interview.in28minutes.com/interview-guides/java/serialization-in-java/
2026-05-13 16:45:24.741 [main] DEBUG c.i.webscraper.scraper.WebScraper - HTTP 200 ← https://interview.in28minutes.com/interview-guides/java/serialization-in-java/
2026-05-13 16:45:24.752 [main] DEBUG c.i.webscraper.scraper.WebScraper -      7 question heading(s) in 'Serialization in Java'.
2026-05-13 16:45:24.753 [main] DEBUG c.i.webscraper.scraper.WebScraper -        Q[22chars] | A[561chars] | Code[0]
2026-05-13 16:45:24.754 [main] DEBUG c.i.webscraper.scraper.WebScraper -        Q[27chars] | A[274chars] | Code[1]
2026-05-13 16:45:24.755 [main] DEBUG c.i.webscraper.scraper.WebScraper -        Q[37chars] | A[382chars] | Code[1]
2026-05-13 16:45:24.756 [main] DEBUG c.i.webscraper.scraper.WebScraper -        Q[62chars] | A[601chars] | Code[2]
2026-05-13 16:45:24.758 [main] DEBUG c.i.webscraper.scraper.WebScraper -        Q[48chars] | A[321chars] | Code[2]
2026-05-13 16:45:24.759 [main] DEBUG c.i.webscraper.scraper.WebScraper -        Q[49chars] | A[1348chars] | Code[6]
2026-05-13 16:45:24.761 [main] DEBUG c.i.webscraper.scraper.WebScraper -        Q[60chars] | A[763chars] | Code[2]
2026-05-13 16:45:24.761 [main] INFO  c.i.webscraper.scraper.WebScraper -      7 Q&A pair(s) extracted.
2026-05-13 16:45:24.762 [main] INFO  c.i.webscraper.scraper.WebScraper -   → Section: 'Built-in Classes in Java' (https://interview.in28minutes.com/interview-guides/java/built-in-classes-in-java/)
2026-05-13 16:45:24.762 [main] DEBUG c.i.webscraper.scraper.WebScraper - Sleeping 2500ms (attempt 1/3) before: https://interview.in28minutes.com/interview-guides/java/built-in-classes-in-java/
2026-05-13 16:45:27.796 [main] DEBUG c.i.webscraper.scraper.WebScraper - HTTP 200 ← https://interview.in28minutes.com/interview-guides/java/built-in-classes-in-java/
2026-05-13 16:45:27.808 [main] DEBUG c.i.webscraper.scraper.WebScraper -      9 question heading(s) in 'Built-in Classes in Java'.
2026-05-13 16:45:27.810 [main] DEBUG c.i.webscraper.scraper.WebScraper -        Q[6chars] | A[359chars] | Code[1]
2026-05-13 16:45:27.811 [main] DEBUG c.i.webscraper.scraper.WebScraper -        Q[4chars] | A[210chars] | Code[2]
2026-05-13 16:45:27.812 [main] DEBUG c.i.webscraper.scraper.WebScraper -        Q[7chars] | A[188chars] | Code[1]
2026-05-13 16:45:27.813 [main] DEBUG c.i.webscraper.scraper.WebScraper -        Q[6chars] | A[211chars] | Code[1]
2026-05-13 16:45:27.814 [main] DEBUG c.i.webscraper.scraper.WebScraper -        Q[11chars] | A[161chars] | Code[1]
2026-05-13 16:45:27.814 [main] DEBUG c.i.webscraper.scraper.WebScraper -        Q[4chars] | A[301chars] | Code[1]
2026-05-13 16:45:27.815 [main] DEBUG c.i.webscraper.scraper.WebScraper -        Q[5chars] | A[227chars] | Code[2]
2026-05-13 16:45:27.817 [main] DEBUG c.i.webscraper.scraper.WebScraper -        Q[5chars] | A[212chars] | Code[1]
2026-05-13 16:45:27.817 [main] DEBUG c.i.webscraper.scraper.WebScraper -        Q[6chars] | A[188chars] | Code[2]
2026-05-13 16:45:27.818 [main] INFO  c.i.webscraper.scraper.WebScraper -      9 Q&A pair(s) extracted.
2026-05-13 16:45:27.818 [main] INFO  c.i.webscraper.scraper.WebScraper -   → Section: 'Miscellaneous Topics in Java' (https://interview.in28minutes.com/interview-guides/java/miscellaneous-topics-in-java/)
2026-05-13 16:45:27.819 [main] DEBUG c.i.webscraper.scraper.WebScraper - Sleeping 2500ms (attempt 1/3) before: https://interview.in28minutes.com/interview-guides/java/miscellaneous-topics-in-java/
2026-05-13 16:45:31.228 [main] DEBUG c.i.webscraper.scraper.WebScraper - HTTP 200 ← https://interview.in28minutes.com/interview-guides/java/miscellaneous-topics-in-java/
2026-05-13 16:45:31.242 [main] DEBUG c.i.webscraper.scraper.WebScraper -      11 question heading(s) in 'Miscellaneous Topics in Java'.
2026-05-13 16:45:31.244 [main] DEBUG c.i.webscraper.scraper.WebScraper -        Q[53chars] | A[1219chars] | Code[5]
2026-05-13 16:45:31.245 [main] DEBUG c.i.webscraper.scraper.WebScraper -        Q[44chars] | A[689chars] | Code[1]
2026-05-13 16:45:31.246 [main] DEBUG c.i.webscraper.scraper.WebScraper -        Q[48chars] | A[899chars] | Code[2]
2026-05-13 16:45:31.247 [main] DEBUG c.i.webscraper.scraper.WebScraper -        Q[61chars] | A[918chars] | Code[1]
2026-05-13 16:45:31.248 [main] DEBUG c.i.webscraper.scraper.WebScraper -        Q[72chars] | A[463chars] | Code[3]
2026-05-13 16:45:31.248 [main] DEBUG c.i.webscraper.scraper.WebScraper -        Q[30chars] | A[1123chars] | Code[2]
2026-05-13 16:45:31.250 [main] DEBUG c.i.webscraper.scraper.WebScraper -        Q[33chars] | A[683chars] | Code[1]
2026-05-13 16:45:31.251 [main] DEBUG c.i.webscraper.scraper.WebScraper -        Q[54chars] | A[1029chars] | Code[7]
2026-05-13 16:45:31.251 [main] DEBUG c.i.webscraper.scraper.WebScraper -        Q[65chars] | A[637chars] | Code[5]
2026-05-13 16:45:31.252 [main] DEBUG c.i.webscraper.scraper.WebScraper -        Q[61chars] | A[538chars] | Code[4]
2026-05-13 16:45:31.253 [main] DEBUG c.i.webscraper.scraper.WebScraper -        Q[52chars] | A[869chars] | Code[6]
2026-05-13 16:45:31.253 [main] INFO  c.i.webscraper.scraper.WebScraper -      11 Q&A pair(s) extracted.
2026-05-13 16:45:31.254 [main] INFO  c.i.webscraper.scraper.WebScraper -   → Section: 'New Features in Java' (https://interview.in28minutes.com/interview-guides/java/new-features-in-java/)
2026-05-13 16:45:31.254 [main] DEBUG c.i.webscraper.scraper.WebScraper - Sleeping 2500ms (attempt 1/3) before: https://interview.in28minutes.com/interview-guides/java/new-features-in-java/
2026-05-13 16:45:33.992 [main] DEBUG c.i.webscraper.scraper.WebScraper - HTTP 200 ← https://interview.in28minutes.com/interview-guides/java/new-features-in-java/
2026-05-13 16:45:34.008 [main] DEBUG c.i.webscraper.scraper.WebScraper -      3 question heading(s) in 'New Features in Java'.
2026-05-13 16:45:34.010 [main] DEBUG c.i.webscraper.scraper.WebScraper -        Q[29chars] | A[1122chars] | Code[0]
2026-05-13 16:45:34.012 [main] DEBUG c.i.webscraper.scraper.WebScraper -        Q[55chars] | A[1158chars] | Code[12]
2026-05-13 16:45:34.051 [main] DEBUG c.i.webscraper.scraper.WebScraper -        Q[68chars] | A[2207chars] | Code[23]
2026-05-13 16:45:34.052 [main] INFO  c.i.webscraper.scraper.WebScraper -      3 Q&A pair(s) extracted.
2026-05-13 16:45:34.054 [main] INFO  c.i.webscraper.scraper.WebScraper -   → Section: 'Java Interview - Diagrams' (https://interview.in28minutes.com/interview-guides/java/java-interview-diagrams/)
2026-05-13 16:45:34.060 [main] DEBUG c.i.webscraper.scraper.WebScraper - Sleeping 2500ms (attempt 1/3) before: https://interview.in28minutes.com/interview-guides/java/java-interview-diagrams/
2026-05-13 16:45:37.077 [main] DEBUG c.i.webscraper.scraper.WebScraper - HTTP 200 ← https://interview.in28minutes.com/interview-guides/java/java-interview-diagrams/
2026-05-13 16:45:37.083 [main] DEBUG c.i.webscraper.scraper.WebScraper -      7 question heading(s) in 'Java Interview - Diagrams'.
2026-05-13 16:45:37.084 [main] DEBUG c.i.webscraper.scraper.WebScraper -        Q[17chars] | A[0chars] | Code[1]
2026-05-13 16:45:37.084 [main] DEBUG c.i.webscraper.scraper.WebScraper -        Q[26chars] | A[0chars] | Code[1]
2026-05-13 16:45:37.085 [main] DEBUG c.i.webscraper.scraper.WebScraper -        Q[18chars] | A[0chars] | Code[1]
2026-05-13 16:45:37.085 [main] DEBUG c.i.webscraper.scraper.WebScraper -        Q[17chars] | A[0chars] | Code[1]
2026-05-13 16:45:37.086 [main] DEBUG c.i.webscraper.scraper.WebScraper -        Q[44chars] | A[0chars] | Code[1]
2026-05-13 16:45:37.086 [main] DEBUG c.i.webscraper.scraper.WebScraper -        Q[25chars] | A[0chars] | Code[1]
2026-05-13 16:45:37.087 [main] DEBUG c.i.webscraper.scraper.WebScraper -        Q[27chars] | A[141chars] | Code[7]
2026-05-13 16:45:37.087 [main] INFO  c.i.webscraper.scraper.WebScraper -      7 Q&A pair(s) extracted.
2026-05-13 16:45:37.087 [main] INFO  c.i.webscraper.scraper.WebScraper - Topic 'Java' complete → 17 section(s).
2026-05-13 16:45:37.087 [main] INFO  c.i.webscraper.scraper.WebScraper - ---------- Topic: DevOps → https://interview.in28minutes.com/devops/
2026-05-13 16:45:37.089 [main] DEBUG c.i.webscraper.scraper.WebScraper - Sleeping 2500ms (attempt 1/3) before: https://interview.in28minutes.com/devops/
2026-05-13 16:45:39.703 [main] DEBUG c.i.webscraper.scraper.WebScraper - HTTP 200 ← https://interview.in28minutes.com/devops/
2026-05-13 16:45:39.706 [main] DEBUG c.i.webscraper.scraper.WebScraper - Topic 'DevOps' → 2 card(s) found.
2026-05-13 16:45:39.707 [main] INFO  c.i.webscraper.scraper.WebScraper -   → Section: 'DevOps Fundamentals' (https://interview.in28minutes.com/interview-guides/devops/devops-fundamentals/)
2026-05-13 16:45:39.707 [main] DEBUG c.i.webscraper.scraper.WebScraper - Sleeping 2500ms (attempt 1/3) before: https://interview.in28minutes.com/interview-guides/devops/devops-fundamentals/
2026-05-13 16:45:42.905 [main] DEBUG c.i.webscraper.scraper.WebScraper - HTTP 200 ← https://interview.in28minutes.com/interview-guides/devops/devops-fundamentals/
2026-05-13 16:45:42.912 [main] DEBUG c.i.webscraper.scraper.WebScraper -      7 question heading(s) in 'DevOps Fundamentals'.
2026-05-13 16:45:42.914 [main] DEBUG c.i.webscraper.scraper.WebScraper -        Q[15chars] | A[2715chars] | Code[0]
2026-05-13 16:45:42.915 [main] DEBUG c.i.webscraper.scraper.WebScraper -        Q[28chars] | A[1346chars] | Code[0]
2026-05-13 16:45:42.917 [main] DEBUG c.i.webscraper.scraper.WebScraper -        Q[67chars] | A[1724chars] | Code[0]
2026-05-13 16:45:42.917 [main] DEBUG c.i.webscraper.scraper.WebScraper -        Q[31chars] | A[1269chars] | Code[0]
2026-05-13 16:45:42.918 [main] DEBUG c.i.webscraper.scraper.WebScraper -        Q[87chars] | A[2013chars] | Code[0]
2026-05-13 16:45:42.919 [main] DEBUG c.i.webscraper.scraper.WebScraper -        Q[22chars] | A[1717chars] | Code[0]
2026-05-13 16:45:42.919 [main] DEBUG c.i.webscraper.scraper.WebScraper -        Q[33chars] | A[800chars] | Code[0]
2026-05-13 16:45:42.921 [main] INFO  c.i.webscraper.scraper.WebScraper -      7 Q&A pair(s) extracted.
2026-05-13 16:45:42.921 [main] INFO  c.i.webscraper.scraper.WebScraper -   → Section: 'DevOps Interview - Diagrams' (https://interview.in28minutes.com/interview-guides/devops/devops-interview-diagrams/)
2026-05-13 16:45:42.921 [main] DEBUG c.i.webscraper.scraper.WebScraper - Sleeping 2500ms (attempt 1/3) before: https://interview.in28minutes.com/interview-guides/devops/devops-interview-diagrams/
2026-05-13 16:45:45.917 [main] DEBUG c.i.webscraper.scraper.WebScraper - HTTP 200 ← https://interview.in28minutes.com/interview-guides/devops/devops-interview-diagrams/
2026-05-13 16:45:45.928 [main] DEBUG c.i.webscraper.scraper.WebScraper -      10 question heading(s) in 'DevOps Interview - Diagrams'.
2026-05-13 16:45:45.928 [main] WARN  c.i.webscraper.scraper.WebScraper -      Section 'DevOps Interview - Diagrams' had no Q&A pairs.
2026-05-13 16:45:45.929 [main] INFO  c.i.webscraper.scraper.WebScraper - Topic 'DevOps' complete → 1 section(s).
2026-05-13 16:45:45.929 [main] INFO  c.i.webscraper.scraper.WebScraper - ---------- Topic: Cloud → https://interview.in28minutes.com/cloud/
2026-05-13 16:45:45.931 [main] DEBUG c.i.webscraper.scraper.WebScraper - Sleeping 2500ms (attempt 1/3) before: https://interview.in28minutes.com/cloud/
2026-05-13 16:45:48.875 [main] DEBUG c.i.webscraper.scraper.WebScraper - HTTP 200 ← https://interview.in28minutes.com/cloud/
2026-05-13 16:45:48.880 [main] DEBUG c.i.webscraper.scraper.WebScraper - Topic 'Cloud' → 8 card(s) found.
2026-05-13 16:45:48.881 [main] INFO  c.i.webscraper.scraper.WebScraper -   → Section: 'Cloud Fundamentals' (https://interview.in28minutes.com/interview-guides/cloud/cloud-fundamentals/)
2026-05-13 16:45:48.881 [main] DEBUG c.i.webscraper.scraper.WebScraper - Sleeping 2500ms (attempt 1/3) before: https://interview.in28minutes.com/interview-guides/cloud/cloud-fundamentals/
2026-05-13 16:45:52.050 [main] DEBUG c.i.webscraper.scraper.WebScraper - HTTP 200 ← https://interview.in28minutes.com/interview-guides/cloud/cloud-fundamentals/
2026-05-13 16:45:52.061 [main] DEBUG c.i.webscraper.scraper.WebScraper -      8 question heading(s) in 'Cloud Fundamentals'.
2026-05-13 16:45:52.062 [main] DEBUG c.i.webscraper.scraper.WebScraper -        Q[39chars] | A[914chars] | Code[0]
2026-05-13 16:45:52.063 [main] DEBUG c.i.webscraper.scraper.WebScraper -        Q[32chars] | A[2396chars] | Code[0]
2026-05-13 16:45:52.063 [main] DEBUG c.i.webscraper.scraper.WebScraper -        Q[41chars] | A[1115chars] | Code[0]
2026-05-13 16:45:52.066 [main] DEBUG c.i.webscraper.scraper.WebScraper -        Q[34chars] | A[2782chars] | Code[0]
2026-05-13 16:45:52.067 [main] DEBUG c.i.webscraper.scraper.WebScraper -        Q[23chars] | A[1214chars] | Code[0]
2026-05-13 16:45:52.067 [main] DEBUG c.i.webscraper.scraper.WebScraper -        Q[49chars] | A[970chars] | Code[0]
2026-05-13 16:45:52.067 [main] DEBUG c.i.webscraper.scraper.WebScraper -        Q[102chars] | A[2665chars] | Code[0]
2026-05-13 16:45:52.070 [main] INFO  c.i.webscraper.scraper.WebScraper -      7 Q&A pair(s) extracted.
2026-05-13 16:45:52.070 [main] INFO  c.i.webscraper.scraper.WebScraper -   → Section: 'Cloud Storage and Databases Fundamentals' (https://interview.in28minutes.com/interview-guides/cloud/cloud-storage-and-databases-fundamentals/)
2026-05-13 16:45:52.070 [main] DEBUG c.i.webscraper.scraper.WebScraper - Sleeping 2500ms (attempt 1/3) before: https://interview.in28minutes.com/interview-guides/cloud/cloud-storage-and-databases-fundamentals/
2026-05-13 16:45:55.580 [main] DEBUG c.i.webscraper.scraper.WebScraper - HTTP 200 ← https://interview.in28minutes.com/interview-guides/cloud/cloud-storage-and-databases-fundamentals/
2026-05-13 16:45:55.598 [main] DEBUG c.i.webscraper.scraper.WebScraper -      12 question heading(s) in 'Cloud Storage and Databases Fundamentals'.
2026-05-13 16:45:55.600 [main] DEBUG c.i.webscraper.scraper.WebScraper -        Q[49chars] | A[2169chars] | Code[0]
2026-05-13 16:45:55.601 [main] DEBUG c.i.webscraper.scraper.WebScraper -        Q[18chars] | A[764chars] | Code[0]
2026-05-13 16:45:55.601 [main] DEBUG c.i.webscraper.scraper.WebScraper -        Q[35chars] | A[795chars] | Code[0]
2026-05-13 16:45:55.603 [main] DEBUG c.i.webscraper.scraper.WebScraper -        Q[46chars] | A[801chars] | Code[0]
2026-05-13 16:45:55.604 [main] DEBUG c.i.webscraper.scraper.WebScraper -        Q[55chars] | A[1982chars] | Code[4]
2026-05-13 16:45:55.604 [main] DEBUG c.i.webscraper.scraper.WebScraper -        Q[67chars] | A[1210chars] | Code[0]
2026-05-13 16:45:55.606 [main] DEBUG c.i.webscraper.scraper.WebScraper -        Q[22chars] | A[2144chars] | Code[0]
2026-05-13 16:45:55.607 [main] DEBUG c.i.webscraper.scraper.WebScraper -        Q[21chars] | A[1214chars] | Code[0]
2026-05-13 16:45:55.608 [main] DEBUG c.i.webscraper.scraper.WebScraper -        Q[23chars] | A[2709chars] | Code[0]
2026-05-13 16:45:55.610 [main] DEBUG c.i.webscraper.scraper.WebScraper -        Q[23chars] | A[1082chars] | Code[0]
2026-05-13 16:45:55.611 [main] DEBUG c.i.webscraper.scraper.WebScraper -        Q[36chars] | A[1915chars] | Code[0]
2026-05-13 16:45:55.612 [main] DEBUG c.i.webscraper.scraper.WebScraper -        Q[35chars] | A[1864chars] | Code[0]
2026-05-13 16:45:55.613 [main] INFO  c.i.webscraper.scraper.WebScraper -      12 Q&A pair(s) extracted.
2026-05-13 16:45:55.613 [main] INFO  c.i.webscraper.scraper.WebScraper -   → Section: 'Asynchronous Communication in the Cloud' (https://interview.in28minutes.com/interview-guides/cloud/asynchronous-communication-in-the-cloud/)
2026-05-13 16:45:55.613 [main] DEBUG c.i.webscraper.scraper.WebScraper - Sleeping 2500ms (attempt 1/3) before: https://interview.in28minutes.com/interview-guides/cloud/asynchronous-communication-in-the-cloud/
2026-05-13 16:45:59.061 [main] DEBUG c.i.webscraper.scraper.WebScraper - HTTP 200 ← https://interview.in28minutes.com/interview-guides/cloud/asynchronous-communication-in-the-cloud/
2026-05-13 16:45:59.068 [main] DEBUG c.i.webscraper.scraper.WebScraper -      6 question heading(s) in 'Asynchronous Communication in the Cloud'.
2026-05-13 16:45:59.069 [main] DEBUG c.i.webscraper.scraper.WebScraper -        Q[31chars] | A[1110chars] | Code[0]
2026-05-13 16:45:59.070 [main] DEBUG c.i.webscraper.scraper.WebScraper -        Q[37chars] | A[1576chars] | Code[0]
2026-05-13 16:45:59.070 [main] DEBUG c.i.webscraper.scraper.WebScraper -        Q[43chars] | A[1395chars] | Code[0]
2026-05-13 16:45:59.071 [main] DEBUG c.i.webscraper.scraper.WebScraper -        Q[36chars] | A[1407chars] | Code[0]
2026-05-13 16:45:59.072 [main] DEBUG c.i.webscraper.scraper.WebScraper -        Q[28chars] | A[3668chars] | Code[0]
2026-05-13 16:45:59.073 [main] DEBUG c.i.webscraper.scraper.WebScraper -        Q[44chars] | A[1470chars] | Code[0]
2026-05-13 16:45:59.074 [main] INFO  c.i.webscraper.scraper.WebScraper -      6 Q&A pair(s) extracted.
2026-05-13 16:45:59.074 [main] INFO  c.i.webscraper.scraper.WebScraper -   → Section: 'Networking in the Cloud' (https://interview.in28minutes.com/interview-guides/cloud/networking-in-the-cloud/)
2026-05-13 16:45:59.074 [main] DEBUG c.i.webscraper.scraper.WebScraper - Sleeping 2500ms (attempt 1/3) before: https://interview.in28minutes.com/interview-guides/cloud/networking-in-the-cloud/
2026-05-13 16:46:02.159 [main] DEBUG c.i.webscraper.scraper.WebScraper - HTTP 200 ← https://interview.in28minutes.com/interview-guides/cloud/networking-in-the-cloud/
2026-05-13 16:46:02.179 [main] DEBUG c.i.webscraper.scraper.WebScraper -      7 question heading(s) in 'Networking in the Cloud'.
2026-05-13 16:46:02.181 [main] DEBUG c.i.webscraper.scraper.WebScraper -        Q[65chars] | A[1512chars] | Code[0]
2026-05-13 16:46:02.182 [main] DEBUG c.i.webscraper.scraper.WebScraper -        Q[47chars] | A[1096chars] | Code[0]
2026-05-13 16:46:02.183 [main] DEBUG c.i.webscraper.scraper.WebScraper -        Q[47chars] | A[2101chars] | Code[0]
2026-05-13 16:46:02.184 [main] DEBUG c.i.webscraper.scraper.WebScraper -        Q[65chars] | A[1150chars] | Code[0]
2026-05-13 16:46:02.185 [main] DEBUG c.i.webscraper.scraper.WebScraper -        Q[37chars] | A[980chars] | Code[0]
2026-05-13 16:46:02.187 [main] DEBUG c.i.webscraper.scraper.WebScraper -        Q[37chars] | A[1105chars] | Code[0]
2026-05-13 16:46:02.189 [main] INFO  c.i.webscraper.scraper.WebScraper -      6 Q&A pair(s) extracted.
2026-05-13 16:46:02.190 [main] INFO  c.i.webscraper.scraper.WebScraper -   → Section: 'Cost Management in the Cloud' (https://interview.in28minutes.com/interview-guides/cloud/cost-management-in-the-cloud/)
2026-05-13 16:46:02.190 [main] DEBUG c.i.webscraper.scraper.WebScraper - Sleeping 2500ms (attempt 1/3) before: https://interview.in28minutes.com/interview-guides/cloud/cost-management-in-the-cloud/
2026-05-13 16:46:05.628 [main] DEBUG c.i.webscraper.scraper.WebScraper - HTTP 200 ← https://interview.in28minutes.com/interview-guides/cloud/cost-management-in-the-cloud/
2026-05-13 16:46:05.635 [main] DEBUG c.i.webscraper.scraper.WebScraper -      6 question heading(s) in 'Cost Management in the Cloud'.
2026-05-13 16:46:05.637 [main] DEBUG c.i.webscraper.scraper.WebScraper -        Q[38chars] | A[1020chars] | Code[0]
2026-05-13 16:46:05.638 [main] DEBUG c.i.webscraper.scraper.WebScraper -        Q[21chars] | A[641chars] | Code[0]
2026-05-13 16:46:05.639 [main] DEBUG c.i.webscraper.scraper.WebScraper -        Q[56chars] | A[682chars] | Code[0]
2026-05-13 16:46:05.640 [main] DEBUG c.i.webscraper.scraper.WebScraper -        Q[39chars] | A[1261chars] | Code[0]
2026-05-13 16:46:05.641 [main] DEBUG c.i.webscraper.scraper.WebScraper -        Q[15chars] | A[1604chars] | Code[0]
2026-05-13 16:46:05.642 [main] INFO  c.i.webscraper.scraper.WebScraper -      5 Q&A pair(s) extracted.
2026-05-13 16:46:05.642 [main] INFO  c.i.webscraper.scraper.WebScraper -   → Section: 'AI, ML and Generative AI in the Cloud' (https://interview.in28minutes.com/interview-guides/cloud/ai-ml-and-generative-ai-in-the-cloud/)
2026-05-13 16:46:05.642 [main] DEBUG c.i.webscraper.scraper.WebScraper - Sleeping 2500ms (attempt 1/3) before: https://interview.in28minutes.com/interview-guides/cloud/ai-ml-and-generative-ai-in-the-cloud/
2026-05-13 16:46:09.017 [main] DEBUG c.i.webscraper.scraper.WebScraper - HTTP 200 ← https://interview.in28minutes.com/interview-guides/cloud/ai-ml-and-generative-ai-in-the-cloud/
2026-05-13 16:46:09.025 [main] DEBUG c.i.webscraper.scraper.WebScraper -      5 question heading(s) in 'AI, ML and Generative AI in the Cloud'.
2026-05-13 16:46:09.027 [main] DEBUG c.i.webscraper.scraper.WebScraper -        Q[16chars] | A[1171chars] | Code[0]
2026-05-13 16:46:09.027 [main] DEBUG c.i.webscraper.scraper.WebScraper -        Q[53chars] | A[848chars] | Code[0]
2026-05-13 16:46:09.029 [main] DEBUG c.i.webscraper.scraper.WebScraper -        Q[22chars] | A[2236chars] | Code[0]
2026-05-13 16:46:09.031 [main] DEBUG c.i.webscraper.scraper.WebScraper -        Q[52chars] | A[2601chars] | Code[0]
2026-05-13 16:46:09.031 [main] INFO  c.i.webscraper.scraper.WebScraper -      4 Q&A pair(s) extracted.
2026-05-13 16:46:09.032 [main] INFO  c.i.webscraper.scraper.WebScraper -   → Section: 'Security in the Cloud' (https://interview.in28minutes.com/interview-guides/cloud/security-in-the-cloud/)
2026-05-13 16:46:09.032 [main] DEBUG c.i.webscraper.scraper.WebScraper - Sleeping 2500ms (attempt 1/3) before: https://interview.in28minutes.com/interview-guides/cloud/security-in-the-cloud/
2026-05-13 16:46:12.088 [main] DEBUG c.i.webscraper.scraper.WebScraper - HTTP 200 ← https://interview.in28minutes.com/interview-guides/cloud/security-in-the-cloud/
2026-05-13 16:46:12.095 [main] DEBUG c.i.webscraper.scraper.WebScraper -      7 question heading(s) in 'Security in the Cloud'.
2026-05-13 16:46:12.096 [main] DEBUG c.i.webscraper.scraper.WebScraper -        Q[31chars] | A[2931chars] | Code[0]
2026-05-13 16:46:12.098 [main] DEBUG c.i.webscraper.scraper.WebScraper -        Q[43chars] | A[3777chars] | Code[0]
2026-05-13 16:46:12.099 [main] DEBUG c.i.webscraper.scraper.WebScraper -        Q[22chars] | A[1085chars] | Code[0]
2026-05-13 16:46:12.100 [main] DEBUG c.i.webscraper.scraper.WebScraper -        Q[14chars] | A[1377chars] | Code[0]
2026-05-13 16:46:12.100 [main] DEBUG c.i.webscraper.scraper.WebScraper -        Q[51chars] | A[1442chars] | Code[0]
2026-05-13 16:46:12.101 [main] DEBUG c.i.webscraper.scraper.WebScraper -        Q[34chars] | A[1374chars] | Code[0]
2026-05-13 16:46:12.101 [main] DEBUG c.i.webscraper.scraper.WebScraper -        Q[24chars] | A[1664chars] | Code[0]
2026-05-13 16:46:12.102 [main] INFO  c.i.webscraper.scraper.WebScraper -      7 Q&A pair(s) extracted.
2026-05-13 16:46:12.102 [main] INFO  c.i.webscraper.scraper.WebScraper -   → Section: 'Cloud Interview - Diagrams' (https://interview.in28minutes.com/interview-guides/cloud/cloud-interview-diagrams/)
2026-05-13 16:46:12.103 [main] DEBUG c.i.webscraper.scraper.WebScraper - Sleeping 2500ms (attempt 1/3) before: https://interview.in28minutes.com/interview-guides/cloud/cloud-interview-diagrams/
2026-05-13 16:46:15.289 [main] DEBUG c.i.webscraper.scraper.WebScraper - HTTP 200 ← https://interview.in28minutes.com/interview-guides/cloud/cloud-interview-diagrams/
2026-05-13 16:46:15.294 [main] DEBUG c.i.webscraper.scraper.WebScraper -      10 question heading(s) in 'Cloud Interview - Diagrams'.
2026-05-13 16:46:15.295 [main] WARN  c.i.webscraper.scraper.WebScraper -      Section 'Cloud Interview - Diagrams' had no Q&A pairs.
2026-05-13 16:46:15.295 [main] INFO  c.i.webscraper.scraper.WebScraper - Topic 'Cloud' complete → 7 section(s).
2026-05-13 16:46:15.295 [main] INFO  c.i.webscraper.scraper.WebScraper - ---------- Topic: Docker → https://interview.in28minutes.com/docker/
2026-05-13 16:46:15.296 [main] DEBUG c.i.webscraper.scraper.WebScraper - Sleeping 2500ms (attempt 1/3) before: https://interview.in28minutes.com/docker/
2026-05-13 16:46:18.442 [main] DEBUG c.i.webscraper.scraper.WebScraper - HTTP 200 ← https://interview.in28minutes.com/docker/
2026-05-13 16:46:18.446 [main] DEBUG c.i.webscraper.scraper.WebScraper - Topic 'Docker' → 10 card(s) found.
2026-05-13 16:46:18.446 [main] INFO  c.i.webscraper.scraper.WebScraper -   → Section: 'Docker Fundamentals' (https://interview.in28minutes.com/interview-guides/docker/docker-fundamentals/)
2026-05-13 16:46:18.447 [main] DEBUG c.i.webscraper.scraper.WebScraper - Sleeping 2500ms (attempt 1/3) before: https://interview.in28minutes.com/interview-guides/docker/docker-fundamentals/
2026-05-13 16:46:21.777 [main] DEBUG c.i.webscraper.scraper.WebScraper - HTTP 200 ← https://interview.in28minutes.com/interview-guides/docker/docker-fundamentals/
2026-05-13 16:46:21.781 [main] DEBUG c.i.webscraper.scraper.WebScraper -      6 question heading(s) in 'Docker Fundamentals'.
2026-05-13 16:46:21.783 [main] DEBUG c.i.webscraper.scraper.WebScraper -        Q[60chars] | A[523chars] | Code[0]
2026-05-13 16:46:21.784 [main] DEBUG c.i.webscraper.scraper.WebScraper -        Q[82chars] | A[337chars] | Code[0]
2026-05-13 16:46:21.784 [main] DEBUG c.i.webscraper.scraper.WebScraper -        Q[40chars] | A[390chars] | Code[0]
2026-05-13 16:46:21.785 [main] DEBUG c.i.webscraper.scraper.WebScraper -        Q[54chars] | A[955chars] | Code[0]
2026-05-13 16:46:21.786 [main] DEBUG c.i.webscraper.scraper.WebScraper -        Q[63chars] | A[1637chars] | Code[0]
2026-05-13 16:46:21.786 [main] INFO  c.i.webscraper.scraper.WebScraper -      5 Q&A pair(s) extracted.
2026-05-13 16:46:21.787 [main] INFO  c.i.webscraper.scraper.WebScraper -   → Section: 'Building Docker Images' (https://interview.in28minutes.com/interview-guides/docker/building-docker-images/)
2026-05-13 16:46:21.787 [main] DEBUG c.i.webscraper.scraper.WebScraper - Sleeping 2500ms (attempt 1/3) before: https://interview.in28minutes.com/interview-guides/docker/building-docker-images/
2026-05-13 16:46:24.957 [main] DEBUG c.i.webscraper.scraper.WebScraper - HTTP 200 ← https://interview.in28minutes.com/interview-guides/docker/building-docker-images/
2026-05-13 16:46:24.964 [main] DEBUG c.i.webscraper.scraper.WebScraper -      13 question heading(s) in 'Building Docker Images'.
2026-05-13 16:46:24.966 [main] DEBUG c.i.webscraper.scraper.WebScraper -        Q[54chars] | A[171chars] | Code[3]
2026-05-13 16:46:24.967 [main] DEBUG c.i.webscraper.scraper.WebScraper -        Q[21chars] | A[665chars] | Code[0]
2026-05-13 16:46:24.967 [main] DEBUG c.i.webscraper.scraper.WebScraper -        Q[35chars] | A[333chars] | Code[0]
2026-05-13 16:46:24.967 [main] DEBUG c.i.webscraper.scraper.WebScraper -        Q[87chars] | A[1092chars] | Code[7]
2026-05-13 16:46:24.969 [main] DEBUG c.i.webscraper.scraper.WebScraper -        Q[47chars] | A[214chars] | Code[1]
2026-05-13 16:46:24.970 [main] DEBUG c.i.webscraper.scraper.WebScraper -        Q[59chars] | A[659chars] | Code[1]
2026-05-13 16:46:24.971 [main] DEBUG c.i.webscraper.scraper.WebScraper -        Q[59chars] | A[510chars] | Code[2]
2026-05-13 16:46:24.971 [main] DEBUG c.i.webscraper.scraper.WebScraper -        Q[55chars] | A[1459chars] | Code[2]
2026-05-13 16:46:24.972 [main] DEBUG c.i.webscraper.scraper.WebScraper -        Q[92chars] | A[1309chars] | Code[2]
2026-05-13 16:46:24.972 [main] DEBUG c.i.webscraper.scraper.WebScraper -        Q[62chars] | A[725chars] | Code[4]
2026-05-13 16:46:24.973 [main] DEBUG c.i.webscraper.scraper.WebScraper -        Q[46chars] | A[313chars] | Code[1]
2026-05-13 16:46:24.973 [main] DEBUG c.i.webscraper.scraper.WebScraper -        Q[44chars] | A[680chars] | Code[1]
2026-05-13 16:46:24.974 [main] DEBUG c.i.webscraper.scraper.WebScraper -        Q[36chars] | A[768chars] | Code[0]
2026-05-13 16:46:24.975 [main] INFO  c.i.webscraper.scraper.WebScraper -      13 Q&A pair(s) extracted.
2026-05-13 16:46:24.975 [main] INFO  c.i.webscraper.scraper.WebScraper -   → Section: 'Managing Docker Containers' (https://interview.in28minutes.com/interview-guides/docker/managing-docker-containers/)
2026-05-13 16:46:24.976 [main] DEBUG c.i.webscraper.scraper.WebScraper - Sleeping 2500ms (attempt 1/3) before: https://interview.in28minutes.com/interview-guides/docker/managing-docker-containers/
2026-05-13 16:46:28.159 [main] DEBUG c.i.webscraper.scraper.WebScraper - HTTP 200 ← https://interview.in28minutes.com/interview-guides/docker/managing-docker-containers/
2026-05-13 16:46:28.166 [main] DEBUG c.i.webscraper.scraper.WebScraper -      5 question heading(s) in 'Managing Docker Containers'.
2026-05-13 16:46:28.167 [main] DEBUG c.i.webscraper.scraper.WebScraper -        Q[50chars] | A[416chars] | Code[0]
2026-05-13 16:46:28.168 [main] DEBUG c.i.webscraper.scraper.WebScraper -        Q[47chars] | A[2156chars] | Code[33]
2026-05-13 16:46:28.169 [main] DEBUG c.i.webscraper.scraper.WebScraper -        Q[108chars] | A[151chars] | Code[3]
2026-05-13 16:46:28.169 [main] DEBUG c.i.webscraper.scraper.WebScraper -        Q[38chars] | A[535chars] | Code[9]
2026-05-13 16:46:28.170 [main] DEBUG c.i.webscraper.scraper.WebScraper -        Q[101chars] | A[775chars] | Code[16]
2026-05-13 16:46:28.170 [main] INFO  c.i.webscraper.scraper.WebScraper -      5 Q&A pair(s) extracted.
2026-05-13 16:46:28.171 [main] INFO  c.i.webscraper.scraper.WebScraper -   → Section: 'Persisting Data in Docker' (https://interview.in28minutes.com/interview-guides/docker/persisting-data-in-docker/)
2026-05-13 16:46:28.171 [main] DEBUG c.i.webscraper.scraper.WebScraper - Sleeping 2500ms (attempt 1/3) before: https://interview.in28minutes.com/interview-guides/docker/persisting-data-in-docker/
2026-05-13 16:46:31.287 [main] DEBUG c.i.webscraper.scraper.WebScraper - HTTP 200 ← https://interview.in28minutes.com/interview-guides/docker/persisting-data-in-docker/
2026-05-13 16:46:31.295 [main] DEBUG c.i.webscraper.scraper.WebScraper -      8 question heading(s) in 'Persisting Data in Docker'.
2026-05-13 16:46:31.297 [main] DEBUG c.i.webscraper.scraper.WebScraper -        Q[46chars] | A[813chars] | Code[0]
2026-05-13 16:46:31.297 [main] DEBUG c.i.webscraper.scraper.WebScraper -        Q[27chars] | A[941chars] | Code[6]
2026-05-13 16:46:31.297 [main] DEBUG c.i.webscraper.scraper.WebScraper -        Q[39chars] | A[310chars] | Code[7]
2026-05-13 16:46:31.299 [main] DEBUG c.i.webscraper.scraper.WebScraper -        Q[35chars] | A[574chars] | Code[2]
2026-05-13 16:46:31.300 [main] DEBUG c.i.webscraper.scraper.WebScraper -        Q[57chars] | A[805chars] | Code[10]
2026-05-13 16:46:31.302 [main] DEBUG c.i.webscraper.scraper.WebScraper -        Q[65chars] | A[695chars] | Code[0]
2026-05-13 16:46:31.302 [main] DEBUG c.i.webscraper.scraper.WebScraper -        Q[24chars] | A[1109chars] | Code[0]
2026-05-13 16:46:31.302 [main] INFO  c.i.webscraper.scraper.WebScraper -      7 Q&A pair(s) extracted.
2026-05-13 16:46:31.303 [main] INFO  c.i.webscraper.scraper.WebScraper -   → Section: 'Docker Networking' (https://interview.in28minutes.com/interview-guides/docker/docker-networking/)
2026-05-13 16:46:31.303 [main] DEBUG c.i.webscraper.scraper.WebScraper - Sleeping 2500ms (attempt 1/3) before: https://interview.in28minutes.com/interview-guides/docker/docker-networking/
2026-05-13 16:46:34.317 [main] DEBUG c.i.webscraper.scraper.WebScraper - HTTP 200 ← https://interview.in28minutes.com/interview-guides/docker/docker-networking/
2026-05-13 16:46:34.321 [main] DEBUG c.i.webscraper.scraper.WebScraper -      7 question heading(s) in 'Docker Networking'.
2026-05-13 16:46:34.322 [main] DEBUG c.i.webscraper.scraper.WebScraper -        Q[36chars] | A[749chars] | Code[0]
2026-05-13 16:46:34.323 [main] DEBUG c.i.webscraper.scraper.WebScraper -        Q[42chars] | A[2776chars] | Code[6]
2026-05-13 16:46:34.325 [main] DEBUG c.i.webscraper.scraper.WebScraper -        Q[55chars] | A[206chars] | Code[4]
2026-05-13 16:46:34.326 [main] DEBUG c.i.webscraper.scraper.WebScraper -        Q[61chars] | A[358chars] | Code[2]
2026-05-13 16:46:34.326 [main] DEBUG c.i.webscraper.scraper.WebScraper -        Q[63chars] | A[219chars] | Code[1]
2026-05-13 16:46:34.327 [main] DEBUG c.i.webscraper.scraper.WebScraper -        Q[55chars] | A[445chars] | Code[1]
2026-05-13 16:46:34.327 [main] DEBUG c.i.webscraper.scraper.WebScraper -        Q[106chars] | A[409chars] | Code[2]
2026-05-13 16:46:34.328 [main] INFO  c.i.webscraper.scraper.WebScraper -      7 Q&A pair(s) extracted.
2026-05-13 16:46:34.328 [main] INFO  c.i.webscraper.scraper.WebScraper -   → Section: 'Docker Security' (https://interview.in28minutes.com/interview-guides/docker/docker-security/)
2026-05-13 16:46:34.328 [main] DEBUG c.i.webscraper.scraper.WebScraper - Sleeping 2500ms (attempt 1/3) before: https://interview.in28minutes.com/interview-guides/docker/docker-security/
2026-05-13 16:46:37.535 [main] DEBUG c.i.webscraper.scraper.WebScraper - HTTP 200 ← https://interview.in28minutes.com/interview-guides/docker/docker-security/
2026-05-13 16:46:37.542 [main] DEBUG c.i.webscraper.scraper.WebScraper -      9 question heading(s) in 'Docker Security'.
2026-05-13 16:46:37.543 [main] DEBUG c.i.webscraper.scraper.WebScraper -        Q[36chars] | A[733chars] | Code[0]
2026-05-13 16:46:37.543 [main] DEBUG c.i.webscraper.scraper.WebScraper -        Q[53chars] | A[1621chars] | Code[0]
2026-05-13 16:46:37.544 [main] DEBUG c.i.webscraper.scraper.WebScraper -        Q[45chars] | A[303chars] | Code[1]
2026-05-13 16:46:37.544 [main] DEBUG c.i.webscraper.scraper.WebScraper -        Q[54chars] | A[1036chars] | Code[1]
2026-05-13 16:46:37.546 [main] DEBUG c.i.webscraper.scraper.WebScraper -        Q[43chars] | A[1965chars] | Code[5]
2026-05-13 16:46:37.547 [main] DEBUG c.i.webscraper.scraper.WebScraper -        Q[74chars] | A[878chars] | Code[3]
2026-05-13 16:46:37.547 [main] DEBUG c.i.webscraper.scraper.WebScraper -        Q[53chars] | A[1020chars] | Code[0]
2026-05-13 16:46:37.548 [main] DEBUG c.i.webscraper.scraper.WebScraper -        Q[44chars] | A[1841chars] | Code[0]
2026-05-13 16:46:37.549 [main] DEBUG c.i.webscraper.scraper.WebScraper -        Q[42chars] | A[1142chars] | Code[1]
2026-05-13 16:46:37.549 [main] INFO  c.i.webscraper.scraper.WebScraper -      9 Q&A pair(s) extracted.
2026-05-13 16:46:37.550 [main] INFO  c.i.webscraper.scraper.WebScraper -   → Section: 'Docker Compose' (https://interview.in28minutes.com/interview-guides/docker/docker-compose/)
2026-05-13 16:46:37.550 [main] DEBUG c.i.webscraper.scraper.WebScraper - Sleeping 2500ms (attempt 1/3) before: https://interview.in28minutes.com/interview-guides/docker/docker-compose/
2026-05-13 16:46:40.594 [main] DEBUG c.i.webscraper.scraper.WebScraper - HTTP 200 ← https://interview.in28minutes.com/interview-guides/docker/docker-compose/
2026-05-13 16:46:40.600 [main] DEBUG c.i.webscraper.scraper.WebScraper -      6 question heading(s) in 'Docker Compose'.
2026-05-13 16:46:40.601 [main] DEBUG c.i.webscraper.scraper.WebScraper -        Q[36chars] | A[1907chars] | Code[4]
2026-05-13 16:46:40.601 [main] DEBUG c.i.webscraper.scraper.WebScraper -        Q[64chars] | A[722chars] | Code[0]
2026-05-13 16:46:40.602 [main] DEBUG c.i.webscraper.scraper.WebScraper -        Q[43chars] | A[2667chars] | Code[3]
2026-05-13 16:46:40.602 [main] DEBUG c.i.webscraper.scraper.WebScraper -        Q[68chars] | A[580chars] | Code[8]
2026-05-13 16:46:40.602 [main] DEBUG c.i.webscraper.scraper.WebScraper -        Q[48chars] | A[559chars] | Code[4]
2026-05-13 16:46:40.604 [main] DEBUG c.i.webscraper.scraper.WebScraper -        Q[18chars] | A[923chars] | Code[0]
2026-05-13 16:46:40.604 [main] INFO  c.i.webscraper.scraper.WebScraper -      6 Q&A pair(s) extracted.
2026-05-13 16:46:40.604 [main] INFO  c.i.webscraper.scraper.WebScraper -   → Section: 'Advanced Docker Concepts' (https://interview.in28minutes.com/interview-guides/docker/advanced-docker-concepts/)
2026-05-13 16:46:40.604 [main] DEBUG c.i.webscraper.scraper.WebScraper - Sleeping 2500ms (attempt 1/3) before: https://interview.in28minutes.com/interview-guides/docker/advanced-docker-concepts/
2026-05-13 16:46:43.643 [main] DEBUG c.i.webscraper.scraper.WebScraper - HTTP 200 ← https://interview.in28minutes.com/interview-guides/docker/advanced-docker-concepts/
2026-05-13 16:46:43.649 [main] DEBUG c.i.webscraper.scraper.WebScraper -      5 question heading(s) in 'Advanced Docker Concepts'.
2026-05-13 16:46:43.650 [main] DEBUG c.i.webscraper.scraper.WebScraper -        Q[10chars] | A[1446chars] | Code[0]
2026-05-13 16:46:43.651 [main] DEBUG c.i.webscraper.scraper.WebScraper -        Q[60chars] | A[894chars] | Code[5]
2026-05-13 16:46:43.652 [main] DEBUG c.i.webscraper.scraper.WebScraper -        Q[64chars] | A[1599chars] | Code[0]
2026-05-13 16:46:43.653 [main] INFO  c.i.webscraper.scraper.WebScraper -      3 Q&A pair(s) extracted.
2026-05-13 16:46:43.653 [main] INFO  c.i.webscraper.scraper.WebScraper -   → Section: 'Docker Cheat Sheet' (https://interview.in28minutes.com/interview-guides/docker/docker-cheat-sheet/)
2026-05-13 16:46:43.653 [main] DEBUG c.i.webscraper.scraper.WebScraper - Sleeping 2500ms (attempt 1/3) before: https://interview.in28minutes.com/interview-guides/docker/docker-cheat-sheet/
2026-05-13 16:46:46.670 [main] DEBUG c.i.webscraper.scraper.WebScraper - HTTP 200 ← https://interview.in28minutes.com/interview-guides/docker/docker-cheat-sheet/
2026-05-13 16:46:46.674 [main] DEBUG c.i.webscraper.scraper.WebScraper -      9 question heading(s) in 'Docker Cheat Sheet'.
2026-05-13 16:46:46.674 [main] WARN  c.i.webscraper.scraper.WebScraper -      Section 'Docker Cheat Sheet' had no Q&A pairs.
2026-05-13 16:46:46.674 [main] INFO  c.i.webscraper.scraper.WebScraper -   → Section: 'Docker Interview - Diagrams' (https://interview.in28minutes.com/interview-guides/docker/docker-interview-diagrams/)
2026-05-13 16:46:46.674 [main] DEBUG c.i.webscraper.scraper.WebScraper - Sleeping 2500ms (attempt 1/3) before: https://interview.in28minutes.com/interview-guides/docker/docker-interview-diagrams/
2026-05-13 16:46:49.659 [main] DEBUG c.i.webscraper.scraper.WebScraper - HTTP 200 ← https://interview.in28minutes.com/interview-guides/docker/docker-interview-diagrams/
2026-05-13 16:46:49.670 [main] DEBUG c.i.webscraper.scraper.WebScraper -      10 question heading(s) in 'Docker Interview - Diagrams'.
2026-05-13 16:46:49.672 [main] DEBUG c.i.webscraper.scraper.WebScraper -        Q[29chars] | A[0chars] | Code[1]
2026-05-13 16:46:49.673 [main] INFO  c.i.webscraper.scraper.WebScraper -      1 Q&A pair(s) extracted.
2026-05-13 16:46:49.673 [main] INFO  c.i.webscraper.scraper.WebScraper - Topic 'Docker' complete → 9 section(s).
2026-05-13 16:46:49.673 [main] INFO  c.i.webscraper.scraper.WebScraper - ---------- Topic: Kubernetes → https://interview.in28minutes.com/kubernetes/
2026-05-13 16:46:49.674 [main] DEBUG c.i.webscraper.scraper.WebScraper - Sleeping 2500ms (attempt 1/3) before: https://interview.in28minutes.com/kubernetes/
2026-05-13 16:46:52.996 [main] DEBUG c.i.webscraper.scraper.WebScraper - HTTP 200 ← https://interview.in28minutes.com/kubernetes/
2026-05-13 16:46:53.000 [main] DEBUG c.i.webscraper.scraper.WebScraper - Topic 'Kubernetes' → 10 card(s) found.
2026-05-13 16:46:53.000 [main] INFO  c.i.webscraper.scraper.WebScraper -   → Section: 'Kubernetes Landscape' (https://interview.in28minutes.com/interview-guides/kubernetes/kubernetes-landscape/)
2026-05-13 16:46:53.002 [main] DEBUG c.i.webscraper.scraper.WebScraper - Sleeping 2500ms (attempt 1/3) before: https://interview.in28minutes.com/interview-guides/kubernetes/kubernetes-landscape/
2026-05-13 16:46:56.486 [main] DEBUG c.i.webscraper.scraper.WebScraper - HTTP 200 ← https://interview.in28minutes.com/interview-guides/kubernetes/kubernetes-landscape/
2026-05-13 16:46:56.492 [main] DEBUG c.i.webscraper.scraper.WebScraper -      6 question heading(s) in 'Kubernetes Landscape'.
2026-05-13 16:46:56.493 [main] DEBUG c.i.webscraper.scraper.WebScraper -        Q[60chars] | A[505chars] | Code[0]
2026-05-13 16:46:56.495 [main] DEBUG c.i.webscraper.scraper.WebScraper -        Q[57chars] | A[2666chars] | Code[0]
2026-05-13 16:46:56.495 [main] DEBUG c.i.webscraper.scraper.WebScraper -        Q[38chars] | A[893chars] | Code[0]
2026-05-13 16:46:56.496 [main] DEBUG c.i.webscraper.scraper.WebScraper -        Q[53chars] | A[988chars] | Code[0]
2026-05-13 16:46:56.496 [main] DEBUG c.i.webscraper.scraper.WebScraper -        Q[39chars] | A[674chars] | Code[0]
2026-05-13 16:46:56.496 [main] INFO  c.i.webscraper.scraper.WebScraper -      5 Q&A pair(s) extracted.
2026-05-13 16:46:56.497 [main] INFO  c.i.webscraper.scraper.WebScraper -   → Section: 'Kubernetes Fundamentals' (https://interview.in28minutes.com/interview-guides/kubernetes/kubernetes-fundamentals/)
2026-05-13 16:46:56.497 [main] DEBUG c.i.webscraper.scraper.WebScraper - Sleeping 2500ms (attempt 1/3) before: https://interview.in28minutes.com/interview-guides/kubernetes/kubernetes-fundamentals/
2026-05-13 16:46:59.409 [main] DEBUG c.i.webscraper.scraper.WebScraper - HTTP 200 ← https://interview.in28minutes.com/interview-guides/kubernetes/kubernetes-fundamentals/
2026-05-13 16:46:59.414 [main] DEBUG c.i.webscraper.scraper.WebScraper -      6 question heading(s) in 'Kubernetes Fundamentals'.
2026-05-13 16:46:59.415 [main] DEBUG c.i.webscraper.scraper.WebScraper -        Q[40chars] | A[1535chars] | Code[0]
2026-05-13 16:46:59.417 [main] DEBUG c.i.webscraper.scraper.WebScraper -        Q[53chars] | A[1268chars] | Code[2]
2026-05-13 16:46:59.418 [main] DEBUG c.i.webscraper.scraper.WebScraper -        Q[63chars] | A[1213chars] | Code[0]
2026-05-13 16:46:59.419 [main] DEBUG c.i.webscraper.scraper.WebScraper -        Q[60chars] | A[1250chars] | Code[1]
2026-05-13 16:46:59.420 [main] DEBUG c.i.webscraper.scraper.WebScraper -        Q[62chars] | A[1511chars] | Code[1]
2026-05-13 16:46:59.421 [main] DEBUG c.i.webscraper.scraper.WebScraper -        Q[73chars] | A[1854chars] | Code[1]
2026-05-13 16:46:59.421 [main] INFO  c.i.webscraper.scraper.WebScraper -      6 Q&A pair(s) extracted.
2026-05-13 16:46:59.422 [main] INFO  c.i.webscraper.scraper.WebScraper -   → Section: 'Kubernetes Services and Networking' (https://interview.in28minutes.com/interview-guides/kubernetes/kubernetes-services-and-networking/)
2026-05-13 16:46:59.422 [main] DEBUG c.i.webscraper.scraper.WebScraper - Sleeping 2500ms (attempt 1/3) before: https://interview.in28minutes.com/interview-guides/kubernetes/kubernetes-services-and-networking/
2026-05-13 16:47:02.471 [main] DEBUG c.i.webscraper.scraper.WebScraper - HTTP 200 ← https://interview.in28minutes.com/interview-guides/kubernetes/kubernetes-services-and-networking/
2026-05-13 16:47:02.478 [main] DEBUG c.i.webscraper.scraper.WebScraper -      9 question heading(s) in 'Kubernetes Services and Networking'.
2026-05-13 16:47:02.479 [main] DEBUG c.i.webscraper.scraper.WebScraper -        Q[36chars] | A[220chars] | Code[1]
2026-05-13 16:47:02.480 [main] DEBUG c.i.webscraper.scraper.WebScraper -        Q[41chars] | A[1007chars] | Code[0]
2026-05-13 16:47:02.481 [main] DEBUG c.i.webscraper.scraper.WebScraper -        Q[29chars] | A[2847chars] | Code[0]
2026-05-13 16:47:02.481 [main] DEBUG c.i.webscraper.scraper.WebScraper -        Q[56chars] | A[967chars] | Code[0]
2026-05-13 16:47:02.482 [main] DEBUG c.i.webscraper.scraper.WebScraper -        Q[47chars] | A[1420chars] | Code[0]
2026-05-13 16:47:02.484 [main] DEBUG c.i.webscraper.scraper.WebScraper -        Q[45chars] | A[3682chars] | Code[0]
2026-05-13 16:47:02.486 [main] DEBUG c.i.webscraper.scraper.WebScraper -        Q[26chars] | A[710chars] | Code[1]
2026-05-13 16:47:02.487 [main] DEBUG c.i.webscraper.scraper.WebScraper -        Q[37chars] | A[1063chars] | Code[0]
2026-05-13 16:47:02.487 [main] INFO  c.i.webscraper.scraper.WebScraper -      8 Q&A pair(s) extracted.
2026-05-13 16:47:02.487 [main] INFO  c.i.webscraper.scraper.WebScraper -   → Section: 'More Kubernetes Fundamentals' (https://interview.in28minutes.com/interview-guides/kubernetes/more-kubernetes-fundamentals/)
2026-05-13 16:47:02.487 [main] DEBUG c.i.webscraper.scraper.WebScraper - Sleeping 2500ms (attempt 1/3) before: https://interview.in28minutes.com/interview-guides/kubernetes/more-kubernetes-fundamentals/
2026-05-13 16:47:05.531 [main] DEBUG c.i.webscraper.scraper.WebScraper - HTTP 200 ← https://interview.in28minutes.com/interview-guides/kubernetes/more-kubernetes-fundamentals/
2026-05-13 16:47:05.543 [main] DEBUG c.i.webscraper.scraper.WebScraper -      18 question heading(s) in 'More Kubernetes Fundamentals'.
2026-05-13 16:47:05.544 [main] DEBUG c.i.webscraper.scraper.WebScraper -        Q[36chars] | A[1464chars] | Code[1]
2026-05-13 16:47:05.545 [main] DEBUG c.i.webscraper.scraper.WebScraper -        Q[34chars] | A[31chars] | Code[2]
2026-05-13 16:47:05.545 [main] DEBUG c.i.webscraper.scraper.WebScraper -        Q[31chars] | A[75chars] | Code[1]
2026-05-13 16:47:05.546 [main] DEBUG c.i.webscraper.scraper.WebScraper -        Q[35chars] | A[313chars] | Code[3]
2026-05-13 16:47:05.546 [main] DEBUG c.i.webscraper.scraper.WebScraper -        Q[47chars] | A[1068chars] | Code[0]
2026-05-13 16:47:05.547 [main] DEBUG c.i.webscraper.scraper.WebScraper -        Q[39chars] | A[734chars] | Code[0]
2026-05-13 16:47:05.548 [main] DEBUG c.i.webscraper.scraper.WebScraper -        Q[20chars] | A[971chars] | Code[2]
2026-05-13 16:47:05.548 [main] DEBUG c.i.webscraper.scraper.WebScraper -        Q[19chars] | A[378chars] | Code[0]
2026-05-13 16:47:05.548 [main] DEBUG c.i.webscraper.scraper.WebScraper -        Q[33chars] | A[800chars] | Code[0]
2026-05-13 16:47:05.549 [main] DEBUG c.i.webscraper.scraper.WebScraper -        Q[60chars] | A[154chars] | Code[1]
2026-05-13 16:47:05.549 [main] DEBUG c.i.webscraper.scraper.WebScraper -        Q[43chars] | A[203chars] | Code[0]
2026-05-13 16:47:05.549 [main] DEBUG c.i.webscraper.scraper.WebScraper -        Q[40chars] | A[241chars] | Code[1]
2026-05-13 16:47:05.551 [main] DEBUG c.i.webscraper.scraper.WebScraper -        Q[32chars] | A[1046chars] | Code[1]
2026-05-13 16:47:05.551 [main] DEBUG c.i.webscraper.scraper.WebScraper -        Q[27chars] | A[859chars] | Code[0]
2026-05-13 16:47:05.552 [main] DEBUG c.i.webscraper.scraper.WebScraper -        Q[49chars] | A[1285chars] | Code[0]
2026-05-13 16:47:05.552 [main] INFO  c.i.webscraper.scraper.WebScraper -      15 Q&A pair(s) extracted.
2026-05-13 16:47:05.553 [main] INFO  c.i.webscraper.scraper.WebScraper -   → Section: 'Kubernetes Storage' (https://interview.in28minutes.com/interview-guides/kubernetes/kubernetes-storage/)
2026-05-13 16:47:05.553 [main] DEBUG c.i.webscraper.scraper.WebScraper - Sleeping 2500ms (attempt 1/3) before: https://interview.in28minutes.com/interview-guides/kubernetes/kubernetes-storage/
2026-05-13 16:47:08.894 [main] DEBUG c.i.webscraper.scraper.WebScraper - HTTP 200 ← https://interview.in28minutes.com/interview-guides/kubernetes/kubernetes-storage/
2026-05-13 16:47:08.902 [main] DEBUG c.i.webscraper.scraper.WebScraper -      11 question heading(s) in 'Kubernetes Storage'.
2026-05-13 16:47:08.902 [main] DEBUG c.i.webscraper.scraper.WebScraper -        Q[69chars] | A[547chars] | Code[0]
2026-05-13 16:47:08.903 [main] DEBUG c.i.webscraper.scraper.WebScraper -        Q[43chars] | A[764chars] | Code[0]
2026-05-13 16:47:08.904 [main] DEBUG c.i.webscraper.scraper.WebScraper -        Q[57chars] | A[521chars] | Code[1]
2026-05-13 16:47:08.904 [main] DEBUG c.i.webscraper.scraper.WebScraper -        Q[35chars] | A[724chars] | Code[1]
2026-05-13 16:47:08.904 [main] DEBUG c.i.webscraper.scraper.WebScraper -        Q[36chars] | A[714chars] | Code[1]
2026-05-13 16:47:08.906 [main] DEBUG c.i.webscraper.scraper.WebScraper -        Q[47chars] | A[311chars] | Code[1]
2026-05-13 16:47:08.906 [main] DEBUG c.i.webscraper.scraper.WebScraper -        Q[59chars] | A[209chars] | Code[1]
2026-05-13 16:47:08.906 [main] DEBUG c.i.webscraper.scraper.WebScraper -        Q[42chars] | A[1098chars] | Code[0]
2026-05-13 16:47:08.907 [main] DEBUG c.i.webscraper.scraper.WebScraper -        Q[112chars] | A[1189chars] | Code[0]
2026-05-13 16:47:08.909 [main] DEBUG c.i.webscraper.scraper.WebScraper -        Q[46chars] | A[712chars] | Code[1]
2026-05-13 16:47:08.910 [main] DEBUG c.i.webscraper.scraper.WebScraper -        Q[78chars] | A[1193chars] | Code[1]
2026-05-13 16:47:08.910 [main] INFO  c.i.webscraper.scraper.WebScraper -      11 Q&A pair(s) extracted.
2026-05-13 16:47:08.911 [main] INFO  c.i.webscraper.scraper.WebScraper -   → Section: 'Kubernetes Security' (https://interview.in28minutes.com/interview-guides/kubernetes/kubernetes-security/)
2026-05-13 16:47:08.911 [main] DEBUG c.i.webscraper.scraper.WebScraper - Sleeping 2500ms (attempt 1/3) before: https://interview.in28minutes.com/interview-guides/kubernetes/kubernetes-security/
2026-05-13 16:47:11.933 [main] DEBUG c.i.webscraper.scraper.WebScraper - HTTP 200 ← https://interview.in28minutes.com/interview-guides/kubernetes/kubernetes-security/
2026-05-13 16:47:11.938 [main] DEBUG c.i.webscraper.scraper.WebScraper -      10 question heading(s) in 'Kubernetes Security'.
2026-05-13 16:47:11.938 [main] DEBUG c.i.webscraper.scraper.WebScraper -        Q[49chars] | A[794chars] | Code[1]
2026-05-13 16:47:11.938 [main] DEBUG c.i.webscraper.scraper.WebScraper -        Q[44chars] | A[671chars] | Code[1]
2026-05-13 16:47:11.939 [main] DEBUG c.i.webscraper.scraper.WebScraper -        Q[56chars] | A[867chars] | Code[1]
2026-05-13 16:47:11.939 [main] DEBUG c.i.webscraper.scraper.WebScraper -        Q[38chars] | A[1067chars] | Code[0]
2026-05-13 16:47:11.939 [main] DEBUG c.i.webscraper.scraper.WebScraper -        Q[42chars] | A[0chars] | Code[1]
2026-05-13 16:47:11.939 [main] DEBUG c.i.webscraper.scraper.WebScraper -        Q[39chars] | A[1214chars] | Code[0]
2026-05-13 16:47:11.940 [main] DEBUG c.i.webscraper.scraper.WebScraper -        Q[87chars] | A[1599chars] | Code[1]
2026-05-13 16:47:11.940 [main] DEBUG c.i.webscraper.scraper.WebScraper -        Q[37chars] | A[925chars] | Code[1]
2026-05-13 16:47:11.940 [main] INFO  c.i.webscraper.scraper.WebScraper -      8 Q&A pair(s) extracted.
2026-05-13 16:47:11.940 [main] INFO  c.i.webscraper.scraper.WebScraper -   → Section: 'Kubernetes Scheduling' (https://interview.in28minutes.com/interview-guides/kubernetes/kubernetes-scheduling/)
2026-05-13 16:47:11.940 [main] DEBUG c.i.webscraper.scraper.WebScraper - Sleeping 2500ms (attempt 1/3) before: https://interview.in28minutes.com/interview-guides/kubernetes/kubernetes-scheduling/
2026-05-13 16:47:14.942 [main] DEBUG c.i.webscraper.scraper.WebScraper - HTTP 200 ← https://interview.in28minutes.com/interview-guides/kubernetes/kubernetes-scheduling/
2026-05-13 16:47:14.949 [main] DEBUG c.i.webscraper.scraper.WebScraper -      13 question heading(s) in 'Kubernetes Scheduling'.
2026-05-13 16:47:14.950 [main] DEBUG c.i.webscraper.scraper.WebScraper -        Q[35chars] | A[817chars] | Code[0]
2026-05-13 16:47:14.950 [main] DEBUG c.i.webscraper.scraper.WebScraper -        Q[32chars] | A[0chars] | Code[1]
2026-05-13 16:47:14.951 [main] DEBUG c.i.webscraper.scraper.WebScraper -        Q[63chars] | A[464chars] | Code[1]
2026-05-13 16:47:14.952 [main] DEBUG c.i.webscraper.scraper.WebScraper -        Q[28chars] | A[826chars] | Code[0]
2026-05-13 16:47:14.953 [main] DEBUG c.i.webscraper.scraper.WebScraper -        Q[31chars] | A[0chars] | Code[1]
2026-05-13 16:47:14.953 [main] DEBUG c.i.webscraper.scraper.WebScraper -        Q[22chars] | A[772chars] | Code[0]
2026-05-13 16:47:14.954 [main] DEBUG c.i.webscraper.scraper.WebScraper -        Q[32chars] | A[0chars] | Code[1]
2026-05-13 16:47:14.954 [main] DEBUG c.i.webscraper.scraper.WebScraper -        Q[32chars] | A[1180chars] | Code[0]
2026-05-13 16:47:14.955 [main] DEBUG c.i.webscraper.scraper.WebScraper -        Q[41chars] | A[0chars] | Code[1]
2026-05-13 16:47:14.956 [main] DEBUG c.i.webscraper.scraper.WebScraper -        Q[32chars] | A[648chars] | Code[1]
2026-05-13 16:47:14.957 [main] DEBUG c.i.webscraper.scraper.WebScraper -        Q[40chars] | A[871chars] | Code[0]
2026-05-13 16:47:14.957 [main] INFO  c.i.webscraper.scraper.WebScraper -      11 Q&A pair(s) extracted.
2026-05-13 16:47:14.957 [main] INFO  c.i.webscraper.scraper.WebScraper -   → Section: 'Kubernetes Observability' (https://interview.in28minutes.com/interview-guides/kubernetes/kubernetes-observability/)
2026-05-13 16:47:14.958 [main] DEBUG c.i.webscraper.scraper.WebScraper - Sleeping 2500ms (attempt 1/3) before: https://interview.in28minutes.com/interview-guides/kubernetes/kubernetes-observability/
2026-05-13 16:47:18.043 [main] DEBUG c.i.webscraper.scraper.WebScraper - HTTP 200 ← https://interview.in28minutes.com/interview-guides/kubernetes/kubernetes-observability/
2026-05-13 16:47:18.046 [main] DEBUG c.i.webscraper.scraper.WebScraper -      9 question heading(s) in 'Kubernetes Observability'.
2026-05-13 16:47:18.047 [main] DEBUG c.i.webscraper.scraper.WebScraper -        Q[19chars] | A[960chars] | Code[0]
2026-05-13 16:47:18.048 [main] DEBUG c.i.webscraper.scraper.WebScraper -        Q[22chars] | A[992chars] | Code[0]
2026-05-13 16:47:18.048 [main] DEBUG c.i.webscraper.scraper.WebScraper -        Q[22chars] | A[1220chars] | Code[0]
2026-05-13 16:47:18.049 [main] DEBUG c.i.webscraper.scraper.WebScraper -        Q[50chars] | A[831chars] | Code[0]
2026-05-13 16:47:18.049 [main] DEBUG c.i.webscraper.scraper.WebScraper -        Q[29chars] | A[760chars] | Code[0]
2026-05-13 16:47:18.050 [main] DEBUG c.i.webscraper.scraper.WebScraper -        Q[24chars] | A[239chars] | Code[1]
2026-05-13 16:47:18.050 [main] DEBUG c.i.webscraper.scraper.WebScraper -        Q[33chars] | A[599chars] | Code[1]
2026-05-13 16:47:18.050 [main] INFO  c.i.webscraper.scraper.WebScraper -      7 Q&A pair(s) extracted.
2026-05-13 16:47:18.051 [main] INFO  c.i.webscraper.scraper.WebScraper -   → Section: 'More Kubernetes Essentials' (https://interview.in28minutes.com/interview-guides/kubernetes/more-kubernetes-essentials/)
2026-05-13 16:47:18.051 [main] DEBUG c.i.webscraper.scraper.WebScraper - Sleeping 2500ms (attempt 1/3) before: https://interview.in28minutes.com/interview-guides/kubernetes/more-kubernetes-essentials/
2026-05-13 16:47:21.404 [main] DEBUG c.i.webscraper.scraper.WebScraper - HTTP 200 ← https://interview.in28minutes.com/interview-guides/kubernetes/more-kubernetes-essentials/
2026-05-13 16:47:21.410 [main] DEBUG c.i.webscraper.scraper.WebScraper -      11 question heading(s) in 'More Kubernetes Essentials'.
2026-05-13 16:47:21.412 [main] DEBUG c.i.webscraper.scraper.WebScraper -        Q[12chars] | A[1464chars] | Code[0]
2026-05-13 16:47:21.413 [main] DEBUG c.i.webscraper.scraper.WebScraper -        Q[12chars] | A[796chars] | Code[0]
2026-05-13 16:47:21.413 [main] DEBUG c.i.webscraper.scraper.WebScraper -        Q[12chars] | A[1221chars] | Code[0]
2026-05-13 16:47:21.414 [main] DEBUG c.i.webscraper.scraper.WebScraper -        Q[53chars] | A[1013chars] | Code[0]
2026-05-13 16:47:21.415 [main] DEBUG c.i.webscraper.scraper.WebScraper -        Q[45chars] | A[846chars] | Code[0]
2026-05-13 16:47:21.415 [main] DEBUG c.i.webscraper.scraper.WebScraper -        Q[19chars] | A[1578chars] | Code[1]
2026-05-13 16:47:21.416 [main] DEBUG c.i.webscraper.scraper.WebScraper -        Q[26chars] | A[880chars] | Code[1]
2026-05-13 16:47:21.417 [main] DEBUG c.i.webscraper.scraper.WebScraper -        Q[18chars] | A[945chars] | Code[2]
2026-05-13 16:47:21.418 [main] DEBUG c.i.webscraper.scraper.WebScraper -        Q[56chars] | A[1880chars] | Code[0]
2026-05-13 16:47:21.418 [main] INFO  c.i.webscraper.scraper.WebScraper -      9 Q&A pair(s) extracted.
2026-05-13 16:47:21.418 [main] INFO  c.i.webscraper.scraper.WebScraper -   → Section: 'Kubernetes Interview - Diagrams' (https://interview.in28minutes.com/interview-guides/kubernetes/kubernetes-interview-diagrams/)
2026-05-13 16:47:21.418 [main] DEBUG c.i.webscraper.scraper.WebScraper - Sleeping 2500ms (attempt 1/3) before: https://interview.in28minutes.com/interview-guides/kubernetes/kubernetes-interview-diagrams/
2026-05-13 16:47:24.593 [main] DEBUG c.i.webscraper.scraper.WebScraper - HTTP 200 ← https://interview.in28minutes.com/interview-guides/kubernetes/kubernetes-interview-diagrams/
2026-05-13 16:47:24.601 [main] DEBUG c.i.webscraper.scraper.WebScraper -      16 question heading(s) in 'Kubernetes Interview - Diagrams'.
2026-05-13 16:47:24.602 [main] DEBUG c.i.webscraper.scraper.WebScraper -        Q[26chars] | A[0chars] | Code[1]
2026-05-13 16:47:24.602 [main] DEBUG c.i.webscraper.scraper.WebScraper -        Q[26chars] | A[0chars] | Code[1]
2026-05-13 16:47:24.603 [main] DEBUG c.i.webscraper.scraper.WebScraper -        Q[7chars] | A[0chars] | Code[1]
2026-05-13 16:47:24.604 [main] DEBUG c.i.webscraper.scraper.WebScraper -        Q[6chars] | A[17chars] | Code[0]
2026-05-13 16:47:24.604 [main] DEBUG c.i.webscraper.scraper.WebScraper -        Q[7chars] | A[0chars] | Code[1]
2026-05-13 16:47:24.604 [main] DEBUG c.i.webscraper.scraper.WebScraper -        Q[12chars] | A[0chars] | Code[1]
2026-05-13 16:47:24.605 [main] INFO  c.i.webscraper.scraper.WebScraper -      6 Q&A pair(s) extracted.
2026-05-13 16:47:24.605 [main] INFO  c.i.webscraper.scraper.WebScraper - Topic 'Kubernetes' complete → 10 section(s).
2026-05-13 16:47:24.606 [main] INFO  c.i.webscraper.scraper.WebScraper - ---------- Topic: Terraform → https://interview.in28minutes.com/terraform/
2026-05-13 16:47:24.606 [main] DEBUG c.i.webscraper.scraper.WebScraper - Sleeping 2500ms (attempt 1/3) before: https://interview.in28minutes.com/terraform/
2026-05-13 16:47:27.561 [main] DEBUG c.i.webscraper.scraper.WebScraper - HTTP 200 ← https://interview.in28minutes.com/terraform/
2026-05-13 16:47:27.564 [main] DEBUG c.i.webscraper.scraper.WebScraper - Topic 'Terraform' → 5 card(s) found.
2026-05-13 16:47:27.564 [main] INFO  c.i.webscraper.scraper.WebScraper -   → Section: 'Introduction to Terraform' (https://interview.in28minutes.com/interview-guides/terraform/introduction-to-terraform/)
2026-05-13 16:47:27.565 [main] DEBUG c.i.webscraper.scraper.WebScraper - Sleeping 2500ms (attempt 1/3) before: https://interview.in28minutes.com/interview-guides/terraform/introduction-to-terraform/
2026-05-13 16:47:30.833 [main] DEBUG c.i.webscraper.scraper.WebScraper - HTTP 200 ← https://interview.in28minutes.com/interview-guides/terraform/introduction-to-terraform/
2026-05-13 16:47:30.839 [main] DEBUG c.i.webscraper.scraper.WebScraper -      9 question heading(s) in 'Introduction to Terraform'.
2026-05-13 16:47:30.840 [main] DEBUG c.i.webscraper.scraper.WebScraper -        Q[18chars] | A[1245chars] | Code[0]
2026-05-13 16:47:30.841 [main] DEBUG c.i.webscraper.scraper.WebScraper -        Q[58chars] | A[1831chars] | Code[0]
2026-05-13 16:47:30.841 [main] DEBUG c.i.webscraper.scraper.WebScraper -        Q[80chars] | A[1062chars] | Code[0]
2026-05-13 16:47:30.842 [main] DEBUG c.i.webscraper.scraper.WebScraper -        Q[46chars] | A[1044chars] | Code[1]
2026-05-13 16:47:30.843 [main] DEBUG c.i.webscraper.scraper.WebScraper -        Q[43chars] | A[2302chars] | Code[0]
2026-05-13 16:47:30.844 [main] DEBUG c.i.webscraper.scraper.WebScraper -        Q[62chars] | A[884chars] | Code[0]
2026-05-13 16:47:30.844 [main] DEBUG c.i.webscraper.scraper.WebScraper -        Q[42chars] | A[1068chars] | Code[1]
2026-05-13 16:47:30.845 [main] DEBUG c.i.webscraper.scraper.WebScraper -        Q[60chars] | A[432chars] | Code[1]
2026-05-13 16:47:30.845 [main] INFO  c.i.webscraper.scraper.WebScraper -      8 Q&A pair(s) extracted.
2026-05-13 16:47:30.846 [main] INFO  c.i.webscraper.scraper.WebScraper -   → Section: 'Terraform Language - HCL' (https://interview.in28minutes.com/interview-guides/terraform/terraform-language-hcl/)
2026-05-13 16:47:30.846 [main] DEBUG c.i.webscraper.scraper.WebScraper - Sleeping 2500ms (attempt 1/3) before: https://interview.in28minutes.com/interview-guides/terraform/terraform-language-hcl/
2026-05-13 16:47:33.953 [main] DEBUG c.i.webscraper.scraper.WebScraper - HTTP 200 ← https://interview.in28minutes.com/interview-guides/terraform/terraform-language-hcl/
2026-05-13 16:47:33.959 [main] DEBUG c.i.webscraper.scraper.WebScraper -      8 question heading(s) in 'Terraform Language - HCL'.
2026-05-13 16:47:33.959 [main] DEBUG c.i.webscraper.scraper.WebScraper -        Q[68chars] | A[866chars] | Code[0]
2026-05-13 16:47:33.960 [main] DEBUG c.i.webscraper.scraper.WebScraper -        Q[68chars] | A[550chars] | Code[1]
2026-05-13 16:47:33.961 [main] DEBUG c.i.webscraper.scraper.WebScraper -        Q[38chars] | A[824chars] | Code[1]
2026-05-13 16:47:33.961 [main] DEBUG c.i.webscraper.scraper.WebScraper -        Q[65chars] | A[503chars] | Code[1]
2026-05-13 16:47:33.962 [main] DEBUG c.i.webscraper.scraper.WebScraper -        Q[35chars] | A[792chars] | Code[1]
2026-05-13 16:47:33.963 [main] DEBUG c.i.webscraper.scraper.WebScraper -        Q[54chars] | A[518chars] | Code[4]
2026-05-13 16:47:33.963 [main] DEBUG c.i.webscraper.scraper.WebScraper -        Q[49chars] | A[1001chars] | Code[1]
2026-05-13 16:47:33.964 [main] DEBUG c.i.webscraper.scraper.WebScraper -        Q[50chars] | A[135chars] | Code[1]
2026-05-13 16:47:33.964 [main] INFO  c.i.webscraper.scraper.WebScraper -      8 Q&A pair(s) extracted.
2026-05-13 16:47:33.965 [main] INFO  c.i.webscraper.scraper.WebScraper -   → Section: 'Terraform State Management' (https://interview.in28minutes.com/interview-guides/terraform/terraform-state-management/)
2026-05-13 16:47:33.965 [main] DEBUG c.i.webscraper.scraper.WebScraper - Sleeping 2500ms (attempt 1/3) before: https://interview.in28minutes.com/interview-guides/terraform/terraform-state-management/
2026-05-13 16:47:36.969 [main] DEBUG c.i.webscraper.scraper.WebScraper - HTTP 200 ← https://interview.in28minutes.com/interview-guides/terraform/terraform-state-management/
2026-05-13 16:47:36.977 [main] DEBUG c.i.webscraper.scraper.WebScraper -      8 question heading(s) in 'Terraform State Management'.
2026-05-13 16:47:36.978 [main] DEBUG c.i.webscraper.scraper.WebScraper -        Q[37chars] | A[1264chars] | Code[0]
2026-05-13 16:47:36.980 [main] DEBUG c.i.webscraper.scraper.WebScraper -        Q[42chars] | A[4808chars] | Code[4]
2026-05-13 16:47:36.981 [main] DEBUG c.i.webscraper.scraper.WebScraper -        Q[49chars] | A[958chars] | Code[1]
2026-05-13 16:47:36.982 [main] DEBUG c.i.webscraper.scraper.WebScraper -        Q[60chars] | A[523chars] | Code[1]
2026-05-13 16:47:36.983 [main] DEBUG c.i.webscraper.scraper.WebScraper -        Q[18chars] | A[2007chars] | Code[0]
2026-05-13 16:47:36.984 [main] DEBUG c.i.webscraper.scraper.WebScraper -        Q[30chars] | A[2340chars] | Code[0]
2026-05-13 16:47:36.985 [main] DEBUG c.i.webscraper.scraper.WebScraper -        Q[73chars] | A[682chars] | Code[2]
2026-05-13 16:47:36.986 [main] DEBUG c.i.webscraper.scraper.WebScraper -        Q[64chars] | A[829chars] | Code[1]
2026-05-13 16:47:36.986 [main] INFO  c.i.webscraper.scraper.WebScraper -      8 Q&A pair(s) extracted.
2026-05-13 16:47:36.986 [main] INFO  c.i.webscraper.scraper.WebScraper -   → Section: 'Terraform Best Practices' (https://interview.in28minutes.com/interview-guides/terraform/terraform-best-practices/)
2026-05-13 16:47:36.987 [main] DEBUG c.i.webscraper.scraper.WebScraper - Sleeping 2500ms (attempt 1/3) before: https://interview.in28minutes.com/interview-guides/terraform/terraform-best-practices/
2026-05-13 16:47:40.166 [main] DEBUG c.i.webscraper.scraper.WebScraper - HTTP 200 ← https://interview.in28minutes.com/interview-guides/terraform/terraform-best-practices/
2026-05-13 16:47:40.171 [main] DEBUG c.i.webscraper.scraper.WebScraper -      8 question heading(s) in 'Terraform Best Practices'.
2026-05-13 16:47:40.173 [main] DEBUG c.i.webscraper.scraper.WebScraper -        Q[52chars] | A[1467chars] | Code[1]
2026-05-13 16:47:40.174 [main] DEBUG c.i.webscraper.scraper.WebScraper -        Q[55chars] | A[1090chars] | Code[1]
2026-05-13 16:47:40.175 [main] DEBUG c.i.webscraper.scraper.WebScraper -        Q[27chars] | A[1729chars] | Code[3]
2026-05-13 16:47:40.176 [main] DEBUG c.i.webscraper.scraper.WebScraper -        Q[42chars] | A[1357chars] | Code[0]
2026-05-13 16:47:40.177 [main] DEBUG c.i.webscraper.scraper.WebScraper -        Q[62chars] | A[1105chars] | Code[0]
2026-05-13 16:47:40.177 [main] DEBUG c.i.webscraper.scraper.WebScraper -        Q[37chars] | A[789chars] | Code[0]
2026-05-13 16:47:40.178 [main] DEBUG c.i.webscraper.scraper.WebScraper -        Q[38chars] | A[1222chars] | Code[0]
2026-05-13 16:47:40.179 [main] DEBUG c.i.webscraper.scraper.WebScraper -        Q[27chars] | A[2676chars] | Code[0]
2026-05-13 16:47:40.179 [main] INFO  c.i.webscraper.scraper.WebScraper -      8 Q&A pair(s) extracted.
2026-05-13 16:47:40.179 [main] INFO  c.i.webscraper.scraper.WebScraper -   → Section: 'Terraform Interview - Diagrams' (https://interview.in28minutes.com/interview-guides/terraform/terraform-interview-diagrams/)
2026-05-13 16:47:40.180 [main] DEBUG c.i.webscraper.scraper.WebScraper - Sleeping 2500ms (attempt 1/3) before: https://interview.in28minutes.com/interview-guides/terraform/terraform-interview-diagrams/
2026-05-13 16:47:43.537 [main] DEBUG c.i.webscraper.scraper.WebScraper - HTTP 200 ← https://interview.in28minutes.com/interview-guides/terraform/terraform-interview-diagrams/
2026-05-13 16:47:43.540 [main] DEBUG c.i.webscraper.scraper.WebScraper -      4 question heading(s) in 'Terraform Interview - Diagrams'.
2026-05-13 16:47:43.541 [main] WARN  c.i.webscraper.scraper.WebScraper -      Section 'Terraform Interview - Diagrams' had no Q&A pairs.
2026-05-13 16:47:43.541 [main] INFO  c.i.webscraper.scraper.WebScraper - Topic 'Terraform' complete → 4 section(s).
2026-05-13 16:47:43.542 [main] INFO  c.i.webscraper.scraper.WebScraper - ---------- Topic: Git → https://interview.in28minutes.com/git/
2026-05-13 16:47:43.542 [main] DEBUG c.i.webscraper.scraper.WebScraper - Sleeping 2500ms (attempt 1/3) before: https://interview.in28minutes.com/git/
2026-05-13 16:47:46.514 [main] DEBUG c.i.webscraper.scraper.WebScraper - HTTP 200 ← https://interview.in28minutes.com/git/
2026-05-13 16:47:46.519 [main] DEBUG c.i.webscraper.scraper.WebScraper - Topic 'Git' → 4 card(s) found.
2026-05-13 16:47:46.520 [main] INFO  c.i.webscraper.scraper.WebScraper -   → Section: 'Introduction to Git' (https://interview.in28minutes.com/interview-guides/git/introduction-to-git/)
2026-05-13 16:47:46.520 [main] DEBUG c.i.webscraper.scraper.WebScraper - Sleeping 2500ms (attempt 1/3) before: https://interview.in28minutes.com/interview-guides/git/introduction-to-git/
2026-05-13 16:47:49.554 [main] DEBUG c.i.webscraper.scraper.WebScraper - HTTP 200 ← https://interview.in28minutes.com/interview-guides/git/introduction-to-git/
2026-05-13 16:47:49.560 [main] DEBUG c.i.webscraper.scraper.WebScraper -      10 question heading(s) in 'Introduction to Git'.
2026-05-13 16:47:49.560 [main] DEBUG c.i.webscraper.scraper.WebScraper -        Q[33chars] | A[640chars] | Code[1]
2026-05-13 16:47:49.562 [main] DEBUG c.i.webscraper.scraper.WebScraper -        Q[78chars] | A[834chars] | Code[0]
2026-05-13 16:47:49.563 [main] DEBUG c.i.webscraper.scraper.WebScraper -        Q[42chars] | A[1678chars] | Code[8]
2026-05-13 16:47:49.563 [main] DEBUG c.i.webscraper.scraper.WebScraper -        Q[27chars] | A[1750chars] | Code[0]
2026-05-13 16:47:49.564 [main] DEBUG c.i.webscraper.scraper.WebScraper -        Q[64chars] | A[66chars] | Code[0]
2026-05-13 16:47:49.564 [main] DEBUG c.i.webscraper.scraper.WebScraper -        Q[15chars] | A[1407chars] | Code[0]
2026-05-13 16:47:49.566 [main] DEBUG c.i.webscraper.scraper.WebScraper -        Q[85chars] | A[1112chars] | Code[1]
2026-05-13 16:47:49.567 [main] DEBUG c.i.webscraper.scraper.WebScraper -        Q[38chars] | A[2220chars] | Code[0]
2026-05-13 16:47:49.568 [main] DEBUG c.i.webscraper.scraper.WebScraper -        Q[54chars] | A[1702chars] | Code[0]
2026-05-13 16:47:49.568 [main] DEBUG c.i.webscraper.scraper.WebScraper -        Q[65chars] | A[1263chars] | Code[0]
2026-05-13 16:47:49.569 [main] INFO  c.i.webscraper.scraper.WebScraper -      10 Q&A pair(s) extracted.
2026-05-13 16:47:49.569 [main] INFO  c.i.webscraper.scraper.WebScraper -   → Section: 'Git Branching' (https://interview.in28minutes.com/interview-guides/git/git-branching/)
2026-05-13 16:47:49.569 [main] DEBUG c.i.webscraper.scraper.WebScraper - Sleeping 2500ms (attempt 1/3) before: https://interview.in28minutes.com/interview-guides/git/git-branching/
2026-05-13 16:47:52.614 [main] DEBUG c.i.webscraper.scraper.WebScraper - HTTP 200 ← https://interview.in28minutes.com/interview-guides/git/git-branching/
2026-05-13 16:47:52.619 [main] DEBUG c.i.webscraper.scraper.WebScraper -      7 question heading(s) in 'Git Branching'.
2026-05-13 16:47:52.620 [main] DEBUG c.i.webscraper.scraper.WebScraper -        Q[38chars] | A[1041chars] | Code[0]
2026-05-13 16:47:52.622 [main] DEBUG c.i.webscraper.scraper.WebScraper -        Q[69chars] | A[978chars] | Code[1]
2026-05-13 16:47:52.622 [main] DEBUG c.i.webscraper.scraper.WebScraper -        Q[52chars] | A[2057chars] | Code[6]
2026-05-13 16:47:52.623 [main] DEBUG c.i.webscraper.scraper.WebScraper -        Q[57chars] | A[4002chars] | Code[0]
2026-05-13 16:47:52.624 [main] DEBUG c.i.webscraper.scraper.WebScraper -        Q[18chars] | A[2563chars] | Code[5]
2026-05-13 16:47:52.625 [main] DEBUG c.i.webscraper.scraper.WebScraper -        Q[18chars] | A[1586chars] | Code[0]
2026-05-13 16:47:52.625 [main] DEBUG c.i.webscraper.scraper.WebScraper -        Q[29chars] | A[1280chars] | Code[0]
2026-05-13 16:47:52.626 [main] INFO  c.i.webscraper.scraper.WebScraper -      7 Q&A pair(s) extracted.
2026-05-13 16:47:52.626 [main] INFO  c.i.webscraper.scraper.WebScraper -   → Section: 'Git - Other Features You Need To Know' (https://interview.in28minutes.com/interview-guides/git/git-other-features-you-need-to-know/)
2026-05-13 16:47:52.626 [main] DEBUG c.i.webscraper.scraper.WebScraper - Sleeping 2500ms (attempt 1/3) before: https://interview.in28minutes.com/interview-guides/git/git-other-features-you-need-to-know/
2026-05-13 16:47:55.838 [main] DEBUG c.i.webscraper.scraper.WebScraper - HTTP 200 ← https://interview.in28minutes.com/interview-guides/git/git-other-features-you-need-to-know/
2026-05-13 16:47:55.844 [main] DEBUG c.i.webscraper.scraper.WebScraper -      9 question heading(s) in 'Git - Other Features You Need To Know'.
2026-05-13 16:47:55.846 [main] DEBUG c.i.webscraper.scraper.WebScraper -        Q[67chars] | A[531chars] | Code[1]
2026-05-13 16:47:55.847 [main] DEBUG c.i.webscraper.scraper.WebScraper -        Q[54chars] | A[574chars] | Code[1]
2026-05-13 16:47:55.847 [main] DEBUG c.i.webscraper.scraper.WebScraper -        Q[80chars] | A[517chars] | Code[1]
2026-05-13 16:47:55.848 [main] DEBUG c.i.webscraper.scraper.WebScraper -        Q[59chars] | A[639chars] | Code[2]
2026-05-13 16:47:55.849 [main] DEBUG c.i.webscraper.scraper.WebScraper -        Q[69chars] | A[1120chars] | Code[0]
2026-05-13 16:47:55.849 [main] DEBUG c.i.webscraper.scraper.WebScraper -        Q[70chars] | A[335chars] | Code[1]
2026-05-13 16:47:55.850 [main] DEBUG c.i.webscraper.scraper.WebScraper -        Q[51chars] | A[276chars] | Code[1]
2026-05-13 16:47:55.851 [main] DEBUG c.i.webscraper.scraper.WebScraper -        Q[60chars] | A[331chars] | Code[1]
2026-05-13 16:47:55.851 [main] INFO  c.i.webscraper.scraper.WebScraper -      8 Q&A pair(s) extracted.
2026-05-13 16:47:55.851 [main] INFO  c.i.webscraper.scraper.WebScraper -   → Section: 'Git Interview - Diagrams' (https://interview.in28minutes.com/interview-guides/git/git-interview-diagrams/)
2026-05-13 16:47:55.852 [main] DEBUG c.i.webscraper.scraper.WebScraper - Sleeping 2500ms (attempt 1/3) before: https://interview.in28minutes.com/interview-guides/git/git-interview-diagrams/
2026-05-13 16:47:59.373 [main] DEBUG c.i.webscraper.scraper.WebScraper - HTTP 200 ← https://interview.in28minutes.com/interview-guides/git/git-interview-diagrams/
2026-05-13 16:47:59.378 [main] DEBUG c.i.webscraper.scraper.WebScraper -      9 question heading(s) in 'Git Interview - Diagrams'.
2026-05-13 16:47:59.379 [main] DEBUG c.i.webscraper.scraper.WebScraper -        Q[9chars] | A[38chars] | Code[0]
2026-05-13 16:47:59.380 [main] DEBUG c.i.webscraper.scraper.WebScraper -        Q[16chars] | A[0chars] | Code[1]
2026-05-13 16:47:59.380 [main] DEBUG c.i.webscraper.scraper.WebScraper -        Q[15chars] | A[0chars] | Code[1]
2026-05-13 16:47:59.381 [main] DEBUG c.i.webscraper.scraper.WebScraper -        Q[20chars] | A[0chars] | Code[1]
2026-05-13 16:47:59.381 [main] DEBUG c.i.webscraper.scraper.WebScraper -        Q[19chars] | A[0chars] | Code[1]
2026-05-13 16:47:59.382 [main] DEBUG c.i.webscraper.scraper.WebScraper -        Q[19chars] | A[0chars] | Code[1]
2026-05-13 16:47:59.382 [main] DEBUG c.i.webscraper.scraper.WebScraper -        Q[38chars] | A[0chars] | Code[1]
2026-05-13 16:47:59.382 [main] DEBUG c.i.webscraper.scraper.WebScraper -        Q[7chars] | A[0chars] | Code[1]
2026-05-13 16:47:59.383 [main] DEBUG c.i.webscraper.scraper.WebScraper -        Q[10chars] | A[0chars] | Code[1]
2026-05-13 16:47:59.383 [main] INFO  c.i.webscraper.scraper.WebScraper -      9 Q&A pair(s) extracted.
2026-05-13 16:47:59.384 [main] INFO  c.i.webscraper.scraper.WebScraper - Topic 'Git' complete → 4 section(s).
2026-05-13 16:47:59.384 [main] INFO  c.i.webscraper.scraper.WebScraper - ===== Done. 7 book(s) populated. =====
2026-05-13 16:47:59.385 [main] INFO  com.in28minutes.webscraper.Main - Phase 1 complete. 7 topic(s) scraped successfully:
2026-05-13 16:47:59.385 [main] INFO  com.in28minutes.webscraper.Main -   • Java → 17 section(s)
2026-05-13 16:47:59.386 [main] INFO  com.in28minutes.webscraper.Main -   • DevOps → 1 section(s)
2026-05-13 16:47:59.386 [main] INFO  com.in28minutes.webscraper.Main -   • Cloud → 7 section(s)
2026-05-13 16:47:59.386 [main] INFO  com.in28minutes.webscraper.Main -   • Docker → 9 section(s)
2026-05-13 16:47:59.387 [main] INFO  com.in28minutes.webscraper.Main -   • Kubernetes → 10 section(s)
2026-05-13 16:47:59.387 [main] INFO  com.in28minutes.webscraper.Main -   • Terraform → 4 section(s)
2026-05-13 16:47:59.389 [main] INFO  com.in28minutes.webscraper.Main -   • Git → 4 section(s)
2026-05-13 16:47:59.389 [main] INFO  com.in28minutes.webscraper.Main - Phase 2: PDF generation initiated.
2026-05-13 16:47:59.616 [main] INFO  c.i.webscraper.pdf.PdfGenerator - ===== PDF generation: 7 book(s) =====
2026-05-13 16:47:59.616 [main] INFO  c.i.webscraper.pdf.PdfGenerator - Generating: Java_Interview_Guide.pdf
2026-05-13 16:48:00.377 [main] INFO  c.i.webscraper.pdf.PdfGenerator -   Written: Java_Interview_Guide.pdf (527 KB)
2026-05-13 16:48:00.378 [main] INFO  c.i.webscraper.pdf.PdfGenerator - Generating: DevOps_Interview_Guide.pdf
2026-05-13 16:48:00.399 [main] INFO  c.i.webscraper.pdf.PdfGenerator -   Written: DevOps_Interview_Guide.pdf (17 KB)
2026-05-13 16:48:00.400 [main] INFO  c.i.webscraper.pdf.PdfGenerator - Generating: Cloud_Interview_Guide.pdf
2026-05-13 16:48:00.508 [main] INFO  c.i.webscraper.pdf.PdfGenerator -   Written: Cloud_Interview_Guide.pdf (113 KB)
2026-05-13 16:48:00.508 [main] INFO  c.i.webscraper.pdf.PdfGenerator - Generating: Docker_Interview_Guide.pdf
2026-05-13 16:48:00.630 [main] INFO  c.i.webscraper.pdf.PdfGenerator -   Written: Docker_Interview_Guide.pdf (128 KB)
2026-05-13 16:48:00.632 [main] INFO  c.i.webscraper.pdf.PdfGenerator - Generating: Kubernetes_Interview_Guide.pdf
2026-05-13 16:48:00.764 [main] INFO  c.i.webscraper.pdf.PdfGenerator -   Written: Kubernetes_Interview_Guide.pdf (165 KB)
2026-05-13 16:48:00.765 [main] INFO  c.i.webscraper.pdf.PdfGenerator - Generating: Terraform_Interview_Guide.pdf
2026-05-13 16:48:00.843 [main] INFO  c.i.webscraper.pdf.PdfGenerator -   Written: Terraform_Interview_Guide.pdf (86 KB)
2026-05-13 16:48:00.843 [main] INFO  c.i.webscraper.pdf.PdfGenerator - Generating: Git_Interview_Guide.pdf
2026-05-13 16:48:00.907 [main] INFO  c.i.webscraper.pdf.PdfGenerator -   Written: Git_Interview_Guide.pdf (71 KB)
2026-05-13 16:48:00.908 [main] INFO  c.i.webscraper.pdf.PdfGenerator - ===== Done. 7/7 PDF(s) in 'C:\Users\mmohamm1\OneDrive - Capgemini\Desktop\WebScraper\output' =====
2026-05-13 16:48:00.909 [main] INFO  com.in28minutes.webscraper.Main - =========================================================
2026-05-13 16:48:00.909 [main] INFO  com.in28minutes.webscraper.Main -   All done!  Elapsed time: 203s
2026-05-13 16:48:00.909 [main] INFO  com.in28minutes.webscraper.Main -   Output directory: C:\Users\mmohamm1\OneDrive - Capgemini\Desktop\WebScraper\output
2026-05-13 16:48:00.911 [main] INFO  com.in28minutes.webscraper.Main -   7 PDF file(s) generated:
2026-05-13 16:48:00.912 [main] INFO  com.in28minutes.webscraper.Main -     → Cloud_Interview_Guide.pdf (113 KB)
2026-05-13 16:48:00.912 [main] INFO  com.in28minutes.webscraper.Main -     → DevOps_Interview_Guide.pdf (17 KB)
2026-05-13 16:48:00.912 [main] INFO  com.in28minutes.webscraper.Main -     → Docker_Interview_Guide.pdf (128 KB)
2026-05-13 16:48:00.913 [main] INFO  com.in28minutes.webscraper.Main -     → Git_Interview_Guide.pdf (71 KB)
2026-05-13 16:48:00.913 [main] INFO  com.in28minutes.webscraper.Main -     → Java_Interview_Guide.pdf (527 KB)
2026-05-13 16:48:00.913 [main] INFO  com.in28minutes.webscraper.Main -     → Kubernetes_Interview_Guide.pdf (165 KB)
2026-05-13 16:48:00.914 [main] INFO  com.in28minutes.webscraper.Main -     → Terraform_Interview_Guide.pdf (86 KB)
2026-05-13 16:48:00.914 [main] INFO  com.in28minutes.webscraper.Main - =========================================================
