2026-06-22 12:41:45.083 [main] INFO  com.in28minutes.webscraper.Main - In28Minutes Interview Guide Scraper starting...
2026-06-22 12:41:45.122 [main] INFO  com.in28minutes.webscraper.Main - Phase 1: Web scraping initiated.
2026-06-22 12:41:45.376 [main] INFO  c.i.webscraper.scraper.WebScraper - SSL trust-all installed (scraper mode).
2026-06-22 12:41:45.376 [main] INFO  c.i.webscraper.scraper.WebScraper - ===== Starting scrape for 7 topic(s) =====
2026-06-22 12:41:45.379 [main] INFO  c.i.webscraper.scraper.WebScraper - ---------- Topic: Java → https://interview.in28minutes.com/java/
2026-06-22 12:41:45.380 [main] DEBUG c.i.webscraper.scraper.WebScraper - Sleeping 2500ms (attempt 1/3) before: https://interview.in28minutes.com/java/
2026-06-22 12:41:49.543 [main] DEBUG c.i.webscraper.scraper.WebScraper - HTTP 200 ← https://interview.in28minutes.com/java/
2026-06-22 12:41:49.916 [main] DEBUG c.i.webscraper.scraper.WebScraper - Topic 'Java' → 17 card(s) found.
2026-06-22 12:41:49.942 [main] INFO  c.i.webscraper.scraper.WebScraper -   → Section: 'Java Platform' (https://interview.in28minutes.com/interview-guides/java/java-platform/)
2026-06-22 12:41:49.944 [main] DEBUG c.i.webscraper.scraper.WebScraper - Sleeping 2500ms (attempt 1/3) before: https://interview.in28minutes.com/interview-guides/java/java-platform/
2026-06-22 12:41:53.085 [main] DEBUG c.i.webscraper.scraper.WebScraper - HTTP 200 ← https://interview.in28minutes.com/interview-guides/java/java-platform/
2026-06-22 12:41:53.192 [main] DEBUG c.i.webscraper.scraper.WebScraper -      19 question heading(s) in 'Java Platform'.
2026-06-22 12:41:53.208 [main] DEBUG c.i.webscraper.scraper.WebScraper -        Q[30chars] | A[343chars] | Code[1]
2026-06-22 12:41:53.219 [main] DEBUG c.i.webscraper.scraper.WebScraper -        Q[36chars] | A[744chars] | Code[0]
2026-06-22 12:41:53.230 [main] DEBUG c.i.webscraper.scraper.WebScraper -        Q[32chars] | A[656chars] | Code[3]
2026-06-22 12:41:53.267 [main] DEBUG c.i.webscraper.scraper.WebScraper -        Q[66chars] | A[1977chars] | Code[6]
2026-06-22 12:41:53.275 [main] DEBUG c.i.webscraper.scraper.WebScraper -        Q[17chars] | A[1093chars] | Code[0]
2026-06-22 12:41:53.284 [main] DEBUG c.i.webscraper.scraper.WebScraper -        Q[39chars] | A[351chars] | Code[4]
2026-06-22 12:41:53.302 [main] DEBUG c.i.webscraper.scraper.WebScraper -        Q[48chars] | A[648chars] | Code[9]
2026-06-22 12:41:53.307 [main] DEBUG c.i.webscraper.scraper.WebScraper -        Q[18chars] | A[259chars] | Code[1]
2026-06-22 12:41:53.354 [main] DEBUG c.i.webscraper.scraper.WebScraper -        Q[43chars] | A[321chars] | Code[0]
2026-06-22 12:41:53.367 [main] DEBUG c.i.webscraper.scraper.WebScraper -        Q[27chars] | A[1574chars] | Code[1]
2026-06-22 12:41:53.389 [main] DEBUG c.i.webscraper.scraper.WebScraper -        Q[53chars] | A[590chars] | Code[0]
2026-06-22 12:41:53.393 [main] DEBUG c.i.webscraper.scraper.WebScraper -        Q[89chars] | A[516chars] | Code[2]
2026-06-22 12:41:53.401 [main] DEBUG c.i.webscraper.scraper.WebScraper -        Q[29chars] | A[568chars] | Code[0]
2026-06-22 12:41:53.402 [main] DEBUG c.i.webscraper.scraper.WebScraper -        Q[32chars] | A[375chars] | Code[0]
2026-06-22 12:41:53.405 [main] DEBUG c.i.webscraper.scraper.WebScraper -        Q[74chars] | A[757chars] | Code[0]
2026-06-22 12:41:53.408 [main] DEBUG c.i.webscraper.scraper.WebScraper -        Q[39chars] | A[410chars] | Code[2]
2026-06-22 12:41:53.417 [main] DEBUG c.i.webscraper.scraper.WebScraper -        Q[55chars] | A[1659chars] | Code[8]
2026-06-22 12:41:53.418 [main] DEBUG c.i.webscraper.scraper.WebScraper -        Q[55chars] | A[557chars] | Code[0]
2026-06-22 12:41:53.420 [main] INFO  c.i.webscraper.scraper.WebScraper -      18 Q&A pair(s) extracted.
2026-06-22 12:41:53.423 [main] INFO  c.i.webscraper.scraper.WebScraper -   → Section: 'Java Landscape' (https://interview.in28minutes.com/interview-guides/java/java-landscape/)
2026-06-22 12:41:53.423 [main] DEBUG c.i.webscraper.scraper.WebScraper - Sleeping 2500ms (attempt 1/3) before: https://interview.in28minutes.com/interview-guides/java/java-landscape/
2026-06-22 12:41:56.491 [main] DEBUG c.i.webscraper.scraper.WebScraper - HTTP 200 ← https://interview.in28minutes.com/interview-guides/java/java-landscape/
2026-06-22 12:41:56.522 [main] DEBUG c.i.webscraper.scraper.WebScraper -      12 question heading(s) in 'Java Landscape'.
2026-06-22 12:41:56.524 [main] DEBUG c.i.webscraper.scraper.WebScraper -        Q[14chars] | A[182chars] | Code[0]
2026-06-22 12:41:56.527 [main] DEBUG c.i.webscraper.scraper.WebScraper -        Q[29chars] | A[1077chars] | Code[0]
2026-06-22 12:41:56.530 [main] DEBUG c.i.webscraper.scraper.WebScraper -        Q[47chars] | A[1114chars] | Code[0]
2026-06-22 12:41:56.533 [main] DEBUG c.i.webscraper.scraper.WebScraper -        Q[19chars] | A[310chars] | Code[2]
2026-06-22 12:41:56.538 [main] DEBUG c.i.webscraper.scraper.WebScraper -        Q[51chars] | A[1438chars] | Code[0]
2026-06-22 12:41:56.540 [main] DEBUG c.i.webscraper.scraper.WebScraper -        Q[12chars] | A[844chars] | Code[0]
2026-06-22 12:41:56.543 [main] DEBUG c.i.webscraper.scraper.WebScraper -        Q[10chars] | A[1018chars] | Code[0]
2026-06-22 12:41:56.544 [main] DEBUG c.i.webscraper.scraper.WebScraper -        Q[22chars] | A[100chars] | Code[0]
2026-06-22 12:41:56.547 [main] DEBUG c.i.webscraper.scraper.WebScraper -        Q[63chars] | A[485chars] | Code[0]
2026-06-22 12:41:56.553 [main] DEBUG c.i.webscraper.scraper.WebScraper -        Q[36chars] | A[947chars] | Code[0]
2026-06-22 12:41:56.556 [main] DEBUG c.i.webscraper.scraper.WebScraper -        Q[43chars] | A[711chars] | Code[0]
2026-06-22 12:41:56.558 [main] DEBUG c.i.webscraper.scraper.WebScraper -        Q[26chars] | A[147chars] | Code[0]
2026-06-22 12:41:56.558 [main] INFO  c.i.webscraper.scraper.WebScraper -      12 Q&A pair(s) extracted.
2026-06-22 12:41:56.560 [main] INFO  c.i.webscraper.scraper.WebScraper -   → Section: 'Java Memory Management' (https://interview.in28minutes.com/interview-guides/java/java-memory-management/)
2026-06-22 12:41:56.560 [main] DEBUG c.i.webscraper.scraper.WebScraper - Sleeping 2500ms (attempt 1/3) before: https://interview.in28minutes.com/interview-guides/java/java-memory-management/
2026-06-22 12:41:59.763 [main] DEBUG c.i.webscraper.scraper.WebScraper - HTTP 200 ← https://interview.in28minutes.com/interview-guides/java/java-memory-management/
2026-06-22 12:41:59.787 [main] DEBUG c.i.webscraper.scraper.WebScraper -      13 question heading(s) in 'Java Memory Management'.
2026-06-22 12:41:59.790 [main] DEBUG c.i.webscraper.scraper.WebScraper -        Q[65chars] | A[878chars] | Code[3]
2026-06-22 12:41:59.792 [main] DEBUG c.i.webscraper.scraper.WebScraper -        Q[22chars] | A[730chars] | Code[4]
2026-06-22 12:41:59.793 [main] DEBUG c.i.webscraper.scraper.WebScraper -        Q[33chars] | A[411chars] | Code[1]
2026-06-22 12:41:59.796 [main] DEBUG c.i.webscraper.scraper.WebScraper -        Q[21chars] | A[1486chars] | Code[2]
2026-06-22 12:41:59.797 [main] DEBUG c.i.webscraper.scraper.WebScraper -        Q[18chars] | A[224chars] | Code[0]
2026-06-22 12:41:59.799 [main] DEBUG c.i.webscraper.scraper.WebScraper -        Q[34chars] | A[1118chars] | Code[1]
2026-06-22 12:41:59.802 [main] DEBUG c.i.webscraper.scraper.WebScraper -        Q[48chars] | A[1343chars] | Code[0]
2026-06-22 12:41:59.803 [main] DEBUG c.i.webscraper.scraper.WebScraper -        Q[32chars] | A[385chars] | Code[0]
2026-06-22 12:41:59.808 [main] DEBUG c.i.webscraper.scraper.WebScraper -        Q[35chars] | A[1968chars] | Code[4]
2026-06-22 12:41:59.809 [main] DEBUG c.i.webscraper.scraper.WebScraper -        Q[46chars] | A[686chars] | Code[0]
2026-06-22 12:41:59.813 [main] DEBUG c.i.webscraper.scraper.WebScraper -        Q[23chars] | A[497chars] | Code[2]
2026-06-22 12:41:59.813 [main] INFO  c.i.webscraper.scraper.WebScraper -      11 Q&A pair(s) extracted.
2026-06-22 12:41:59.814 [main] INFO  c.i.webscraper.scraper.WebScraper -   → Section: 'Java Object Oriented Programming Concepts' (https://interview.in28minutes.com/interview-guides/java/java-object-oriented-programming-concepts/)
2026-06-22 12:41:59.815 [main] DEBUG c.i.webscraper.scraper.WebScraper - Sleeping 2500ms (attempt 1/3) before: https://interview.in28minutes.com/interview-guides/java/java-object-oriented-programming-concepts/
2026-06-22 12:42:03.105 [main] DEBUG c.i.webscraper.scraper.WebScraper - HTTP 200 ← https://interview.in28minutes.com/interview-guides/java/java-object-oriented-programming-concepts/
2026-06-22 12:42:03.174 [main] DEBUG c.i.webscraper.scraper.WebScraper -      24 question heading(s) in 'Java Object Oriented Programming Concepts'.
2026-06-22 12:42:03.178 [main] DEBUG c.i.webscraper.scraper.WebScraper -        Q[41chars] | A[514chars] | Code[2]
2026-06-22 12:42:03.181 [main] DEBUG c.i.webscraper.scraper.WebScraper -        Q[36chars] | A[548chars] | Code[4]
2026-06-22 12:42:03.182 [main] DEBUG c.i.webscraper.scraper.WebScraper -        Q[37chars] | A[220chars] | Code[0]
2026-06-22 12:42:03.189 [main] DEBUG c.i.webscraper.scraper.WebScraper -        Q[42chars] | A[1544chars] | Code[3]
2026-06-22 12:42:03.191 [main] DEBUG c.i.webscraper.scraper.WebScraper -        Q[80chars] | A[547chars] | Code[3]
2026-06-22 12:42:03.198 [main] DEBUG c.i.webscraper.scraper.WebScraper -        Q[25chars] | A[1234chars] | Code[8]
2026-06-22 12:42:03.208 [main] DEBUG c.i.webscraper.scraper.WebScraper -        Q[29chars] | A[492chars] | Code[6]
2026-06-22 12:42:03.214 [main] DEBUG c.i.webscraper.scraper.WebScraper -        Q[61chars] | A[953chars] | Code[5]
2026-06-22 12:42:03.218 [main] DEBUG c.i.webscraper.scraper.WebScraper -        Q[47chars] | A[740chars] | Code[3]
2026-06-22 12:42:03.221 [main] DEBUG c.i.webscraper.scraper.WebScraper -        Q[22chars] | A[745chars] | Code[3]
2026-06-22 12:42:03.223 [main] DEBUG c.i.webscraper.scraper.WebScraper -        Q[27chars] | A[858chars] | Code[3]
2026-06-22 12:42:03.226 [main] DEBUG c.i.webscraper.scraper.WebScraper -        Q[59chars] | A[1059chars] | Code[3]
2026-06-22 12:42:03.227 [main] DEBUG c.i.webscraper.scraper.WebScraper -        Q[20chars] | A[1751chars] | Code[0]
2026-06-22 12:42:03.233 [main] DEBUG c.i.webscraper.scraper.WebScraper -        Q[17chars] | A[825chars] | Code[2]
2026-06-22 12:42:03.236 [main] DEBUG c.i.webscraper.scraper.WebScraper -        Q[17chars] | A[875chars] | Code[4]
2026-06-22 12:42:03.239 [main] DEBUG c.i.webscraper.scraper.WebScraper -        Q[31chars] | A[846chars] | Code[4]
2026-06-22 12:42:03.240 [main] DEBUG c.i.webscraper.scraper.WebScraper -        Q[52chars] | A[71chars] | Code[0]
2026-06-22 12:42:03.242 [main] DEBUG c.i.webscraper.scraper.WebScraper -        Q[34chars] | A[1713chars] | Code[2]
2026-06-22 12:42:03.245 [main] DEBUG c.i.webscraper.scraper.WebScraper -        Q[21chars] | A[774chars] | Code[4]
2026-06-22 12:42:03.247 [main] DEBUG c.i.webscraper.scraper.WebScraper -        Q[32chars] | A[468chars] | Code[1]
2026-06-22 12:42:03.248 [main] DEBUG c.i.webscraper.scraper.WebScraper -        Q[25chars] | A[381chars] | Code[2]
2026-06-22 12:42:03.249 [main] DEBUG c.i.webscraper.scraper.WebScraper -        Q[51chars] | A[727chars] | Code[2]
2026-06-22 12:42:03.250 [main] INFO  c.i.webscraper.scraper.WebScraper -      22 Q&A pair(s) extracted.
2026-06-22 12:42:03.250 [main] INFO  c.i.webscraper.scraper.WebScraper -   → Section: 'Java Object Oriented Programming Details' (https://interview.in28minutes.com/interview-guides/java/java-object-oriented-programming-details/)
2026-06-22 12:42:03.251 [main] DEBUG c.i.webscraper.scraper.WebScraper - Sleeping 2500ms (attempt 1/3) before: https://interview.in28minutes.com/interview-guides/java/java-object-oriented-programming-details/
2026-06-22 12:42:06.510 [main] DEBUG c.i.webscraper.scraper.WebScraper - HTTP 200 ← https://interview.in28minutes.com/interview-guides/java/java-object-oriented-programming-details/
2026-06-22 12:42:06.713 [main] DEBUG c.i.webscraper.scraper.WebScraper -      14 question heading(s) in 'Java Object Oriented Programming Details'.
2026-06-22 12:42:06.719 [main] DEBUG c.i.webscraper.scraper.WebScraper -        Q[46chars] | A[529chars] | Code[1]
2026-06-22 12:42:06.780 [main] DEBUG c.i.webscraper.scraper.WebScraper -        Q[66chars] | A[807chars] | Code[5]
2026-06-22 12:42:06.839 [main] DEBUG c.i.webscraper.scraper.WebScraper -        Q[64chars] | A[1739chars] | Code[5]
2026-06-22 12:42:06.853 [main] DEBUG c.i.webscraper.scraper.WebScraper -        Q[66chars] | A[531chars] | Code[3]
2026-06-22 12:42:06.913 [main] DEBUG c.i.webscraper.scraper.WebScraper -        Q[64chars] | A[2637chars] | Code[8]
2026-06-22 12:42:06.920 [main] DEBUG c.i.webscraper.scraper.WebScraper -        Q[46chars] | A[591chars] | Code[4]
2026-06-22 12:42:06.928 [main] DEBUG c.i.webscraper.scraper.WebScraper -        Q[33chars] | A[274chars] | Code[1]
2026-06-22 12:42:06.931 [main] DEBUG c.i.webscraper.scraper.WebScraper -        Q[43chars] | A[691chars] | Code[4]
2026-06-22 12:42:06.931 [main] DEBUG c.i.webscraper.scraper.WebScraper -        Q[36chars] | A[197chars] | Code[4]
2026-06-22 12:42:06.933 [main] DEBUG c.i.webscraper.scraper.WebScraper -        Q[47chars] | A[333chars] | Code[1]
2026-06-22 12:42:06.935 [main] DEBUG c.i.webscraper.scraper.WebScraper -        Q[64chars] | A[933chars] | Code[3]
2026-06-22 12:42:06.936 [main] DEBUG c.i.webscraper.scraper.WebScraper -        Q[43chars] | A[600chars] | Code[1]
2026-06-22 12:42:06.977 [main] DEBUG c.i.webscraper.scraper.WebScraper -        Q[40chars] | A[2241chars] | Code[4]
2026-06-22 12:42:06.983 [main] DEBUG c.i.webscraper.scraper.WebScraper -        Q[64chars] | A[768chars] | Code[3]
2026-06-22 12:42:06.990 [main] INFO  c.i.webscraper.scraper.WebScraper -      14 Q&A pair(s) extracted.
2026-06-22 12:42:06.996 [main] INFO  c.i.webscraper.scraper.WebScraper -   → Section: 'Core Java in Depth' (https://interview.in28minutes.com/interview-guides/java/core-java-in-depth/)
2026-06-22 12:42:06.999 [main] DEBUG c.i.webscraper.scraper.WebScraper - Sleeping 2500ms (attempt 1/3) before: https://interview.in28minutes.com/interview-guides/java/core-java-in-depth/
2026-06-22 12:42:10.160 [main] DEBUG c.i.webscraper.scraper.WebScraper - HTTP 200 ← https://interview.in28minutes.com/interview-guides/java/core-java-in-depth/
2026-06-22 12:42:10.191 [main] DEBUG c.i.webscraper.scraper.WebScraper -      17 question heading(s) in 'Core Java in Depth'.
2026-06-22 12:42:10.193 [main] DEBUG c.i.webscraper.scraper.WebScraper -        Q[31chars] | A[761chars] | Code[3]
2026-06-22 12:42:10.195 [main] DEBUG c.i.webscraper.scraper.WebScraper -        Q[39chars] | A[375chars] | Code[6]
2026-06-22 12:42:10.196 [main] DEBUG c.i.webscraper.scraper.WebScraper -        Q[59chars] | A[927chars] | Code[2]
2026-06-22 12:42:10.199 [main] DEBUG c.i.webscraper.scraper.WebScraper -        Q[42chars] | A[755chars] | Code[2]
2026-06-22 12:42:10.201 [main] DEBUG c.i.webscraper.scraper.WebScraper -        Q[39chars] | A[1224chars] | Code[5]
2026-06-22 12:42:10.202 [main] DEBUG c.i.webscraper.scraper.WebScraper -        Q[41chars] | A[608chars] | Code[1]
2026-06-22 12:42:10.203 [main] DEBUG c.i.webscraper.scraper.WebScraper -        Q[24chars] | A[342chars] | Code[2]
2026-06-22 12:42:10.204 [main] DEBUG c.i.webscraper.scraper.WebScraper -        Q[22chars] | A[870chars] | Code[2]
2026-06-22 12:42:10.205 [main] DEBUG c.i.webscraper.scraper.WebScraper -        Q[23chars] | A[310chars] | Code[1]
2026-06-22 12:42:10.208 [main] DEBUG c.i.webscraper.scraper.WebScraper -        Q[63chars] | A[403chars] | Code[3]
2026-06-22 12:42:10.210 [main] DEBUG c.i.webscraper.scraper.WebScraper -        Q[46chars] | A[268chars] | Code[5]
2026-06-22 12:42:10.211 [main] DEBUG c.i.webscraper.scraper.WebScraper -        Q[39chars] | A[302chars] | Code[5]
2026-06-22 12:42:10.212 [main] DEBUG c.i.webscraper.scraper.WebScraper -        Q[46chars] | A[434chars] | Code[9]
2026-06-22 12:42:10.213 [main] DEBUG c.i.webscraper.scraper.WebScraper -        Q[54chars] | A[261chars] | Code[1]
2026-06-22 12:42:10.215 [main] DEBUG c.i.webscraper.scraper.WebScraper -        Q[52chars] | A[279chars] | Code[2]
2026-06-22 12:42:10.220 [main] DEBUG c.i.webscraper.scraper.WebScraper -        Q[41chars] | A[556chars] | Code[5]
2026-06-22 12:42:10.221 [main] DEBUG c.i.webscraper.scraper.WebScraper -        Q[72chars] | A[831chars] | Code[6]
2026-06-22 12:42:10.223 [main] INFO  c.i.webscraper.scraper.WebScraper -      17 Q&A pair(s) extracted.
2026-06-22 12:42:10.223 [main] INFO  c.i.webscraper.scraper.WebScraper -   → Section: 'Functional Programming in Java' (https://interview.in28minutes.com/interview-guides/java/functional-programming-in-java/)
2026-06-22 12:42:10.224 [main] DEBUG c.i.webscraper.scraper.WebScraper - Sleeping 2500ms (attempt 1/3) before: https://interview.in28minutes.com/interview-guides/java/functional-programming-in-java/
2026-06-22 12:42:13.398 [main] DEBUG c.i.webscraper.scraper.WebScraper - HTTP 200 ← https://interview.in28minutes.com/interview-guides/java/functional-programming-in-java/
2026-06-22 12:42:13.430 [main] DEBUG c.i.webscraper.scraper.WebScraper -      16 question heading(s) in 'Functional Programming in Java'.
2026-06-22 12:42:13.431 [main] DEBUG c.i.webscraper.scraper.WebScraper -        Q[61chars] | A[468chars] | Code[2]
2026-06-22 12:42:13.434 [main] DEBUG c.i.webscraper.scraper.WebScraper -        Q[73chars] | A[913chars] | Code[1]
2026-06-22 12:42:13.435 [main] DEBUG c.i.webscraper.scraper.WebScraper -        Q[50chars] | A[1164chars] | Code[9]
2026-06-22 12:42:13.436 [main] DEBUG c.i.webscraper.scraper.WebScraper -        Q[47chars] | A[335chars] | Code[0]
2026-06-22 12:42:13.437 [main] DEBUG c.i.webscraper.scraper.WebScraper -        Q[55chars] | A[973chars] | Code[4]
2026-06-22 12:42:13.438 [main] DEBUG c.i.webscraper.scraper.WebScraper -        Q[50chars] | A[414chars] | Code[5]
2026-06-22 12:42:13.440 [main] DEBUG c.i.webscraper.scraper.WebScraper -        Q[66chars] | A[860chars] | Code[12]
2026-06-22 12:42:13.443 [main] DEBUG c.i.webscraper.scraper.WebScraper -        Q[54chars] | A[343chars] | Code[8]
2026-06-22 12:42:13.447 [main] DEBUG c.i.webscraper.scraper.WebScraper -        Q[62chars] | A[1919chars] | Code[28]
2026-06-22 12:42:13.448 [main] DEBUG c.i.webscraper.scraper.WebScraper -        Q[60chars] | A[641chars] | Code[2]
2026-06-22 12:42:13.448 [main] DEBUG c.i.webscraper.scraper.WebScraper -        Q[38chars] | A[316chars] | Code[9]
2026-06-22 12:42:13.449 [main] DEBUG c.i.webscraper.scraper.WebScraper -        Q[55chars] | A[138chars] | Code[1]
2026-06-22 12:42:13.450 [main] DEBUG c.i.webscraper.scraper.WebScraper -        Q[52chars] | A[1067chars] | Code[8]
2026-06-22 12:42:13.451 [main] DEBUG c.i.webscraper.scraper.WebScraper -        Q[60chars] | A[429chars] | Code[8]
2026-06-22 12:42:13.452 [main] DEBUG c.i.webscraper.scraper.WebScraper -        Q[91chars] | A[490chars] | Code[2]
2026-06-22 12:42:13.452 [main] DEBUG c.i.webscraper.scraper.WebScraper -        Q[54chars] | A[980chars] | Code[1]
2026-06-22 12:42:13.453 [main] INFO  c.i.webscraper.scraper.WebScraper -      16 Q&A pair(s) extracted.
2026-06-22 12:42:13.453 [main] INFO  c.i.webscraper.scraper.WebScraper -   → Section: 'Threads and Concurrency in Java' (https://interview.in28minutes.com/interview-guides/java/threads-and-concurrency-in-java/)
2026-06-22 12:42:13.453 [main] DEBUG c.i.webscraper.scraper.WebScraper - Sleeping 2500ms (attempt 1/3) before: https://interview.in28minutes.com/interview-guides/java/threads-and-concurrency-in-java/
2026-06-22 12:42:16.763 [main] DEBUG c.i.webscraper.scraper.WebScraper - HTTP 200 ← https://interview.in28minutes.com/interview-guides/java/threads-and-concurrency-in-java/
2026-06-22 12:42:16.806 [main] DEBUG c.i.webscraper.scraper.WebScraper -      21 question heading(s) in 'Threads and Concurrency in Java'.
2026-06-22 12:42:16.807 [main] DEBUG c.i.webscraper.scraper.WebScraper -        Q[78chars] | A[1752chars] | Code[0]
2026-06-22 12:42:16.808 [main] DEBUG c.i.webscraper.scraper.WebScraper -        Q[69chars] | A[73chars] | Code[2]
2026-06-22 12:42:16.808 [main] DEBUG c.i.webscraper.scraper.WebScraper -        Q[49chars] | A[47chars] | Code[1]
2026-06-22 12:42:16.809 [main] DEBUG c.i.webscraper.scraper.WebScraper -        Q[45chars] | A[868chars] | Code[3]
2026-06-22 12:42:16.810 [main] DEBUG c.i.webscraper.scraper.WebScraper -        Q[42chars] | A[736chars] | Code[0]
2026-06-22 12:42:16.810 [main] DEBUG c.i.webscraper.scraper.WebScraper -        Q[30chars] | A[705chars] | Code[1]
2026-06-22 12:42:16.810 [main] DEBUG c.i.webscraper.scraper.WebScraper -        Q[87chars] | A[126chars] | Code[0]
2026-06-22 12:42:16.812 [main] DEBUG c.i.webscraper.scraper.WebScraper -        Q[39chars] | A[887chars] | Code[3]
2026-06-22 12:42:16.812 [main] DEBUG c.i.webscraper.scraper.WebScraper -        Q[37chars] | A[808chars] | Code[2]
2026-06-22 12:42:16.813 [main] DEBUG c.i.webscraper.scraper.WebScraper -        Q[71chars] | A[1721chars] | Code[5]
2026-06-22 12:42:16.813 [main] DEBUG c.i.webscraper.scraper.WebScraper -        Q[48chars] | A[1643chars] | Code[4]
2026-06-22 12:42:16.815 [main] DEBUG c.i.webscraper.scraper.WebScraper -        Q[31chars] | A[3570chars] | Code[6]
2026-06-22 12:42:16.817 [main] DEBUG c.i.webscraper.scraper.WebScraper -        Q[31chars] | A[760chars] | Code[3]
2026-06-22 12:42:16.818 [main] DEBUG c.i.webscraper.scraper.WebScraper -        Q[28chars] | A[212chars] | Code[1]
2026-06-22 12:42:16.819 [main] DEBUG c.i.webscraper.scraper.WebScraper -        Q[28chars] | A[227chars] | Code[1]
2026-06-22 12:42:16.820 [main] DEBUG c.i.webscraper.scraper.WebScraper -        Q[33chars] | A[230chars] | Code[1]
2026-06-22 12:42:16.821 [main] DEBUG c.i.webscraper.scraper.WebScraper -        Q[61chars] | A[923chars] | Code[1]
2026-06-22 12:42:16.822 [main] DEBUG c.i.webscraper.scraper.WebScraper -        Q[23chars] | A[344chars] | Code[1]
2026-06-22 12:42:16.824 [main] DEBUG c.i.webscraper.scraper.WebScraper -        Q[41chars] | A[873chars] | Code[2]
2026-06-22 12:42:16.825 [main] DEBUG c.i.webscraper.scraper.WebScraper -        Q[51chars] | A[192chars] | Code[1]
2026-06-22 12:42:16.826 [main] DEBUG c.i.webscraper.scraper.WebScraper -        Q[58chars] | A[580chars] | Code[1]
2026-06-22 12:42:16.826 [main] INFO  c.i.webscraper.scraper.WebScraper -      21 Q&A pair(s) extracted.
2026-06-22 12:42:16.827 [main] INFO  c.i.webscraper.scraper.WebScraper -   → Section: 'Collections in Java' (https://interview.in28minutes.com/interview-guides/java/collections-in-java/)
2026-06-22 12:42:16.827 [main] DEBUG c.i.webscraper.scraper.WebScraper - Sleeping 2500ms (attempt 1/3) before: https://interview.in28minutes.com/interview-guides/java/collections-in-java/
2026-06-22 12:42:20.090 [main] DEBUG c.i.webscraper.scraper.WebScraper - HTTP 200 ← https://interview.in28minutes.com/interview-guides/java/collections-in-java/
2026-06-22 12:42:20.133 [main] DEBUG c.i.webscraper.scraper.WebScraper -      22 question heading(s) in 'Collections in Java'.
2026-06-22 12:42:20.134 [main] DEBUG c.i.webscraper.scraper.WebScraper -        Q[49chars] | A[798chars] | Code[0]
2026-06-22 12:42:20.135 [main] DEBUG c.i.webscraper.scraper.WebScraper -        Q[35chars] | A[643chars] | Code[1]
2026-06-22 12:42:20.135 [main] DEBUG c.i.webscraper.scraper.WebScraper -        Q[74chars] | A[703chars] | Code[0]
2026-06-22 12:42:20.137 [main] DEBUG c.i.webscraper.scraper.WebScraper -        Q[58chars] | A[165chars] | Code[0]
2026-06-22 12:42:20.138 [main] DEBUG c.i.webscraper.scraper.WebScraper -        Q[53chars] | A[937chars] | Code[1]
2026-06-22 12:42:20.138 [main] DEBUG c.i.webscraper.scraper.WebScraper -        Q[62chars] | A[692chars] | Code[1]
2026-06-22 12:42:20.139 [main] DEBUG c.i.webscraper.scraper.WebScraper -        Q[47chars] | A[488chars] | Code[2]
2026-06-22 12:42:20.141 [main] DEBUG c.i.webscraper.scraper.WebScraper -        Q[51chars] | A[1619chars] | Code[0]
2026-06-22 12:42:20.152 [main] DEBUG c.i.webscraper.scraper.WebScraper -        Q[52chars] | A[982chars] | Code[5]
2026-06-22 12:42:20.153 [main] DEBUG c.i.webscraper.scraper.WebScraper -        Q[59chars] | A[455chars] | Code[2]
2026-06-22 12:42:20.155 [main] DEBUG c.i.webscraper.scraper.WebScraper -        Q[50chars] | A[1701chars] | Code[1]
2026-06-22 12:42:20.156 [main] DEBUG c.i.webscraper.scraper.WebScraper -        Q[46chars] | A[505chars] | Code[6]
2026-06-22 12:42:20.158 [main] DEBUG c.i.webscraper.scraper.WebScraper -        Q[43chars] | A[1289chars] | Code[4]
2026-06-22 12:42:20.159 [main] DEBUG c.i.webscraper.scraper.WebScraper -        Q[50chars] | A[76chars] | Code[1]
2026-06-22 12:42:20.159 [main] DEBUG c.i.webscraper.scraper.WebScraper -        Q[59chars] | A[515chars] | Code[0]
2026-06-22 12:42:20.160 [main] DEBUG c.i.webscraper.scraper.WebScraper -        Q[44chars] | A[468chars] | Code[0]
2026-06-22 12:42:20.160 [main] DEBUG c.i.webscraper.scraper.WebScraper -        Q[77chars] | A[509chars] | Code[1]
2026-06-22 12:42:20.161 [main] DEBUG c.i.webscraper.scraper.WebScraper -        Q[65chars] | A[558chars] | Code[2]
2026-06-22 12:42:20.163 [main] DEBUG c.i.webscraper.scraper.WebScraper -        Q[59chars] | A[668chars] | Code[3]
2026-06-22 12:42:20.163 [main] DEBUG c.i.webscraper.scraper.WebScraper -        Q[41chars] | A[215chars] | Code[4]
2026-06-22 12:42:20.163 [main] INFO  c.i.webscraper.scraper.WebScraper -      20 Q&A pair(s) extracted.
2026-06-22 12:42:20.164 [main] INFO  c.i.webscraper.scraper.WebScraper -   → Section: 'Generics in Java' (https://interview.in28minutes.com/interview-guides/java/generics-in-java/)
2026-06-22 12:42:20.164 [main] DEBUG c.i.webscraper.scraper.WebScraper - Sleeping 2500ms (attempt 1/3) before: https://interview.in28minutes.com/interview-guides/java/generics-in-java/
2026-06-22 12:42:23.405 [main] DEBUG c.i.webscraper.scraper.WebScraper - HTTP 200 ← https://interview.in28minutes.com/interview-guides/java/generics-in-java/
2026-06-22 12:42:23.415 [main] DEBUG c.i.webscraper.scraper.WebScraper -      5 question heading(s) in 'Generics in Java'.
2026-06-22 12:42:23.416 [main] DEBUG c.i.webscraper.scraper.WebScraper -        Q[32chars] | A[1257chars] | Code[3]
2026-06-22 12:42:23.418 [main] DEBUG c.i.webscraper.scraper.WebScraper -        Q[61chars] | A[784chars] | Code[3]
2026-06-22 12:42:23.419 [main] DEBUG c.i.webscraper.scraper.WebScraper -        Q[42chars] | A[992chars] | Code[4]
2026-06-22 12:42:23.420 [main] DEBUG c.i.webscraper.scraper.WebScraper -        Q[45chars] | A[868chars] | Code[6]
2026-06-22 12:42:23.423 [main] DEBUG c.i.webscraper.scraper.WebScraper -        Q[50chars] | A[2646chars] | Code[5]
2026-06-22 12:42:23.424 [main] INFO  c.i.webscraper.scraper.WebScraper -      5 Q&A pair(s) extracted.
2026-06-22 12:42:23.429 [main] INFO  c.i.webscraper.scraper.WebScraper -   → Section: 'Modifiers in Java' (https://interview.in28minutes.com/interview-guides/java/modifiers-in-java/)
2026-06-22 12:42:23.430 [main] DEBUG c.i.webscraper.scraper.WebScraper - Sleeping 2500ms (attempt 1/3) before: https://interview.in28minutes.com/interview-guides/java/modifiers-in-java/
2026-06-22 12:42:26.607 [main] DEBUG c.i.webscraper.scraper.WebScraper - HTTP 200 ← https://interview.in28minutes.com/interview-guides/java/modifiers-in-java/
2026-06-22 12:42:26.616 [main] DEBUG c.i.webscraper.scraper.WebScraper -      5 question heading(s) in 'Modifiers in Java'.
2026-06-22 12:42:26.618 [main] DEBUG c.i.webscraper.scraper.WebScraper -        Q[77chars] | A[1373chars] | Code[0]
2026-06-22 12:42:26.621 [main] DEBUG c.i.webscraper.scraper.WebScraper -        Q[59chars] | A[2617chars] | Code[10]
2026-06-22 12:42:26.623 [main] DEBUG c.i.webscraper.scraper.WebScraper -        Q[65chars] | A[924chars] | Code[5]
2026-06-22 12:42:26.624 [main] DEBUG c.i.webscraper.scraper.WebScraper -        Q[68chars] | A[921chars] | Code[6]
2026-06-22 12:42:26.625 [main] INFO  c.i.webscraper.scraper.WebScraper -      4 Q&A pair(s) extracted.
2026-06-22 12:42:26.625 [main] INFO  c.i.webscraper.scraper.WebScraper -   → Section: 'Exception Handling in Java' (https://interview.in28minutes.com/interview-guides/java/exception-handling-in-java/)
2026-06-22 12:42:26.626 [main] DEBUG c.i.webscraper.scraper.WebScraper - Sleeping 2500ms (attempt 1/3) before: https://interview.in28minutes.com/interview-guides/java/exception-handling-in-java/
2026-06-22 12:42:29.938 [main] DEBUG c.i.webscraper.scraper.WebScraper - HTTP 200 ← https://interview.in28minutes.com/interview-guides/java/exception-handling-in-java/
2026-06-22 12:42:29.960 [main] DEBUG c.i.webscraper.scraper.WebScraper -      10 question heading(s) in 'Exception Handling in Java'.
2026-06-22 12:42:29.961 [main] DEBUG c.i.webscraper.scraper.WebScraper -        Q[36chars] | A[1041chars] | Code[0]
2026-06-22 12:42:29.962 [main] DEBUG c.i.webscraper.scraper.WebScraper -        Q[50chars] | A[485chars] | Code[1]
2026-06-22 12:42:29.965 [main] DEBUG c.i.webscraper.scraper.WebScraper -        Q[68chars] | A[2098chars] | Code[6]
2026-06-22 12:42:29.966 [main] DEBUG c.i.webscraper.scraper.WebScraper -        Q[61chars] | A[777chars] | Code[1]
2026-06-22 12:42:29.966 [main] DEBUG c.i.webscraper.scraper.WebScraper -        Q[50chars] | A[401chars] | Code[2]
2026-06-22 12:42:29.967 [main] DEBUG c.i.webscraper.scraper.WebScraper -        Q[57chars] | A[323chars] | Code[4]
2026-06-22 12:42:29.967 [main] DEBUG c.i.webscraper.scraper.WebScraper -        Q[51chars] | A[18chars] | Code[0]
2026-06-22 12:42:29.968 [main] DEBUG c.i.webscraper.scraper.WebScraper -        Q[55chars] | A[1336chars] | Code[2]
2026-06-22 12:42:29.970 [main] DEBUG c.i.webscraper.scraper.WebScraper -        Q[28chars] | A[1142chars] | Code[15]
2026-06-22 12:42:29.970 [main] DEBUG c.i.webscraper.scraper.WebScraper -        Q[67chars] | A[841chars] | Code[3]
2026-06-22 12:42:29.971 [main] INFO  c.i.webscraper.scraper.WebScraper -      10 Q&A pair(s) extracted.
2026-06-22 12:42:29.971 [main] INFO  c.i.webscraper.scraper.WebScraper -   → Section: 'Serialization in Java' (https://interview.in28minutes.com/interview-guides/java/serialization-in-java/)
2026-06-22 12:42:29.971 [main] DEBUG c.i.webscraper.scraper.WebScraper - Sleeping 2500ms (attempt 1/3) before: https://interview.in28minutes.com/interview-guides/java/serialization-in-java/
2026-06-22 12:42:33.173 [main] DEBUG c.i.webscraper.scraper.WebScraper - HTTP 200 ← https://interview.in28minutes.com/interview-guides/java/serialization-in-java/
2026-06-22 12:42:33.185 [main] DEBUG c.i.webscraper.scraper.WebScraper -      7 question heading(s) in 'Serialization in Java'.
2026-06-22 12:42:33.186 [main] DEBUG c.i.webscraper.scraper.WebScraper -        Q[22chars] | A[561chars] | Code[0]
2026-06-22 12:42:33.187 [main] DEBUG c.i.webscraper.scraper.WebScraper -        Q[27chars] | A[274chars] | Code[1]
2026-06-22 12:42:33.189 [main] DEBUG c.i.webscraper.scraper.WebScraper -        Q[37chars] | A[382chars] | Code[1]
2026-06-22 12:42:33.191 [main] DEBUG c.i.webscraper.scraper.WebScraper -        Q[62chars] | A[601chars] | Code[2]
2026-06-22 12:42:33.191 [main] DEBUG c.i.webscraper.scraper.WebScraper -        Q[48chars] | A[321chars] | Code[2]
2026-06-22 12:42:33.193 [main] DEBUG c.i.webscraper.scraper.WebScraper -        Q[49chars] | A[1348chars] | Code[6]
2026-06-22 12:42:33.194 [main] DEBUG c.i.webscraper.scraper.WebScraper -        Q[60chars] | A[763chars] | Code[2]
2026-06-22 12:42:33.194 [main] INFO  c.i.webscraper.scraper.WebScraper -      7 Q&A pair(s) extracted.
2026-06-22 12:42:33.195 [main] INFO  c.i.webscraper.scraper.WebScraper -   → Section: 'Built-in Classes in Java' (https://interview.in28minutes.com/interview-guides/java/built-in-classes-in-java/)
2026-06-22 12:42:33.195 [main] DEBUG c.i.webscraper.scraper.WebScraper - Sleeping 2500ms (attempt 1/3) before: https://interview.in28minutes.com/interview-guides/java/built-in-classes-in-java/
2026-06-22 12:42:36.447 [main] DEBUG c.i.webscraper.scraper.WebScraper - HTTP 200 ← https://interview.in28minutes.com/interview-guides/java/built-in-classes-in-java/
2026-06-22 12:42:36.458 [main] DEBUG c.i.webscraper.scraper.WebScraper -      9 question heading(s) in 'Built-in Classes in Java'.
2026-06-22 12:42:36.459 [main] DEBUG c.i.webscraper.scraper.WebScraper -        Q[6chars] | A[359chars] | Code[1]
2026-06-22 12:42:36.461 [main] DEBUG c.i.webscraper.scraper.WebScraper -        Q[4chars] | A[210chars] | Code[2]
2026-06-22 12:42:36.462 [main] DEBUG c.i.webscraper.scraper.WebScraper -        Q[7chars] | A[188chars] | Code[1]
2026-06-22 12:42:36.463 [main] DEBUG c.i.webscraper.scraper.WebScraper -        Q[6chars] | A[211chars] | Code[1]
2026-06-22 12:42:36.464 [main] DEBUG c.i.webscraper.scraper.WebScraper -        Q[11chars] | A[161chars] | Code[1]
2026-06-22 12:42:36.466 [main] DEBUG c.i.webscraper.scraper.WebScraper -        Q[4chars] | A[301chars] | Code[1]
2026-06-22 12:42:36.467 [main] DEBUG c.i.webscraper.scraper.WebScraper -        Q[5chars] | A[227chars] | Code[2]
2026-06-22 12:42:36.468 [main] DEBUG c.i.webscraper.scraper.WebScraper -        Q[5chars] | A[212chars] | Code[1]
2026-06-22 12:42:36.468 [main] DEBUG c.i.webscraper.scraper.WebScraper -        Q[6chars] | A[188chars] | Code[2]
2026-06-22 12:42:36.469 [main] INFO  c.i.webscraper.scraper.WebScraper -      9 Q&A pair(s) extracted.
2026-06-22 12:42:36.469 [main] INFO  c.i.webscraper.scraper.WebScraper -   → Section: 'Miscellaneous Topics in Java' (https://interview.in28minutes.com/interview-guides/java/miscellaneous-topics-in-java/)
2026-06-22 12:42:36.469 [main] DEBUG c.i.webscraper.scraper.WebScraper - Sleeping 2500ms (attempt 1/3) before: https://interview.in28minutes.com/interview-guides/java/miscellaneous-topics-in-java/
2026-06-22 12:42:39.703 [main] DEBUG c.i.webscraper.scraper.WebScraper - HTTP 200 ← https://interview.in28minutes.com/interview-guides/java/miscellaneous-topics-in-java/
2026-06-22 12:42:39.727 [main] DEBUG c.i.webscraper.scraper.WebScraper -      11 question heading(s) in 'Miscellaneous Topics in Java'.
2026-06-22 12:42:39.729 [main] DEBUG c.i.webscraper.scraper.WebScraper -        Q[53chars] | A[1219chars] | Code[5]
2026-06-22 12:42:39.730 [main] DEBUG c.i.webscraper.scraper.WebScraper -        Q[44chars] | A[689chars] | Code[1]
2026-06-22 12:42:39.731 [main] DEBUG c.i.webscraper.scraper.WebScraper -        Q[48chars] | A[899chars] | Code[2]
2026-06-22 12:42:39.732 [main] DEBUG c.i.webscraper.scraper.WebScraper -        Q[61chars] | A[918chars] | Code[1]
2026-06-22 12:42:39.733 [main] DEBUG c.i.webscraper.scraper.WebScraper -        Q[72chars] | A[463chars] | Code[3]
2026-06-22 12:42:39.735 [main] DEBUG c.i.webscraper.scraper.WebScraper -        Q[30chars] | A[1123chars] | Code[2]
2026-06-22 12:42:39.736 [main] DEBUG c.i.webscraper.scraper.WebScraper -        Q[33chars] | A[683chars] | Code[1]
2026-06-22 12:42:39.737 [main] DEBUG c.i.webscraper.scraper.WebScraper -        Q[54chars] | A[1029chars] | Code[7]
2026-06-22 12:42:39.739 [main] DEBUG c.i.webscraper.scraper.WebScraper -        Q[65chars] | A[637chars] | Code[5]
2026-06-22 12:42:39.741 [main] DEBUG c.i.webscraper.scraper.WebScraper -        Q[61chars] | A[538chars] | Code[4]
2026-06-22 12:42:39.742 [main] DEBUG c.i.webscraper.scraper.WebScraper -        Q[52chars] | A[869chars] | Code[6]
2026-06-22 12:42:39.743 [main] INFO  c.i.webscraper.scraper.WebScraper -      11 Q&A pair(s) extracted.
2026-06-22 12:42:39.743 [main] INFO  c.i.webscraper.scraper.WebScraper -   → Section: 'New Features in Java' (https://interview.in28minutes.com/interview-guides/java/new-features-in-java/)
2026-06-22 12:42:39.744 [main] DEBUG c.i.webscraper.scraper.WebScraper - Sleeping 2500ms (attempt 1/3) before: https://interview.in28minutes.com/interview-guides/java/new-features-in-java/
2026-06-22 12:42:43.623 [main] DEBUG c.i.webscraper.scraper.WebScraper - HTTP 200 ← https://interview.in28minutes.com/interview-guides/java/new-features-in-java/
2026-06-22 12:42:43.632 [main] DEBUG c.i.webscraper.scraper.WebScraper -      3 question heading(s) in 'New Features in Java'.
2026-06-22 12:42:43.632 [main] DEBUG c.i.webscraper.scraper.WebScraper -        Q[29chars] | A[1122chars] | Code[0]
2026-06-22 12:42:43.633 [main] DEBUG c.i.webscraper.scraper.WebScraper -        Q[55chars] | A[1158chars] | Code[12]
2026-06-22 12:42:43.635 [main] DEBUG c.i.webscraper.scraper.WebScraper -        Q[68chars] | A[2207chars] | Code[23]
2026-06-22 12:42:43.635 [main] INFO  c.i.webscraper.scraper.WebScraper -      3 Q&A pair(s) extracted.
2026-06-22 12:42:43.637 [main] INFO  c.i.webscraper.scraper.WebScraper -   → Section: 'Java Interview - Diagrams' (https://interview.in28minutes.com/interview-guides/java/java-interview-diagrams/)
2026-06-22 12:42:43.637 [main] DEBUG c.i.webscraper.scraper.WebScraper - Sleeping 2500ms (attempt 1/3) before: https://interview.in28minutes.com/interview-guides/java/java-interview-diagrams/
2026-06-22 12:42:46.567 [main] DEBUG c.i.webscraper.scraper.WebScraper - HTTP 200 ← https://interview.in28minutes.com/interview-guides/java/java-interview-diagrams/
2026-06-22 12:42:46.569 [main] DEBUG c.i.webscraper.scraper.WebScraper -      7 question heading(s) in 'Java Interview - Diagrams'.
2026-06-22 12:42:46.570 [main] DEBUG c.i.webscraper.scraper.WebScraper -        Q[17chars] | A[0chars] | Code[1]
2026-06-22 12:42:46.571 [main] DEBUG c.i.webscraper.scraper.WebScraper -        Q[26chars] | A[0chars] | Code[1]
2026-06-22 12:42:46.571 [main] DEBUG c.i.webscraper.scraper.WebScraper -        Q[18chars] | A[0chars] | Code[1]
2026-06-22 12:42:46.572 [main] DEBUG c.i.webscraper.scraper.WebScraper -        Q[17chars] | A[0chars] | Code[1]
2026-06-22 12:42:46.572 [main] DEBUG c.i.webscraper.scraper.WebScraper -        Q[44chars] | A[0chars] | Code[1]
2026-06-22 12:42:46.573 [main] DEBUG c.i.webscraper.scraper.WebScraper -        Q[25chars] | A[0chars] | Code[1]
2026-06-22 12:42:46.573 [main] DEBUG c.i.webscraper.scraper.WebScraper -        Q[27chars] | A[141chars] | Code[7]
2026-06-22 12:42:46.573 [main] INFO  c.i.webscraper.scraper.WebScraper -      7 Q&A pair(s) extracted.
2026-06-22 12:42:46.575 [main] INFO  c.i.webscraper.scraper.WebScraper - Topic 'Java' complete → 17 section(s).
2026-06-22 12:42:46.575 [main] INFO  c.i.webscraper.scraper.WebScraper - ---------- Topic: DevOps → https://interview.in28minutes.com/devops/
2026-06-22 12:42:46.575 [main] DEBUG c.i.webscraper.scraper.WebScraper - Sleeping 2500ms (attempt 1/3) before: https://interview.in28minutes.com/devops/
2026-06-22 12:42:49.321 [main] DEBUG c.i.webscraper.scraper.WebScraper - HTTP 200 ← https://interview.in28minutes.com/devops/
2026-06-22 12:42:49.325 [main] DEBUG c.i.webscraper.scraper.WebScraper - Topic 'DevOps' → 2 card(s) found.
2026-06-22 12:42:49.325 [main] INFO  c.i.webscraper.scraper.WebScraper -   → Section: 'DevOps Fundamentals' (https://interview.in28minutes.com/interview-guides/devops/devops-fundamentals/)
2026-06-22 12:42:49.325 [main] DEBUG c.i.webscraper.scraper.WebScraper - Sleeping 2500ms (attempt 1/3) before: https://interview.in28minutes.com/interview-guides/devops/devops-fundamentals/
2026-06-22 12:42:52.276 [main] DEBUG c.i.webscraper.scraper.WebScraper - HTTP 200 ← https://interview.in28minutes.com/interview-guides/devops/devops-fundamentals/
2026-06-22 12:42:52.284 [main] DEBUG c.i.webscraper.scraper.WebScraper -      7 question heading(s) in 'DevOps Fundamentals'.
2026-06-22 12:42:52.285 [main] DEBUG c.i.webscraper.scraper.WebScraper -        Q[15chars] | A[2715chars] | Code[0]
2026-06-22 12:42:52.286 [main] DEBUG c.i.webscraper.scraper.WebScraper -        Q[28chars] | A[1346chars] | Code[0]
2026-06-22 12:42:52.287 [main] DEBUG c.i.webscraper.scraper.WebScraper -        Q[67chars] | A[1724chars] | Code[0]
2026-06-22 12:42:52.288 [main] DEBUG c.i.webscraper.scraper.WebScraper -        Q[31chars] | A[1269chars] | Code[0]
2026-06-22 12:42:52.288 [main] DEBUG c.i.webscraper.scraper.WebScraper -        Q[87chars] | A[2013chars] | Code[0]
2026-06-22 12:42:52.289 [main] DEBUG c.i.webscraper.scraper.WebScraper -        Q[22chars] | A[1717chars] | Code[0]
2026-06-22 12:42:52.290 [main] DEBUG c.i.webscraper.scraper.WebScraper -        Q[33chars] | A[800chars] | Code[0]
2026-06-22 12:42:52.290 [main] INFO  c.i.webscraper.scraper.WebScraper -      7 Q&A pair(s) extracted.
2026-06-22 12:42:52.290 [main] INFO  c.i.webscraper.scraper.WebScraper -   → Section: 'DevOps Interview - Diagrams' (https://interview.in28minutes.com/interview-guides/devops/devops-interview-diagrams/)
2026-06-22 12:42:52.291 [main] DEBUG c.i.webscraper.scraper.WebScraper - Sleeping 2500ms (attempt 1/3) before: https://interview.in28minutes.com/interview-guides/devops/devops-interview-diagrams/
2026-06-22 12:42:55.054 [main] DEBUG c.i.webscraper.scraper.WebScraper - HTTP 200 ← https://interview.in28minutes.com/interview-guides/devops/devops-interview-diagrams/
2026-06-22 12:42:55.058 [main] DEBUG c.i.webscraper.scraper.WebScraper -      10 question heading(s) in 'DevOps Interview - Diagrams'.
2026-06-22 12:42:55.059 [main] WARN  c.i.webscraper.scraper.WebScraper -      Section 'DevOps Interview - Diagrams' had no Q&A pairs.
2026-06-22 12:42:55.059 [main] INFO  c.i.webscraper.scraper.WebScraper - Topic 'DevOps' complete → 1 section(s).
2026-06-22 12:42:55.059 [main] INFO  c.i.webscraper.scraper.WebScraper - ---------- Topic: Cloud → https://interview.in28minutes.com/cloud/
2026-06-22 12:42:55.060 [main] DEBUG c.i.webscraper.scraper.WebScraper - Sleeping 2500ms (attempt 1/3) before: https://interview.in28minutes.com/cloud/
2026-06-22 12:42:57.960 [main] DEBUG c.i.webscraper.scraper.WebScraper - HTTP 200 ← https://interview.in28minutes.com/cloud/
2026-06-22 12:42:57.964 [main] DEBUG c.i.webscraper.scraper.WebScraper - Topic 'Cloud' → 8 card(s) found.
2026-06-22 12:42:57.965 [main] INFO  c.i.webscraper.scraper.WebScraper -   → Section: 'Cloud Fundamentals' (https://interview.in28minutes.com/interview-guides/cloud/cloud-fundamentals/)
2026-06-22 12:42:57.965 [main] DEBUG c.i.webscraper.scraper.WebScraper - Sleeping 2500ms (attempt 1/3) before: https://interview.in28minutes.com/interview-guides/cloud/cloud-fundamentals/
2026-06-22 12:43:01.123 [main] DEBUG c.i.webscraper.scraper.WebScraper - HTTP 200 ← https://interview.in28minutes.com/interview-guides/cloud/cloud-fundamentals/
2026-06-22 12:43:01.133 [main] DEBUG c.i.webscraper.scraper.WebScraper -      8 question heading(s) in 'Cloud Fundamentals'.
2026-06-22 12:43:01.134 [main] DEBUG c.i.webscraper.scraper.WebScraper -        Q[39chars] | A[914chars] | Code[0]
2026-06-22 12:43:01.135 [main] DEBUG c.i.webscraper.scraper.WebScraper -        Q[32chars] | A[2396chars] | Code[0]
2026-06-22 12:43:01.137 [main] DEBUG c.i.webscraper.scraper.WebScraper -        Q[41chars] | A[1115chars] | Code[0]
2026-06-22 12:43:01.139 [main] DEBUG c.i.webscraper.scraper.WebScraper -        Q[34chars] | A[2782chars] | Code[0]
2026-06-22 12:43:01.140 [main] DEBUG c.i.webscraper.scraper.WebScraper -        Q[23chars] | A[1214chars] | Code[0]
2026-06-22 12:43:01.141 [main] DEBUG c.i.webscraper.scraper.WebScraper -        Q[49chars] | A[970chars] | Code[0]
2026-06-22 12:43:01.144 [main] DEBUG c.i.webscraper.scraper.WebScraper -        Q[102chars] | A[2665chars] | Code[0]
2026-06-22 12:43:01.145 [main] INFO  c.i.webscraper.scraper.WebScraper -      7 Q&A pair(s) extracted.
2026-06-22 12:43:01.145 [main] INFO  c.i.webscraper.scraper.WebScraper -   → Section: 'Cloud Storage and Databases Fundamentals' (https://interview.in28minutes.com/interview-guides/cloud/cloud-storage-and-databases-fundamentals/)
2026-06-22 12:43:01.145 [main] DEBUG c.i.webscraper.scraper.WebScraper - Sleeping 2500ms (attempt 1/3) before: https://interview.in28minutes.com/interview-guides/cloud/cloud-storage-and-databases-fundamentals/
2026-06-22 12:43:04.379 [main] DEBUG c.i.webscraper.scraper.WebScraper - HTTP 200 ← https://interview.in28minutes.com/interview-guides/cloud/cloud-storage-and-databases-fundamentals/
2026-06-22 12:43:04.425 [main] DEBUG c.i.webscraper.scraper.WebScraper -      12 question heading(s) in 'Cloud Storage and Databases Fundamentals'.
2026-06-22 12:43:04.427 [main] DEBUG c.i.webscraper.scraper.WebScraper -        Q[49chars] | A[2169chars] | Code[0]
2026-06-22 12:43:04.428 [main] DEBUG c.i.webscraper.scraper.WebScraper -        Q[18chars] | A[764chars] | Code[0]
2026-06-22 12:43:04.429 [main] DEBUG c.i.webscraper.scraper.WebScraper -        Q[35chars] | A[795chars] | Code[0]
2026-06-22 12:43:04.429 [main] DEBUG c.i.webscraper.scraper.WebScraper -        Q[46chars] | A[801chars] | Code[0]
2026-06-22 12:43:04.431 [main] DEBUG c.i.webscraper.scraper.WebScraper -        Q[55chars] | A[1982chars] | Code[4]
2026-06-22 12:43:04.432 [main] DEBUG c.i.webscraper.scraper.WebScraper -        Q[67chars] | A[1210chars] | Code[0]
2026-06-22 12:43:04.434 [main] DEBUG c.i.webscraper.scraper.WebScraper -        Q[22chars] | A[2144chars] | Code[0]
2026-06-22 12:43:04.435 [main] DEBUG c.i.webscraper.scraper.WebScraper -        Q[21chars] | A[1214chars] | Code[0]
2026-06-22 12:43:04.436 [main] DEBUG c.i.webscraper.scraper.WebScraper -        Q[23chars] | A[2709chars] | Code[0]
2026-06-22 12:43:04.437 [main] DEBUG c.i.webscraper.scraper.WebScraper -        Q[23chars] | A[1082chars] | Code[0]
2026-06-22 12:43:04.438 [main] DEBUG c.i.webscraper.scraper.WebScraper -        Q[36chars] | A[1915chars] | Code[0]
2026-06-22 12:43:04.440 [main] DEBUG c.i.webscraper.scraper.WebScraper -        Q[35chars] | A[1864chars] | Code[0]
2026-06-22 12:43:04.441 [main] INFO  c.i.webscraper.scraper.WebScraper -      12 Q&A pair(s) extracted.
2026-06-22 12:43:04.441 [main] INFO  c.i.webscraper.scraper.WebScraper -   → Section: 'Asynchronous Communication in the Cloud' (https://interview.in28minutes.com/interview-guides/cloud/asynchronous-communication-in-the-cloud/)
2026-06-22 12:43:04.442 [main] DEBUG c.i.webscraper.scraper.WebScraper - Sleeping 2500ms (attempt 1/3) before: https://interview.in28minutes.com/interview-guides/cloud/asynchronous-communication-in-the-cloud/
2026-06-22 12:43:07.587 [main] DEBUG c.i.webscraper.scraper.WebScraper - HTTP 200 ← https://interview.in28minutes.com/interview-guides/cloud/asynchronous-communication-in-the-cloud/
2026-06-22 12:43:07.590 [main] DEBUG c.i.webscraper.scraper.WebScraper -      6 question heading(s) in 'Asynchronous Communication in the Cloud'.
2026-06-22 12:43:07.590 [main] DEBUG c.i.webscraper.scraper.WebScraper -        Q[31chars] | A[1110chars] | Code[0]
2026-06-22 12:43:07.591 [main] DEBUG c.i.webscraper.scraper.WebScraper -        Q[37chars] | A[1576chars] | Code[0]
2026-06-22 12:43:07.592 [main] DEBUG c.i.webscraper.scraper.WebScraper -        Q[43chars] | A[1395chars] | Code[0]
2026-06-22 12:43:07.592 [main] DEBUG c.i.webscraper.scraper.WebScraper -        Q[36chars] | A[1407chars] | Code[0]
2026-06-22 12:43:07.592 [main] DEBUG c.i.webscraper.scraper.WebScraper -        Q[28chars] | A[3668chars] | Code[0]
2026-06-22 12:43:07.592 [main] DEBUG c.i.webscraper.scraper.WebScraper -        Q[44chars] | A[1470chars] | Code[0]
2026-06-22 12:43:07.593 [main] INFO  c.i.webscraper.scraper.WebScraper -      6 Q&A pair(s) extracted.
2026-06-22 12:43:07.593 [main] INFO  c.i.webscraper.scraper.WebScraper -   → Section: 'Networking in the Cloud' (https://interview.in28minutes.com/interview-guides/cloud/networking-in-the-cloud/)
2026-06-22 12:43:07.593 [main] DEBUG c.i.webscraper.scraper.WebScraper - Sleeping 2500ms (attempt 1/3) before: https://interview.in28minutes.com/interview-guides/cloud/networking-in-the-cloud/
2026-06-22 12:43:10.787 [main] DEBUG c.i.webscraper.scraper.WebScraper - HTTP 200 ← https://interview.in28minutes.com/interview-guides/cloud/networking-in-the-cloud/
2026-06-22 12:43:10.793 [main] DEBUG c.i.webscraper.scraper.WebScraper -      7 question heading(s) in 'Networking in the Cloud'.
2026-06-22 12:43:10.794 [main] DEBUG c.i.webscraper.scraper.WebScraper -        Q[65chars] | A[1512chars] | Code[0]
2026-06-22 12:43:10.795 [main] DEBUG c.i.webscraper.scraper.WebScraper -        Q[47chars] | A[1096chars] | Code[0]
2026-06-22 12:43:10.796 [main] DEBUG c.i.webscraper.scraper.WebScraper -        Q[47chars] | A[2101chars] | Code[0]
2026-06-22 12:43:10.796 [main] DEBUG c.i.webscraper.scraper.WebScraper -        Q[65chars] | A[1150chars] | Code[0]
2026-06-22 12:43:10.797 [main] DEBUG c.i.webscraper.scraper.WebScraper -        Q[37chars] | A[980chars] | Code[0]
2026-06-22 12:43:10.799 [main] DEBUG c.i.webscraper.scraper.WebScraper -        Q[37chars] | A[1105chars] | Code[0]
2026-06-22 12:43:10.799 [main] INFO  c.i.webscraper.scraper.WebScraper -      6 Q&A pair(s) extracted.
2026-06-22 12:43:10.800 [main] INFO  c.i.webscraper.scraper.WebScraper -   → Section: 'Cost Management in the Cloud' (https://interview.in28minutes.com/interview-guides/cloud/cost-management-in-the-cloud/)
2026-06-22 12:43:10.800 [main] DEBUG c.i.webscraper.scraper.WebScraper - Sleeping 2500ms (attempt 1/3) before: https://interview.in28minutes.com/interview-guides/cloud/cost-management-in-the-cloud/
2026-06-22 12:43:13.963 [main] DEBUG c.i.webscraper.scraper.WebScraper - HTTP 200 ← https://interview.in28minutes.com/interview-guides/cloud/cost-management-in-the-cloud/
2026-06-22 12:43:13.967 [main] DEBUG c.i.webscraper.scraper.WebScraper -      6 question heading(s) in 'Cost Management in the Cloud'.
2026-06-22 12:43:13.969 [main] DEBUG c.i.webscraper.scraper.WebScraper -        Q[38chars] | A[1020chars] | Code[0]
2026-06-22 12:43:13.969 [main] DEBUG c.i.webscraper.scraper.WebScraper -        Q[21chars] | A[641chars] | Code[0]
2026-06-22 12:43:13.970 [main] DEBUG c.i.webscraper.scraper.WebScraper -        Q[56chars] | A[682chars] | Code[0]
2026-06-22 12:43:13.971 [main] DEBUG c.i.webscraper.scraper.WebScraper -        Q[39chars] | A[1261chars] | Code[0]
2026-06-22 12:43:13.971 [main] DEBUG c.i.webscraper.scraper.WebScraper -        Q[15chars] | A[1604chars] | Code[0]
2026-06-22 12:43:13.972 [main] INFO  c.i.webscraper.scraper.WebScraper -      5 Q&A pair(s) extracted.
2026-06-22 12:43:13.972 [main] INFO  c.i.webscraper.scraper.WebScraper -   → Section: 'AI, ML and Generative AI in the Cloud' (https://interview.in28minutes.com/interview-guides/cloud/ai-ml-and-generative-ai-in-the-cloud/)
2026-06-22 12:43:13.973 [main] DEBUG c.i.webscraper.scraper.WebScraper - Sleeping 2500ms (attempt 1/3) before: https://interview.in28minutes.com/interview-guides/cloud/ai-ml-and-generative-ai-in-the-cloud/
2026-06-22 12:43:17.066 [main] DEBUG c.i.webscraper.scraper.WebScraper - HTTP 200 ← https://interview.in28minutes.com/interview-guides/cloud/ai-ml-and-generative-ai-in-the-cloud/
2026-06-22 12:43:17.071 [main] DEBUG c.i.webscraper.scraper.WebScraper -      5 question heading(s) in 'AI, ML and Generative AI in the Cloud'.
2026-06-22 12:43:17.072 [main] DEBUG c.i.webscraper.scraper.WebScraper -        Q[16chars] | A[1171chars] | Code[0]
2026-06-22 12:43:17.072 [main] DEBUG c.i.webscraper.scraper.WebScraper -        Q[53chars] | A[848chars] | Code[0]
2026-06-22 12:43:17.074 [main] DEBUG c.i.webscraper.scraper.WebScraper -        Q[22chars] | A[2236chars] | Code[0]
2026-06-22 12:43:17.075 [main] DEBUG c.i.webscraper.scraper.WebScraper -        Q[52chars] | A[2601chars] | Code[0]
2026-06-22 12:43:17.077 [main] INFO  c.i.webscraper.scraper.WebScraper -      4 Q&A pair(s) extracted.
2026-06-22 12:43:17.078 [main] INFO  c.i.webscraper.scraper.WebScraper -   → Section: 'Security in the Cloud' (https://interview.in28minutes.com/interview-guides/cloud/security-in-the-cloud/)
2026-06-22 12:43:17.079 [main] DEBUG c.i.webscraper.scraper.WebScraper - Sleeping 2500ms (attempt 1/3) before: https://interview.in28minutes.com/interview-guides/cloud/security-in-the-cloud/
2026-06-22 12:43:20.139 [main] DEBUG c.i.webscraper.scraper.WebScraper - HTTP 200 ← https://interview.in28minutes.com/interview-guides/cloud/security-in-the-cloud/
2026-06-22 12:43:20.145 [main] DEBUG c.i.webscraper.scraper.WebScraper -      7 question heading(s) in 'Security in the Cloud'.
2026-06-22 12:43:20.147 [main] DEBUG c.i.webscraper.scraper.WebScraper -        Q[31chars] | A[2931chars] | Code[0]
2026-06-22 12:43:20.148 [main] DEBUG c.i.webscraper.scraper.WebScraper -        Q[43chars] | A[3777chars] | Code[0]
2026-06-22 12:43:20.148 [main] DEBUG c.i.webscraper.scraper.WebScraper -        Q[22chars] | A[1085chars] | Code[0]
2026-06-22 12:43:20.150 [main] DEBUG c.i.webscraper.scraper.WebScraper -        Q[14chars] | A[1377chars] | Code[0]
2026-06-22 12:43:20.151 [main] DEBUG c.i.webscraper.scraper.WebScraper -        Q[51chars] | A[1442chars] | Code[0]
2026-06-22 12:43:20.152 [main] DEBUG c.i.webscraper.scraper.WebScraper -        Q[34chars] | A[1374chars] | Code[0]
2026-06-22 12:43:20.153 [main] DEBUG c.i.webscraper.scraper.WebScraper -        Q[24chars] | A[1664chars] | Code[0]
2026-06-22 12:43:20.153 [main] INFO  c.i.webscraper.scraper.WebScraper -      7 Q&A pair(s) extracted.
2026-06-22 12:43:20.154 [main] INFO  c.i.webscraper.scraper.WebScraper -   → Section: 'Cloud Interview - Diagrams' (https://interview.in28minutes.com/interview-guides/cloud/cloud-interview-diagrams/)
2026-06-22 12:43:20.154 [main] DEBUG c.i.webscraper.scraper.WebScraper - Sleeping 2500ms (attempt 1/3) before: https://interview.in28minutes.com/interview-guides/cloud/cloud-interview-diagrams/
2026-06-22 12:43:23.077 [main] DEBUG c.i.webscraper.scraper.WebScraper - HTTP 200 ← https://interview.in28minutes.com/interview-guides/cloud/cloud-interview-diagrams/
2026-06-22 12:43:23.081 [main] DEBUG c.i.webscraper.scraper.WebScraper -      10 question heading(s) in 'Cloud Interview - Diagrams'.
2026-06-22 12:43:23.082 [main] WARN  c.i.webscraper.scraper.WebScraper -      Section 'Cloud Interview - Diagrams' had no Q&A pairs.
2026-06-22 12:43:23.083 [main] INFO  c.i.webscraper.scraper.WebScraper - Topic 'Cloud' complete → 7 section(s).
2026-06-22 12:43:23.083 [main] INFO  c.i.webscraper.scraper.WebScraper - ---------- Topic: Docker → https://interview.in28minutes.com/docker/
2026-06-22 12:43:23.084 [main] DEBUG c.i.webscraper.scraper.WebScraper - Sleeping 2500ms (attempt 1/3) before: https://interview.in28minutes.com/docker/
2026-06-22 12:43:26.032 [main] DEBUG c.i.webscraper.scraper.WebScraper - HTTP 200 ← https://interview.in28minutes.com/docker/
2026-06-22 12:43:26.036 [main] DEBUG c.i.webscraper.scraper.WebScraper - Topic 'Docker' → 10 card(s) found.
2026-06-22 12:43:26.037 [main] INFO  c.i.webscraper.scraper.WebScraper -   → Section: 'Docker Fundamentals' (https://interview.in28minutes.com/interview-guides/docker/docker-fundamentals/)
2026-06-22 12:43:26.037 [main] DEBUG c.i.webscraper.scraper.WebScraper - Sleeping 2500ms (attempt 1/3) before: https://interview.in28minutes.com/interview-guides/docker/docker-fundamentals/
2026-06-22 12:43:29.113 [main] DEBUG c.i.webscraper.scraper.WebScraper - HTTP 200 ← https://interview.in28minutes.com/interview-guides/docker/docker-fundamentals/
2026-06-22 12:43:29.118 [main] DEBUG c.i.webscraper.scraper.WebScraper -      6 question heading(s) in 'Docker Fundamentals'.
2026-06-22 12:43:29.118 [main] DEBUG c.i.webscraper.scraper.WebScraper -        Q[60chars] | A[523chars] | Code[0]
2026-06-22 12:43:29.119 [main] DEBUG c.i.webscraper.scraper.WebScraper -        Q[82chars] | A[337chars] | Code[0]
2026-06-22 12:43:29.120 [main] DEBUG c.i.webscraper.scraper.WebScraper -        Q[40chars] | A[390chars] | Code[0]
2026-06-22 12:43:29.120 [main] DEBUG c.i.webscraper.scraper.WebScraper -        Q[54chars] | A[955chars] | Code[0]
2026-06-22 12:43:29.121 [main] DEBUG c.i.webscraper.scraper.WebScraper -        Q[63chars] | A[1637chars] | Code[0]
2026-06-22 12:43:29.122 [main] INFO  c.i.webscraper.scraper.WebScraper -      5 Q&A pair(s) extracted.
2026-06-22 12:43:29.122 [main] INFO  c.i.webscraper.scraper.WebScraper -   → Section: 'Building Docker Images' (https://interview.in28minutes.com/interview-guides/docker/building-docker-images/)
2026-06-22 12:43:29.124 [main] DEBUG c.i.webscraper.scraper.WebScraper - Sleeping 2500ms (attempt 1/3) before: https://interview.in28minutes.com/interview-guides/docker/building-docker-images/
2026-06-22 12:43:32.367 [main] DEBUG c.i.webscraper.scraper.WebScraper - HTTP 200 ← https://interview.in28minutes.com/interview-guides/docker/building-docker-images/
2026-06-22 12:43:32.372 [main] DEBUG c.i.webscraper.scraper.WebScraper -      13 question heading(s) in 'Building Docker Images'.
2026-06-22 12:43:32.372 [main] DEBUG c.i.webscraper.scraper.WebScraper -        Q[54chars] | A[171chars] | Code[3]
2026-06-22 12:43:32.374 [main] DEBUG c.i.webscraper.scraper.WebScraper -        Q[21chars] | A[665chars] | Code[0]
2026-06-22 12:43:32.374 [main] DEBUG c.i.webscraper.scraper.WebScraper -        Q[35chars] | A[333chars] | Code[0]
2026-06-22 12:43:32.374 [main] DEBUG c.i.webscraper.scraper.WebScraper -        Q[87chars] | A[1092chars] | Code[7]
2026-06-22 12:43:32.374 [main] DEBUG c.i.webscraper.scraper.WebScraper -        Q[47chars] | A[214chars] | Code[1]
2026-06-22 12:43:32.376 [main] DEBUG c.i.webscraper.scraper.WebScraper -        Q[59chars] | A[659chars] | Code[1]
2026-06-22 12:43:32.376 [main] DEBUG c.i.webscraper.scraper.WebScraper -        Q[59chars] | A[510chars] | Code[2]
2026-06-22 12:43:32.377 [main] DEBUG c.i.webscraper.scraper.WebScraper -        Q[55chars] | A[1459chars] | Code[2]
2026-06-22 12:43:32.378 [main] DEBUG c.i.webscraper.scraper.WebScraper -        Q[92chars] | A[1309chars] | Code[2]
2026-06-22 12:43:32.378 [main] DEBUG c.i.webscraper.scraper.WebScraper -        Q[62chars] | A[725chars] | Code[4]
2026-06-22 12:43:32.378 [main] DEBUG c.i.webscraper.scraper.WebScraper -        Q[46chars] | A[313chars] | Code[1]
2026-06-22 12:43:32.379 [main] DEBUG c.i.webscraper.scraper.WebScraper -        Q[44chars] | A[680chars] | Code[1]
2026-06-22 12:43:32.380 [main] DEBUG c.i.webscraper.scraper.WebScraper -        Q[36chars] | A[768chars] | Code[0]
2026-06-22 12:43:32.380 [main] INFO  c.i.webscraper.scraper.WebScraper -      13 Q&A pair(s) extracted.
2026-06-22 12:43:32.380 [main] INFO  c.i.webscraper.scraper.WebScraper -   → Section: 'Managing Docker Containers' (https://interview.in28minutes.com/interview-guides/docker/managing-docker-containers/)
2026-06-22 12:43:32.381 [main] DEBUG c.i.webscraper.scraper.WebScraper - Sleeping 2500ms (attempt 1/3) before: https://interview.in28minutes.com/interview-guides/docker/managing-docker-containers/
2026-06-22 12:43:35.479 [main] DEBUG c.i.webscraper.scraper.WebScraper - HTTP 200 ← https://interview.in28minutes.com/interview-guides/docker/managing-docker-containers/
2026-06-22 12:43:35.484 [main] DEBUG c.i.webscraper.scraper.WebScraper -      5 question heading(s) in 'Managing Docker Containers'.
2026-06-22 12:43:35.485 [main] DEBUG c.i.webscraper.scraper.WebScraper -        Q[50chars] | A[416chars] | Code[0]
2026-06-22 12:43:35.486 [main] DEBUG c.i.webscraper.scraper.WebScraper -        Q[47chars] | A[2156chars] | Code[33]
2026-06-22 12:43:35.487 [main] DEBUG c.i.webscraper.scraper.WebScraper -        Q[108chars] | A[151chars] | Code[3]
2026-06-22 12:43:35.488 [main] DEBUG c.i.webscraper.scraper.WebScraper -        Q[38chars] | A[535chars] | Code[9]
2026-06-22 12:43:35.488 [main] DEBUG c.i.webscraper.scraper.WebScraper -        Q[101chars] | A[775chars] | Code[16]
2026-06-22 12:43:35.488 [main] INFO  c.i.webscraper.scraper.WebScraper -      5 Q&A pair(s) extracted.
2026-06-22 12:43:35.488 [main] INFO  c.i.webscraper.scraper.WebScraper -   → Section: 'Persisting Data in Docker' (https://interview.in28minutes.com/interview-guides/docker/persisting-data-in-docker/)
2026-06-22 12:43:35.490 [main] DEBUG c.i.webscraper.scraper.WebScraper - Sleeping 2500ms (attempt 1/3) before: https://interview.in28minutes.com/interview-guides/docker/persisting-data-in-docker/
2026-06-22 12:43:38.681 [main] DEBUG c.i.webscraper.scraper.WebScraper - HTTP 200 ← https://interview.in28minutes.com/interview-guides/docker/persisting-data-in-docker/
2026-06-22 12:43:38.688 [main] DEBUG c.i.webscraper.scraper.WebScraper -      8 question heading(s) in 'Persisting Data in Docker'.
2026-06-22 12:43:38.688 [main] DEBUG c.i.webscraper.scraper.WebScraper -        Q[46chars] | A[813chars] | Code[0]
2026-06-22 12:43:38.689 [main] DEBUG c.i.webscraper.scraper.WebScraper -        Q[27chars] | A[941chars] | Code[6]
2026-06-22 12:43:38.690 [main] DEBUG c.i.webscraper.scraper.WebScraper -        Q[39chars] | A[310chars] | Code[7]
2026-06-22 12:43:38.691 [main] DEBUG c.i.webscraper.scraper.WebScraper -        Q[35chars] | A[574chars] | Code[2]
2026-06-22 12:43:38.692 [main] DEBUG c.i.webscraper.scraper.WebScraper -        Q[57chars] | A[805chars] | Code[10]
2026-06-22 12:43:38.693 [main] DEBUG c.i.webscraper.scraper.WebScraper -        Q[65chars] | A[695chars] | Code[0]
2026-06-22 12:43:38.693 [main] DEBUG c.i.webscraper.scraper.WebScraper -        Q[24chars] | A[1109chars] | Code[0]
2026-06-22 12:43:38.694 [main] INFO  c.i.webscraper.scraper.WebScraper -      7 Q&A pair(s) extracted.
2026-06-22 12:43:38.694 [main] INFO  c.i.webscraper.scraper.WebScraper -   → Section: 'Docker Networking' (https://interview.in28minutes.com/interview-guides/docker/docker-networking/)
2026-06-22 12:43:38.695 [main] DEBUG c.i.webscraper.scraper.WebScraper - Sleeping 2500ms (attempt 1/3) before: https://interview.in28minutes.com/interview-guides/docker/docker-networking/
2026-06-22 12:43:41.843 [main] DEBUG c.i.webscraper.scraper.WebScraper - HTTP 200 ← https://interview.in28minutes.com/interview-guides/docker/docker-networking/
2026-06-22 12:43:41.848 [main] DEBUG c.i.webscraper.scraper.WebScraper -      7 question heading(s) in 'Docker Networking'.
2026-06-22 12:43:41.849 [main] DEBUG c.i.webscraper.scraper.WebScraper -        Q[36chars] | A[749chars] | Code[0]
2026-06-22 12:43:41.850 [main] DEBUG c.i.webscraper.scraper.WebScraper -        Q[42chars] | A[2776chars] | Code[6]
2026-06-22 12:43:41.851 [main] DEBUG c.i.webscraper.scraper.WebScraper -        Q[55chars] | A[206chars] | Code[4]
2026-06-22 12:43:41.852 [main] DEBUG c.i.webscraper.scraper.WebScraper -        Q[61chars] | A[358chars] | Code[2]
2026-06-22 12:43:41.852 [main] DEBUG c.i.webscraper.scraper.WebScraper -        Q[63chars] | A[219chars] | Code[1]
2026-06-22 12:43:41.853 [main] DEBUG c.i.webscraper.scraper.WebScraper -        Q[55chars] | A[445chars] | Code[1]
2026-06-22 12:43:41.854 [main] DEBUG c.i.webscraper.scraper.WebScraper -        Q[106chars] | A[409chars] | Code[2]
2026-06-22 12:43:41.854 [main] INFO  c.i.webscraper.scraper.WebScraper -      7 Q&A pair(s) extracted.
2026-06-22 12:43:41.855 [main] INFO  c.i.webscraper.scraper.WebScraper -   → Section: 'Docker Security' (https://interview.in28minutes.com/interview-guides/docker/docker-security/)
2026-06-22 12:43:41.857 [main] DEBUG c.i.webscraper.scraper.WebScraper - Sleeping 2500ms (attempt 1/3) before: https://interview.in28minutes.com/interview-guides/docker/docker-security/
2026-06-22 12:43:44.984 [main] DEBUG c.i.webscraper.scraper.WebScraper - HTTP 200 ← https://interview.in28minutes.com/interview-guides/docker/docker-security/
2026-06-22 12:43:44.986 [main] DEBUG c.i.webscraper.scraper.WebScraper -      9 question heading(s) in 'Docker Security'.
2026-06-22 12:43:44.986 [main] DEBUG c.i.webscraper.scraper.WebScraper -        Q[36chars] | A[733chars] | Code[0]
2026-06-22 12:43:44.986 [main] DEBUG c.i.webscraper.scraper.WebScraper -        Q[53chars] | A[1621chars] | Code[0]
2026-06-22 12:43:44.987 [main] DEBUG c.i.webscraper.scraper.WebScraper -        Q[45chars] | A[303chars] | Code[1]
2026-06-22 12:43:44.987 [main] DEBUG c.i.webscraper.scraper.WebScraper -        Q[54chars] | A[1036chars] | Code[1]
2026-06-22 12:43:44.987 [main] DEBUG c.i.webscraper.scraper.WebScraper -        Q[43chars] | A[1965chars] | Code[5]
2026-06-22 12:43:44.988 [main] DEBUG c.i.webscraper.scraper.WebScraper -        Q[74chars] | A[878chars] | Code[3]
2026-06-22 12:43:44.988 [main] DEBUG c.i.webscraper.scraper.WebScraper -        Q[53chars] | A[1020chars] | Code[0]
2026-06-22 12:43:44.988 [main] DEBUG c.i.webscraper.scraper.WebScraper -        Q[44chars] | A[1841chars] | Code[0]
2026-06-22 12:43:44.989 [main] DEBUG c.i.webscraper.scraper.WebScraper -        Q[42chars] | A[1142chars] | Code[1]
2026-06-22 12:43:44.989 [main] INFO  c.i.webscraper.scraper.WebScraper -      9 Q&A pair(s) extracted.
2026-06-22 12:43:44.989 [main] INFO  c.i.webscraper.scraper.WebScraper -   → Section: 'Docker Compose' (https://interview.in28minutes.com/interview-guides/docker/docker-compose/)
2026-06-22 12:43:44.989 [main] DEBUG c.i.webscraper.scraper.WebScraper - Sleeping 2500ms (attempt 1/3) before: https://interview.in28minutes.com/interview-guides/docker/docker-compose/
2026-06-22 12:43:48.089 [main] DEBUG c.i.webscraper.scraper.WebScraper - HTTP 200 ← https://interview.in28minutes.com/interview-guides/docker/docker-compose/
2026-06-22 12:43:48.096 [main] DEBUG c.i.webscraper.scraper.WebScraper -      6 question heading(s) in 'Docker Compose'.
2026-06-22 12:43:48.098 [main] DEBUG c.i.webscraper.scraper.WebScraper -        Q[36chars] | A[1907chars] | Code[4]
2026-06-22 12:43:48.100 [main] DEBUG c.i.webscraper.scraper.WebScraper -        Q[64chars] | A[722chars] | Code[0]
2026-06-22 12:43:48.102 [main] DEBUG c.i.webscraper.scraper.WebScraper -        Q[43chars] | A[2667chars] | Code[3]
2026-06-22 12:43:48.103 [main] DEBUG c.i.webscraper.scraper.WebScraper -        Q[68chars] | A[580chars] | Code[8]
2026-06-22 12:43:48.104 [main] DEBUG c.i.webscraper.scraper.WebScraper -        Q[48chars] | A[559chars] | Code[4]
2026-06-22 12:43:48.105 [main] DEBUG c.i.webscraper.scraper.WebScraper -        Q[18chars] | A[923chars] | Code[0]
2026-06-22 12:43:48.106 [main] INFO  c.i.webscraper.scraper.WebScraper -      6 Q&A pair(s) extracted.
2026-06-22 12:43:48.106 [main] INFO  c.i.webscraper.scraper.WebScraper -   → Section: 'Advanced Docker Concepts' (https://interview.in28minutes.com/interview-guides/docker/advanced-docker-concepts/)
2026-06-22 12:43:48.106 [main] DEBUG c.i.webscraper.scraper.WebScraper - Sleeping 2500ms (attempt 1/3) before: https://interview.in28minutes.com/interview-guides/docker/advanced-docker-concepts/
2026-06-22 12:43:51.248 [main] DEBUG c.i.webscraper.scraper.WebScraper - HTTP 200 ← https://interview.in28minutes.com/interview-guides/docker/advanced-docker-concepts/
2026-06-22 12:43:51.253 [main] DEBUG c.i.webscraper.scraper.WebScraper -      5 question heading(s) in 'Advanced Docker Concepts'.
2026-06-22 12:43:51.254 [main] DEBUG c.i.webscraper.scraper.WebScraper -        Q[10chars] | A[1446chars] | Code[0]
2026-06-22 12:43:51.255 [main] DEBUG c.i.webscraper.scraper.WebScraper -        Q[60chars] | A[894chars] | Code[5]
2026-06-22 12:43:51.255 [main] DEBUG c.i.webscraper.scraper.WebScraper -        Q[64chars] | A[1599chars] | Code[0]
2026-06-22 12:43:51.257 [main] INFO  c.i.webscraper.scraper.WebScraper -      3 Q&A pair(s) extracted.
2026-06-22 12:43:51.257 [main] INFO  c.i.webscraper.scraper.WebScraper -   → Section: 'Docker Cheat Sheet' (https://interview.in28minutes.com/interview-guides/docker/docker-cheat-sheet/)
2026-06-22 12:43:51.257 [main] DEBUG c.i.webscraper.scraper.WebScraper - Sleeping 2500ms (attempt 1/3) before: https://interview.in28minutes.com/interview-guides/docker/docker-cheat-sheet/
2026-06-22 12:43:54.409 [main] DEBUG c.i.webscraper.scraper.WebScraper - HTTP 200 ← https://interview.in28minutes.com/interview-guides/docker/docker-cheat-sheet/
2026-06-22 12:43:54.415 [main] DEBUG c.i.webscraper.scraper.WebScraper -      9 question heading(s) in 'Docker Cheat Sheet'.
2026-06-22 12:43:54.417 [main] WARN  c.i.webscraper.scraper.WebScraper -      Section 'Docker Cheat Sheet' had no Q&A pairs.
2026-06-22 12:43:54.417 [main] INFO  c.i.webscraper.scraper.WebScraper -   → Section: 'Docker Interview - Diagrams' (https://interview.in28minutes.com/interview-guides/docker/docker-interview-diagrams/)
2026-06-22 12:43:54.417 [main] DEBUG c.i.webscraper.scraper.WebScraper - Sleeping 2500ms (attempt 1/3) before: https://interview.in28minutes.com/interview-guides/docker/docker-interview-diagrams/
2026-06-22 12:43:57.383 [main] DEBUG c.i.webscraper.scraper.WebScraper - HTTP 200 ← https://interview.in28minutes.com/interview-guides/docker/docker-interview-diagrams/
2026-06-22 12:43:57.392 [main] DEBUG c.i.webscraper.scraper.WebScraper -      10 question heading(s) in 'Docker Interview - Diagrams'.
2026-06-22 12:43:57.394 [main] DEBUG c.i.webscraper.scraper.WebScraper -        Q[29chars] | A[0chars] | Code[1]
2026-06-22 12:43:57.394 [main] INFO  c.i.webscraper.scraper.WebScraper -      1 Q&A pair(s) extracted.
2026-06-22 12:43:57.395 [main] INFO  c.i.webscraper.scraper.WebScraper - Topic 'Docker' complete → 9 section(s).
2026-06-22 12:43:57.395 [main] INFO  c.i.webscraper.scraper.WebScraper - ---------- Topic: Kubernetes → https://interview.in28minutes.com/kubernetes/
2026-06-22 12:43:57.396 [main] DEBUG c.i.webscraper.scraper.WebScraper - Sleeping 2500ms (attempt 1/3) before: https://interview.in28minutes.com/kubernetes/
2026-06-22 12:44:00.411 [main] DEBUG c.i.webscraper.scraper.WebScraper - HTTP 200 ← https://interview.in28minutes.com/kubernetes/
2026-06-22 12:44:00.415 [main] DEBUG c.i.webscraper.scraper.WebScraper - Topic 'Kubernetes' → 10 card(s) found.
2026-06-22 12:44:00.415 [main] INFO  c.i.webscraper.scraper.WebScraper -   → Section: 'Kubernetes Landscape' (https://interview.in28minutes.com/interview-guides/kubernetes/kubernetes-landscape/)
2026-06-22 12:44:00.416 [main] DEBUG c.i.webscraper.scraper.WebScraper - Sleeping 2500ms (attempt 1/3) before: https://interview.in28minutes.com/interview-guides/kubernetes/kubernetes-landscape/
2026-06-22 12:44:03.558 [main] DEBUG c.i.webscraper.scraper.WebScraper - HTTP 200 ← https://interview.in28minutes.com/interview-guides/kubernetes/kubernetes-landscape/
2026-06-22 12:44:03.564 [main] DEBUG c.i.webscraper.scraper.WebScraper -      6 question heading(s) in 'Kubernetes Landscape'.
2026-06-22 12:44:03.565 [main] DEBUG c.i.webscraper.scraper.WebScraper -        Q[60chars] | A[505chars] | Code[0]
2026-06-22 12:44:03.567 [main] DEBUG c.i.webscraper.scraper.WebScraper -        Q[57chars] | A[2666chars] | Code[0]
2026-06-22 12:44:03.567 [main] DEBUG c.i.webscraper.scraper.WebScraper -        Q[38chars] | A[893chars] | Code[0]
2026-06-22 12:44:03.568 [main] DEBUG c.i.webscraper.scraper.WebScraper -        Q[53chars] | A[988chars] | Code[0]
2026-06-22 12:44:03.569 [main] DEBUG c.i.webscraper.scraper.WebScraper -        Q[39chars] | A[674chars] | Code[0]
2026-06-22 12:44:03.570 [main] INFO  c.i.webscraper.scraper.WebScraper -      5 Q&A pair(s) extracted.
2026-06-22 12:44:03.570 [main] INFO  c.i.webscraper.scraper.WebScraper -   → Section: 'Kubernetes Fundamentals' (https://interview.in28minutes.com/interview-guides/kubernetes/kubernetes-fundamentals/)
2026-06-22 12:44:03.571 [main] DEBUG c.i.webscraper.scraper.WebScraper - Sleeping 2500ms (attempt 1/3) before: https://interview.in28minutes.com/interview-guides/kubernetes/kubernetes-fundamentals/
2026-06-22 12:44:06.670 [main] DEBUG c.i.webscraper.scraper.WebScraper - HTTP 200 ← https://interview.in28minutes.com/interview-guides/kubernetes/kubernetes-fundamentals/
2026-06-22 12:44:06.679 [main] DEBUG c.i.webscraper.scraper.WebScraper -      6 question heading(s) in 'Kubernetes Fundamentals'.
2026-06-22 12:44:06.681 [main] DEBUG c.i.webscraper.scraper.WebScraper -        Q[40chars] | A[1535chars] | Code[0]
2026-06-22 12:44:06.682 [main] DEBUG c.i.webscraper.scraper.WebScraper -        Q[53chars] | A[1268chars] | Code[2]
2026-06-22 12:44:06.686 [main] DEBUG c.i.webscraper.scraper.WebScraper -        Q[63chars] | A[1213chars] | Code[0]
2026-06-22 12:44:06.688 [main] DEBUG c.i.webscraper.scraper.WebScraper -        Q[60chars] | A[1250chars] | Code[1]
2026-06-22 12:44:06.688 [main] DEBUG c.i.webscraper.scraper.WebScraper -        Q[62chars] | A[1511chars] | Code[1]
2026-06-22 12:44:06.689 [main] DEBUG c.i.webscraper.scraper.WebScraper -        Q[73chars] | A[1854chars] | Code[1]
2026-06-22 12:44:06.689 [main] INFO  c.i.webscraper.scraper.WebScraper -      6 Q&A pair(s) extracted.
2026-06-22 12:44:06.690 [main] INFO  c.i.webscraper.scraper.WebScraper -   → Section: 'Kubernetes Services and Networking' (https://interview.in28minutes.com/interview-guides/kubernetes/kubernetes-services-and-networking/)
2026-06-22 12:44:06.695 [main] DEBUG c.i.webscraper.scraper.WebScraper - Sleeping 2500ms (attempt 1/3) before: https://interview.in28minutes.com/interview-guides/kubernetes/kubernetes-services-and-networking/
2026-06-22 12:44:09.841 [main] DEBUG c.i.webscraper.scraper.WebScraper - HTTP 200 ← https://interview.in28minutes.com/interview-guides/kubernetes/kubernetes-services-and-networking/
2026-06-22 12:44:09.847 [main] DEBUG c.i.webscraper.scraper.WebScraper -      9 question heading(s) in 'Kubernetes Services and Networking'.
2026-06-22 12:44:09.847 [main] DEBUG c.i.webscraper.scraper.WebScraper -        Q[36chars] | A[220chars] | Code[1]
2026-06-22 12:44:09.848 [main] DEBUG c.i.webscraper.scraper.WebScraper -        Q[41chars] | A[1007chars] | Code[0]
2026-06-22 12:44:09.849 [main] DEBUG c.i.webscraper.scraper.WebScraper -        Q[29chars] | A[2847chars] | Code[0]
2026-06-22 12:44:09.849 [main] DEBUG c.i.webscraper.scraper.WebScraper -        Q[56chars] | A[967chars] | Code[0]
2026-06-22 12:44:09.851 [main] DEBUG c.i.webscraper.scraper.WebScraper -        Q[47chars] | A[1420chars] | Code[0]
2026-06-22 12:44:09.852 [main] DEBUG c.i.webscraper.scraper.WebScraper -        Q[45chars] | A[3682chars] | Code[0]
2026-06-22 12:44:09.853 [main] DEBUG c.i.webscraper.scraper.WebScraper -        Q[26chars] | A[710chars] | Code[1]
2026-06-22 12:44:09.854 [main] DEBUG c.i.webscraper.scraper.WebScraper -        Q[37chars] | A[1063chars] | Code[0]
2026-06-22 12:44:09.854 [main] INFO  c.i.webscraper.scraper.WebScraper -      8 Q&A pair(s) extracted.
2026-06-22 12:44:09.855 [main] INFO  c.i.webscraper.scraper.WebScraper -   → Section: 'More Kubernetes Fundamentals' (https://interview.in28minutes.com/interview-guides/kubernetes/more-kubernetes-fundamentals/)
2026-06-22 12:44:09.855 [main] DEBUG c.i.webscraper.scraper.WebScraper - Sleeping 2500ms (attempt 1/3) before: https://interview.in28minutes.com/interview-guides/kubernetes/more-kubernetes-fundamentals/
2026-06-22 12:44:13.069 [main] DEBUG c.i.webscraper.scraper.WebScraper - HTTP 200 ← https://interview.in28minutes.com/interview-guides/kubernetes/more-kubernetes-fundamentals/
2026-06-22 12:44:13.096 [main] DEBUG c.i.webscraper.scraper.WebScraper -      18 question heading(s) in 'More Kubernetes Fundamentals'.
2026-06-22 12:44:13.098 [main] DEBUG c.i.webscraper.scraper.WebScraper -        Q[36chars] | A[1464chars] | Code[1]
2026-06-22 12:44:13.099 [main] DEBUG c.i.webscraper.scraper.WebScraper -        Q[34chars] | A[31chars] | Code[2]
2026-06-22 12:44:13.099 [main] DEBUG c.i.webscraper.scraper.WebScraper -        Q[31chars] | A[75chars] | Code[1]
2026-06-22 12:44:13.100 [main] DEBUG c.i.webscraper.scraper.WebScraper -        Q[35chars] | A[313chars] | Code[3]
2026-06-22 12:44:13.100 [main] DEBUG c.i.webscraper.scraper.WebScraper -        Q[47chars] | A[1068chars] | Code[0]
2026-06-22 12:44:13.101 [main] DEBUG c.i.webscraper.scraper.WebScraper -        Q[39chars] | A[734chars] | Code[0]
2026-06-22 12:44:13.102 [main] DEBUG c.i.webscraper.scraper.WebScraper -        Q[20chars] | A[971chars] | Code[2]
2026-06-22 12:44:13.102 [main] DEBUG c.i.webscraper.scraper.WebScraper -        Q[19chars] | A[378chars] | Code[0]
2026-06-22 12:44:13.103 [main] DEBUG c.i.webscraper.scraper.WebScraper -        Q[33chars] | A[800chars] | Code[0]
2026-06-22 12:44:13.103 [main] DEBUG c.i.webscraper.scraper.WebScraper -        Q[60chars] | A[154chars] | Code[1]
2026-06-22 12:44:13.104 [main] DEBUG c.i.webscraper.scraper.WebScraper -        Q[43chars] | A[203chars] | Code[0]
2026-06-22 12:44:13.104 [main] DEBUG c.i.webscraper.scraper.WebScraper -        Q[40chars] | A[241chars] | Code[1]
2026-06-22 12:44:13.105 [main] DEBUG c.i.webscraper.scraper.WebScraper -        Q[32chars] | A[1046chars] | Code[1]
2026-06-22 12:44:13.106 [main] DEBUG c.i.webscraper.scraper.WebScraper -        Q[27chars] | A[859chars] | Code[0]
2026-06-22 12:44:13.107 [main] DEBUG c.i.webscraper.scraper.WebScraper -        Q[49chars] | A[1285chars] | Code[0]
2026-06-22 12:44:13.107 [main] INFO  c.i.webscraper.scraper.WebScraper -      15 Q&A pair(s) extracted.
2026-06-22 12:44:13.108 [main] INFO  c.i.webscraper.scraper.WebScraper -   → Section: 'Kubernetes Storage' (https://interview.in28minutes.com/interview-guides/kubernetes/kubernetes-storage/)
2026-06-22 12:44:13.108 [main] DEBUG c.i.webscraper.scraper.WebScraper - Sleeping 2500ms (attempt 1/3) before: https://interview.in28minutes.com/interview-guides/kubernetes/kubernetes-storage/
2026-06-22 12:44:16.272 [main] DEBUG c.i.webscraper.scraper.WebScraper - HTTP 200 ← https://interview.in28minutes.com/interview-guides/kubernetes/kubernetes-storage/
2026-06-22 12:44:16.277 [main] DEBUG c.i.webscraper.scraper.WebScraper -      11 question heading(s) in 'Kubernetes Storage'.
2026-06-22 12:44:16.281 [main] DEBUG c.i.webscraper.scraper.WebScraper -        Q[69chars] | A[547chars] | Code[0]
2026-06-22 12:44:16.282 [main] DEBUG c.i.webscraper.scraper.WebScraper -        Q[43chars] | A[764chars] | Code[0]
2026-06-22 12:44:16.283 [main] DEBUG c.i.webscraper.scraper.WebScraper -        Q[57chars] | A[521chars] | Code[1]
2026-06-22 12:44:16.286 [main] DEBUG c.i.webscraper.scraper.WebScraper -        Q[35chars] | A[724chars] | Code[1]
2026-06-22 12:44:16.286 [main] DEBUG c.i.webscraper.scraper.WebScraper -        Q[36chars] | A[714chars] | Code[1]
2026-06-22 12:44:16.287 [main] DEBUG c.i.webscraper.scraper.WebScraper -        Q[47chars] | A[311chars] | Code[1]
2026-06-22 12:44:16.289 [main] DEBUG c.i.webscraper.scraper.WebScraper -        Q[59chars] | A[209chars] | Code[1]
2026-06-22 12:44:16.289 [main] DEBUG c.i.webscraper.scraper.WebScraper -        Q[42chars] | A[1098chars] | Code[0]
2026-06-22 12:44:16.290 [main] DEBUG c.i.webscraper.scraper.WebScraper -        Q[112chars] | A[1189chars] | Code[0]
2026-06-22 12:44:16.291 [main] DEBUG c.i.webscraper.scraper.WebScraper -        Q[46chars] | A[712chars] | Code[1]
2026-06-22 12:44:16.291 [main] DEBUG c.i.webscraper.scraper.WebScraper -        Q[78chars] | A[1193chars] | Code[1]
2026-06-22 12:44:16.291 [main] INFO  c.i.webscraper.scraper.WebScraper -      11 Q&A pair(s) extracted.
2026-06-22 12:44:16.292 [main] INFO  c.i.webscraper.scraper.WebScraper -   → Section: 'Kubernetes Security' (https://interview.in28minutes.com/interview-guides/kubernetes/kubernetes-security/)
2026-06-22 12:44:16.292 [main] DEBUG c.i.webscraper.scraper.WebScraper - Sleeping 2500ms (attempt 1/3) before: https://interview.in28minutes.com/interview-guides/kubernetes/kubernetes-security/
2026-06-22 12:44:19.490 [main] DEBUG c.i.webscraper.scraper.WebScraper - HTTP 200 ← https://interview.in28minutes.com/interview-guides/kubernetes/kubernetes-security/
2026-06-22 12:44:19.497 [main] DEBUG c.i.webscraper.scraper.WebScraper -      10 question heading(s) in 'Kubernetes Security'.
2026-06-22 12:44:19.497 [main] DEBUG c.i.webscraper.scraper.WebScraper -        Q[49chars] | A[794chars] | Code[1]
2026-06-22 12:44:19.498 [main] DEBUG c.i.webscraper.scraper.WebScraper -        Q[44chars] | A[671chars] | Code[1]
2026-06-22 12:44:19.498 [main] DEBUG c.i.webscraper.scraper.WebScraper -        Q[56chars] | A[867chars] | Code[1]
2026-06-22 12:44:19.499 [main] DEBUG c.i.webscraper.scraper.WebScraper -        Q[38chars] | A[1067chars] | Code[0]
2026-06-22 12:44:19.499 [main] DEBUG c.i.webscraper.scraper.WebScraper -        Q[42chars] | A[0chars] | Code[1]
2026-06-22 12:44:19.500 [main] DEBUG c.i.webscraper.scraper.WebScraper -        Q[39chars] | A[1214chars] | Code[0]
2026-06-22 12:44:19.501 [main] DEBUG c.i.webscraper.scraper.WebScraper -        Q[87chars] | A[1599chars] | Code[1]
2026-06-22 12:44:19.502 [main] DEBUG c.i.webscraper.scraper.WebScraper -        Q[37chars] | A[925chars] | Code[1]
2026-06-22 12:44:19.502 [main] INFO  c.i.webscraper.scraper.WebScraper -      8 Q&A pair(s) extracted.
2026-06-22 12:44:19.503 [main] INFO  c.i.webscraper.scraper.WebScraper -   → Section: 'Kubernetes Scheduling' (https://interview.in28minutes.com/interview-guides/kubernetes/kubernetes-scheduling/)
2026-06-22 12:44:19.503 [main] DEBUG c.i.webscraper.scraper.WebScraper - Sleeping 2500ms (attempt 1/3) before: https://interview.in28minutes.com/interview-guides/kubernetes/kubernetes-scheduling/
2026-06-22 12:44:22.709 [main] DEBUG c.i.webscraper.scraper.WebScraper - HTTP 200 ← https://interview.in28minutes.com/interview-guides/kubernetes/kubernetes-scheduling/
2026-06-22 12:44:22.712 [main] DEBUG c.i.webscraper.scraper.WebScraper -      13 question heading(s) in 'Kubernetes Scheduling'.
2026-06-22 12:44:22.714 [main] DEBUG c.i.webscraper.scraper.WebScraper -        Q[35chars] | A[817chars] | Code[0]
2026-06-22 12:44:22.714 [main] DEBUG c.i.webscraper.scraper.WebScraper -        Q[32chars] | A[0chars] | Code[1]
2026-06-22 12:44:22.714 [main] DEBUG c.i.webscraper.scraper.WebScraper -        Q[63chars] | A[464chars] | Code[1]
2026-06-22 12:44:22.715 [main] DEBUG c.i.webscraper.scraper.WebScraper -        Q[28chars] | A[826chars] | Code[0]
2026-06-22 12:44:22.715 [main] DEBUG c.i.webscraper.scraper.WebScraper -        Q[31chars] | A[0chars] | Code[1]
2026-06-22 12:44:22.716 [main] DEBUG c.i.webscraper.scraper.WebScraper -        Q[22chars] | A[772chars] | Code[0]
2026-06-22 12:44:22.716 [main] DEBUG c.i.webscraper.scraper.WebScraper -        Q[32chars] | A[0chars] | Code[1]
2026-06-22 12:44:22.716 [main] DEBUG c.i.webscraper.scraper.WebScraper -        Q[32chars] | A[1180chars] | Code[0]
2026-06-22 12:44:22.716 [main] DEBUG c.i.webscraper.scraper.WebScraper -        Q[41chars] | A[0chars] | Code[1]
2026-06-22 12:44:22.717 [main] DEBUG c.i.webscraper.scraper.WebScraper -        Q[32chars] | A[648chars] | Code[1]
2026-06-22 12:44:22.717 [main] DEBUG c.i.webscraper.scraper.WebScraper -        Q[40chars] | A[871chars] | Code[0]
2026-06-22 12:44:22.717 [main] INFO  c.i.webscraper.scraper.WebScraper -      11 Q&A pair(s) extracted.
2026-06-22 12:44:22.717 [main] INFO  c.i.webscraper.scraper.WebScraper -   → Section: 'Kubernetes Observability' (https://interview.in28minutes.com/interview-guides/kubernetes/kubernetes-observability/)
2026-06-22 12:44:22.717 [main] DEBUG c.i.webscraper.scraper.WebScraper - Sleeping 2500ms (attempt 1/3) before: https://interview.in28minutes.com/interview-guides/kubernetes/kubernetes-observability/
2026-06-22 12:44:25.813 [main] DEBUG c.i.webscraper.scraper.WebScraper - HTTP 200 ← https://interview.in28minutes.com/interview-guides/kubernetes/kubernetes-observability/
2026-06-22 12:44:25.816 [main] DEBUG c.i.webscraper.scraper.WebScraper -      9 question heading(s) in 'Kubernetes Observability'.
2026-06-22 12:44:25.817 [main] DEBUG c.i.webscraper.scraper.WebScraper -        Q[19chars] | A[960chars] | Code[0]
2026-06-22 12:44:25.817 [main] DEBUG c.i.webscraper.scraper.WebScraper -        Q[22chars] | A[992chars] | Code[0]
2026-06-22 12:44:25.817 [main] DEBUG c.i.webscraper.scraper.WebScraper -        Q[22chars] | A[1220chars] | Code[0]
2026-06-22 12:44:25.818 [main] DEBUG c.i.webscraper.scraper.WebScraper -        Q[50chars] | A[831chars] | Code[0]
2026-06-22 12:44:25.818 [main] DEBUG c.i.webscraper.scraper.WebScraper -        Q[29chars] | A[760chars] | Code[0]
2026-06-22 12:44:25.818 [main] DEBUG c.i.webscraper.scraper.WebScraper -        Q[24chars] | A[239chars] | Code[1]
2026-06-22 12:44:25.818 [main] DEBUG c.i.webscraper.scraper.WebScraper -        Q[33chars] | A[599chars] | Code[1]
2026-06-22 12:44:25.818 [main] INFO  c.i.webscraper.scraper.WebScraper -      7 Q&A pair(s) extracted.
2026-06-22 12:44:25.819 [main] INFO  c.i.webscraper.scraper.WebScraper -   → Section: 'More Kubernetes Essentials' (https://interview.in28minutes.com/interview-guides/kubernetes/more-kubernetes-essentials/)
2026-06-22 12:44:25.819 [main] DEBUG c.i.webscraper.scraper.WebScraper - Sleeping 2500ms (attempt 1/3) before: https://interview.in28minutes.com/interview-guides/kubernetes/more-kubernetes-essentials/
2026-06-22 12:44:28.970 [main] DEBUG c.i.webscraper.scraper.WebScraper - HTTP 200 ← https://interview.in28minutes.com/interview-guides/kubernetes/more-kubernetes-essentials/
2026-06-22 12:44:28.974 [main] DEBUG c.i.webscraper.scraper.WebScraper -      11 question heading(s) in 'More Kubernetes Essentials'.
2026-06-22 12:44:28.974 [main] DEBUG c.i.webscraper.scraper.WebScraper -        Q[12chars] | A[1464chars] | Code[0]
2026-06-22 12:44:28.975 [main] DEBUG c.i.webscraper.scraper.WebScraper -        Q[12chars] | A[796chars] | Code[0]
2026-06-22 12:44:28.975 [main] DEBUG c.i.webscraper.scraper.WebScraper -        Q[12chars] | A[1221chars] | Code[0]
2026-06-22 12:44:28.975 [main] DEBUG c.i.webscraper.scraper.WebScraper -        Q[53chars] | A[1013chars] | Code[0]
2026-06-22 12:44:28.976 [main] DEBUG c.i.webscraper.scraper.WebScraper -        Q[45chars] | A[846chars] | Code[0]
2026-06-22 12:44:28.976 [main] DEBUG c.i.webscraper.scraper.WebScraper -        Q[19chars] | A[1578chars] | Code[1]
2026-06-22 12:44:28.977 [main] DEBUG c.i.webscraper.scraper.WebScraper -        Q[26chars] | A[880chars] | Code[1]
2026-06-22 12:44:28.977 [main] DEBUG c.i.webscraper.scraper.WebScraper -        Q[18chars] | A[945chars] | Code[2]
2026-06-22 12:44:28.977 [main] DEBUG c.i.webscraper.scraper.WebScraper -        Q[56chars] | A[1880chars] | Code[0]
2026-06-22 12:44:28.978 [main] INFO  c.i.webscraper.scraper.WebScraper -      9 Q&A pair(s) extracted.
2026-06-22 12:44:28.978 [main] INFO  c.i.webscraper.scraper.WebScraper -   → Section: 'Kubernetes Interview - Diagrams' (https://interview.in28minutes.com/interview-guides/kubernetes/kubernetes-interview-diagrams/)
2026-06-22 12:44:28.978 [main] DEBUG c.i.webscraper.scraper.WebScraper - Sleeping 2500ms (attempt 1/3) before: https://interview.in28minutes.com/interview-guides/kubernetes/kubernetes-interview-diagrams/
2026-06-22 12:44:32.090 [main] DEBUG c.i.webscraper.scraper.WebScraper - HTTP 200 ← https://interview.in28minutes.com/interview-guides/kubernetes/kubernetes-interview-diagrams/
2026-06-22 12:44:32.094 [main] DEBUG c.i.webscraper.scraper.WebScraper -      16 question heading(s) in 'Kubernetes Interview - Diagrams'.
2026-06-22 12:44:32.095 [main] DEBUG c.i.webscraper.scraper.WebScraper -        Q[26chars] | A[0chars] | Code[1]
2026-06-22 12:44:32.095 [main] DEBUG c.i.webscraper.scraper.WebScraper -        Q[26chars] | A[0chars] | Code[1]
2026-06-22 12:44:32.096 [main] DEBUG c.i.webscraper.scraper.WebScraper -        Q[7chars] | A[0chars] | Code[1]
2026-06-22 12:44:32.096 [main] DEBUG c.i.webscraper.scraper.WebScraper -        Q[6chars] | A[17chars] | Code[0]
2026-06-22 12:44:32.097 [main] DEBUG c.i.webscraper.scraper.WebScraper -        Q[7chars] | A[0chars] | Code[1]
2026-06-22 12:44:32.097 [main] DEBUG c.i.webscraper.scraper.WebScraper -        Q[12chars] | A[0chars] | Code[1]
2026-06-22 12:44:32.097 [main] INFO  c.i.webscraper.scraper.WebScraper -      6 Q&A pair(s) extracted.
2026-06-22 12:44:32.098 [main] INFO  c.i.webscraper.scraper.WebScraper - Topic 'Kubernetes' complete → 10 section(s).
2026-06-22 12:44:32.098 [main] INFO  c.i.webscraper.scraper.WebScraper - ---------- Topic: Terraform → https://interview.in28minutes.com/terraform/
2026-06-22 12:44:32.098 [main] DEBUG c.i.webscraper.scraper.WebScraper - Sleeping 2500ms (attempt 1/3) before: https://interview.in28minutes.com/terraform/
2026-06-22 12:44:35.121 [main] DEBUG c.i.webscraper.scraper.WebScraper - HTTP 200 ← https://interview.in28minutes.com/terraform/
2026-06-22 12:44:35.125 [main] DEBUG c.i.webscraper.scraper.WebScraper - Topic 'Terraform' → 5 card(s) found.
2026-06-22 12:44:35.125 [main] INFO  c.i.webscraper.scraper.WebScraper -   → Section: 'Introduction to Terraform' (https://interview.in28minutes.com/interview-guides/terraform/introduction-to-terraform/)
2026-06-22 12:44:35.127 [main] DEBUG c.i.webscraper.scraper.WebScraper - Sleeping 2500ms (attempt 1/3) before: https://interview.in28minutes.com/interview-guides/terraform/introduction-to-terraform/
2026-06-22 12:44:38.325 [main] DEBUG c.i.webscraper.scraper.WebScraper - HTTP 200 ← https://interview.in28minutes.com/interview-guides/terraform/introduction-to-terraform/
2026-06-22 12:44:38.332 [main] DEBUG c.i.webscraper.scraper.WebScraper -      9 question heading(s) in 'Introduction to Terraform'.
2026-06-22 12:44:38.332 [main] DEBUG c.i.webscraper.scraper.WebScraper -        Q[18chars] | A[1245chars] | Code[0]
2026-06-22 12:44:38.333 [main] DEBUG c.i.webscraper.scraper.WebScraper -        Q[58chars] | A[1831chars] | Code[0]
2026-06-22 12:44:38.333 [main] DEBUG c.i.webscraper.scraper.WebScraper -        Q[80chars] | A[1062chars] | Code[0]
2026-06-22 12:44:38.334 [main] DEBUG c.i.webscraper.scraper.WebScraper -        Q[46chars] | A[1044chars] | Code[1]
2026-06-22 12:44:38.335 [main] DEBUG c.i.webscraper.scraper.WebScraper -        Q[43chars] | A[2302chars] | Code[0]
2026-06-22 12:44:38.335 [main] DEBUG c.i.webscraper.scraper.WebScraper -        Q[62chars] | A[884chars] | Code[0]
2026-06-22 12:44:38.337 [main] DEBUG c.i.webscraper.scraper.WebScraper -        Q[42chars] | A[1068chars] | Code[1]
2026-06-22 12:44:38.338 [main] DEBUG c.i.webscraper.scraper.WebScraper -        Q[60chars] | A[432chars] | Code[1]
2026-06-22 12:44:38.338 [main] INFO  c.i.webscraper.scraper.WebScraper -      8 Q&A pair(s) extracted.
2026-06-22 12:44:38.338 [main] INFO  c.i.webscraper.scraper.WebScraper -   → Section: 'Terraform Language - HCL' (https://interview.in28minutes.com/interview-guides/terraform/terraform-language-hcl/)
2026-06-22 12:44:38.339 [main] DEBUG c.i.webscraper.scraper.WebScraper - Sleeping 2500ms (attempt 1/3) before: https://interview.in28minutes.com/interview-guides/terraform/terraform-language-hcl/
2026-06-22 12:44:41.490 [main] DEBUG c.i.webscraper.scraper.WebScraper - HTTP 200 ← https://interview.in28minutes.com/interview-guides/terraform/terraform-language-hcl/
2026-06-22 12:44:41.494 [main] DEBUG c.i.webscraper.scraper.WebScraper -      8 question heading(s) in 'Terraform Language - HCL'.
2026-06-22 12:44:41.494 [main] DEBUG c.i.webscraper.scraper.WebScraper -        Q[68chars] | A[866chars] | Code[0]
2026-06-22 12:44:41.495 [main] DEBUG c.i.webscraper.scraper.WebScraper -        Q[68chars] | A[550chars] | Code[1]
2026-06-22 12:44:41.495 [main] DEBUG c.i.webscraper.scraper.WebScraper -        Q[38chars] | A[824chars] | Code[1]
2026-06-22 12:44:41.495 [main] DEBUG c.i.webscraper.scraper.WebScraper -        Q[65chars] | A[503chars] | Code[1]
2026-06-22 12:44:41.496 [main] DEBUG c.i.webscraper.scraper.WebScraper -        Q[35chars] | A[792chars] | Code[1]
2026-06-22 12:44:41.496 [main] DEBUG c.i.webscraper.scraper.WebScraper -        Q[54chars] | A[518chars] | Code[4]
2026-06-22 12:44:41.496 [main] DEBUG c.i.webscraper.scraper.WebScraper -        Q[49chars] | A[1001chars] | Code[1]
2026-06-22 12:44:41.496 [main] DEBUG c.i.webscraper.scraper.WebScraper -        Q[50chars] | A[135chars] | Code[1]
2026-06-22 12:44:41.497 [main] INFO  c.i.webscraper.scraper.WebScraper -      8 Q&A pair(s) extracted.
2026-06-22 12:44:41.497 [main] INFO  c.i.webscraper.scraper.WebScraper -   → Section: 'Terraform State Management' (https://interview.in28minutes.com/interview-guides/terraform/terraform-state-management/)
2026-06-22 12:44:41.497 [main] DEBUG c.i.webscraper.scraper.WebScraper - Sleeping 2500ms (attempt 1/3) before: https://interview.in28minutes.com/interview-guides/terraform/terraform-state-management/
2026-06-22 12:44:44.620 [main] DEBUG c.i.webscraper.scraper.WebScraper - HTTP 200 ← https://interview.in28minutes.com/interview-guides/terraform/terraform-state-management/
2026-06-22 12:44:44.627 [main] DEBUG c.i.webscraper.scraper.WebScraper -      8 question heading(s) in 'Terraform State Management'.
2026-06-22 12:44:44.628 [main] DEBUG c.i.webscraper.scraper.WebScraper -        Q[37chars] | A[1264chars] | Code[0]
2026-06-22 12:44:44.631 [main] DEBUG c.i.webscraper.scraper.WebScraper -        Q[42chars] | A[4808chars] | Code[4]
2026-06-22 12:44:44.632 [main] DEBUG c.i.webscraper.scraper.WebScraper -        Q[49chars] | A[958chars] | Code[1]
2026-06-22 12:44:44.632 [main] DEBUG c.i.webscraper.scraper.WebScraper -        Q[60chars] | A[523chars] | Code[1]
2026-06-22 12:44:44.633 [main] DEBUG c.i.webscraper.scraper.WebScraper -        Q[18chars] | A[2007chars] | Code[0]
2026-06-22 12:44:44.635 [main] DEBUG c.i.webscraper.scraper.WebScraper -        Q[30chars] | A[2340chars] | Code[0]
2026-06-22 12:44:44.635 [main] DEBUG c.i.webscraper.scraper.WebScraper -        Q[73chars] | A[682chars] | Code[2]
2026-06-22 12:44:44.636 [main] DEBUG c.i.webscraper.scraper.WebScraper -        Q[64chars] | A[829chars] | Code[1]
2026-06-22 12:44:44.636 [main] INFO  c.i.webscraper.scraper.WebScraper -      8 Q&A pair(s) extracted.
2026-06-22 12:44:44.637 [main] INFO  c.i.webscraper.scraper.WebScraper -   → Section: 'Terraform Best Practices' (https://interview.in28minutes.com/interview-guides/terraform/terraform-best-practices/)
2026-06-22 12:44:44.637 [main] DEBUG c.i.webscraper.scraper.WebScraper - Sleeping 2500ms (attempt 1/3) before: https://interview.in28minutes.com/interview-guides/terraform/terraform-best-practices/
2026-06-22 12:44:47.757 [main] DEBUG c.i.webscraper.scraper.WebScraper - HTTP 200 ← https://interview.in28minutes.com/interview-guides/terraform/terraform-best-practices/
2026-06-22 12:44:47.762 [main] DEBUG c.i.webscraper.scraper.WebScraper -      8 question heading(s) in 'Terraform Best Practices'.
2026-06-22 12:44:47.763 [main] DEBUG c.i.webscraper.scraper.WebScraper -        Q[52chars] | A[1467chars] | Code[1]
2026-06-22 12:44:47.764 [main] DEBUG c.i.webscraper.scraper.WebScraper -        Q[55chars] | A[1090chars] | Code[1]
2026-06-22 12:44:47.765 [main] DEBUG c.i.webscraper.scraper.WebScraper -        Q[27chars] | A[1729chars] | Code[3]
2026-06-22 12:44:47.766 [main] DEBUG c.i.webscraper.scraper.WebScraper -        Q[42chars] | A[1357chars] | Code[0]
2026-06-22 12:44:47.767 [main] DEBUG c.i.webscraper.scraper.WebScraper -        Q[62chars] | A[1105chars] | Code[0]
2026-06-22 12:44:47.768 [main] DEBUG c.i.webscraper.scraper.WebScraper -        Q[37chars] | A[789chars] | Code[0]
2026-06-22 12:44:47.768 [main] DEBUG c.i.webscraper.scraper.WebScraper -        Q[38chars] | A[1222chars] | Code[0]
2026-06-22 12:44:47.769 [main] DEBUG c.i.webscraper.scraper.WebScraper -        Q[27chars] | A[2676chars] | Code[0]
2026-06-22 12:44:47.770 [main] INFO  c.i.webscraper.scraper.WebScraper -      8 Q&A pair(s) extracted.
2026-06-22 12:44:47.770 [main] INFO  c.i.webscraper.scraper.WebScraper -   → Section: 'Terraform Interview - Diagrams' (https://interview.in28minutes.com/interview-guides/terraform/terraform-interview-diagrams/)
2026-06-22 12:44:47.771 [main] DEBUG c.i.webscraper.scraper.WebScraper - Sleeping 2500ms (attempt 1/3) before: https://interview.in28minutes.com/interview-guides/terraform/terraform-interview-diagrams/
2026-06-22 12:44:50.694 [main] DEBUG c.i.webscraper.scraper.WebScraper - HTTP 200 ← https://interview.in28minutes.com/interview-guides/terraform/terraform-interview-diagrams/
2026-06-22 12:44:50.696 [main] DEBUG c.i.webscraper.scraper.WebScraper -      4 question heading(s) in 'Terraform Interview - Diagrams'.
2026-06-22 12:44:50.697 [main] WARN  c.i.webscraper.scraper.WebScraper -      Section 'Terraform Interview - Diagrams' had no Q&A pairs.
2026-06-22 12:44:50.697 [main] INFO  c.i.webscraper.scraper.WebScraper - Topic 'Terraform' complete → 4 section(s).
2026-06-22 12:44:50.697 [main] INFO  c.i.webscraper.scraper.WebScraper - ---------- Topic: Git → https://interview.in28minutes.com/git/
2026-06-22 12:44:50.697 [main] DEBUG c.i.webscraper.scraper.WebScraper - Sleeping 2500ms (attempt 1/3) before: https://interview.in28minutes.com/git/
2026-06-22 12:44:53.432 [main] DEBUG c.i.webscraper.scraper.WebScraper - HTTP 200 ← https://interview.in28minutes.com/git/
2026-06-22 12:44:53.434 [main] DEBUG c.i.webscraper.scraper.WebScraper - Topic 'Git' → 4 card(s) found.
2026-06-22 12:44:53.434 [main] INFO  c.i.webscraper.scraper.WebScraper -   → Section: 'Introduction to Git' (https://interview.in28minutes.com/interview-guides/git/introduction-to-git/)
2026-06-22 12:44:53.434 [main] DEBUG c.i.webscraper.scraper.WebScraper - Sleeping 2500ms (attempt 1/3) before: https://interview.in28minutes.com/interview-guides/git/introduction-to-git/
2026-06-22 12:44:56.376 [main] DEBUG c.i.webscraper.scraper.WebScraper - HTTP 200 ← https://interview.in28minutes.com/interview-guides/git/introduction-to-git/
2026-06-22 12:44:56.382 [main] DEBUG c.i.webscraper.scraper.WebScraper -      10 question heading(s) in 'Introduction to Git'.
2026-06-22 12:44:56.383 [main] DEBUG c.i.webscraper.scraper.WebScraper -        Q[33chars] | A[640chars] | Code[1]
2026-06-22 12:44:56.384 [main] DEBUG c.i.webscraper.scraper.WebScraper -        Q[78chars] | A[834chars] | Code[0]
2026-06-22 12:44:56.385 [main] DEBUG c.i.webscraper.scraper.WebScraper -        Q[42chars] | A[1678chars] | Code[8]
2026-06-22 12:44:56.386 [main] DEBUG c.i.webscraper.scraper.WebScraper -        Q[27chars] | A[1750chars] | Code[0]
2026-06-22 12:44:56.388 [main] DEBUG c.i.webscraper.scraper.WebScraper -        Q[64chars] | A[66chars] | Code[0]
2026-06-22 12:44:56.388 [main] DEBUG c.i.webscraper.scraper.WebScraper -        Q[15chars] | A[1407chars] | Code[0]
2026-06-22 12:44:56.388 [main] DEBUG c.i.webscraper.scraper.WebScraper -        Q[85chars] | A[1112chars] | Code[1]
2026-06-22 12:44:56.389 [main] DEBUG c.i.webscraper.scraper.WebScraper -        Q[38chars] | A[2220chars] | Code[0]
2026-06-22 12:44:56.390 [main] DEBUG c.i.webscraper.scraper.WebScraper -        Q[54chars] | A[1702chars] | Code[0]
2026-06-22 12:44:56.391 [main] DEBUG c.i.webscraper.scraper.WebScraper -        Q[65chars] | A[1263chars] | Code[0]
2026-06-22 12:44:56.391 [main] INFO  c.i.webscraper.scraper.WebScraper -      10 Q&A pair(s) extracted.
2026-06-22 12:44:56.392 [main] INFO  c.i.webscraper.scraper.WebScraper -   → Section: 'Git Branching' (https://interview.in28minutes.com/interview-guides/git/git-branching/)
2026-06-22 12:44:56.392 [main] DEBUG c.i.webscraper.scraper.WebScraper - Sleeping 2500ms (attempt 1/3) before: https://interview.in28minutes.com/interview-guides/git/git-branching/
2026-06-22 12:44:59.353 [main] DEBUG c.i.webscraper.scraper.WebScraper - HTTP 200 ← https://interview.in28minutes.com/interview-guides/git/git-branching/
2026-06-22 12:44:59.360 [main] DEBUG c.i.webscraper.scraper.WebScraper -      7 question heading(s) in 'Git Branching'.
2026-06-22 12:44:59.361 [main] DEBUG c.i.webscraper.scraper.WebScraper -        Q[38chars] | A[1041chars] | Code[0]
2026-06-22 12:44:59.361 [main] DEBUG c.i.webscraper.scraper.WebScraper -        Q[69chars] | A[978chars] | Code[1]
2026-06-22 12:44:59.362 [main] DEBUG c.i.webscraper.scraper.WebScraper -        Q[52chars] | A[2057chars] | Code[6]
2026-06-22 12:44:59.364 [main] DEBUG c.i.webscraper.scraper.WebScraper -        Q[57chars] | A[4002chars] | Code[0]
2026-06-22 12:44:59.365 [main] DEBUG c.i.webscraper.scraper.WebScraper -        Q[18chars] | A[2563chars] | Code[5]
2026-06-22 12:44:59.367 [main] DEBUG c.i.webscraper.scraper.WebScraper -        Q[18chars] | A[1586chars] | Code[0]
2026-06-22 12:44:59.367 [main] DEBUG c.i.webscraper.scraper.WebScraper -        Q[29chars] | A[1280chars] | Code[0]
2026-06-22 12:44:59.368 [main] INFO  c.i.webscraper.scraper.WebScraper -      7 Q&A pair(s) extracted.
2026-06-22 12:44:59.368 [main] INFO  c.i.webscraper.scraper.WebScraper -   → Section: 'Git - Other Features You Need To Know' (https://interview.in28minutes.com/interview-guides/git/git-other-features-you-need-to-know/)
2026-06-22 12:44:59.368 [main] DEBUG c.i.webscraper.scraper.WebScraper - Sleeping 2500ms (attempt 1/3) before: https://interview.in28minutes.com/interview-guides/git/git-other-features-you-need-to-know/
2026-06-22 12:45:02.534 [main] DEBUG c.i.webscraper.scraper.WebScraper - HTTP 200 ← https://interview.in28minutes.com/interview-guides/git/git-other-features-you-need-to-know/
2026-06-22 12:45:02.539 [main] DEBUG c.i.webscraper.scraper.WebScraper -      9 question heading(s) in 'Git - Other Features You Need To Know'.
2026-06-22 12:45:02.539 [main] DEBUG c.i.webscraper.scraper.WebScraper -        Q[67chars] | A[531chars] | Code[1]
2026-06-22 12:45:02.540 [main] DEBUG c.i.webscraper.scraper.WebScraper -        Q[54chars] | A[574chars] | Code[1]
2026-06-22 12:45:02.540 [main] DEBUG c.i.webscraper.scraper.WebScraper -        Q[80chars] | A[517chars] | Code[1]
2026-06-22 12:45:02.541 [main] DEBUG c.i.webscraper.scraper.WebScraper -        Q[59chars] | A[639chars] | Code[2]
2026-06-22 12:45:02.541 [main] DEBUG c.i.webscraper.scraper.WebScraper -        Q[69chars] | A[1120chars] | Code[0]
2026-06-22 12:45:02.542 [main] DEBUG c.i.webscraper.scraper.WebScraper -        Q[70chars] | A[335chars] | Code[1]
2026-06-22 12:45:02.542 [main] DEBUG c.i.webscraper.scraper.WebScraper -        Q[51chars] | A[276chars] | Code[1]
2026-06-22 12:45:02.542 [main] DEBUG c.i.webscraper.scraper.WebScraper -        Q[60chars] | A[331chars] | Code[1]
2026-06-22 12:45:02.542 [main] INFO  c.i.webscraper.scraper.WebScraper -      8 Q&A pair(s) extracted.
2026-06-22 12:45:02.543 [main] INFO  c.i.webscraper.scraper.WebScraper -   → Section: 'Git Interview - Diagrams' (https://interview.in28minutes.com/interview-guides/git/git-interview-diagrams/)
2026-06-22 12:45:02.543 [main] DEBUG c.i.webscraper.scraper.WebScraper - Sleeping 2500ms (attempt 1/3) before: https://interview.in28minutes.com/interview-guides/git/git-interview-diagrams/
2026-06-22 12:45:05.470 [main] DEBUG c.i.webscraper.scraper.WebScraper - HTTP 200 ← https://interview.in28minutes.com/interview-guides/git/git-interview-diagrams/
2026-06-22 12:45:05.473 [main] DEBUG c.i.webscraper.scraper.WebScraper -      9 question heading(s) in 'Git Interview - Diagrams'.
2026-06-22 12:45:05.473 [main] DEBUG c.i.webscraper.scraper.WebScraper -        Q[9chars] | A[38chars] | Code[0]
2026-06-22 12:45:05.474 [main] DEBUG c.i.webscraper.scraper.WebScraper -        Q[16chars] | A[0chars] | Code[1]
2026-06-22 12:45:05.474 [main] DEBUG c.i.webscraper.scraper.WebScraper -        Q[15chars] | A[0chars] | Code[1]
2026-06-22 12:45:05.474 [main] DEBUG c.i.webscraper.scraper.WebScraper -        Q[20chars] | A[0chars] | Code[1]
2026-06-22 12:45:05.475 [main] DEBUG c.i.webscraper.scraper.WebScraper -        Q[19chars] | A[0chars] | Code[1]
2026-06-22 12:45:05.475 [main] DEBUG c.i.webscraper.scraper.WebScraper -        Q[19chars] | A[0chars] | Code[1]
2026-06-22 12:45:05.475 [main] DEBUG c.i.webscraper.scraper.WebScraper -        Q[38chars] | A[0chars] | Code[1]
2026-06-22 12:45:05.476 [main] DEBUG c.i.webscraper.scraper.WebScraper -        Q[7chars] | A[0chars] | Code[1]
2026-06-22 12:45:05.476 [main] DEBUG c.i.webscraper.scraper.WebScraper -        Q[10chars] | A[0chars] | Code[1]
2026-06-22 12:45:05.476 [main] INFO  c.i.webscraper.scraper.WebScraper -      9 Q&A pair(s) extracted.
2026-06-22 12:45:05.477 [main] INFO  c.i.webscraper.scraper.WebScraper - Topic 'Git' complete → 4 section(s).
2026-06-22 12:45:05.477 [main] INFO  c.i.webscraper.scraper.WebScraper - ===== Done. 7 book(s) populated. =====
2026-06-22 12:45:05.477 [main] INFO  com.in28minutes.webscraper.Main - Phase 1 complete. 7 topic(s) scraped successfully:
2026-06-22 12:45:05.477 [main] INFO  com.in28minutes.webscraper.Main -   • Java → 17 section(s)
2026-06-22 12:45:05.478 [main] INFO  com.in28minutes.webscraper.Main -   • DevOps → 1 section(s)
2026-06-22 12:45:05.478 [main] INFO  com.in28minutes.webscraper.Main -   • Cloud → 7 section(s)
2026-06-22 12:45:05.478 [main] INFO  com.in28minutes.webscraper.Main -   • Docker → 9 section(s)
2026-06-22 12:45:05.478 [main] INFO  com.in28minutes.webscraper.Main -   • Kubernetes → 10 section(s)
2026-06-22 12:45:05.480 [main] INFO  com.in28minutes.webscraper.Main -   • Terraform → 4 section(s)
2026-06-22 12:45:05.480 [main] INFO  com.in28minutes.webscraper.Main -   • Git → 4 section(s)
2026-06-22 12:45:05.480 [main] INFO  com.in28minutes.webscraper.Main - Phase 2: PDF generation initiated.
2026-06-22 12:45:05.679 [main] INFO  c.i.webscraper.pdf.PdfGenerator - ===== PDF generation: 7 book(s) =====
2026-06-22 12:45:05.680 [main] INFO  c.i.webscraper.pdf.PdfGenerator - Generating: Java_Interview_Guide.pdf
2026-06-22 12:45:08.474 [main] INFO  c.i.webscraper.pdf.PdfGenerator -   Written: Java_Interview_Guide.pdf (527 KB)
2026-06-22 12:45:08.487 [main] INFO  c.i.webscraper.pdf.PdfGenerator - Generating: DevOps_Interview_Guide.pdf
2026-06-22 12:45:08.723 [main] INFO  c.i.webscraper.pdf.PdfGenerator -   Written: DevOps_Interview_Guide.pdf (17 KB)
2026-06-22 12:45:08.766 [main] INFO  c.i.webscraper.pdf.PdfGenerator - Generating: Cloud_Interview_Guide.pdf
2026-06-22 12:45:09.215 [main] INFO  c.i.webscraper.pdf.PdfGenerator -   Written: Cloud_Interview_Guide.pdf (113 KB)
2026-06-22 12:45:09.216 [main] INFO  c.i.webscraper.pdf.PdfGenerator - Generating: Docker_Interview_Guide.pdf
2026-06-22 12:45:09.454 [main] INFO  c.i.webscraper.pdf.PdfGenerator -   Written: Docker_Interview_Guide.pdf (128 KB)
2026-06-22 12:45:09.454 [main] INFO  c.i.webscraper.pdf.PdfGenerator - Generating: Kubernetes_Interview_Guide.pdf
2026-06-22 12:45:09.800 [main] INFO  c.i.webscraper.pdf.PdfGenerator -   Written: Kubernetes_Interview_Guide.pdf (165 KB)
2026-06-22 12:45:09.802 [main] INFO  c.i.webscraper.pdf.PdfGenerator - Generating: Terraform_Interview_Guide.pdf
2026-06-22 12:45:09.981 [main] INFO  c.i.webscraper.pdf.PdfGenerator -   Written: Terraform_Interview_Guide.pdf (86 KB)
2026-06-22 12:45:09.981 [main] INFO  c.i.webscraper.pdf.PdfGenerator - Generating: Git_Interview_Guide.pdf
2026-06-22 12:45:10.079 [main] INFO  c.i.webscraper.pdf.PdfGenerator -   Written: Git_Interview_Guide.pdf (71 KB)
2026-06-22 12:45:10.079 [main] INFO  c.i.webscraper.pdf.PdfGenerator - ===== Done. 7/7 PDF(s) in 'C:\Users\mmohamm1\OneDrive - Capgemini\Desktop\WebScraper\output' =====
2026-06-22 12:45:10.080 [main] INFO  com.in28minutes.webscraper.Main - Phase 3: JSON export for React website initiated.
2026-06-22 12:45:10.448 [main] INFO  c.i.webscraper.json.JsonExporter -   [JSON] Exported: java.json
2026-06-22 12:45:10.469 [main] INFO  c.i.webscraper.json.JsonExporter -   [PDF]  Copied: Java_Interview_Guide.pdf
2026-06-22 12:45:10.498 [main] INFO  c.i.webscraper.json.JsonExporter -   [JSON] Exported: devops.json
2026-06-22 12:45:10.512 [main] INFO  c.i.webscraper.json.JsonExporter -   [PDF]  Copied: DevOps_Interview_Guide.pdf
2026-06-22 12:45:10.550 [main] INFO  c.i.webscraper.json.JsonExporter -   [JSON] Exported: cloud.json
2026-06-22 12:45:10.573 [main] INFO  c.i.webscraper.json.JsonExporter -   [PDF]  Copied: Cloud_Interview_Guide.pdf
2026-06-22 12:45:10.596 [main] INFO  c.i.webscraper.json.JsonExporter -   [JSON] Exported: docker.json
2026-06-22 12:45:10.610 [main] INFO  c.i.webscraper.json.JsonExporter -   [PDF]  Copied: Docker_Interview_Guide.pdf
2026-06-22 12:45:10.624 [main] INFO  c.i.webscraper.json.JsonExporter -   [JSON] Exported: kubernetes.json
2026-06-22 12:45:10.641 [main] INFO  c.i.webscraper.json.JsonExporter -   [PDF]  Copied: Kubernetes_Interview_Guide.pdf
2026-06-22 12:45:10.654 [main] INFO  c.i.webscraper.json.JsonExporter -   [JSON] Exported: terraform.json
2026-06-22 12:45:11.186 [main] INFO  c.i.webscraper.json.JsonExporter -   [PDF]  Copied: Terraform_Interview_Guide.pdf
2026-06-22 12:45:11.199 [main] INFO  c.i.webscraper.json.JsonExporter -   [JSON] Exported: git.json
2026-06-22 12:45:11.233 [main] INFO  c.i.webscraper.json.JsonExporter -   [PDF]  Copied: Git_Interview_Guide.pdf
2026-06-22 12:45:11.280 [main] INFO  c.i.webscraper.json.JsonExporter -   [JSON] index.json written (7 entries).
2026-06-22 12:45:11.282 [main] INFO  com.in28minutes.webscraper.Main - Phase 3 complete. Data written to frontend/public/data/
2026-06-22 12:45:11.288 [main] INFO  com.in28minutes.webscraper.Main - =========================================================
2026-06-22 12:45:11.293 [main] INFO  com.in28minutes.webscraper.Main -   All done!  Elapsed time: 206s
2026-06-22 12:45:11.295 [main] INFO  com.in28minutes.webscraper.Main -   Output directory: C:\Users\mmohamm1\OneDrive - Capgemini\Desktop\WebScraper\output
2026-06-22 12:45:11.305 [main] INFO  com.in28minutes.webscraper.Main -   7 PDF file(s) generated:
2026-06-22 12:45:11.309 [main] INFO  com.in28minutes.webscraper.Main -     → Cloud_Interview_Guide.pdf (113 KB)
2026-06-22 12:45:11.319 [main] INFO  com.in28minutes.webscraper.Main -     → DevOps_Interview_Guide.pdf (17 KB)
2026-06-22 12:45:11.324 [main] INFO  com.in28minutes.webscraper.Main -     → Docker_Interview_Guide.pdf (128 KB)
2026-06-22 12:45:11.325 [main] INFO  com.in28minutes.webscraper.Main -     → Git_Interview_Guide.pdf (71 KB)
2026-06-22 12:45:11.326 [main] INFO  com.in28minutes.webscraper.Main -     → Java_Interview_Guide.pdf (527 KB)
2026-06-22 12:45:11.326 [main] INFO  com.in28minutes.webscraper.Main -     → Kubernetes_Interview_Guide.pdf (165 KB)
2026-06-22 12:45:11.331 [main] INFO  com.in28minutes.webscraper.Main -     → Terraform_Interview_Guide.pdf (86 KB)
2026-06-22 12:45:11.349 [main] INFO  com.in28minutes.webscraper.Main - =========================================================
2026-06-22 16:02:11.584 [main] INFO  com.in28minutes.webscraper.Main - In28Minutes Interview Guide Scraper starting...
2026-06-22 16:02:11.586 [main] INFO  com.in28minutes.webscraper.Main - Phase 1: Web scraping initiated.
2026-06-22 16:02:11.815 [main] INFO  c.i.webscraper.scraper.WebScraper - SSL trust-all installed (scraper mode).
2026-06-22 16:02:11.815 [main] INFO  c.i.webscraper.scraper.WebScraper - ===== Starting scrape for 7 topic(s) =====
2026-06-22 16:02:11.819 [main] INFO  c.i.webscraper.scraper.WebScraper - ---------- Topic: Java → https://interview.in28minutes.com/java/
2026-06-22 16:02:11.822 [main] DEBUG c.i.webscraper.scraper.WebScraper - Sleeping 2500ms (attempt 1/3) before: https://interview.in28minutes.com/java/
2026-06-22 16:02:15.746 [main] DEBUG c.i.webscraper.scraper.WebScraper - HTTP 200 ← https://interview.in28minutes.com/java/
2026-06-22 16:02:15.867 [main] DEBUG c.i.webscraper.scraper.WebScraper - Topic 'Java' → 17 card(s) found.
2026-06-22 16:02:15.868 [main] INFO  c.i.webscraper.scraper.WebScraper -   → Section: 'Java Platform' (https://interview.in28minutes.com/interview-guides/java/java-platform/)
2026-06-22 16:02:15.870 [main] DEBUG c.i.webscraper.scraper.WebScraper - Sleeping 2500ms (attempt 1/3) before: https://interview.in28minutes.com/interview-guides/java/java-platform/
2026-06-22 16:02:19.800 [main] DEBUG c.i.webscraper.scraper.WebScraper - HTTP 200 ← https://interview.in28minutes.com/interview-guides/java/java-platform/
2026-06-22 16:02:19.852 [main] DEBUG c.i.webscraper.scraper.WebScraper -      19 question heading(s) in 'Java Platform'.
2026-06-22 16:02:19.857 [main] DEBUG c.i.webscraper.scraper.WebScraper -        Q[30chars] | A[343chars] | Code[1]
2026-06-22 16:02:19.862 [main] DEBUG c.i.webscraper.scraper.WebScraper -        Q[36chars] | A[744chars] | Code[0]
2026-06-22 16:02:19.867 [main] DEBUG c.i.webscraper.scraper.WebScraper -        Q[32chars] | A[656chars] | Code[3]
2026-06-22 16:02:19.879 [main] DEBUG c.i.webscraper.scraper.WebScraper -        Q[66chars] | A[1977chars] | Code[6]
2026-06-22 16:02:19.883 [main] DEBUG c.i.webscraper.scraper.WebScraper -        Q[17chars] | A[1528chars] | Code[0]
2026-06-22 16:02:19.886 [main] DEBUG c.i.webscraper.scraper.WebScraper -        Q[39chars] | A[719chars] | Code[4]
2026-06-22 16:02:19.891 [main] DEBUG c.i.webscraper.scraper.WebScraper -        Q[48chars] | A[648chars] | Code[9]
2026-06-22 16:02:19.892 [main] DEBUG c.i.webscraper.scraper.WebScraper -        Q[25chars] | A[295chars] | Code[0]
2026-06-22 16:02:19.893 [main] DEBUG c.i.webscraper.scraper.WebScraper -        Q[18chars] | A[259chars] | Code[1]
2026-06-22 16:02:19.894 [main] DEBUG c.i.webscraper.scraper.WebScraper -        Q[43chars] | A[321chars] | Code[0]
2026-06-22 16:02:19.898 [main] DEBUG c.i.webscraper.scraper.WebScraper -        Q[27chars] | A[1574chars] | Code[1]
2026-06-22 16:02:19.900 [main] DEBUG c.i.webscraper.scraper.WebScraper -        Q[53chars] | A[590chars] | Code[0]
2026-06-22 16:02:19.901 [main] DEBUG c.i.webscraper.scraper.WebScraper -        Q[89chars] | A[516chars] | Code[2]
2026-06-22 16:02:19.902 [main] DEBUG c.i.webscraper.scraper.WebScraper -        Q[29chars] | A[568chars] | Code[0]
2026-06-22 16:02:19.905 [main] DEBUG c.i.webscraper.scraper.WebScraper -        Q[32chars] | A[375chars] | Code[0]
2026-06-22 16:02:19.906 [main] DEBUG c.i.webscraper.scraper.WebScraper -        Q[74chars] | A[757chars] | Code[0]
2026-06-22 16:02:19.907 [main] DEBUG c.i.webscraper.scraper.WebScraper -        Q[39chars] | A[410chars] | Code[2]
2026-06-22 16:02:19.912 [main] DEBUG c.i.webscraper.scraper.WebScraper -        Q[55chars] | A[1659chars] | Code[8]
2026-06-22 16:02:19.913 [main] DEBUG c.i.webscraper.scraper.WebScraper -        Q[55chars] | A[557chars] | Code[0]
2026-06-22 16:02:19.913 [main] INFO  c.i.webscraper.scraper.WebScraper -      19 Q&A pair(s) extracted.
2026-06-22 16:02:19.915 [main] INFO  c.i.webscraper.scraper.WebScraper -   → Section: 'Java Landscape' (https://interview.in28minutes.com/interview-guides/java/java-landscape/)
2026-06-22 16:02:19.915 [main] DEBUG c.i.webscraper.scraper.WebScraper - Sleeping 2500ms (attempt 1/3) before: https://interview.in28minutes.com/interview-guides/java/java-landscape/
2026-06-22 16:02:22.624 [main] DEBUG c.i.webscraper.scraper.WebScraper - HTTP 200 ← https://interview.in28minutes.com/interview-guides/java/java-landscape/
2026-06-22 16:02:22.642 [main] DEBUG c.i.webscraper.scraper.WebScraper -      12 question heading(s) in 'Java Landscape'.
2026-06-22 16:02:22.644 [main] DEBUG c.i.webscraper.scraper.WebScraper -        Q[14chars] | A[182chars] | Code[0]
2026-06-22 16:02:22.648 [main] DEBUG c.i.webscraper.scraper.WebScraper -        Q[29chars] | A[1077chars] | Code[0]
2026-06-22 16:02:22.652 [main] DEBUG c.i.webscraper.scraper.WebScraper -        Q[47chars] | A[1114chars] | Code[0]
2026-06-22 16:02:22.654 [main] DEBUG c.i.webscraper.scraper.WebScraper -        Q[19chars] | A[631chars] | Code[2]
2026-06-22 16:02:22.658 [main] DEBUG c.i.webscraper.scraper.WebScraper -        Q[51chars] | A[1438chars] | Code[0]
2026-06-22 16:02:22.661 [main] DEBUG c.i.webscraper.scraper.WebScraper -        Q[12chars] | A[844chars] | Code[0]
2026-06-22 16:02:22.664 [main] DEBUG c.i.webscraper.scraper.WebScraper -        Q[10chars] | A[1018chars] | Code[0]
2026-06-22 16:02:22.664 [main] DEBUG c.i.webscraper.scraper.WebScraper -        Q[22chars] | A[100chars] | Code[0]
2026-06-22 16:02:22.665 [main] DEBUG c.i.webscraper.scraper.WebScraper -        Q[63chars] | A[485chars] | Code[0]
2026-06-22 16:02:22.667 [main] DEBUG c.i.webscraper.scraper.WebScraper -        Q[36chars] | A[947chars] | Code[0]
2026-06-22 16:02:22.668 [main] DEBUG c.i.webscraper.scraper.WebScraper -        Q[43chars] | A[711chars] | Code[0]
2026-06-22 16:02:22.669 [main] DEBUG c.i.webscraper.scraper.WebScraper -        Q[26chars] | A[925chars] | Code[0]
2026-06-22 16:02:22.669 [main] INFO  c.i.webscraper.scraper.WebScraper -      12 Q&A pair(s) extracted.
2026-06-22 16:02:22.669 [main] INFO  c.i.webscraper.scraper.WebScraper -   → Section: 'Java Memory Management' (https://interview.in28minutes.com/interview-guides/java/java-memory-management/)
2026-06-22 16:02:22.670 [main] DEBUG c.i.webscraper.scraper.WebScraper - Sleeping 2500ms (attempt 1/3) before: https://interview.in28minutes.com/interview-guides/java/java-memory-management/
2026-06-22 16:02:26.166 [main] DEBUG c.i.webscraper.scraper.WebScraper - HTTP 200 ← https://interview.in28minutes.com/interview-guides/java/java-memory-management/
2026-06-22 16:02:26.191 [main] DEBUG c.i.webscraper.scraper.WebScraper -      13 question heading(s) in 'Java Memory Management'.
2026-06-22 16:02:26.194 [main] DEBUG c.i.webscraper.scraper.WebScraper -        Q[65chars] | A[1234chars] | Code[3]
2026-06-22 16:02:26.198 [main] DEBUG c.i.webscraper.scraper.WebScraper -        Q[22chars] | A[730chars] | Code[4]
2026-06-22 16:02:26.200 [main] DEBUG c.i.webscraper.scraper.WebScraper -        Q[33chars] | A[411chars] | Code[1]
2026-06-22 16:02:26.204 [main] DEBUG c.i.webscraper.scraper.WebScraper -        Q[21chars] | A[1486chars] | Code[2]
2026-06-22 16:02:26.205 [main] DEBUG c.i.webscraper.scraper.WebScraper -        Q[32chars] | A[339chars] | Code[0]
2026-06-22 16:02:26.206 [main] DEBUG c.i.webscraper.scraper.WebScraper -        Q[18chars] | A[595chars] | Code[0]
2026-06-22 16:02:26.209 [main] DEBUG c.i.webscraper.scraper.WebScraper -        Q[34chars] | A[1467chars] | Code[1]
2026-06-22 16:02:26.212 [main] DEBUG c.i.webscraper.scraper.WebScraper -        Q[48chars] | A[1343chars] | Code[0]
2026-06-22 16:02:26.213 [main] DEBUG c.i.webscraper.scraper.WebScraper -        Q[32chars] | A[385chars] | Code[0]
2026-06-22 16:02:26.216 [main] DEBUG c.i.webscraper.scraper.WebScraper -        Q[35chars] | A[2368chars] | Code[4]
2026-06-22 16:02:26.217 [main] DEBUG c.i.webscraper.scraper.WebScraper -        Q[44chars] | A[676chars] | Code[0]
2026-06-22 16:02:26.218 [main] DEBUG c.i.webscraper.scraper.WebScraper -        Q[46chars] | A[686chars] | Code[0]
2026-06-22 16:02:26.219 [main] DEBUG c.i.webscraper.scraper.WebScraper -        Q[23chars] | A[497chars] | Code[2]
2026-06-22 16:02:26.219 [main] INFO  c.i.webscraper.scraper.WebScraper -      13 Q&A pair(s) extracted.
2026-06-22 16:02:26.219 [main] INFO  c.i.webscraper.scraper.WebScraper -   → Section: 'Java Object Oriented Programming Concepts' (https://interview.in28minutes.com/interview-guides/java/java-object-oriented-programming-concepts/)
2026-06-22 16:02:26.219 [main] DEBUG c.i.webscraper.scraper.WebScraper - Sleeping 2500ms (attempt 1/3) before: https://interview.in28minutes.com/interview-guides/java/java-object-oriented-programming-concepts/
2026-06-22 16:02:29.568 [main] DEBUG c.i.webscraper.scraper.WebScraper - HTTP 200 ← https://interview.in28minutes.com/interview-guides/java/java-object-oriented-programming-concepts/
2026-06-22 16:02:29.668 [main] DEBUG c.i.webscraper.scraper.WebScraper -      24 question heading(s) in 'Java Object Oriented Programming Concepts'.
2026-06-22 16:02:29.669 [main] DEBUG c.i.webscraper.scraper.WebScraper -        Q[41chars] | A[983chars] | Code[2]
2026-06-22 16:02:29.671 [main] DEBUG c.i.webscraper.scraper.WebScraper -        Q[36chars] | A[969chars] | Code[4]
2026-06-22 16:02:29.671 [main] DEBUG c.i.webscraper.scraper.WebScraper -        Q[16chars] | A[623chars] | Code[0]
2026-06-22 16:02:29.671 [main] DEBUG c.i.webscraper.scraper.WebScraper -        Q[37chars] | A[812chars] | Code[0]
2026-06-22 16:02:29.673 [main] DEBUG c.i.webscraper.scraper.WebScraper -        Q[42chars] | A[2333chars] | Code[3]
2026-06-22 16:02:29.674 [main] DEBUG c.i.webscraper.scraper.WebScraper -        Q[80chars] | A[547chars] | Code[3]
2026-06-22 16:02:29.675 [main] DEBUG c.i.webscraper.scraper.WebScraper -        Q[25chars] | A[1234chars] | Code[8]
2026-06-22 16:02:29.677 [main] DEBUG c.i.webscraper.scraper.WebScraper -        Q[29chars] | A[492chars] | Code[6]
2026-06-22 16:02:29.679 [main] DEBUG c.i.webscraper.scraper.WebScraper -        Q[61chars] | A[953chars] | Code[5]
2026-06-22 16:02:29.680 [main] DEBUG c.i.webscraper.scraper.WebScraper -        Q[47chars] | A[1064chars] | Code[3]
2026-06-22 16:02:29.682 [main] DEBUG c.i.webscraper.scraper.WebScraper -        Q[22chars] | A[745chars] | Code[3]
2026-06-22 16:02:29.683 [main] DEBUG c.i.webscraper.scraper.WebScraper -        Q[27chars] | A[858chars] | Code[3]
2026-06-22 16:02:29.683 [main] DEBUG c.i.webscraper.scraper.WebScraper -        Q[25chars] | A[439chars] | Code[0]
2026-06-22 16:02:29.684 [main] DEBUG c.i.webscraper.scraper.WebScraper -        Q[59chars] | A[1506chars] | Code[3]
2026-06-22 16:02:29.685 [main] DEBUG c.i.webscraper.scraper.WebScraper -        Q[20chars] | A[1751chars] | Code[0]
2026-06-22 16:02:29.686 [main] DEBUG c.i.webscraper.scraper.WebScraper -        Q[17chars] | A[1133chars] | Code[2]
2026-06-22 16:02:29.687 [main] DEBUG c.i.webscraper.scraper.WebScraper -        Q[17chars] | A[875chars] | Code[4]
2026-06-22 16:02:29.689 [main] DEBUG c.i.webscraper.scraper.WebScraper -        Q[31chars] | A[846chars] | Code[4]
2026-06-22 16:02:29.689 [main] DEBUG c.i.webscraper.scraper.WebScraper -        Q[52chars] | A[1024chars] | Code[0]
2026-06-22 16:02:29.690 [main] DEBUG c.i.webscraper.scraper.WebScraper -        Q[34chars] | A[2193chars] | Code[2]
2026-06-22 16:02:29.692 [main] DEBUG c.i.webscraper.scraper.WebScraper -        Q[21chars] | A[774chars] | Code[4]
2026-06-22 16:02:29.692 [main] DEBUG c.i.webscraper.scraper.WebScraper -        Q[32chars] | A[468chars] | Code[1]
2026-06-22 16:02:29.692 [main] DEBUG c.i.webscraper.scraper.WebScraper -        Q[25chars] | A[872chars] | Code[2]
2026-06-22 16:02:29.693 [main] DEBUG c.i.webscraper.scraper.WebScraper -        Q[51chars] | A[727chars] | Code[2]
2026-06-22 16:02:29.693 [main] INFO  c.i.webscraper.scraper.WebScraper -      24 Q&A pair(s) extracted.
2026-06-22 16:02:29.693 [main] INFO  c.i.webscraper.scraper.WebScraper -   → Section: 'Java Object Oriented Programming Details' (https://interview.in28minutes.com/interview-guides/java/java-object-oriented-programming-details/)
2026-06-22 16:02:29.693 [main] DEBUG c.i.webscraper.scraper.WebScraper - Sleeping 2500ms (attempt 1/3) before: https://interview.in28minutes.com/interview-guides/java/java-object-oriented-programming-details/
2026-06-22 16:02:33.052 [main] DEBUG c.i.webscraper.scraper.WebScraper - HTTP 200 ← https://interview.in28minutes.com/interview-guides/java/java-object-oriented-programming-details/
2026-06-22 16:02:33.091 [main] DEBUG c.i.webscraper.scraper.WebScraper -      14 question heading(s) in 'Java Object Oriented Programming Details'.
2026-06-22 16:02:33.092 [main] DEBUG c.i.webscraper.scraper.WebScraper -        Q[46chars] | A[529chars] | Code[1]
2026-06-22 16:02:33.092 [main] DEBUG c.i.webscraper.scraper.WebScraper -        Q[66chars] | A[807chars] | Code[5]
2026-06-22 16:02:33.093 [main] DEBUG c.i.webscraper.scraper.WebScraper -        Q[64chars] | A[1739chars] | Code[5]
2026-06-22 16:02:33.093 [main] DEBUG c.i.webscraper.scraper.WebScraper -        Q[66chars] | A[531chars] | Code[3]
2026-06-22 16:02:33.094 [main] DEBUG c.i.webscraper.scraper.WebScraper -        Q[64chars] | A[3597chars] | Code[8]
2026-06-22 16:02:33.095 [main] DEBUG c.i.webscraper.scraper.WebScraper -        Q[46chars] | A[591chars] | Code[4]
2026-06-22 16:02:33.095 [main] DEBUG c.i.webscraper.scraper.WebScraper -        Q[33chars] | A[274chars] | Code[1]
2026-06-22 16:02:33.095 [main] DEBUG c.i.webscraper.scraper.WebScraper -        Q[43chars] | A[691chars] | Code[4]
2026-06-22 16:02:33.096 [main] DEBUG c.i.webscraper.scraper.WebScraper -        Q[36chars] | A[650chars] | Code[4]
2026-06-22 16:02:33.096 [main] DEBUG c.i.webscraper.scraper.WebScraper -        Q[47chars] | A[333chars] | Code[1]
2026-06-22 16:02:33.096 [main] DEBUG c.i.webscraper.scraper.WebScraper -        Q[64chars] | A[933chars] | Code[3]
2026-06-22 16:02:33.097 [main] DEBUG c.i.webscraper.scraper.WebScraper -        Q[43chars] | A[777chars] | Code[1]
2026-06-22 16:02:33.097 [main] DEBUG c.i.webscraper.scraper.WebScraper -        Q[40chars] | A[2791chars] | Code[4]
2026-06-22 16:02:33.097 [main] DEBUG c.i.webscraper.scraper.WebScraper -        Q[64chars] | A[768chars] | Code[3]
2026-06-22 16:02:33.098 [main] INFO  c.i.webscraper.scraper.WebScraper -      14 Q&A pair(s) extracted.
2026-06-22 16:02:33.098 [main] INFO  c.i.webscraper.scraper.WebScraper -   → Section: 'Core Java in Depth' (https://interview.in28minutes.com/interview-guides/java/core-java-in-depth/)
2026-06-22 16:02:33.098 [main] DEBUG c.i.webscraper.scraper.WebScraper - Sleeping 2500ms (attempt 1/3) before: https://interview.in28minutes.com/interview-guides/java/core-java-in-depth/
2026-06-22 16:02:36.231 [main] DEBUG c.i.webscraper.scraper.WebScraper - HTTP 200 ← https://interview.in28minutes.com/interview-guides/java/core-java-in-depth/
2026-06-22 16:02:36.267 [main] DEBUG c.i.webscraper.scraper.WebScraper -      17 question heading(s) in 'Core Java in Depth'.
2026-06-22 16:02:36.269 [main] DEBUG c.i.webscraper.scraper.WebScraper -        Q[31chars] | A[2405chars] | Code[3]
2026-06-22 16:02:36.270 [main] DEBUG c.i.webscraper.scraper.WebScraper -        Q[39chars] | A[375chars] | Code[6]
2026-06-22 16:02:36.271 [main] DEBUG c.i.webscraper.scraper.WebScraper -        Q[59chars] | A[1213chars] | Code[2]
2026-06-22 16:02:36.272 [main] DEBUG c.i.webscraper.scraper.WebScraper -        Q[42chars] | A[755chars] | Code[2]
2026-06-22 16:02:36.274 [main] DEBUG c.i.webscraper.scraper.WebScraper -        Q[39chars] | A[1570chars] | Code[5]
2026-06-22 16:02:36.276 [main] DEBUG c.i.webscraper.scraper.WebScraper -        Q[41chars] | A[608chars] | Code[1]
2026-06-22 16:02:36.276 [main] DEBUG c.i.webscraper.scraper.WebScraper -        Q[24chars] | A[342chars] | Code[2]
2026-06-22 16:02:36.277 [main] DEBUG c.i.webscraper.scraper.WebScraper -        Q[22chars] | A[870chars] | Code[2]
2026-06-22 16:02:36.278 [main] DEBUG c.i.webscraper.scraper.WebScraper -        Q[23chars] | A[310chars] | Code[1]
2026-06-22 16:02:36.279 [main] DEBUG c.i.webscraper.scraper.WebScraper -        Q[63chars] | A[403chars] | Code[3]
2026-06-22 16:02:36.279 [main] DEBUG c.i.webscraper.scraper.WebScraper -        Q[46chars] | A[268chars] | Code[5]
2026-06-22 16:02:36.280 [main] DEBUG c.i.webscraper.scraper.WebScraper -        Q[39chars] | A[535chars] | Code[5]
2026-06-22 16:02:36.280 [main] DEBUG c.i.webscraper.scraper.WebScraper -        Q[46chars] | A[434chars] | Code[9]
2026-06-22 16:02:36.281 [main] DEBUG c.i.webscraper.scraper.WebScraper -        Q[54chars] | A[261chars] | Code[1]
2026-06-22 16:02:36.281 [main] DEBUG c.i.webscraper.scraper.WebScraper -        Q[52chars] | A[279chars] | Code[2]
2026-06-22 16:02:36.282 [main] DEBUG c.i.webscraper.scraper.WebScraper -        Q[41chars] | A[556chars] | Code[5]
2026-06-22 16:02:36.283 [main] DEBUG c.i.webscraper.scraper.WebScraper -        Q[72chars] | A[831chars] | Code[6]
2026-06-22 16:02:36.283 [main] INFO  c.i.webscraper.scraper.WebScraper -      17 Q&A pair(s) extracted.
2026-06-22 16:02:36.284 [main] INFO  c.i.webscraper.scraper.WebScraper -   → Section: 'Functional Programming in Java' (https://interview.in28minutes.com/interview-guides/java/functional-programming-in-java/)
2026-06-22 16:02:36.284 [main] DEBUG c.i.webscraper.scraper.WebScraper - Sleeping 2500ms (attempt 1/3) before: https://interview.in28minutes.com/interview-guides/java/functional-programming-in-java/
2026-06-22 16:02:40.200 [main] DEBUG c.i.webscraper.scraper.WebScraper - HTTP 200 ← https://interview.in28minutes.com/interview-guides/java/functional-programming-in-java/
2026-06-22 16:02:40.243 [main] DEBUG c.i.webscraper.scraper.WebScraper -      16 question heading(s) in 'Functional Programming in Java'.
2026-06-22 16:02:40.244 [main] DEBUG c.i.webscraper.scraper.WebScraper -        Q[61chars] | A[795chars] | Code[2]
2026-06-22 16:02:40.244 [main] DEBUG c.i.webscraper.scraper.WebScraper -        Q[73chars] | A[913chars] | Code[1]
2026-06-22 16:02:40.245 [main] DEBUG c.i.webscraper.scraper.WebScraper -        Q[50chars] | A[1613chars] | Code[9]
2026-06-22 16:02:40.246 [main] DEBUG c.i.webscraper.scraper.WebScraper -        Q[47chars] | A[2289chars] | Code[0]
2026-06-22 16:02:40.247 [main] DEBUG c.i.webscraper.scraper.WebScraper -        Q[55chars] | A[973chars] | Code[4]
2026-06-22 16:02:40.247 [main] DEBUG c.i.webscraper.scraper.WebScraper -        Q[50chars] | A[414chars] | Code[5]
2026-06-22 16:02:40.248 [main] DEBUG c.i.webscraper.scraper.WebScraper -        Q[66chars] | A[860chars] | Code[12]
2026-06-22 16:02:40.251 [main] DEBUG c.i.webscraper.scraper.WebScraper -        Q[54chars] | A[343chars] | Code[8]
2026-06-22 16:02:40.254 [main] DEBUG c.i.webscraper.scraper.WebScraper -        Q[62chars] | A[2627chars] | Code[28]
2026-06-22 16:02:40.255 [main] DEBUG c.i.webscraper.scraper.WebScraper -        Q[60chars] | A[922chars] | Code[2]
2026-06-22 16:02:40.255 [main] DEBUG c.i.webscraper.scraper.WebScraper -        Q[38chars] | A[316chars] | Code[9]
2026-06-22 16:02:40.256 [main] DEBUG c.i.webscraper.scraper.WebScraper -        Q[55chars] | A[915chars] | Code[1]
2026-06-22 16:02:40.257 [main] DEBUG c.i.webscraper.scraper.WebScraper -        Q[52chars] | A[1437chars] | Code[8]
2026-06-22 16:02:40.258 [main] DEBUG c.i.webscraper.scraper.WebScraper -        Q[60chars] | A[429chars] | Code[8]
2026-06-22 16:02:40.259 [main] DEBUG c.i.webscraper.scraper.WebScraper -        Q[91chars] | A[856chars] | Code[2]
2026-06-22 16:02:40.260 [main] DEBUG c.i.webscraper.scraper.WebScraper -        Q[54chars] | A[980chars] | Code[1]
2026-06-22 16:02:40.260 [main] INFO  c.i.webscraper.scraper.WebScraper -      16 Q&A pair(s) extracted.
2026-06-22 16:02:40.260 [main] INFO  c.i.webscraper.scraper.WebScraper -   → Section: 'Threads and Concurrency in Java' (https://interview.in28minutes.com/interview-guides/java/threads-and-concurrency-in-java/)
2026-06-22 16:02:40.260 [main] DEBUG c.i.webscraper.scraper.WebScraper - Sleeping 2500ms (attempt 1/3) before: https://interview.in28minutes.com/interview-guides/java/threads-and-concurrency-in-java/
2026-06-22 16:02:44.216 [main] DEBUG c.i.webscraper.scraper.WebScraper - HTTP 200 ← https://interview.in28minutes.com/interview-guides/java/threads-and-concurrency-in-java/
2026-06-22 16:02:44.256 [main] DEBUG c.i.webscraper.scraper.WebScraper -      21 question heading(s) in 'Threads and Concurrency in Java'.
2026-06-22 16:02:44.258 [main] DEBUG c.i.webscraper.scraper.WebScraper -        Q[78chars] | A[2266chars] | Code[0]
2026-06-22 16:02:44.259 [main] DEBUG c.i.webscraper.scraper.WebScraper -        Q[69chars] | A[276chars] | Code[2]
2026-06-22 16:02:44.259 [main] DEBUG c.i.webscraper.scraper.WebScraper -        Q[49chars] | A[47chars] | Code[1]
2026-06-22 16:02:44.262 [main] DEBUG c.i.webscraper.scraper.WebScraper -        Q[45chars] | A[868chars] | Code[3]
2026-06-22 16:02:44.263 [main] DEBUG c.i.webscraper.scraper.WebScraper -        Q[42chars] | A[736chars] | Code[0]
2026-06-22 16:02:44.264 [main] DEBUG c.i.webscraper.scraper.WebScraper -        Q[30chars] | A[899chars] | Code[1]
2026-06-22 16:02:44.264 [main] DEBUG c.i.webscraper.scraper.WebScraper -        Q[87chars] | A[567chars] | Code[0]
2026-06-22 16:02:44.265 [main] DEBUG c.i.webscraper.scraper.WebScraper -        Q[39chars] | A[1642chars] | Code[3]
2026-06-22 16:02:44.266 [main] DEBUG c.i.webscraper.scraper.WebScraper -        Q[37chars] | A[808chars] | Code[2]
2026-06-22 16:02:44.267 [main] DEBUG c.i.webscraper.scraper.WebScraper -        Q[71chars] | A[1721chars] | Code[5]
2026-06-22 16:02:44.271 [main] DEBUG c.i.webscraper.scraper.WebScraper -        Q[48chars] | A[2294chars] | Code[4]
2026-06-22 16:02:44.285 [main] DEBUG c.i.webscraper.scraper.WebScraper -        Q[31chars] | A[4599chars] | Code[6]
2026-06-22 16:02:44.286 [main] DEBUG c.i.webscraper.scraper.WebScraper -        Q[31chars] | A[760chars] | Code[3]
2026-06-22 16:02:44.286 [main] DEBUG c.i.webscraper.scraper.WebScraper -        Q[28chars] | A[212chars] | Code[1]
2026-06-22 16:02:44.286 [main] DEBUG c.i.webscraper.scraper.WebScraper -        Q[28chars] | A[227chars] | Code[1]
2026-06-22 16:02:44.287 [main] DEBUG c.i.webscraper.scraper.WebScraper -        Q[33chars] | A[230chars] | Code[1]
2026-06-22 16:02:44.287 [main] DEBUG c.i.webscraper.scraper.WebScraper -        Q[61chars] | A[1415chars] | Code[1]
2026-06-22 16:02:44.288 [main] DEBUG c.i.webscraper.scraper.WebScraper -        Q[23chars] | A[344chars] | Code[1]
2026-06-22 16:02:44.289 [main] DEBUG c.i.webscraper.scraper.WebScraper -        Q[41chars] | A[873chars] | Code[2]
2026-06-22 16:02:44.289 [main] DEBUG c.i.webscraper.scraper.WebScraper -        Q[51chars] | A[434chars] | Code[1]
2026-06-22 16:02:44.290 [main] DEBUG c.i.webscraper.scraper.WebScraper -        Q[58chars] | A[580chars] | Code[1]
2026-06-22 16:02:44.290 [main] INFO  c.i.webscraper.scraper.WebScraper -      21 Q&A pair(s) extracted.
2026-06-22 16:02:44.290 [main] INFO  c.i.webscraper.scraper.WebScraper -   → Section: 'Collections in Java' (https://interview.in28minutes.com/interview-guides/java/collections-in-java/)
2026-06-22 16:02:44.290 [main] DEBUG c.i.webscraper.scraper.WebScraper - Sleeping 2500ms (attempt 1/3) before: https://interview.in28minutes.com/interview-guides/java/collections-in-java/
2026-06-22 16:02:47.463 [main] DEBUG c.i.webscraper.scraper.WebScraper - HTTP 200 ← https://interview.in28minutes.com/interview-guides/java/collections-in-java/
2026-06-22 16:02:47.503 [main] DEBUG c.i.webscraper.scraper.WebScraper -      22 question heading(s) in 'Collections in Java'.
2026-06-22 16:02:47.504 [main] DEBUG c.i.webscraper.scraper.WebScraper -        Q[49chars] | A[798chars] | Code[0]
2026-06-22 16:02:47.505 [main] DEBUG c.i.webscraper.scraper.WebScraper -        Q[35chars] | A[643chars] | Code[1]
2026-06-22 16:02:47.506 [main] DEBUG c.i.webscraper.scraper.WebScraper -        Q[74chars] | A[703chars] | Code[0]
2026-06-22 16:02:47.506 [main] DEBUG c.i.webscraper.scraper.WebScraper -        Q[58chars] | A[2387chars] | Code[0]
2026-06-22 16:02:47.507 [main] DEBUG c.i.webscraper.scraper.WebScraper -        Q[53chars] | A[937chars] | Code[1]
2026-06-22 16:02:47.508 [main] DEBUG c.i.webscraper.scraper.WebScraper -        Q[62chars] | A[692chars] | Code[1]
2026-06-22 16:02:47.508 [main] DEBUG c.i.webscraper.scraper.WebScraper -        Q[47chars] | A[488chars] | Code[2]
2026-06-22 16:02:47.510 [main] DEBUG c.i.webscraper.scraper.WebScraper -        Q[51chars] | A[1619chars] | Code[0]
2026-06-22 16:02:47.511 [main] DEBUG c.i.webscraper.scraper.WebScraper -        Q[52chars] | A[1245chars] | Code[5]
2026-06-22 16:02:47.512 [main] DEBUG c.i.webscraper.scraper.WebScraper -        Q[59chars] | A[455chars] | Code[2]
2026-06-22 16:02:47.513 [main] DEBUG c.i.webscraper.scraper.WebScraper -        Q[50chars] | A[1701chars] | Code[1]
2026-06-22 16:02:47.515 [main] DEBUG c.i.webscraper.scraper.WebScraper -        Q[46chars] | A[938chars] | Code[6]
2026-06-22 16:02:47.515 [main] DEBUG c.i.webscraper.scraper.WebScraper -        Q[48chars] | A[579chars] | Code[0]
2026-06-22 16:02:47.517 [main] DEBUG c.i.webscraper.scraper.WebScraper -        Q[43chars] | A[3129chars] | Code[4]
2026-06-22 16:02:47.518 [main] DEBUG c.i.webscraper.scraper.WebScraper -        Q[50chars] | A[1204chars] | Code[1]
2026-06-22 16:02:47.518 [main] DEBUG c.i.webscraper.scraper.WebScraper -        Q[54chars] | A[709chars] | Code[0]
2026-06-22 16:02:47.519 [main] DEBUG c.i.webscraper.scraper.WebScraper -        Q[59chars] | A[515chars] | Code[0]
2026-06-22 16:02:47.519 [main] DEBUG c.i.webscraper.scraper.WebScraper -        Q[44chars] | A[468chars] | Code[0]
2026-06-22 16:02:47.520 [main] DEBUG c.i.webscraper.scraper.WebScraper -        Q[77chars] | A[509chars] | Code[1]
2026-06-22 16:02:47.521 [main] DEBUG c.i.webscraper.scraper.WebScraper -        Q[65chars] | A[867chars] | Code[2]
2026-06-22 16:02:47.522 [main] DEBUG c.i.webscraper.scraper.WebScraper -        Q[59chars] | A[668chars] | Code[3]
2026-06-22 16:02:47.522 [main] DEBUG c.i.webscraper.scraper.WebScraper -        Q[41chars] | A[215chars] | Code[4]
2026-06-22 16:02:47.522 [main] INFO  c.i.webscraper.scraper.WebScraper -      22 Q&A pair(s) extracted.
2026-06-22 16:02:47.523 [main] INFO  c.i.webscraper.scraper.WebScraper -   → Section: 'Generics in Java' (https://interview.in28minutes.com/interview-guides/java/generics-in-java/)
2026-06-22 16:02:47.523 [main] DEBUG c.i.webscraper.scraper.WebScraper - Sleeping 2500ms (attempt 1/3) before: https://interview.in28minutes.com/interview-guides/java/generics-in-java/
2026-06-22 16:02:50.918 [main] DEBUG c.i.webscraper.scraper.WebScraper - HTTP 200 ← https://interview.in28minutes.com/interview-guides/java/generics-in-java/
2026-06-22 16:02:50.929 [main] DEBUG c.i.webscraper.scraper.WebScraper -      5 question heading(s) in 'Generics in Java'.
2026-06-22 16:02:50.930 [main] DEBUG c.i.webscraper.scraper.WebScraper -        Q[32chars] | A[1257chars] | Code[3]
2026-06-22 16:02:50.931 [main] DEBUG c.i.webscraper.scraper.WebScraper -        Q[61chars] | A[1256chars] | Code[3]
2026-06-22 16:02:50.933 [main] DEBUG c.i.webscraper.scraper.WebScraper -        Q[42chars] | A[992chars] | Code[4]
2026-06-22 16:02:50.934 [main] DEBUG c.i.webscraper.scraper.WebScraper -        Q[45chars] | A[868chars] | Code[6]
2026-06-22 16:02:50.937 [main] DEBUG c.i.webscraper.scraper.WebScraper -        Q[50chars] | A[2646chars] | Code[5]
2026-06-22 16:02:50.937 [main] INFO  c.i.webscraper.scraper.WebScraper -      5 Q&A pair(s) extracted.
2026-06-22 16:02:50.937 [main] INFO  c.i.webscraper.scraper.WebScraper -   → Section: 'Modifiers in Java' (https://interview.in28minutes.com/interview-guides/java/modifiers-in-java/)
2026-06-22 16:02:50.937 [main] DEBUG c.i.webscraper.scraper.WebScraper - Sleeping 2500ms (attempt 1/3) before: https://interview.in28minutes.com/interview-guides/java/modifiers-in-java/
2026-06-22 16:02:54.028 [main] DEBUG c.i.webscraper.scraper.WebScraper - HTTP 200 ← https://interview.in28minutes.com/interview-guides/java/modifiers-in-java/
2026-06-22 16:02:54.039 [main] DEBUG c.i.webscraper.scraper.WebScraper -      5 question heading(s) in 'Modifiers in Java'.
2026-06-22 16:02:54.041 [main] DEBUG c.i.webscraper.scraper.WebScraper -        Q[77chars] | A[1764chars] | Code[0]
2026-06-22 16:02:54.043 [main] DEBUG c.i.webscraper.scraper.WebScraper -        Q[59chars] | A[2617chars] | Code[10]
2026-06-22 16:02:54.045 [main] DEBUG c.i.webscraper.scraper.WebScraper -        Q[65chars] | A[924chars] | Code[5]
2026-06-22 16:02:54.047 [main] DEBUG c.i.webscraper.scraper.WebScraper -        Q[68chars] | A[921chars] | Code[6]
2026-06-22 16:02:54.049 [main] DEBUG c.i.webscraper.scraper.WebScraper -        Q[68chars] | A[1359chars] | Code[0]
2026-06-22 16:02:54.049 [main] INFO  c.i.webscraper.scraper.WebScraper -      5 Q&A pair(s) extracted.
2026-06-22 16:02:54.049 [main] INFO  c.i.webscraper.scraper.WebScraper -   → Section: 'Exception Handling in Java' (https://interview.in28minutes.com/interview-guides/java/exception-handling-in-java/)
2026-06-22 16:02:54.049 [main] DEBUG c.i.webscraper.scraper.WebScraper - Sleeping 2500ms (attempt 1/3) before: https://interview.in28minutes.com/interview-guides/java/exception-handling-in-java/
2026-06-22 16:02:57.251 [main] DEBUG c.i.webscraper.scraper.WebScraper - HTTP 200 ← https://interview.in28minutes.com/interview-guides/java/exception-handling-in-java/
2026-06-22 16:02:57.280 [main] DEBUG c.i.webscraper.scraper.WebScraper -      10 question heading(s) in 'Exception Handling in Java'.
2026-06-22 16:02:57.281 [main] DEBUG c.i.webscraper.scraper.WebScraper -        Q[36chars] | A[1041chars] | Code[0]
2026-06-22 16:02:57.282 [main] DEBUG c.i.webscraper.scraper.WebScraper -        Q[50chars] | A[485chars] | Code[1]
2026-06-22 16:02:57.284 [main] DEBUG c.i.webscraper.scraper.WebScraper -        Q[68chars] | A[2098chars] | Code[6]
2026-06-22 16:02:57.285 [main] DEBUG c.i.webscraper.scraper.WebScraper -        Q[61chars] | A[777chars] | Code[1]
2026-06-22 16:02:57.286 [main] DEBUG c.i.webscraper.scraper.WebScraper -        Q[50chars] | A[401chars] | Code[2]
2026-06-22 16:02:57.287 [main] DEBUG c.i.webscraper.scraper.WebScraper -        Q[57chars] | A[323chars] | Code[4]
2026-06-22 16:02:57.287 [main] DEBUG c.i.webscraper.scraper.WebScraper -        Q[51chars] | A[1338chars] | Code[0]
2026-06-22 16:02:57.289 [main] DEBUG c.i.webscraper.scraper.WebScraper -        Q[55chars] | A[1336chars] | Code[2]
2026-06-22 16:02:57.293 [main] DEBUG c.i.webscraper.scraper.WebScraper -        Q[28chars] | A[1206chars] | Code[15]
2026-06-22 16:02:57.294 [main] DEBUG c.i.webscraper.scraper.WebScraper -        Q[67chars] | A[841chars] | Code[3]
2026-06-22 16:02:57.294 [main] INFO  c.i.webscraper.scraper.WebScraper -      10 Q&A pair(s) extracted.
2026-06-22 16:02:57.294 [main] INFO  c.i.webscraper.scraper.WebScraper -   → Section: 'Serialization in Java' (https://interview.in28minutes.com/interview-guides/java/serialization-in-java/)
2026-06-22 16:02:57.294 [main] DEBUG c.i.webscraper.scraper.WebScraper - Sleeping 2500ms (attempt 1/3) before: https://interview.in28minutes.com/interview-guides/java/serialization-in-java/
2026-06-22 16:03:00.421 [main] DEBUG c.i.webscraper.scraper.WebScraper - HTTP 200 ← https://interview.in28minutes.com/interview-guides/java/serialization-in-java/
2026-06-22 16:03:00.430 [main] DEBUG c.i.webscraper.scraper.WebScraper -      7 question heading(s) in 'Serialization in Java'.
2026-06-22 16:03:00.432 [main] DEBUG c.i.webscraper.scraper.WebScraper -        Q[22chars] | A[561chars] | Code[0]
2026-06-22 16:03:00.432 [main] DEBUG c.i.webscraper.scraper.WebScraper -        Q[27chars] | A[274chars] | Code[1]
2026-06-22 16:03:00.433 [main] DEBUG c.i.webscraper.scraper.WebScraper -        Q[37chars] | A[382chars] | Code[1]
2026-06-22 16:03:00.434 [main] DEBUG c.i.webscraper.scraper.WebScraper -        Q[62chars] | A[601chars] | Code[2]
2026-06-22 16:03:00.434 [main] DEBUG c.i.webscraper.scraper.WebScraper -        Q[48chars] | A[321chars] | Code[2]
2026-06-22 16:03:00.435 [main] DEBUG c.i.webscraper.scraper.WebScraper -        Q[49chars] | A[1696chars] | Code[6]
2026-06-22 16:03:00.436 [main] DEBUG c.i.webscraper.scraper.WebScraper -        Q[60chars] | A[1438chars] | Code[2]
2026-06-22 16:03:00.436 [main] INFO  c.i.webscraper.scraper.WebScraper -      7 Q&A pair(s) extracted.
2026-06-22 16:03:00.437 [main] INFO  c.i.webscraper.scraper.WebScraper -   → Section: 'Built-in Classes in Java' (https://interview.in28minutes.com/interview-guides/java/built-in-classes-in-java/)
2026-06-22 16:03:00.437 [main] DEBUG c.i.webscraper.scraper.WebScraper - Sleeping 2500ms (attempt 1/3) before: https://interview.in28minutes.com/interview-guides/java/built-in-classes-in-java/
2026-06-22 16:03:03.588 [main] DEBUG c.i.webscraper.scraper.WebScraper - HTTP 200 ← https://interview.in28minutes.com/interview-guides/java/built-in-classes-in-java/
2026-06-22 16:03:03.600 [main] DEBUG c.i.webscraper.scraper.WebScraper -      9 question heading(s) in 'Built-in Classes in Java'.
2026-06-22 16:03:03.602 [main] DEBUG c.i.webscraper.scraper.WebScraper -        Q[6chars] | A[1216chars] | Code[1]
2026-06-22 16:03:03.602 [main] DEBUG c.i.webscraper.scraper.WebScraper -        Q[4chars] | A[210chars] | Code[2]
2026-06-22 16:03:03.602 [main] DEBUG c.i.webscraper.scraper.WebScraper -        Q[7chars] | A[188chars] | Code[1]
2026-06-22 16:03:03.603 [main] DEBUG c.i.webscraper.scraper.WebScraper -        Q[6chars] | A[211chars] | Code[1]
2026-06-22 16:03:03.603 [main] DEBUG c.i.webscraper.scraper.WebScraper -        Q[11chars] | A[161chars] | Code[1]
2026-06-22 16:03:03.603 [main] DEBUG c.i.webscraper.scraper.WebScraper -        Q[4chars] | A[301chars] | Code[1]
2026-06-22 16:03:03.604 [main] DEBUG c.i.webscraper.scraper.WebScraper -        Q[5chars] | A[1826chars] | Code[2]
2026-06-22 16:03:03.604 [main] DEBUG c.i.webscraper.scraper.WebScraper -        Q[5chars] | A[212chars] | Code[1]
2026-06-22 16:03:03.605 [main] DEBUG c.i.webscraper.scraper.WebScraper -        Q[6chars] | A[188chars] | Code[2]
2026-06-22 16:03:03.605 [main] INFO  c.i.webscraper.scraper.WebScraper -      9 Q&A pair(s) extracted.
2026-06-22 16:03:03.605 [main] INFO  c.i.webscraper.scraper.WebScraper -   → Section: 'Miscellaneous Topics in Java' (https://interview.in28minutes.com/interview-guides/java/miscellaneous-topics-in-java/)
2026-06-22 16:03:03.605 [main] DEBUG c.i.webscraper.scraper.WebScraper - Sleeping 2500ms (attempt 1/3) before: https://interview.in28minutes.com/interview-guides/java/miscellaneous-topics-in-java/
2026-06-22 16:03:06.862 [main] DEBUG c.i.webscraper.scraper.WebScraper - HTTP 200 ← https://interview.in28minutes.com/interview-guides/java/miscellaneous-topics-in-java/
2026-06-22 16:03:06.894 [main] DEBUG c.i.webscraper.scraper.WebScraper -      11 question heading(s) in 'Miscellaneous Topics in Java'.
2026-06-22 16:03:06.896 [main] DEBUG c.i.webscraper.scraper.WebScraper -        Q[53chars] | A[1219chars] | Code[5]
2026-06-22 16:03:06.898 [main] DEBUG c.i.webscraper.scraper.WebScraper -        Q[44chars] | A[689chars] | Code[1]
2026-06-22 16:03:06.899 [main] DEBUG c.i.webscraper.scraper.WebScraper -        Q[48chars] | A[899chars] | Code[2]
2026-06-22 16:03:06.900 [main] DEBUG c.i.webscraper.scraper.WebScraper -        Q[61chars] | A[918chars] | Code[1]
2026-06-22 16:03:06.900 [main] DEBUG c.i.webscraper.scraper.WebScraper -        Q[72chars] | A[795chars] | Code[3]
2026-06-22 16:03:06.901 [main] DEBUG c.i.webscraper.scraper.WebScraper -        Q[30chars] | A[1123chars] | Code[2]
2026-06-22 16:03:06.902 [main] DEBUG c.i.webscraper.scraper.WebScraper -        Q[33chars] | A[683chars] | Code[1]
2026-06-22 16:03:06.904 [main] DEBUG c.i.webscraper.scraper.WebScraper -        Q[54chars] | A[1029chars] | Code[7]
2026-06-22 16:03:06.905 [main] DEBUG c.i.webscraper.scraper.WebScraper -        Q[65chars] | A[637chars] | Code[5]
2026-06-22 16:03:06.906 [main] DEBUG c.i.webscraper.scraper.WebScraper -        Q[61chars] | A[538chars] | Code[4]
2026-06-22 16:03:06.908 [main] DEBUG c.i.webscraper.scraper.WebScraper -        Q[52chars] | A[869chars] | Code[6]
2026-06-22 16:03:06.908 [main] INFO  c.i.webscraper.scraper.WebScraper -      11 Q&A pair(s) extracted.
2026-06-22 16:03:06.908 [main] INFO  c.i.webscraper.scraper.WebScraper -   → Section: 'New Features in Java' (https://interview.in28minutes.com/interview-guides/java/new-features-in-java/)
2026-06-22 16:03:06.909 [main] DEBUG c.i.webscraper.scraper.WebScraper - Sleeping 2500ms (attempt 1/3) before: https://interview.in28minutes.com/interview-guides/java/new-features-in-java/
2026-06-22 16:03:10.098 [main] DEBUG c.i.webscraper.scraper.WebScraper - HTTP 200 ← https://interview.in28minutes.com/interview-guides/java/new-features-in-java/
2026-06-22 16:03:10.105 [main] DEBUG c.i.webscraper.scraper.WebScraper -      3 question heading(s) in 'New Features in Java'.
2026-06-22 16:03:10.106 [main] DEBUG c.i.webscraper.scraper.WebScraper -        Q[29chars] | A[1122chars] | Code[0]
2026-06-22 16:03:10.107 [main] DEBUG c.i.webscraper.scraper.WebScraper -        Q[55chars] | A[1158chars] | Code[12]
2026-06-22 16:03:10.110 [main] DEBUG c.i.webscraper.scraper.WebScraper -        Q[68chars] | A[2207chars] | Code[23]
2026-06-22 16:03:10.110 [main] INFO  c.i.webscraper.scraper.WebScraper -      3 Q&A pair(s) extracted.
2026-06-22 16:03:10.110 [main] INFO  c.i.webscraper.scraper.WebScraper -   → Section: 'Java Interview - Diagrams' (https://interview.in28minutes.com/interview-guides/java/java-interview-diagrams/)
2026-06-22 16:03:10.110 [main] DEBUG c.i.webscraper.scraper.WebScraper - Sleeping 2500ms (attempt 1/3) before: https://interview.in28minutes.com/interview-guides/java/java-interview-diagrams/
2026-06-22 16:03:13.486 [main] DEBUG c.i.webscraper.scraper.WebScraper - HTTP 200 ← https://interview.in28minutes.com/interview-guides/java/java-interview-diagrams/
2026-06-22 16:03:13.490 [main] DEBUG c.i.webscraper.scraper.WebScraper -      7 question heading(s) in 'Java Interview - Diagrams'.
2026-06-22 16:03:13.490 [main] DEBUG c.i.webscraper.scraper.WebScraper -        Q[17chars] | A[0chars] | Code[1]
2026-06-22 16:03:13.491 [main] DEBUG c.i.webscraper.scraper.WebScraper -        Q[26chars] | A[0chars] | Code[1]
2026-06-22 16:03:13.491 [main] DEBUG c.i.webscraper.scraper.WebScraper -        Q[18chars] | A[0chars] | Code[1]
2026-06-22 16:03:13.491 [main] DEBUG c.i.webscraper.scraper.WebScraper -        Q[17chars] | A[0chars] | Code[1]
2026-06-22 16:03:13.491 [main] DEBUG c.i.webscraper.scraper.WebScraper -        Q[44chars] | A[0chars] | Code[1]
2026-06-22 16:03:13.491 [main] DEBUG c.i.webscraper.scraper.WebScraper -        Q[25chars] | A[0chars] | Code[1]
2026-06-22 16:03:13.492 [main] DEBUG c.i.webscraper.scraper.WebScraper -        Q[27chars] | A[141chars] | Code[7]
2026-06-22 16:03:13.492 [main] INFO  c.i.webscraper.scraper.WebScraper -      7 Q&A pair(s) extracted.
2026-06-22 16:03:13.492 [main] INFO  c.i.webscraper.scraper.WebScraper - Topic 'Java' complete → 17 section(s).
2026-06-22 16:03:13.492 [main] INFO  c.i.webscraper.scraper.WebScraper - ---------- Topic: DevOps → https://interview.in28minutes.com/devops/
2026-06-22 16:03:13.492 [main] DEBUG c.i.webscraper.scraper.WebScraper - Sleeping 2500ms (attempt 1/3) before: https://interview.in28minutes.com/devops/
2026-06-22 16:03:16.483 [main] DEBUG c.i.webscraper.scraper.WebScraper - HTTP 200 ← https://interview.in28minutes.com/devops/
2026-06-22 16:03:16.488 [main] DEBUG c.i.webscraper.scraper.WebScraper - Topic 'DevOps' → 2 card(s) found.
2026-06-22 16:03:16.488 [main] INFO  c.i.webscraper.scraper.WebScraper -   → Section: 'DevOps Fundamentals' (https://interview.in28minutes.com/interview-guides/devops/devops-fundamentals/)
2026-06-22 16:03:16.488 [main] DEBUG c.i.webscraper.scraper.WebScraper - Sleeping 2500ms (attempt 1/3) before: https://interview.in28minutes.com/interview-guides/devops/devops-fundamentals/
2026-06-22 16:03:19.898 [main] DEBUG c.i.webscraper.scraper.WebScraper - HTTP 200 ← https://interview.in28minutes.com/interview-guides/devops/devops-fundamentals/
2026-06-22 16:03:19.904 [main] DEBUG c.i.webscraper.scraper.WebScraper -      7 question heading(s) in 'DevOps Fundamentals'.
2026-06-22 16:03:19.905 [main] DEBUG c.i.webscraper.scraper.WebScraper -          Image captured: DevOps
2026-06-22 16:03:19.906 [main] DEBUG c.i.webscraper.scraper.WebScraper -          Image captured: Environments
2026-06-22 16:03:19.907 [main] DEBUG c.i.webscraper.scraper.WebScraper -          Image captured: Continuous Deployment
2026-06-22 16:03:19.907 [main] DEBUG c.i.webscraper.scraper.WebScraper -          Image captured: Environments
2026-06-22 16:03:19.907 [main] DEBUG c.i.webscraper.scraper.WebScraper -        Q[15chars] | A[2810chars] | Code[0]
2026-06-22 16:03:19.909 [main] DEBUG c.i.webscraper.scraper.WebScraper -          Image captured: Software Development
2026-06-22 16:03:19.910 [main] DEBUG c.i.webscraper.scraper.WebScraper -        Q[28chars] | A[1377chars] | Code[0]
2026-06-22 16:03:19.910 [main] DEBUG c.i.webscraper.scraper.WebScraper -          Image captured: continuous deployment
2026-06-22 16:03:19.910 [main] DEBUG c.i.webscraper.scraper.WebScraper -          Image captured: Environments List
2026-06-22 16:03:19.911 [main] DEBUG c.i.webscraper.scraper.WebScraper -        Q[67chars] | A[1784chars] | Code[0]
2026-06-22 16:03:19.911 [main] DEBUG c.i.webscraper.scraper.WebScraper -          Image captured: Environments
2026-06-22 16:03:19.911 [main] DEBUG c.i.webscraper.scraper.WebScraper -          Image captured: Infrastructure as Code
2026-06-22 16:03:19.912 [main] DEBUG c.i.webscraper.scraper.WebScraper -        Q[31chars] | A[1325chars] | Code[0]
2026-06-22 16:03:19.912 [main] DEBUG c.i.webscraper.scraper.WebScraper -          Image captured: Traditional deployment
2026-06-22 16:03:19.913 [main] DEBUG c.i.webscraper.scraper.WebScraper -          Image captured: Container Orchestration
2026-06-22 16:03:19.913 [main] DEBUG c.i.webscraper.scraper.WebScraper -        Q[87chars] | A[2080chars] | Code[0]
2026-06-22 16:03:19.913 [main] DEBUG c.i.webscraper.scraper.WebScraper -          Image captured: Observability
2026-06-22 16:03:19.914 [main] DEBUG c.i.webscraper.scraper.WebScraper -        Q[22chars] | A[1741chars] | Code[0]
2026-06-22 16:03:19.914 [main] DEBUG c.i.webscraper.scraper.WebScraper -          Image captured: DevOps
2026-06-22 16:03:19.915 [main] DEBUG c.i.webscraper.scraper.WebScraper -          Image captured: Cloud
2026-06-22 16:03:19.915 [main] DEBUG c.i.webscraper.scraper.WebScraper -        Q[33chars] | A[833chars] | Code[0]
2026-06-22 16:03:19.915 [main] INFO  c.i.webscraper.scraper.WebScraper -      7 Q&A pair(s) extracted.
2026-06-22 16:03:19.915 [main] INFO  c.i.webscraper.scraper.WebScraper -   → Section: 'DevOps Interview - Diagrams' (https://interview.in28minutes.com/interview-guides/devops/devops-interview-diagrams/)
2026-06-22 16:03:19.916 [main] DEBUG c.i.webscraper.scraper.WebScraper - Sleeping 2500ms (attempt 1/3) before: https://interview.in28minutes.com/interview-guides/devops/devops-interview-diagrams/
2026-06-22 16:03:22.946 [main] DEBUG c.i.webscraper.scraper.WebScraper - HTTP 200 ← https://interview.in28minutes.com/interview-guides/devops/devops-interview-diagrams/
2026-06-22 16:03:22.950 [main] DEBUG c.i.webscraper.scraper.WebScraper -      10 question heading(s) in 'DevOps Interview - Diagrams'.
2026-06-22 16:03:22.951 [main] DEBUG c.i.webscraper.scraper.WebScraper -          Image captured: Cloud
2026-06-22 16:03:22.951 [main] DEBUG c.i.webscraper.scraper.WebScraper -        Q[5chars] | A[14chars] | Code[0]
2026-06-22 16:03:22.952 [main] DEBUG c.i.webscraper.scraper.WebScraper -          Image captured: Elasticity
2026-06-22 16:03:22.952 [main] DEBUG c.i.webscraper.scraper.WebScraper -        Q[10chars] | A[19chars] | Code[0]
2026-06-22 16:03:22.952 [main] DEBUG c.i.webscraper.scraper.WebScraper -          Image captured: DevOps
2026-06-22 16:03:22.952 [main] DEBUG c.i.webscraper.scraper.WebScraper -        Q[6chars] | A[15chars] | Code[0]
2026-06-22 16:03:22.952 [main] DEBUG c.i.webscraper.scraper.WebScraper -          Image captured: cloud services
2026-06-22 16:03:22.952 [main] DEBUG c.i.webscraper.scraper.WebScraper -        Q[14chars] | A[23chars] | Code[0]
2026-06-22 16:03:22.952 [main] DEBUG c.i.webscraper.scraper.WebScraper -          Image captured: cloud environment
2026-06-22 16:03:22.953 [main] DEBUG c.i.webscraper.scraper.WebScraper -        Q[17chars] | A[26chars] | Code[0]
2026-06-22 16:03:22.953 [main] DEBUG c.i.webscraper.scraper.WebScraper -          Image captured: environments
2026-06-22 16:03:22.953 [main] DEBUG c.i.webscraper.scraper.WebScraper -        Q[21chars] | A[21chars] | Code[0]
2026-06-22 16:03:22.953 [main] DEBUG c.i.webscraper.scraper.WebScraper -          Image captured: continuous deployment
2026-06-22 16:03:22.953 [main] DEBUG c.i.webscraper.scraper.WebScraper -        Q[30chars] | A[30chars] | Code[0]
2026-06-22 16:03:22.953 [main] DEBUG c.i.webscraper.scraper.WebScraper -          Image captured: continuous integration
2026-06-22 16:03:22.953 [main] DEBUG c.i.webscraper.scraper.WebScraper -        Q[21chars] | A[31chars] | Code[0]
2026-06-22 16:03:22.954 [main] DEBUG c.i.webscraper.scraper.WebScraper -          Image captured: Hybrid Cloud
2026-06-22 16:03:22.954 [main] DEBUG c.i.webscraper.scraper.WebScraper -        Q[12chars] | A[21chars] | Code[0]
2026-06-22 16:03:22.954 [main] DEBUG c.i.webscraper.scraper.WebScraper -          Image captured: Container Orchestration
2026-06-22 16:03:22.954 [main] DEBUG c.i.webscraper.scraper.WebScraper -        Q[23chars] | A[32chars] | Code[0]
2026-06-22 16:03:22.954 [main] INFO  c.i.webscraper.scraper.WebScraper -      10 Q&A pair(s) extracted.
2026-06-22 16:03:22.954 [main] INFO  c.i.webscraper.scraper.WebScraper - Topic 'DevOps' complete → 2 section(s).
2026-06-22 16:03:22.954 [main] INFO  c.i.webscraper.scraper.WebScraper - ---------- Topic: Cloud → https://interview.in28minutes.com/cloud/
2026-06-22 16:03:22.955 [main] DEBUG c.i.webscraper.scraper.WebScraper - Sleeping 2500ms (attempt 1/3) before: https://interview.in28minutes.com/cloud/
2026-06-22 16:03:25.947 [main] DEBUG c.i.webscraper.scraper.WebScraper - HTTP 200 ← https://interview.in28minutes.com/cloud/
2026-06-22 16:03:25.950 [main] DEBUG c.i.webscraper.scraper.WebScraper - Topic 'Cloud' → 8 card(s) found.
2026-06-22 16:03:25.950 [main] INFO  c.i.webscraper.scraper.WebScraper -   → Section: 'Cloud Fundamentals' (https://interview.in28minutes.com/interview-guides/cloud/cloud-fundamentals/)
2026-06-22 16:03:25.950 [main] DEBUG c.i.webscraper.scraper.WebScraper - Sleeping 2500ms (attempt 1/3) before: https://interview.in28minutes.com/interview-guides/cloud/cloud-fundamentals/
2026-06-22 16:03:29.155 [main] DEBUG c.i.webscraper.scraper.WebScraper - HTTP 200 ← https://interview.in28minutes.com/interview-guides/cloud/cloud-fundamentals/
2026-06-22 16:03:29.163 [main] DEBUG c.i.webscraper.scraper.WebScraper -      8 question heading(s) in 'Cloud Fundamentals'.
2026-06-22 16:03:29.163 [main] DEBUG c.i.webscraper.scraper.WebScraper -          Image captured: Cloud
2026-06-22 16:03:29.163 [main] DEBUG c.i.webscraper.scraper.WebScraper -          Image captured: Elasticity
2026-06-22 16:03:29.164 [main] DEBUG c.i.webscraper.scraper.WebScraper -          Image captured: Regions
2026-06-22 16:03:29.164 [main] DEBUG c.i.webscraper.scraper.WebScraper -        Q[39chars] | A[969chars] | Code[0]
2026-06-22 16:03:29.164 [main] DEBUG c.i.webscraper.scraper.WebScraper -          Image captured: Regions
2026-06-22 16:03:29.164 [main] DEBUG c.i.webscraper.scraper.WebScraper -          Image captured: Zones
2026-06-22 16:03:29.165 [main] DEBUG c.i.webscraper.scraper.WebScraper -          Image captured: Regions
2026-06-22 16:03:29.165 [main] DEBUG c.i.webscraper.scraper.WebScraper -        Q[32chars] | A[3174chars] | Code[0]
2026-06-22 16:03:29.165 [main] DEBUG c.i.webscraper.scraper.WebScraper -          Image captured: Hybrid Cloud
2026-06-22 16:03:29.166 [main] DEBUG c.i.webscraper.scraper.WebScraper -        Q[41chars] | A[1138chars] | Code[0]
2026-06-22 16:03:29.167 [main] DEBUG c.i.webscraper.scraper.WebScraper -          Image captured: Load Balancing
2026-06-22 16:03:29.167 [main] DEBUG c.i.webscraper.scraper.WebScraper -          Image captured: Cloud Service Models
2026-06-22 16:03:29.168 [main] DEBUG c.i.webscraper.scraper.WebScraper -        Q[34chars] | A[3119chars] | Code[0]
2026-06-22 16:03:29.168 [main] DEBUG c.i.webscraper.scraper.WebScraper -          Image captured: Virtualization
2026-06-22 16:03:29.168 [main] DEBUG c.i.webscraper.scraper.WebScraper -        Q[23chars] | A[1239chars] | Code[0]
2026-06-22 16:03:29.169 [main] DEBUG c.i.webscraper.scraper.WebScraper -          Image captured: Virtualization
2026-06-22 16:03:29.169 [main] DEBUG c.i.webscraper.scraper.WebScraper -        Q[49chars] | A[3120chars] | Code[0]
2026-06-22 16:03:29.169 [main] DEBUG c.i.webscraper.scraper.WebScraper -          Image captured: Scaling Types
2026-06-22 16:03:29.170 [main] DEBUG c.i.webscraper.scraper.WebScraper -          Image captured: Virtualization
2026-06-22 16:03:29.171 [main] DEBUG c.i.webscraper.scraper.WebScraper -        Q[102chars] | A[4512chars] | Code[0]
2026-06-22 16:03:29.171 [main] DEBUG c.i.webscraper.scraper.WebScraper -        Q[38chars] | A[708chars] | Code[0]
2026-06-22 16:03:29.171 [main] INFO  c.i.webscraper.scraper.WebScraper -      8 Q&A pair(s) extracted.
2026-06-22 16:03:29.171 [main] INFO  c.i.webscraper.scraper.WebScraper -   → Section: 'Cloud Storage and Databases Fundamentals' (https://interview.in28minutes.com/interview-guides/cloud/cloud-storage-and-databases-fundamentals/)
2026-06-22 16:03:29.172 [main] DEBUG c.i.webscraper.scraper.WebScraper - Sleeping 2500ms (attempt 1/3) before: https://interview.in28minutes.com/interview-guides/cloud/cloud-storage-and-databases-fundamentals/
2026-06-22 16:03:32.293 [main] DEBUG c.i.webscraper.scraper.WebScraper - HTTP 200 ← https://interview.in28minutes.com/interview-guides/cloud/cloud-storage-and-databases-fundamentals/
2026-06-22 16:03:32.322 [main] DEBUG c.i.webscraper.scraper.WebScraper -      12 question heading(s) in 'Cloud Storage and Databases Fundamentals'.
2026-06-22 16:03:32.322 [main] DEBUG c.i.webscraper.scraper.WebScraper -          Image captured: database horizontal scaling
2026-06-22 16:03:32.323 [main] DEBUG c.i.webscraper.scraper.WebScraper -          Image captured: database horizontal scaling
2026-06-22 16:03:32.323 [main] DEBUG c.i.webscraper.scraper.WebScraper -          Image captured: database horizontal scaling
2026-06-22 16:03:32.323 [main] DEBUG c.i.webscraper.scraper.WebScraper -          Image captured: database async
2026-06-22 16:03:32.323 [main] DEBUG c.i.webscraper.scraper.WebScraper -        Q[49chars] | A[2771chars] | Code[0]
2026-06-22 16:03:32.324 [main] DEBUG c.i.webscraper.scraper.WebScraper -          Image captured: database sync
2026-06-22 16:03:32.324 [main] DEBUG c.i.webscraper.scraper.WebScraper -          Image captured: database sync
2026-06-22 16:03:32.324 [main] DEBUG c.i.webscraper.scraper.WebScraper -          Image captured: database backup
2026-06-22 16:03:32.325 [main] DEBUG c.i.webscraper.scraper.WebScraper -          Image captured: database snapshot
2026-06-22 16:03:32.325 [main] DEBUG c.i.webscraper.scraper.WebScraper -        Q[18chars] | A[1318chars] | Code[0]
2026-06-22 16:03:32.325 [main] DEBUG c.i.webscraper.scraper.WebScraper -          Image captured: data formats
2026-06-22 16:03:32.325 [main] DEBUG c.i.webscraper.scraper.WebScraper -        Q[35chars] | A[818chars] | Code[0]
2026-06-22 16:03:32.325 [main] DEBUG c.i.webscraper.scraper.WebScraper -          Image captured: database relational
2026-06-22 16:03:32.325 [main] DEBUG c.i.webscraper.scraper.WebScraper -          Image captured: database relational column row
2026-06-22 16:03:32.326 [main] DEBUG c.i.webscraper.scraper.WebScraper -        Q[46chars] | A[2504chars] | Code[0]
2026-06-22 16:03:32.326 [main] DEBUG c.i.webscraper.scraper.WebScraper -          Image captured: data semi structured
2026-06-22 16:03:32.326 [main] DEBUG c.i.webscraper.scraper.WebScraper -          Image captured: database scaling horizontal
2026-06-22 16:03:32.326 [main] DEBUG c.i.webscraper.scraper.WebScraper -          Image captured: database nosql document
2026-06-22 16:03:32.327 [main] DEBUG c.i.webscraper.scraper.WebScraper -          Image captured: database nosql key value
2026-06-22 16:03:32.327 [main] DEBUG c.i.webscraper.scraper.WebScraper -          Image captured: database nosql graph
2026-06-22 16:03:32.327 [main] DEBUG c.i.webscraper.scraper.WebScraper -          Image captured: database nosql columnar
2026-06-22 16:03:32.327 [main] DEBUG c.i.webscraper.scraper.WebScraper -        Q[55chars] | A[2185chars] | Code[4]
2026-06-22 16:03:32.327 [main] DEBUG c.i.webscraper.scraper.WebScraper -          Image captured: data unstructured
2026-06-22 16:03:32.328 [main] DEBUG c.i.webscraper.scraper.WebScraper -          Image captured: storage types
2026-06-22 16:03:32.328 [main] DEBUG c.i.webscraper.scraper.WebScraper -          Image captured: storage block
2026-06-22 16:03:32.328 [main] DEBUG c.i.webscraper.scraper.WebScraper -          Image captured: storage file
2026-06-22 16:03:32.328 [main] DEBUG c.i.webscraper.scraper.WebScraper -          Image captured: storage object
2026-06-22 16:03:32.328 [main] DEBUG c.i.webscraper.scraper.WebScraper -        Q[67chars] | A[1334chars] | Code[0]
2026-06-22 16:03:32.328 [main] DEBUG c.i.webscraper.scraper.WebScraper -          Image captured: storage block
2026-06-22 16:03:32.328 [main] DEBUG c.i.webscraper.scraper.WebScraper -          Image captured: virtual machines
2026-06-22 16:03:32.329 [main] DEBUG c.i.webscraper.scraper.WebScraper -        Q[22chars] | A[2195chars] | Code[0]
2026-06-22 16:03:32.329 [main] DEBUG c.i.webscraper.scraper.WebScraper -          Image captured: storage file
2026-06-22 16:03:32.329 [main] DEBUG c.i.webscraper.scraper.WebScraper -        Q[21chars] | A[1237chars] | Code[0]
2026-06-22 16:03:32.329 [main] DEBUG c.i.webscraper.scraper.WebScraper -          Image captured: storage object
2026-06-22 16:03:32.331 [main] DEBUG c.i.webscraper.scraper.WebScraper -        Q[23chars] | A[2734chars] | Code[0]
2026-06-22 16:03:32.331 [main] DEBUG c.i.webscraper.scraper.WebScraper -          Image captured: hybrid cloud
2026-06-22 16:03:32.332 [main] DEBUG c.i.webscraper.scraper.WebScraper -        Q[23chars] | A[1105chars] | Code[0]
2026-06-22 16:03:32.332 [main] DEBUG c.i.webscraper.scraper.WebScraper -          Image captured: data analytics warehouse
2026-06-22 16:03:32.332 [main] DEBUG c.i.webscraper.scraper.WebScraper -          Image captured: data analytics process
2026-06-22 16:03:32.332 [main] DEBUG c.i.webscraper.scraper.WebScraper -        Q[36chars] | A[2356chars] | Code[0]
2026-06-22 16:03:32.333 [main] DEBUG c.i.webscraper.scraper.WebScraper -          Image captured: data analytics datalake
2026-06-22 16:03:32.333 [main] DEBUG c.i.webscraper.scraper.WebScraper -        Q[35chars] | A[1898chars] | Code[0]
2026-06-22 16:03:32.333 [main] INFO  c.i.webscraper.scraper.WebScraper -      12 Q&A pair(s) extracted.
2026-06-22 16:03:32.334 [main] INFO  c.i.webscraper.scraper.WebScraper -   → Section: 'Asynchronous Communication in the Cloud' (https://interview.in28minutes.com/interview-guides/cloud/asynchronous-communication-in-the-cloud/)
2026-06-22 16:03:32.334 [main] DEBUG c.i.webscraper.scraper.WebScraper - Sleeping 2500ms (attempt 1/3) before: https://interview.in28minutes.com/interview-guides/cloud/asynchronous-communication-in-the-cloud/
2026-06-22 16:03:35.934 [main] DEBUG c.i.webscraper.scraper.WebScraper - HTTP 200 ← https://interview.in28minutes.com/interview-guides/cloud/asynchronous-communication-in-the-cloud/
2026-06-22 16:03:35.940 [main] DEBUG c.i.webscraper.scraper.WebScraper -      6 question heading(s) in 'Asynchronous Communication in the Cloud'.
2026-06-22 16:03:35.940 [main] DEBUG c.i.webscraper.scraper.WebScraper -          Image captured: communication sync
2026-06-22 16:03:35.940 [main] DEBUG c.i.webscraper.scraper.WebScraper -          Image captured: communication async
2026-06-22 16:03:35.940 [main] DEBUG c.i.webscraper.scraper.WebScraper -        Q[31chars] | A[3006chars] | Code[0]
2026-06-22 16:03:35.940 [main] DEBUG c.i.webscraper.scraper.WebScraper -          Image captured: async pull
2026-06-22 16:03:35.942 [main] DEBUG c.i.webscraper.scraper.WebScraper -        Q[37chars] | A[1740chars] | Code[0]
2026-06-22 16:03:35.942 [main] DEBUG c.i.webscraper.scraper.WebScraper -          Image captured: async push
2026-06-22 16:03:35.942 [main] DEBUG c.i.webscraper.scraper.WebScraper -        Q[43chars] | A[1749chars] | Code[0]
2026-06-22 16:03:35.943 [main] DEBUG c.i.webscraper.scraper.WebScraper -          Image captured: async streaming data
2026-06-22 16:03:35.943 [main] DEBUG c.i.webscraper.scraper.WebScraper -        Q[36chars] | A[1871chars] | Code[0]
2026-06-22 16:03:35.943 [main] DEBUG c.i.webscraper.scraper.WebScraper -          Image captured: async event bus
2026-06-22 16:03:35.944 [main] DEBUG c.i.webscraper.scraper.WebScraper -        Q[28chars] | A[3998chars] | Code[0]
2026-06-22 16:03:35.944 [main] DEBUG c.i.webscraper.scraper.WebScraper -          Image captured: async workflow
2026-06-22 16:03:35.945 [main] DEBUG c.i.webscraper.scraper.WebScraper -        Q[44chars] | A[1938chars] | Code[0]
2026-06-22 16:03:35.945 [main] INFO  c.i.webscraper.scraper.WebScraper -      6 Q&A pair(s) extracted.
2026-06-22 16:03:35.945 [main] INFO  c.i.webscraper.scraper.WebScraper -   → Section: 'Networking in the Cloud' (https://interview.in28minutes.com/interview-guides/cloud/networking-in-the-cloud/)
2026-06-22 16:03:35.945 [main] DEBUG c.i.webscraper.scraper.WebScraper - Sleeping 2500ms (attempt 1/3) before: https://interview.in28minutes.com/interview-guides/cloud/networking-in-the-cloud/
2026-06-22 16:03:39.348 [main] DEBUG c.i.webscraper.scraper.WebScraper - HTTP 200 ← https://interview.in28minutes.com/interview-guides/cloud/networking-in-the-cloud/
2026-06-22 16:03:39.353 [main] DEBUG c.i.webscraper.scraper.WebScraper -      7 question heading(s) in 'Networking in the Cloud'.
2026-06-22 16:03:39.354 [main] DEBUG c.i.webscraper.scraper.WebScraper -          Image captured: networking vpc subnet
2026-06-22 16:03:39.354 [main] DEBUG c.i.webscraper.scraper.WebScraper -          Image captured: networking vpc subnet
2026-06-22 16:03:39.354 [main] DEBUG c.i.webscraper.scraper.WebScraper -        Q[65chars] | A[1783chars] | Code[0]
2026-06-22 16:03:39.355 [main] DEBUG c.i.webscraper.scraper.WebScraper -        Q[47chars] | A[1096chars] | Code[0]
2026-06-22 16:03:39.355 [main] DEBUG c.i.webscraper.scraper.WebScraper -          Image captured: networking gateway
2026-06-22 16:03:39.355 [main] DEBUG c.i.webscraper.scraper.WebScraper -          Image captured: networking vpn
2026-06-22 16:03:39.356 [main] DEBUG c.i.webscraper.scraper.WebScraper -        Q[47chars] | A[2155chars] | Code[0]
2026-06-22 16:03:39.356 [main] DEBUG c.i.webscraper.scraper.WebScraper -          Image captured: networking vpc subnet
2026-06-22 16:03:39.356 [main] DEBUG c.i.webscraper.scraper.WebScraper -        Q[65chars] | A[1182chars] | Code[0]
2026-06-22 16:03:39.356 [main] DEBUG c.i.webscraper.scraper.WebScraper -          Image captured: networking vpn
2026-06-22 16:03:39.357 [main] DEBUG c.i.webscraper.scraper.WebScraper -        Q[37chars] | A[1005chars] | Code[0]
2026-06-22 16:03:39.357 [main] DEBUG c.i.webscraper.scraper.WebScraper -        Q[37chars] | A[1105chars] | Code[0]
2026-06-22 16:03:39.358 [main] DEBUG c.i.webscraper.scraper.WebScraper -        Q[53chars] | A[1751chars] | Code[0]
2026-06-22 16:03:39.358 [main] INFO  c.i.webscraper.scraper.WebScraper -      7 Q&A pair(s) extracted.
2026-06-22 16:03:39.358 [main] INFO  c.i.webscraper.scraper.WebScraper -   → Section: 'Cost Management in the Cloud' (https://interview.in28minutes.com/interview-guides/cloud/cost-management-in-the-cloud/)
2026-06-22 16:03:39.358 [main] DEBUG c.i.webscraper.scraper.WebScraper - Sleeping 2500ms (attempt 1/3) before: https://interview.in28minutes.com/interview-guides/cloud/cost-management-in-the-cloud/
2026-06-22 16:03:42.851 [main] DEBUG c.i.webscraper.scraper.WebScraper - HTTP 200 ← https://interview.in28minutes.com/interview-guides/cloud/cost-management-in-the-cloud/
2026-06-22 16:03:42.855 [main] DEBUG c.i.webscraper.scraper.WebScraper -      6 question heading(s) in 'Cost Management in the Cloud'.
2026-06-22 16:03:42.855 [main] DEBUG c.i.webscraper.scraper.WebScraper -          Image captured: cost management 1
2026-06-22 16:03:42.855 [main] DEBUG c.i.webscraper.scraper.WebScraper -        Q[38chars] | A[1048chars] | Code[0]
2026-06-22 16:03:42.855 [main] DEBUG c.i.webscraper.scraper.WebScraper -          Image captured: cost management 2
2026-06-22 16:03:42.855 [main] DEBUG c.i.webscraper.scraper.WebScraper -        Q[21chars] | A[1108chars] | Code[0]
2026-06-22 16:03:42.856 [main] DEBUG c.i.webscraper.scraper.WebScraper -          Image captured: cost management 2
2026-06-22 16:03:42.856 [main] DEBUG c.i.webscraper.scraper.WebScraper -        Q[56chars] | A[710chars] | Code[0]
2026-06-22 16:03:42.856 [main] DEBUG c.i.webscraper.scraper.WebScraper -          Image captured: cost management 3
2026-06-22 16:03:42.856 [main] DEBUG c.i.webscraper.scraper.WebScraper -        Q[39chars] | A[1289chars] | Code[0]
2026-06-22 16:03:42.856 [main] DEBUG c.i.webscraper.scraper.WebScraper -          Image captured: cost management 1
2026-06-22 16:03:42.857 [main] DEBUG c.i.webscraper.scraper.WebScraper -        Q[15chars] | A[1632chars] | Code[0]
2026-06-22 16:03:42.857 [main] DEBUG c.i.webscraper.scraper.WebScraper -        Q[68chars] | A[1092chars] | Code[0]
2026-06-22 16:03:42.857 [main] INFO  c.i.webscraper.scraper.WebScraper -      6 Q&A pair(s) extracted.
2026-06-22 16:03:42.857 [main] INFO  c.i.webscraper.scraper.WebScraper -   → Section: 'AI, ML and Generative AI in the Cloud' (https://interview.in28minutes.com/interview-guides/cloud/ai-ml-and-generative-ai-in-the-cloud/)
2026-06-22 16:03:42.857 [main] DEBUG c.i.webscraper.scraper.WebScraper - Sleeping 2500ms (attempt 1/3) before: https://interview.in28minutes.com/interview-guides/cloud/ai-ml-and-generative-ai-in-the-cloud/
2026-06-22 16:03:46.117 [main] DEBUG c.i.webscraper.scraper.WebScraper - HTTP 200 ← https://interview.in28minutes.com/interview-guides/cloud/ai-ml-and-generative-ai-in-the-cloud/
2026-06-22 16:03:46.122 [main] DEBUG c.i.webscraper.scraper.WebScraper -      5 question heading(s) in 'AI, ML and Generative AI in the Cloud'.
2026-06-22 16:03:46.123 [main] DEBUG c.i.webscraper.scraper.WebScraper -          Image captured: ai ml gen ai
2026-06-22 16:03:46.123 [main] DEBUG c.i.webscraper.scraper.WebScraper -          Image captured: ai ml gen ai
2026-06-22 16:03:46.124 [main] DEBUG c.i.webscraper.scraper.WebScraper -        Q[16chars] | A[1640chars] | Code[0]
2026-06-22 16:03:46.124 [main] DEBUG c.i.webscraper.scraper.WebScraper -          Image captured: ai ml stages
2026-06-22 16:03:46.124 [main] DEBUG c.i.webscraper.scraper.WebScraper -        Q[53chars] | A[871chars] | Code[0]
2026-06-22 16:03:46.124 [main] DEBUG c.i.webscraper.scraper.WebScraper -          Image captured: ai ml gen ai
2026-06-22 16:03:46.125 [main] DEBUG c.i.webscraper.scraper.WebScraper -          Image captured: ai ml gen ai complex training
2026-06-22 16:03:46.125 [main] DEBUG c.i.webscraper.scraper.WebScraper -        Q[22chars] | A[2847chars] | Code[0]
2026-06-22 16:03:46.126 [main] DEBUG c.i.webscraper.scraper.WebScraper -          Image captured: ai ml gen ai
2026-06-22 16:03:46.126 [main] DEBUG c.i.webscraper.scraper.WebScraper -        Q[52chars] | A[2624chars] | Code[0]
2026-06-22 16:03:46.127 [main] DEBUG c.i.webscraper.scraper.WebScraper -        Q[59chars] | A[1130chars] | Code[0]
2026-06-22 16:03:46.127 [main] INFO  c.i.webscraper.scraper.WebScraper -      5 Q&A pair(s) extracted.
2026-06-22 16:03:46.127 [main] INFO  c.i.webscraper.scraper.WebScraper -   → Section: 'Security in the Cloud' (https://interview.in28minutes.com/interview-guides/cloud/security-in-the-cloud/)
2026-06-22 16:03:46.127 [main] DEBUG c.i.webscraper.scraper.WebScraper - Sleeping 2500ms (attempt 1/3) before: https://interview.in28minutes.com/interview-guides/cloud/security-in-the-cloud/
2026-06-22 16:03:49.251 [main] DEBUG c.i.webscraper.scraper.WebScraper - HTTP 200 ← https://interview.in28minutes.com/interview-guides/cloud/security-in-the-cloud/
2026-06-22 16:03:49.254 [main] DEBUG c.i.webscraper.scraper.WebScraper -      7 question heading(s) in 'Security in the Cloud'.
2026-06-22 16:03:49.254 [main] DEBUG c.i.webscraper.scraper.WebScraper -          Image captured: encryption one key
2026-06-22 16:03:49.255 [main] DEBUG c.i.webscraper.scraper.WebScraper -          Image captured: encryption two keys
2026-06-22 16:03:49.255 [main] DEBUG c.i.webscraper.scraper.WebScraper -        Q[31chars] | A[2990chars] | Code[0]
2026-06-22 16:03:49.255 [main] DEBUG c.i.webscraper.scraper.WebScraper -        Q[43chars] | A[3777chars] | Code[0]
2026-06-22 16:03:49.255 [main] DEBUG c.i.webscraper.scraper.WebScraper -        Q[22chars] | A[1392chars] | Code[0]
2026-06-22 16:03:49.256 [main] DEBUG c.i.webscraper.scraper.WebScraper -        Q[14chars] | A[1377chars] | Code[0]
2026-06-22 16:03:49.256 [main] DEBUG c.i.webscraper.scraper.WebScraper -        Q[51chars] | A[1442chars] | Code[0]
2026-06-22 16:03:49.256 [main] DEBUG c.i.webscraper.scraper.WebScraper -        Q[34chars] | A[1374chars] | Code[0]
2026-06-22 16:03:49.256 [main] DEBUG c.i.webscraper.scraper.WebScraper -        Q[24chars] | A[2328chars] | Code[0]
2026-06-22 16:03:49.256 [main] INFO  c.i.webscraper.scraper.WebScraper -      7 Q&A pair(s) extracted.
2026-06-22 16:03:49.256 [main] INFO  c.i.webscraper.scraper.WebScraper -   → Section: 'Cloud Interview - Diagrams' (https://interview.in28minutes.com/interview-guides/cloud/cloud-interview-diagrams/)
2026-06-22 16:03:49.256 [main] DEBUG c.i.webscraper.scraper.WebScraper - Sleeping 2500ms (attempt 1/3) before: https://interview.in28minutes.com/interview-guides/cloud/cloud-interview-diagrams/
2026-06-22 16:03:52.283 [main] DEBUG c.i.webscraper.scraper.WebScraper - HTTP 200 ← https://interview.in28minutes.com/interview-guides/cloud/cloud-interview-diagrams/
2026-06-22 16:03:52.287 [main] DEBUG c.i.webscraper.scraper.WebScraper -      10 question heading(s) in 'Cloud Interview - Diagrams'.
2026-06-22 16:03:52.287 [main] DEBUG c.i.webscraper.scraper.WebScraper -          Image captured: Cloud
2026-06-22 16:03:52.287 [main] DEBUG c.i.webscraper.scraper.WebScraper -        Q[5chars] | A[14chars] | Code[0]
2026-06-22 16:03:52.287 [main] DEBUG c.i.webscraper.scraper.WebScraper -          Image captured: Elasticity
2026-06-22 16:03:52.288 [main] DEBUG c.i.webscraper.scraper.WebScraper -        Q[10chars] | A[19chars] | Code[0]
2026-06-22 16:03:52.288 [main] DEBUG c.i.webscraper.scraper.WebScraper -          Image captured: DevOps
2026-06-22 16:03:52.288 [main] DEBUG c.i.webscraper.scraper.WebScraper -        Q[6chars] | A[15chars] | Code[0]
2026-06-22 16:03:52.288 [main] DEBUG c.i.webscraper.scraper.WebScraper -          Image captured: cloud services
2026-06-22 16:03:52.288 [main] DEBUG c.i.webscraper.scraper.WebScraper -        Q[14chars] | A[23chars] | Code[0]
2026-06-22 16:03:52.288 [main] DEBUG c.i.webscraper.scraper.WebScraper -          Image captured: cloud environment
2026-06-22 16:03:52.288 [main] DEBUG c.i.webscraper.scraper.WebScraper -        Q[17chars] | A[26chars] | Code[0]
2026-06-22 16:03:52.288 [main] DEBUG c.i.webscraper.scraper.WebScraper -          Image captured: environments
2026-06-22 16:03:52.288 [main] DEBUG c.i.webscraper.scraper.WebScraper -        Q[21chars] | A[21chars] | Code[0]
2026-06-22 16:03:52.288 [main] DEBUG c.i.webscraper.scraper.WebScraper -          Image captured: continuous deployment
2026-06-22 16:03:52.289 [main] DEBUG c.i.webscraper.scraper.WebScraper -        Q[30chars] | A[30chars] | Code[0]
2026-06-22 16:03:52.289 [main] DEBUG c.i.webscraper.scraper.WebScraper -          Image captured: continuous integration
2026-06-22 16:03:52.289 [main] DEBUG c.i.webscraper.scraper.WebScraper -        Q[21chars] | A[31chars] | Code[0]
2026-06-22 16:03:52.289 [main] DEBUG c.i.webscraper.scraper.WebScraper -          Image captured: Hybrid Cloud
2026-06-22 16:03:52.289 [main] DEBUG c.i.webscraper.scraper.WebScraper -        Q[12chars] | A[21chars] | Code[0]
2026-06-22 16:03:52.289 [main] DEBUG c.i.webscraper.scraper.WebScraper -          Image captured: Container Orchestration
2026-06-22 16:03:52.289 [main] DEBUG c.i.webscraper.scraper.WebScraper -        Q[23chars] | A[32chars] | Code[0]
2026-06-22 16:03:52.289 [main] INFO  c.i.webscraper.scraper.WebScraper -      10 Q&A pair(s) extracted.
2026-06-22 16:03:52.289 [main] INFO  c.i.webscraper.scraper.WebScraper - Topic 'Cloud' complete → 8 section(s).
2026-06-22 16:03:52.290 [main] INFO  c.i.webscraper.scraper.WebScraper - ---------- Topic: Docker → https://interview.in28minutes.com/docker/
2026-06-22 16:03:52.290 [main] DEBUG c.i.webscraper.scraper.WebScraper - Sleeping 2500ms (attempt 1/3) before: https://interview.in28minutes.com/docker/
2026-06-22 16:03:55.735 [main] DEBUG c.i.webscraper.scraper.WebScraper - HTTP 200 ← https://interview.in28minutes.com/docker/
2026-06-22 16:03:55.738 [main] DEBUG c.i.webscraper.scraper.WebScraper - Topic 'Docker' → 10 card(s) found.
2026-06-22 16:03:55.739 [main] INFO  c.i.webscraper.scraper.WebScraper -   → Section: 'Docker Fundamentals' (https://interview.in28minutes.com/interview-guides/docker/docker-fundamentals/)
2026-06-22 16:03:55.739 [main] DEBUG c.i.webscraper.scraper.WebScraper - Sleeping 2500ms (attempt 1/3) before: https://interview.in28minutes.com/interview-guides/docker/docker-fundamentals/
2026-06-22 16:03:59.178 [main] DEBUG c.i.webscraper.scraper.WebScraper - HTTP 200 ← https://interview.in28minutes.com/interview-guides/docker/docker-fundamentals/
2026-06-22 16:03:59.181 [main] DEBUG c.i.webscraper.scraper.WebScraper -      6 question heading(s) in 'Docker Fundamentals'.
2026-06-22 16:03:59.182 [main] DEBUG c.i.webscraper.scraper.WebScraper -        Q[60chars] | A[523chars] | Code[0]
2026-06-22 16:03:59.182 [main] DEBUG c.i.webscraper.scraper.WebScraper -        Q[82chars] | A[337chars] | Code[0]
2026-06-22 16:03:59.182 [main] DEBUG c.i.webscraper.scraper.WebScraper -        Q[40chars] | A[390chars] | Code[0]
2026-06-22 16:03:59.182 [main] DEBUG c.i.webscraper.scraper.WebScraper -        Q[44chars] | A[678chars] | Code[0]
2026-06-22 16:03:59.182 [main] DEBUG c.i.webscraper.scraper.WebScraper -        Q[54chars] | A[955chars] | Code[0]
2026-06-22 16:03:59.183 [main] DEBUG c.i.webscraper.scraper.WebScraper -        Q[63chars] | A[1637chars] | Code[0]
2026-06-22 16:03:59.183 [main] INFO  c.i.webscraper.scraper.WebScraper -      6 Q&A pair(s) extracted.
2026-06-22 16:03:59.183 [main] INFO  c.i.webscraper.scraper.WebScraper -   → Section: 'Building Docker Images' (https://interview.in28minutes.com/interview-guides/docker/building-docker-images/)
2026-06-22 16:03:59.183 [main] DEBUG c.i.webscraper.scraper.WebScraper - Sleeping 2500ms (attempt 1/3) before: https://interview.in28minutes.com/interview-guides/docker/building-docker-images/
2026-06-22 16:04:02.397 [main] DEBUG c.i.webscraper.scraper.WebScraper - HTTP 200 ← https://interview.in28minutes.com/interview-guides/docker/building-docker-images/
2026-06-22 16:04:02.402 [main] DEBUG c.i.webscraper.scraper.WebScraper -      13 question heading(s) in 'Building Docker Images'.
2026-06-22 16:04:02.402 [main] DEBUG c.i.webscraper.scraper.WebScraper -        Q[54chars] | A[171chars] | Code[3]
2026-06-22 16:04:02.402 [main] DEBUG c.i.webscraper.scraper.WebScraper -        Q[21chars] | A[665chars] | Code[0]
2026-06-22 16:04:02.402 [main] DEBUG c.i.webscraper.scraper.WebScraper -        Q[35chars] | A[333chars] | Code[0]
2026-06-22 16:04:02.403 [main] DEBUG c.i.webscraper.scraper.WebScraper -        Q[87chars] | A[1092chars] | Code[7]
2026-06-22 16:04:02.403 [main] DEBUG c.i.webscraper.scraper.WebScraper -        Q[47chars] | A[214chars] | Code[1]
2026-06-22 16:04:02.403 [main] DEBUG c.i.webscraper.scraper.WebScraper -        Q[59chars] | A[659chars] | Code[1]
2026-06-22 16:04:02.403 [main] DEBUG c.i.webscraper.scraper.WebScraper -        Q[59chars] | A[510chars] | Code[2]
2026-06-22 16:04:02.403 [main] DEBUG c.i.webscraper.scraper.WebScraper -        Q[55chars] | A[1459chars] | Code[2]
2026-06-22 16:04:02.403 [main] DEBUG c.i.webscraper.scraper.WebScraper -        Q[92chars] | A[1309chars] | Code[2]
2026-06-22 16:04:02.404 [main] DEBUG c.i.webscraper.scraper.WebScraper -        Q[62chars] | A[725chars] | Code[4]
2026-06-22 16:04:02.404 [main] DEBUG c.i.webscraper.scraper.WebScraper -        Q[46chars] | A[313chars] | Code[1]
2026-06-22 16:04:02.404 [main] DEBUG c.i.webscraper.scraper.WebScraper -        Q[44chars] | A[680chars] | Code[1]
2026-06-22 16:04:02.404 [main] DEBUG c.i.webscraper.scraper.WebScraper -        Q[36chars] | A[768chars] | Code[0]
2026-06-22 16:04:02.404 [main] INFO  c.i.webscraper.scraper.WebScraper -      13 Q&A pair(s) extracted.
2026-06-22 16:04:02.404 [main] INFO  c.i.webscraper.scraper.WebScraper -   → Section: 'Managing Docker Containers' (https://interview.in28minutes.com/interview-guides/docker/managing-docker-containers/)
2026-06-22 16:04:02.404 [main] DEBUG c.i.webscraper.scraper.WebScraper - Sleeping 2500ms (attempt 1/3) before: https://interview.in28minutes.com/interview-guides/docker/managing-docker-containers/
2026-06-22 16:04:05.834 [main] DEBUG c.i.webscraper.scraper.WebScraper - HTTP 200 ← https://interview.in28minutes.com/interview-guides/docker/managing-docker-containers/
2026-06-22 16:04:05.841 [main] DEBUG c.i.webscraper.scraper.WebScraper -      5 question heading(s) in 'Managing Docker Containers'.
2026-06-22 16:04:05.842 [main] DEBUG c.i.webscraper.scraper.WebScraper -        Q[50chars] | A[416chars] | Code[0]
2026-06-22 16:04:05.842 [main] DEBUG c.i.webscraper.scraper.WebScraper -        Q[47chars] | A[2156chars] | Code[33]
2026-06-22 16:04:05.843 [main] DEBUG c.i.webscraper.scraper.WebScraper -        Q[108chars] | A[151chars] | Code[3]
2026-06-22 16:04:05.843 [main] DEBUG c.i.webscraper.scraper.WebScraper -        Q[38chars] | A[535chars] | Code[9]
2026-06-22 16:04:05.844 [main] DEBUG c.i.webscraper.scraper.WebScraper -        Q[101chars] | A[775chars] | Code[16]
2026-06-22 16:04:05.844 [main] INFO  c.i.webscraper.scraper.WebScraper -      5 Q&A pair(s) extracted.
2026-06-22 16:04:05.844 [main] INFO  c.i.webscraper.scraper.WebScraper -   → Section: 'Persisting Data in Docker' (https://interview.in28minutes.com/interview-guides/docker/persisting-data-in-docker/)
2026-06-22 16:04:05.844 [main] DEBUG c.i.webscraper.scraper.WebScraper - Sleeping 2500ms (attempt 1/3) before: https://interview.in28minutes.com/interview-guides/docker/persisting-data-in-docker/
2026-06-22 16:04:09.097 [main] DEBUG c.i.webscraper.scraper.WebScraper - HTTP 200 ← https://interview.in28minutes.com/interview-guides/docker/persisting-data-in-docker/
2026-06-22 16:04:09.099 [main] DEBUG c.i.webscraper.scraper.WebScraper -      8 question heading(s) in 'Persisting Data in Docker'.
2026-06-22 16:04:09.100 [main] DEBUG c.i.webscraper.scraper.WebScraper -        Q[46chars] | A[813chars] | Code[0]
2026-06-22 16:04:09.100 [main] DEBUG c.i.webscraper.scraper.WebScraper -        Q[27chars] | A[941chars] | Code[6]
2026-06-22 16:04:09.100 [main] DEBUG c.i.webscraper.scraper.WebScraper -        Q[39chars] | A[310chars] | Code[7]
2026-06-22 16:04:09.100 [main] DEBUG c.i.webscraper.scraper.WebScraper -        Q[35chars] | A[574chars] | Code[2]
2026-06-22 16:04:09.100 [main] DEBUG c.i.webscraper.scraper.WebScraper -        Q[29chars] | A[732chars] | Code[0]
2026-06-22 16:04:09.100 [main] DEBUG c.i.webscraper.scraper.WebScraper -        Q[57chars] | A[805chars] | Code[10]
2026-06-22 16:04:09.101 [main] DEBUG c.i.webscraper.scraper.WebScraper -        Q[65chars] | A[695chars] | Code[0]
2026-06-22 16:04:09.101 [main] DEBUG c.i.webscraper.scraper.WebScraper -        Q[24chars] | A[1109chars] | Code[0]
2026-06-22 16:04:09.101 [main] INFO  c.i.webscraper.scraper.WebScraper -      8 Q&A pair(s) extracted.
2026-06-22 16:04:09.101 [main] INFO  c.i.webscraper.scraper.WebScraper -   → Section: 'Docker Networking' (https://interview.in28minutes.com/interview-guides/docker/docker-networking/)
2026-06-22 16:04:09.101 [main] DEBUG c.i.webscraper.scraper.WebScraper - Sleeping 2500ms (attempt 1/3) before: https://interview.in28minutes.com/interview-guides/docker/docker-networking/
2026-06-22 16:04:12.157 [main] DEBUG c.i.webscraper.scraper.WebScraper - HTTP 200 ← https://interview.in28minutes.com/interview-guides/docker/docker-networking/
2026-06-22 16:04:12.163 [main] DEBUG c.i.webscraper.scraper.WebScraper -      7 question heading(s) in 'Docker Networking'.
2026-06-22 16:04:12.163 [main] DEBUG c.i.webscraper.scraper.WebScraper -        Q[36chars] | A[749chars] | Code[0]
2026-06-22 16:04:12.164 [main] DEBUG c.i.webscraper.scraper.WebScraper -        Q[42chars] | A[2776chars] | Code[6]
2026-06-22 16:04:12.164 [main] DEBUG c.i.webscraper.scraper.WebScraper -        Q[55chars] | A[206chars] | Code[4]
2026-06-22 16:04:12.165 [main] DEBUG c.i.webscraper.scraper.WebScraper -        Q[61chars] | A[358chars] | Code[2]
2026-06-22 16:04:12.165 [main] DEBUG c.i.webscraper.scraper.WebScraper -        Q[63chars] | A[219chars] | Code[1]
2026-06-22 16:04:12.165 [main] DEBUG c.i.webscraper.scraper.WebScraper -        Q[55chars] | A[445chars] | Code[1]
2026-06-22 16:04:12.165 [main] DEBUG c.i.webscraper.scraper.WebScraper -        Q[106chars] | A[409chars] | Code[2]
2026-06-22 16:04:12.165 [main] INFO  c.i.webscraper.scraper.WebScraper -      7 Q&A pair(s) extracted.
2026-06-22 16:04:12.166 [main] INFO  c.i.webscraper.scraper.WebScraper -   → Section: 'Docker Security' (https://interview.in28minutes.com/interview-guides/docker/docker-security/)
2026-06-22 16:04:12.166 [main] DEBUG c.i.webscraper.scraper.WebScraper - Sleeping 2500ms (attempt 1/3) before: https://interview.in28minutes.com/interview-guides/docker/docker-security/
2026-06-22 16:04:15.371 [main] DEBUG c.i.webscraper.scraper.WebScraper - HTTP 200 ← https://interview.in28minutes.com/interview-guides/docker/docker-security/
2026-06-22 16:04:15.377 [main] DEBUG c.i.webscraper.scraper.WebScraper -      9 question heading(s) in 'Docker Security'.
2026-06-22 16:04:15.377 [main] DEBUG c.i.webscraper.scraper.WebScraper -        Q[36chars] | A[733chars] | Code[0]
2026-06-22 16:04:15.378 [main] DEBUG c.i.webscraper.scraper.WebScraper -        Q[53chars] | A[1621chars] | Code[0]
2026-06-22 16:04:15.378 [main] DEBUG c.i.webscraper.scraper.WebScraper -        Q[45chars] | A[303chars] | Code[1]
2026-06-22 16:04:15.378 [main] DEBUG c.i.webscraper.scraper.WebScraper -        Q[54chars] | A[1036chars] | Code[1]
2026-06-22 16:04:15.380 [main] DEBUG c.i.webscraper.scraper.WebScraper -        Q[43chars] | A[1965chars] | Code[5]
2026-06-22 16:04:15.380 [main] DEBUG c.i.webscraper.scraper.WebScraper -        Q[74chars] | A[878chars] | Code[3]
2026-06-22 16:04:15.380 [main] DEBUG c.i.webscraper.scraper.WebScraper -        Q[53chars] | A[1020chars] | Code[0]
2026-06-22 16:04:15.381 [main] DEBUG c.i.webscraper.scraper.WebScraper -        Q[44chars] | A[1841chars] | Code[0]
2026-06-22 16:04:15.381 [main] DEBUG c.i.webscraper.scraper.WebScraper -        Q[42chars] | A[1142chars] | Code[1]
2026-06-22 16:04:15.381 [main] INFO  c.i.webscraper.scraper.WebScraper -      9 Q&A pair(s) extracted.
2026-06-22 16:04:15.381 [main] INFO  c.i.webscraper.scraper.WebScraper -   → Section: 'Docker Compose' (https://interview.in28minutes.com/interview-guides/docker/docker-compose/)
2026-06-22 16:04:15.381 [main] DEBUG c.i.webscraper.scraper.WebScraper - Sleeping 2500ms (attempt 1/3) before: https://interview.in28minutes.com/interview-guides/docker/docker-compose/
2026-06-22 16:04:18.525 [main] DEBUG c.i.webscraper.scraper.WebScraper - HTTP 200 ← https://interview.in28minutes.com/interview-guides/docker/docker-compose/
2026-06-22 16:04:18.533 [main] DEBUG c.i.webscraper.scraper.WebScraper -      6 question heading(s) in 'Docker Compose'.
2026-06-22 16:04:18.534 [main] DEBUG c.i.webscraper.scraper.WebScraper -        Q[36chars] | A[2369chars] | Code[4]
2026-06-22 16:04:18.534 [main] DEBUG c.i.webscraper.scraper.WebScraper -        Q[64chars] | A[1217chars] | Code[0]
2026-06-22 16:04:18.536 [main] DEBUG c.i.webscraper.scraper.WebScraper -        Q[43chars] | A[2667chars] | Code[3]
2026-06-22 16:04:18.537 [main] DEBUG c.i.webscraper.scraper.WebScraper -        Q[68chars] | A[580chars] | Code[8]
2026-06-22 16:04:18.537 [main] DEBUG c.i.webscraper.scraper.WebScraper -        Q[48chars] | A[559chars] | Code[4]
2026-06-22 16:04:18.537 [main] DEBUG c.i.webscraper.scraper.WebScraper -        Q[18chars] | A[923chars] | Code[0]
2026-06-22 16:04:18.538 [main] INFO  c.i.webscraper.scraper.WebScraper -      6 Q&A pair(s) extracted.
2026-06-22 16:04:18.538 [main] INFO  c.i.webscraper.scraper.WebScraper -   → Section: 'Advanced Docker Concepts' (https://interview.in28minutes.com/interview-guides/docker/advanced-docker-concepts/)
2026-06-22 16:04:18.538 [main] DEBUG c.i.webscraper.scraper.WebScraper - Sleeping 2500ms (attempt 1/3) before: https://interview.in28minutes.com/interview-guides/docker/advanced-docker-concepts/
2026-06-22 16:04:21.741 [main] DEBUG c.i.webscraper.scraper.WebScraper - HTTP 200 ← https://interview.in28minutes.com/interview-guides/docker/advanced-docker-concepts/
2026-06-22 16:04:21.745 [main] DEBUG c.i.webscraper.scraper.WebScraper -      5 question heading(s) in 'Advanced Docker Concepts'.
2026-06-22 16:04:21.746 [main] DEBUG c.i.webscraper.scraper.WebScraper -        Q[10chars] | A[1446chars] | Code[0]
2026-06-22 16:04:21.746 [main] DEBUG c.i.webscraper.scraper.WebScraper -        Q[43chars] | A[1113chars] | Code[0]
2026-06-22 16:04:21.747 [main] DEBUG c.i.webscraper.scraper.WebScraper -        Q[60chars] | A[894chars] | Code[5]
2026-06-22 16:04:21.747 [main] DEBUG c.i.webscraper.scraper.WebScraper -        Q[64chars] | A[1599chars] | Code[0]
2026-06-22 16:04:21.748 [main] DEBUG c.i.webscraper.scraper.WebScraper -        Q[40chars] | A[985chars] | Code[0]
2026-06-22 16:04:21.748 [main] INFO  c.i.webscraper.scraper.WebScraper -      5 Q&A pair(s) extracted.
2026-06-22 16:04:21.748 [main] INFO  c.i.webscraper.scraper.WebScraper -   → Section: 'Docker Cheat Sheet' (https://interview.in28minutes.com/interview-guides/docker/docker-cheat-sheet/)
2026-06-22 16:04:21.748 [main] DEBUG c.i.webscraper.scraper.WebScraper - Sleeping 2500ms (attempt 1/3) before: https://interview.in28minutes.com/interview-guides/docker/docker-cheat-sheet/
2026-06-22 16:04:25.140 [main] DEBUG c.i.webscraper.scraper.WebScraper - HTTP 200 ← https://interview.in28minutes.com/interview-guides/docker/docker-cheat-sheet/
2026-06-22 16:04:25.145 [main] DEBUG c.i.webscraper.scraper.WebScraper -      9 question heading(s) in 'Docker Cheat Sheet'.
2026-06-22 16:04:25.145 [main] DEBUG c.i.webscraper.scraper.WebScraper -        Q[15chars] | A[277chars] | Code[0]
2026-06-22 16:04:25.146 [main] DEBUG c.i.webscraper.scraper.WebScraper -        Q[14chars] | A[507chars] | Code[0]
2026-06-22 16:04:25.146 [main] DEBUG c.i.webscraper.scraper.WebScraper -        Q[14chars] | A[737chars] | Code[0]
2026-06-22 16:04:25.146 [main] DEBUG c.i.webscraper.scraper.WebScraper -        Q[19chars] | A[922chars] | Code[0]
2026-06-22 16:04:25.146 [main] DEBUG c.i.webscraper.scraper.WebScraper -        Q[18chars] | A[749chars] | Code[0]
2026-06-22 16:04:25.146 [main] DEBUG c.i.webscraper.scraper.WebScraper -        Q[7chars] | A[435chars] | Code[0]
2026-06-22 16:04:25.146 [main] DEBUG c.i.webscraper.scraper.WebScraper -        Q[29chars] | A[336chars] | Code[0]
2026-06-22 16:04:25.146 [main] DEBUG c.i.webscraper.scraper.WebScraper -        Q[14chars] | A[676chars] | Code[0]
2026-06-22 16:04:25.146 [main] DEBUG c.i.webscraper.scraper.WebScraper -        Q[10chars] | A[237chars] | Code[0]
2026-06-22 16:04:25.147 [main] INFO  c.i.webscraper.scraper.WebScraper -      9 Q&A pair(s) extracted.
2026-06-22 16:04:25.147 [main] INFO  c.i.webscraper.scraper.WebScraper -   → Section: 'Docker Interview - Diagrams' (https://interview.in28minutes.com/interview-guides/docker/docker-interview-diagrams/)
2026-06-22 16:04:25.147 [main] DEBUG c.i.webscraper.scraper.WebScraper - Sleeping 2500ms (attempt 1/3) before: https://interview.in28minutes.com/interview-guides/docker/docker-interview-diagrams/
2026-06-22 16:04:28.169 [main] DEBUG c.i.webscraper.scraper.WebScraper - HTTP 200 ← https://interview.in28minutes.com/interview-guides/docker/docker-interview-diagrams/
2026-06-22 16:04:28.174 [main] DEBUG c.i.webscraper.scraper.WebScraper -      10 question heading(s) in 'Docker Interview - Diagrams'.
2026-06-22 16:04:28.174 [main] DEBUG c.i.webscraper.scraper.WebScraper -          Image captured: Traditional deployment
2026-06-22 16:04:28.174 [main] DEBUG c.i.webscraper.scraper.WebScraper -        Q[22chars] | A[31chars] | Code[0]
2026-06-22 16:04:28.174 [main] DEBUG c.i.webscraper.scraper.WebScraper -          Image captured: Advantages of Docker
2026-06-22 16:04:28.174 [main] DEBUG c.i.webscraper.scraper.WebScraper -        Q[20chars] | A[29chars] | Code[0]
2026-06-22 16:04:28.174 [main] DEBUG c.i.webscraper.scraper.WebScraper -          Image captured: Running Docker Image
2026-06-22 16:04:28.174 [main] DEBUG c.i.webscraper.scraper.WebScraper -        Q[20chars] | A[29chars] | Code[0]
2026-06-22 16:04:28.174 [main] DEBUG c.i.webscraper.scraper.WebScraper -          Image captured: Virtual Machine Architecture
2026-06-22 16:04:28.175 [main] DEBUG c.i.webscraper.scraper.WebScraper -        Q[28chars] | A[37chars] | Code[0]
2026-06-22 16:04:28.175 [main] DEBUG c.i.webscraper.scraper.WebScraper -          Image captured: Container Architecture
2026-06-22 16:04:28.175 [main] DEBUG c.i.webscraper.scraper.WebScraper -        Q[22chars] | A[31chars] | Code[0]
2026-06-22 16:04:28.175 [main] DEBUG c.i.webscraper.scraper.WebScraper -          Image captured: Container Architecture
2026-06-22 16:04:28.175 [main] DEBUG c.i.webscraper.scraper.WebScraper -        Q[18chars] | A[31chars] | Code[0]
2026-06-22 16:04:28.175 [main] DEBUG c.i.webscraper.scraper.WebScraper -          Image captured: Dockerfile
2026-06-22 16:04:28.175 [main] DEBUG c.i.webscraper.scraper.WebScraper -        Q[10chars] | A[19chars] | Code[0]
2026-06-22 16:04:28.175 [main] DEBUG c.i.webscraper.scraper.WebScraper -          Image captured: Why is Docker Popular
2026-06-22 16:04:28.175 [main] DEBUG c.i.webscraper.scraper.WebScraper -        Q[21chars] | A[30chars] | Code[0]
2026-06-22 16:04:28.175 [main] DEBUG c.i.webscraper.scraper.WebScraper -        Q[29chars] | A[0chars] | Code[1]
2026-06-22 16:04:28.175 [main] DEBUG c.i.webscraper.scraper.WebScraper -          Image captured: Docker Bridge Network
2026-06-22 16:04:28.175 [main] DEBUG c.i.webscraper.scraper.WebScraper -          Image captured: Docker Host Network
2026-06-22 16:04:28.175 [main] DEBUG c.i.webscraper.scraper.WebScraper -        Q[17chars] | A[60chars] | Code[0]
2026-06-22 16:04:28.175 [main] INFO  c.i.webscraper.scraper.WebScraper -      10 Q&A pair(s) extracted.
2026-06-22 16:04:28.176 [main] INFO  c.i.webscraper.scraper.WebScraper - Topic 'Docker' complete → 10 section(s).
2026-06-22 16:04:28.176 [main] INFO  c.i.webscraper.scraper.WebScraper - ---------- Topic: Kubernetes → https://interview.in28minutes.com/kubernetes/
2026-06-22 16:04:28.176 [main] DEBUG c.i.webscraper.scraper.WebScraper - Sleeping 2500ms (attempt 1/3) before: https://interview.in28minutes.com/kubernetes/
2026-06-22 16:04:31.315 [main] DEBUG c.i.webscraper.scraper.WebScraper - HTTP 200 ← https://interview.in28minutes.com/kubernetes/
2026-06-22 16:04:31.318 [main] DEBUG c.i.webscraper.scraper.WebScraper - Topic 'Kubernetes' → 10 card(s) found.
2026-06-22 16:04:31.318 [main] INFO  c.i.webscraper.scraper.WebScraper -   → Section: 'Kubernetes Landscape' (https://interview.in28minutes.com/interview-guides/kubernetes/kubernetes-landscape/)
2026-06-22 16:04:31.318 [main] DEBUG c.i.webscraper.scraper.WebScraper - Sleeping 2500ms (attempt 1/3) before: https://interview.in28minutes.com/interview-guides/kubernetes/kubernetes-landscape/
2026-06-22 16:04:34.755 [main] DEBUG c.i.webscraper.scraper.WebScraper - HTTP 200 ← https://interview.in28minutes.com/interview-guides/kubernetes/kubernetes-landscape/
2026-06-22 16:04:34.760 [main] DEBUG c.i.webscraper.scraper.WebScraper -      6 question heading(s) in 'Kubernetes Landscape'.
2026-06-22 16:04:34.760 [main] DEBUG c.i.webscraper.scraper.WebScraper -          Image captured: Microservices
2026-06-22 16:04:34.761 [main] DEBUG c.i.webscraper.scraper.WebScraper -        Q[60chars] | A[529chars] | Code[0]
2026-06-22 16:04:34.762 [main] DEBUG c.i.webscraper.scraper.WebScraper -        Q[57chars] | A[2666chars] | Code[0]
2026-06-22 16:04:34.762 [main] DEBUG c.i.webscraper.scraper.WebScraper -        Q[38chars] | A[893chars] | Code[0]
2026-06-22 16:04:34.762 [main] DEBUG c.i.webscraper.scraper.WebScraper -        Q[28chars] | A[1071chars] | Code[0]
2026-06-22 16:04:34.763 [main] DEBUG c.i.webscraper.scraper.WebScraper -        Q[53chars] | A[988chars] | Code[0]
2026-06-22 16:04:34.763 [main] DEBUG c.i.webscraper.scraper.WebScraper -        Q[39chars] | A[674chars] | Code[0]
2026-06-22 16:04:34.763 [main] INFO  c.i.webscraper.scraper.WebScraper -      6 Q&A pair(s) extracted.
2026-06-22 16:04:34.763 [main] INFO  c.i.webscraper.scraper.WebScraper -   → Section: 'Kubernetes Fundamentals' (https://interview.in28minutes.com/interview-guides/kubernetes/kubernetes-fundamentals/)
2026-06-22 16:04:34.763 [main] DEBUG c.i.webscraper.scraper.WebScraper - Sleeping 2500ms (attempt 1/3) before: https://interview.in28minutes.com/interview-guides/kubernetes/kubernetes-fundamentals/
2026-06-22 16:04:37.992 [main] DEBUG c.i.webscraper.scraper.WebScraper - HTTP 200 ← https://interview.in28minutes.com/interview-guides/kubernetes/kubernetes-fundamentals/
2026-06-22 16:04:37.997 [main] DEBUG c.i.webscraper.scraper.WebScraper -      6 question heading(s) in 'Kubernetes Fundamentals'.
2026-06-22 16:04:37.997 [main] DEBUG c.i.webscraper.scraper.WebScraper -          Image captured: Kubernetes Physical View
2026-06-22 16:04:37.998 [main] DEBUG c.i.webscraper.scraper.WebScraper -        Q[40chars] | A[1570chars] | Code[0]
2026-06-22 16:04:37.998 [main] DEBUG c.i.webscraper.scraper.WebScraper -        Q[53chars] | A[1268chars] | Code[2]
2026-06-22 16:04:37.998 [main] DEBUG c.i.webscraper.scraper.WebScraper -          Image captured: Kubernetes Logical View
2026-06-22 16:04:37.999 [main] DEBUG c.i.webscraper.scraper.WebScraper -        Q[63chars] | A[1247chars] | Code[0]
2026-06-22 16:04:37.999 [main] DEBUG c.i.webscraper.scraper.WebScraper -        Q[60chars] | A[1250chars] | Code[1]
2026-06-22 16:04:37.999 [main] DEBUG c.i.webscraper.scraper.WebScraper -        Q[62chars] | A[1511chars] | Code[1]
2026-06-22 16:04:38.000 [main] DEBUG c.i.webscraper.scraper.WebScraper -        Q[73chars] | A[1854chars] | Code[1]
2026-06-22 16:04:38.000 [main] INFO  c.i.webscraper.scraper.WebScraper -      6 Q&A pair(s) extracted.
2026-06-22 16:04:38.000 [main] INFO  c.i.webscraper.scraper.WebScraper -   → Section: 'Kubernetes Services and Networking' (https://interview.in28minutes.com/interview-guides/kubernetes/kubernetes-services-and-networking/)
2026-06-22 16:04:38.000 [main] DEBUG c.i.webscraper.scraper.WebScraper - Sleeping 2500ms (attempt 1/3) before: https://interview.in28minutes.com/interview-guides/kubernetes/kubernetes-services-and-networking/
2026-06-22 16:04:41.273 [main] DEBUG c.i.webscraper.scraper.WebScraper - HTTP 200 ← https://interview.in28minutes.com/interview-guides/kubernetes/kubernetes-services-and-networking/
2026-06-22 16:04:41.279 [main] DEBUG c.i.webscraper.scraper.WebScraper -      9 question heading(s) in 'Kubernetes Services and Networking'.
2026-06-22 16:04:41.279 [main] DEBUG c.i.webscraper.scraper.WebScraper -          Image captured: Kubernetes Logical View
2026-06-22 16:04:41.279 [main] DEBUG c.i.webscraper.scraper.WebScraper -        Q[36chars] | A[254chars] | Code[1]
2026-06-22 16:04:41.279 [main] DEBUG c.i.webscraper.scraper.WebScraper -          Image captured: Kubernetes Physical View
2026-06-22 16:04:41.280 [main] DEBUG c.i.webscraper.scraper.WebScraper -        Q[41chars] | A[1042chars] | Code[0]
2026-06-22 16:04:41.280 [main] DEBUG c.i.webscraper.scraper.WebScraper -        Q[29chars] | A[2847chars] | Code[0]
2026-06-22 16:04:41.281 [main] DEBUG c.i.webscraper.scraper.WebScraper -        Q[56chars] | A[967chars] | Code[0]
2026-06-22 16:04:41.281 [main] DEBUG c.i.webscraper.scraper.WebScraper -        Q[47chars] | A[1420chars] | Code[0]
2026-06-22 16:04:41.282 [main] DEBUG c.i.webscraper.scraper.WebScraper -        Q[45chars] | A[3682chars] | Code[0]
2026-06-22 16:04:41.282 [main] DEBUG c.i.webscraper.scraper.WebScraper -        Q[26chars] | A[710chars] | Code[1]
2026-06-22 16:04:41.283 [main] DEBUG c.i.webscraper.scraper.WebScraper -        Q[37chars] | A[1063chars] | Code[0]
2026-06-22 16:04:41.283 [main] DEBUG c.i.webscraper.scraper.WebScraper -        Q[40chars] | A[809chars] | Code[0]
2026-06-22 16:04:41.283 [main] INFO  c.i.webscraper.scraper.WebScraper -      9 Q&A pair(s) extracted.
2026-06-22 16:04:41.283 [main] INFO  c.i.webscraper.scraper.WebScraper -   → Section: 'More Kubernetes Fundamentals' (https://interview.in28minutes.com/interview-guides/kubernetes/more-kubernetes-fundamentals/)
2026-06-22 16:04:41.283 [main] DEBUG c.i.webscraper.scraper.WebScraper - Sleeping 2500ms (attempt 1/3) before: https://interview.in28minutes.com/interview-guides/kubernetes/more-kubernetes-fundamentals/
2026-06-22 16:04:44.578 [main] DEBUG c.i.webscraper.scraper.WebScraper - HTTP 200 ← https://interview.in28minutes.com/interview-guides/kubernetes/more-kubernetes-fundamentals/
2026-06-22 16:04:44.606 [main] DEBUG c.i.webscraper.scraper.WebScraper -      18 question heading(s) in 'More Kubernetes Fundamentals'.
2026-06-22 16:04:44.606 [main] DEBUG c.i.webscraper.scraper.WebScraper -          Image captured: Labels
2026-06-22 16:04:44.606 [main] DEBUG c.i.webscraper.scraper.WebScraper -        Q[36chars] | A[1481chars] | Code[1]
2026-06-22 16:04:44.607 [main] DEBUG c.i.webscraper.scraper.WebScraper -        Q[34chars] | A[31chars] | Code[2]
2026-06-22 16:04:44.607 [main] DEBUG c.i.webscraper.scraper.WebScraper -        Q[31chars] | A[75chars] | Code[1]
2026-06-22 16:04:44.607 [main] DEBUG c.i.webscraper.scraper.WebScraper -        Q[35chars] | A[313chars] | Code[3]
2026-06-22 16:04:44.607 [main] DEBUG c.i.webscraper.scraper.WebScraper -        Q[47chars] | A[1068chars] | Code[0]
2026-06-22 16:04:44.607 [main] DEBUG c.i.webscraper.scraper.WebScraper -        Q[39chars] | A[734chars] | Code[0]
2026-06-22 16:04:44.608 [main] DEBUG c.i.webscraper.scraper.WebScraper -        Q[20chars] | A[971chars] | Code[2]
2026-06-22 16:04:44.608 [main] DEBUG c.i.webscraper.scraper.WebScraper -        Q[19chars] | A[378chars] | Code[0]
2026-06-22 16:04:44.608 [main] DEBUG c.i.webscraper.scraper.WebScraper -        Q[33chars] | A[800chars] | Code[0]
2026-06-22 16:04:44.608 [main] DEBUG c.i.webscraper.scraper.WebScraper -        Q[60chars] | A[154chars] | Code[1]
2026-06-22 16:04:44.608 [main] DEBUG c.i.webscraper.scraper.WebScraper -        Q[38chars] | A[423chars] | Code[0]
2026-06-22 16:04:44.609 [main] DEBUG c.i.webscraper.scraper.WebScraper -        Q[43chars] | A[507chars] | Code[0]
2026-06-22 16:04:44.609 [main] DEBUG c.i.webscraper.scraper.WebScraper -        Q[40chars] | A[241chars] | Code[1]
2026-06-22 16:04:44.609 [main] DEBUG c.i.webscraper.scraper.WebScraper -        Q[32chars] | A[1046chars] | Code[1]
2026-06-22 16:04:44.609 [main] DEBUG c.i.webscraper.scraper.WebScraper -        Q[30chars] | A[749chars] | Code[0]
2026-06-22 16:04:44.609 [main] DEBUG c.i.webscraper.scraper.WebScraper -        Q[27chars] | A[859chars] | Code[0]
2026-06-22 16:04:44.609 [main] DEBUG c.i.webscraper.scraper.WebScraper -        Q[51chars] | A[302chars] | Code[0]
2026-06-22 16:04:44.610 [main] DEBUG c.i.webscraper.scraper.WebScraper -        Q[49chars] | A[1285chars] | Code[0]
2026-06-22 16:04:44.610 [main] INFO  c.i.webscraper.scraper.WebScraper -      18 Q&A pair(s) extracted.
2026-06-22 16:04:44.610 [main] INFO  c.i.webscraper.scraper.WebScraper -   → Section: 'Kubernetes Storage' (https://interview.in28minutes.com/interview-guides/kubernetes/kubernetes-storage/)
2026-06-22 16:04:44.610 [main] DEBUG c.i.webscraper.scraper.WebScraper - Sleeping 2500ms (attempt 1/3) before: https://interview.in28minutes.com/interview-guides/kubernetes/kubernetes-storage/
2026-06-22 16:04:48.094 [main] DEBUG c.i.webscraper.scraper.WebScraper - HTTP 200 ← https://interview.in28minutes.com/interview-guides/kubernetes/kubernetes-storage/
2026-06-22 16:04:48.121 [main] DEBUG c.i.webscraper.scraper.WebScraper -      11 question heading(s) in 'Kubernetes Storage'.
2026-06-22 16:04:48.121 [main] DEBUG c.i.webscraper.scraper.WebScraper -        Q[69chars] | A[547chars] | Code[0]
2026-06-22 16:04:48.121 [main] DEBUG c.i.webscraper.scraper.WebScraper -        Q[43chars] | A[764chars] | Code[0]
2026-06-22 16:04:48.121 [main] DEBUG c.i.webscraper.scraper.WebScraper -        Q[57chars] | A[521chars] | Code[1]
2026-06-22 16:04:48.121 [main] DEBUG c.i.webscraper.scraper.WebScraper -        Q[35chars] | A[724chars] | Code[1]
2026-06-22 16:04:48.122 [main] DEBUG c.i.webscraper.scraper.WebScraper -        Q[36chars] | A[714chars] | Code[1]
2026-06-22 16:04:48.122 [main] DEBUG c.i.webscraper.scraper.WebScraper -        Q[47chars] | A[311chars] | Code[1]
2026-06-22 16:04:48.122 [main] DEBUG c.i.webscraper.scraper.WebScraper -        Q[59chars] | A[209chars] | Code[1]
2026-06-22 16:04:48.122 [main] DEBUG c.i.webscraper.scraper.WebScraper -        Q[42chars] | A[1098chars] | Code[0]
2026-06-22 16:04:48.122 [main] DEBUG c.i.webscraper.scraper.WebScraper -        Q[112chars] | A[1189chars] | Code[0]
2026-06-22 16:04:48.122 [main] DEBUG c.i.webscraper.scraper.WebScraper -        Q[46chars] | A[712chars] | Code[1]
2026-06-22 16:04:48.122 [main] DEBUG c.i.webscraper.scraper.WebScraper -        Q[78chars] | A[1263chars] | Code[1]
2026-06-22 16:04:48.123 [main] INFO  c.i.webscraper.scraper.WebScraper -      11 Q&A pair(s) extracted.
2026-06-22 16:04:48.123 [main] INFO  c.i.webscraper.scraper.WebScraper -   → Section: 'Kubernetes Security' (https://interview.in28minutes.com/interview-guides/kubernetes/kubernetes-security/)
2026-06-22 16:04:48.123 [main] DEBUG c.i.webscraper.scraper.WebScraper - Sleeping 2500ms (attempt 1/3) before: https://interview.in28minutes.com/interview-guides/kubernetes/kubernetes-security/
2026-06-22 16:04:51.810 [main] DEBUG c.i.webscraper.scraper.WebScraper - HTTP 200 ← https://interview.in28minutes.com/interview-guides/kubernetes/kubernetes-security/
2026-06-22 16:04:51.836 [main] DEBUG c.i.webscraper.scraper.WebScraper -      10 question heading(s) in 'Kubernetes Security'.
2026-06-22 16:04:51.836 [main] DEBUG c.i.webscraper.scraper.WebScraper -        Q[51chars] | A[2124chars] | Code[0]
2026-06-22 16:04:51.836 [main] DEBUG c.i.webscraper.scraper.WebScraper -        Q[49chars] | A[794chars] | Code[1]
2026-06-22 16:04:51.836 [main] DEBUG c.i.webscraper.scraper.WebScraper -        Q[44chars] | A[671chars] | Code[1]
2026-06-22 16:04:51.838 [main] DEBUG c.i.webscraper.scraper.WebScraper -        Q[56chars] | A[867chars] | Code[1]
2026-06-22 16:04:51.838 [main] DEBUG c.i.webscraper.scraper.WebScraper -        Q[38chars] | A[1067chars] | Code[0]
2026-06-22 16:04:51.838 [main] DEBUG c.i.webscraper.scraper.WebScraper -        Q[42chars] | A[0chars] | Code[1]
2026-06-22 16:04:51.838 [main] DEBUG c.i.webscraper.scraper.WebScraper -        Q[39chars] | A[1214chars] | Code[0]
2026-06-22 16:04:51.839 [main] DEBUG c.i.webscraper.scraper.WebScraper -        Q[87chars] | A[1599chars] | Code[1]
2026-06-22 16:04:51.839 [main] DEBUG c.i.webscraper.scraper.WebScraper -        Q[37chars] | A[925chars] | Code[1]
2026-06-22 16:04:51.839 [main] DEBUG c.i.webscraper.scraper.WebScraper -        Q[79chars] | A[1428chars] | Code[0]
2026-06-22 16:04:51.839 [main] INFO  c.i.webscraper.scraper.WebScraper -      10 Q&A pair(s) extracted.
2026-06-22 16:04:51.839 [main] INFO  c.i.webscraper.scraper.WebScraper -   → Section: 'Kubernetes Scheduling' (https://interview.in28minutes.com/interview-guides/kubernetes/kubernetes-scheduling/)
2026-06-22 16:04:51.839 [main] DEBUG c.i.webscraper.scraper.WebScraper - Sleeping 2500ms (attempt 1/3) before: https://interview.in28minutes.com/interview-guides/kubernetes/kubernetes-scheduling/
2026-06-22 16:04:55.393 [main] DEBUG c.i.webscraper.scraper.WebScraper - HTTP 200 ← https://interview.in28minutes.com/interview-guides/kubernetes/kubernetes-scheduling/
2026-06-22 16:04:55.395 [main] DEBUG c.i.webscraper.scraper.WebScraper -      13 question heading(s) in 'Kubernetes Scheduling'.
2026-06-22 16:04:55.395 [main] DEBUG c.i.webscraper.scraper.WebScraper -        Q[35chars] | A[817chars] | Code[0]
2026-06-22 16:04:55.395 [main] DEBUG c.i.webscraper.scraper.WebScraper -        Q[32chars] | A[0chars] | Code[1]
2026-06-22 16:04:55.395 [main] DEBUG c.i.webscraper.scraper.WebScraper -        Q[63chars] | A[464chars] | Code[1]
2026-06-22 16:04:55.396 [main] DEBUG c.i.webscraper.scraper.WebScraper -        Q[28chars] | A[826chars] | Code[0]
2026-06-22 16:04:55.396 [main] DEBUG c.i.webscraper.scraper.WebScraper -        Q[31chars] | A[0chars] | Code[1]
2026-06-22 16:04:55.396 [main] DEBUG c.i.webscraper.scraper.WebScraper -        Q[22chars] | A[772chars] | Code[0]
2026-06-22 16:04:55.396 [main] DEBUG c.i.webscraper.scraper.WebScraper -        Q[32chars] | A[0chars] | Code[1]
2026-06-22 16:04:55.396 [main] DEBUG c.i.webscraper.scraper.WebScraper -        Q[50chars] | A[658chars] | Code[0]
2026-06-22 16:04:55.397 [main] DEBUG c.i.webscraper.scraper.WebScraper -        Q[32chars] | A[1180chars] | Code[0]
2026-06-22 16:04:55.397 [main] DEBUG c.i.webscraper.scraper.WebScraper -        Q[41chars] | A[0chars] | Code[1]
2026-06-22 16:04:55.397 [main] DEBUG c.i.webscraper.scraper.WebScraper -        Q[32chars] | A[648chars] | Code[1]
2026-06-22 16:04:55.397 [main] DEBUG c.i.webscraper.scraper.WebScraper -        Q[15chars] | A[674chars] | Code[0]
2026-06-22 16:04:55.397 [main] DEBUG c.i.webscraper.scraper.WebScraper -        Q[40chars] | A[871chars] | Code[0]
2026-06-22 16:04:55.397 [main] INFO  c.i.webscraper.scraper.WebScraper -      13 Q&A pair(s) extracted.
2026-06-22 16:04:55.397 [main] INFO  c.i.webscraper.scraper.WebScraper -   → Section: 'Kubernetes Observability' (https://interview.in28minutes.com/interview-guides/kubernetes/kubernetes-observability/)
2026-06-22 16:04:55.397 [main] DEBUG c.i.webscraper.scraper.WebScraper - Sleeping 2500ms (attempt 1/3) before: https://interview.in28minutes.com/interview-guides/kubernetes/kubernetes-observability/
2026-06-22 16:04:58.763 [main] DEBUG c.i.webscraper.scraper.WebScraper - HTTP 200 ← https://interview.in28minutes.com/interview-guides/kubernetes/kubernetes-observability/
2026-06-22 16:04:58.769 [main] DEBUG c.i.webscraper.scraper.WebScraper -      9 question heading(s) in 'Kubernetes Observability'.
2026-06-22 16:04:58.769 [main] DEBUG c.i.webscraper.scraper.WebScraper -        Q[19chars] | A[960chars] | Code[0]
2026-06-22 16:04:58.769 [main] DEBUG c.i.webscraper.scraper.WebScraper -        Q[22chars] | A[992chars] | Code[0]
2026-06-22 16:04:58.769 [main] DEBUG c.i.webscraper.scraper.WebScraper -        Q[27chars] | A[1086chars] | Code[0]
2026-06-22 16:04:58.770 [main] DEBUG c.i.webscraper.scraper.WebScraper -        Q[22chars] | A[1220chars] | Code[0]
2026-06-22 16:04:58.770 [main] DEBUG c.i.webscraper.scraper.WebScraper -        Q[50chars] | A[831chars] | Code[0]
2026-06-22 16:04:58.770 [main] DEBUG c.i.webscraper.scraper.WebScraper -        Q[29chars] | A[760chars] | Code[0]
2026-06-22 16:04:58.770 [main] DEBUG c.i.webscraper.scraper.WebScraper -        Q[44chars] | A[1367chars] | Code[0]
2026-06-22 16:04:58.770 [main] DEBUG c.i.webscraper.scraper.WebScraper -        Q[24chars] | A[1092chars] | Code[1]
2026-06-22 16:04:58.771 [main] DEBUG c.i.webscraper.scraper.WebScraper -        Q[33chars] | A[599chars] | Code[1]
2026-06-22 16:04:58.771 [main] INFO  c.i.webscraper.scraper.WebScraper -      9 Q&A pair(s) extracted.
2026-06-22 16:04:58.771 [main] INFO  c.i.webscraper.scraper.WebScraper -   → Section: 'More Kubernetes Essentials' (https://interview.in28minutes.com/interview-guides/kubernetes/more-kubernetes-essentials/)
2026-06-22 16:04:58.771 [main] DEBUG c.i.webscraper.scraper.WebScraper - Sleeping 2500ms (attempt 1/3) before: https://interview.in28minutes.com/interview-guides/kubernetes/more-kubernetes-essentials/
2026-06-22 16:05:02.040 [main] DEBUG c.i.webscraper.scraper.WebScraper - HTTP 200 ← https://interview.in28minutes.com/interview-guides/kubernetes/more-kubernetes-essentials/
2026-06-22 16:05:02.044 [main] DEBUG c.i.webscraper.scraper.WebScraper -      11 question heading(s) in 'More Kubernetes Essentials'.
2026-06-22 16:05:02.045 [main] DEBUG c.i.webscraper.scraper.WebScraper -        Q[12chars] | A[1464chars] | Code[0]
2026-06-22 16:05:02.045 [main] DEBUG c.i.webscraper.scraper.WebScraper -        Q[12chars] | A[796chars] | Code[0]
2026-06-22 16:05:02.045 [main] DEBUG c.i.webscraper.scraper.WebScraper -        Q[12chars] | A[1221chars] | Code[0]
2026-06-22 16:05:02.046 [main] DEBUG c.i.webscraper.scraper.WebScraper -        Q[53chars] | A[1013chars] | Code[0]
2026-06-22 16:05:02.046 [main] DEBUG c.i.webscraper.scraper.WebScraper -        Q[45chars] | A[846chars] | Code[0]
2026-06-22 16:05:02.046 [main] DEBUG c.i.webscraper.scraper.WebScraper -        Q[19chars] | A[1578chars] | Code[1]
2026-06-22 16:05:02.046 [main] DEBUG c.i.webscraper.scraper.WebScraper -        Q[24chars] | A[903chars] | Code[0]
2026-06-22 16:05:02.046 [main] DEBUG c.i.webscraper.scraper.WebScraper -        Q[26chars] | A[880chars] | Code[1]
2026-06-22 16:05:02.046 [main] DEBUG c.i.webscraper.scraper.WebScraper -        Q[18chars] | A[945chars] | Code[2]
2026-06-22 16:05:02.047 [main] DEBUG c.i.webscraper.scraper.WebScraper -        Q[25chars] | A[731chars] | Code[0]
2026-06-22 16:05:02.047 [main] DEBUG c.i.webscraper.scraper.WebScraper -        Q[56chars] | A[1880chars] | Code[0]
2026-06-22 16:05:02.047 [main] INFO  c.i.webscraper.scraper.WebScraper -      11 Q&A pair(s) extracted.
2026-06-22 16:05:02.047 [main] INFO  c.i.webscraper.scraper.WebScraper -   → Section: 'Kubernetes Interview - Diagrams' (https://interview.in28minutes.com/interview-guides/kubernetes/kubernetes-interview-diagrams/)
2026-06-22 16:05:02.047 [main] DEBUG c.i.webscraper.scraper.WebScraper - Sleeping 2500ms (attempt 1/3) before: https://interview.in28minutes.com/interview-guides/kubernetes/kubernetes-interview-diagrams/
2026-06-22 16:05:05.446 [main] DEBUG c.i.webscraper.scraper.WebScraper - HTTP 200 ← https://interview.in28minutes.com/interview-guides/kubernetes/kubernetes-interview-diagrams/
2026-06-22 16:05:05.451 [main] DEBUG c.i.webscraper.scraper.WebScraper -      16 question heading(s) in 'Kubernetes Interview - Diagrams'.
2026-06-22 16:05:05.451 [main] DEBUG c.i.webscraper.scraper.WebScraper -          Image captured: Microservices
2026-06-22 16:05:05.451 [main] DEBUG c.i.webscraper.scraper.WebScraper -        Q[13chars] | A[22chars] | Code[0]
2026-06-22 16:05:05.452 [main] DEBUG c.i.webscraper.scraper.WebScraper -          Image captured: Need For Container Orchestration
2026-06-22 16:05:05.452 [main] DEBUG c.i.webscraper.scraper.WebScraper -        Q[32chars] | A[41chars] | Code[0]
2026-06-22 16:05:05.452 [main] DEBUG c.i.webscraper.scraper.WebScraper -        Q[26chars] | A[0chars] | Code[1]
2026-06-22 16:05:05.452 [main] DEBUG c.i.webscraper.scraper.WebScraper -        Q[26chars] | A[0chars] | Code[1]
2026-06-22 16:05:05.452 [main] DEBUG c.i.webscraper.scraper.WebScraper -          Image captured: Kubernetes Logical View
2026-06-22 16:05:05.452 [main] DEBUG c.i.webscraper.scraper.WebScraper -        Q[23chars] | A[32chars] | Code[0]
2026-06-22 16:05:05.452 [main] DEBUG c.i.webscraper.scraper.WebScraper -          Image captured: Kubernetes Physical View
2026-06-22 16:05:05.452 [main] DEBUG c.i.webscraper.scraper.WebScraper -        Q[24chars] | A[33chars] | Code[0]
2026-06-22 16:05:05.452 [main] DEBUG c.i.webscraper.scraper.WebScraper -          Image captured: A/B Testing
2026-06-22 16:05:05.452 [main] DEBUG c.i.webscraper.scraper.WebScraper -        Q[11chars] | A[20chars] | Code[0]
2026-06-22 16:05:05.452 [main] DEBUG c.i.webscraper.scraper.WebScraper -          Image captured: Blue Green Deployment
2026-06-22 16:05:05.452 [main] DEBUG c.i.webscraper.scraper.WebScraper -        Q[21chars] | A[30chars] | Code[0]
2026-06-22 16:05:05.452 [main] DEBUG c.i.webscraper.scraper.WebScraper -          Image captured: Canary Deployment
2026-06-22 16:05:05.453 [main] DEBUG c.i.webscraper.scraper.WebScraper -        Q[17chars] | A[26chars] | Code[0]
2026-06-22 16:05:05.453 [main] DEBUG c.i.webscraper.scraper.WebScraper -          Image captured: Recreate
2026-06-22 16:05:05.453 [main] DEBUG c.i.webscraper.scraper.WebScraper -        Q[8chars] | A[17chars] | Code[0]
2026-06-22 16:05:05.453 [main] DEBUG c.i.webscraper.scraper.WebScraper -          Image captured: Rolling Updates
2026-06-22 16:05:05.453 [main] DEBUG c.i.webscraper.scraper.WebScraper -        Q[15chars] | A[24chars] | Code[0]
2026-06-22 16:05:05.453 [main] DEBUG c.i.webscraper.scraper.WebScraper -          Image captured: Rolling Updates with Additional Instances
2026-06-22 16:05:05.453 [main] DEBUG c.i.webscraper.scraper.WebScraper -        Q[41chars] | A[50chars] | Code[0]
2026-06-22 16:05:05.453 [main] DEBUG c.i.webscraper.scraper.WebScraper -        Q[7chars] | A[0chars] | Code[1]
2026-06-22 16:05:05.453 [main] DEBUG c.i.webscraper.scraper.WebScraper -          Image captured: Labels
2026-06-22 16:05:05.454 [main] DEBUG c.i.webscraper.scraper.WebScraper -        Q[6chars] | A[34chars] | Code[0]
2026-06-22 16:05:05.454 [main] DEBUG c.i.webscraper.scraper.WebScraper -        Q[7chars] | A[0chars] | Code[1]
2026-06-22 16:05:05.454 [main] DEBUG c.i.webscraper.scraper.WebScraper -        Q[12chars] | A[0chars] | Code[1]
2026-06-22 16:05:05.454 [main] INFO  c.i.webscraper.scraper.WebScraper -      16 Q&A pair(s) extracted.
2026-06-22 16:05:05.454 [main] INFO  c.i.webscraper.scraper.WebScraper - Topic 'Kubernetes' complete → 10 section(s).
2026-06-22 16:05:05.454 [main] INFO  c.i.webscraper.scraper.WebScraper - ---------- Topic: Terraform → https://interview.in28minutes.com/terraform/
2026-06-22 16:05:05.454 [main] DEBUG c.i.webscraper.scraper.WebScraper - Sleeping 2500ms (attempt 1/3) before: https://interview.in28minutes.com/terraform/
2026-06-22 16:05:08.663 [main] DEBUG c.i.webscraper.scraper.WebScraper - HTTP 200 ← https://interview.in28minutes.com/terraform/
2026-06-22 16:05:08.666 [main] DEBUG c.i.webscraper.scraper.WebScraper - Topic 'Terraform' → 5 card(s) found.
2026-06-22 16:05:08.666 [main] INFO  c.i.webscraper.scraper.WebScraper -   → Section: 'Introduction to Terraform' (https://interview.in28minutes.com/interview-guides/terraform/introduction-to-terraform/)
2026-06-22 16:05:08.667 [main] DEBUG c.i.webscraper.scraper.WebScraper - Sleeping 2500ms (attempt 1/3) before: https://interview.in28minutes.com/interview-guides/terraform/introduction-to-terraform/
2026-06-22 16:05:11.893 [main] DEBUG c.i.webscraper.scraper.WebScraper - HTTP 200 ← https://interview.in28minutes.com/interview-guides/terraform/introduction-to-terraform/
2026-06-22 16:05:11.895 [main] DEBUG c.i.webscraper.scraper.WebScraper -      9 question heading(s) in 'Introduction to Terraform'.
2026-06-22 16:05:11.895 [main] DEBUG c.i.webscraper.scraper.WebScraper -          Image captured: Environments Are Not All The Same
2026-06-22 16:05:11.896 [main] DEBUG c.i.webscraper.scraper.WebScraper -        Q[18chars] | A[1289chars] | Code[0]
2026-06-22 16:05:11.896 [main] DEBUG c.i.webscraper.scraper.WebScraper -        Q[58chars] | A[1831chars] | Code[0]
2026-06-22 16:05:11.896 [main] DEBUG c.i.webscraper.scraper.WebScraper -        Q[80chars] | A[1062chars] | Code[0]
2026-06-22 16:05:11.896 [main] DEBUG c.i.webscraper.scraper.WebScraper -        Q[28chars] | A[1247chars] | Code[0]
2026-06-22 16:05:11.896 [main] DEBUG c.i.webscraper.scraper.WebScraper -        Q[46chars] | A[1044chars] | Code[1]
2026-06-22 16:05:11.896 [main] DEBUG c.i.webscraper.scraper.WebScraper -        Q[43chars] | A[2302chars] | Code[0]
2026-06-22 16:05:11.896 [main] DEBUG c.i.webscraper.scraper.WebScraper -        Q[62chars] | A[884chars] | Code[0]
2026-06-22 16:05:11.896 [main] DEBUG c.i.webscraper.scraper.WebScraper -        Q[42chars] | A[1068chars] | Code[1]
2026-06-22 16:05:11.896 [main] DEBUG c.i.webscraper.scraper.WebScraper -        Q[60chars] | A[432chars] | Code[1]
2026-06-22 16:05:11.896 [main] INFO  c.i.webscraper.scraper.WebScraper -      9 Q&A pair(s) extracted.
2026-06-22 16:05:11.896 [main] INFO  c.i.webscraper.scraper.WebScraper -   → Section: 'Terraform Language - HCL' (https://interview.in28minutes.com/interview-guides/terraform/terraform-language-hcl/)
2026-06-22 16:05:11.896 [main] DEBUG c.i.webscraper.scraper.WebScraper - Sleeping 2500ms (attempt 1/3) before: https://interview.in28minutes.com/interview-guides/terraform/terraform-language-hcl/
2026-06-22 16:05:15.943 [main] DEBUG c.i.webscraper.scraper.WebScraper - HTTP 200 ← https://interview.in28minutes.com/interview-guides/terraform/terraform-language-hcl/
2026-06-22 16:05:15.950 [main] DEBUG c.i.webscraper.scraper.WebScraper -      8 question heading(s) in 'Terraform Language - HCL'.
2026-06-22 16:05:15.950 [main] DEBUG c.i.webscraper.scraper.WebScraper -        Q[68chars] | A[866chars] | Code[0]
2026-06-22 16:05:15.950 [main] DEBUG c.i.webscraper.scraper.WebScraper -        Q[68chars] | A[550chars] | Code[1]
2026-06-22 16:05:15.951 [main] DEBUG c.i.webscraper.scraper.WebScraper -        Q[38chars] | A[824chars] | Code[1]
2026-06-22 16:05:15.951 [main] DEBUG c.i.webscraper.scraper.WebScraper -        Q[65chars] | A[503chars] | Code[1]
2026-06-22 16:05:15.951 [main] DEBUG c.i.webscraper.scraper.WebScraper -        Q[35chars] | A[792chars] | Code[1]
2026-06-22 16:05:15.952 [main] DEBUG c.i.webscraper.scraper.WebScraper -        Q[54chars] | A[920chars] | Code[4]
2026-06-22 16:05:15.952 [main] DEBUG c.i.webscraper.scraper.WebScraper -        Q[49chars] | A[1001chars] | Code[1]
2026-06-22 16:05:15.952 [main] DEBUG c.i.webscraper.scraper.WebScraper -        Q[50chars] | A[135chars] | Code[1]
2026-06-22 16:05:15.953 [main] INFO  c.i.webscraper.scraper.WebScraper -      8 Q&A pair(s) extracted.
2026-06-22 16:05:15.953 [main] INFO  c.i.webscraper.scraper.WebScraper -   → Section: 'Terraform State Management' (https://interview.in28minutes.com/interview-guides/terraform/terraform-state-management/)
2026-06-22 16:05:15.953 [main] DEBUG c.i.webscraper.scraper.WebScraper - Sleeping 2500ms (attempt 1/3) before: https://interview.in28minutes.com/interview-guides/terraform/terraform-state-management/
2026-06-22 16:05:19.459 [main] DEBUG c.i.webscraper.scraper.WebScraper - HTTP 200 ← https://interview.in28minutes.com/interview-guides/terraform/terraform-state-management/
2026-06-22 16:05:19.466 [main] DEBUG c.i.webscraper.scraper.WebScraper -      8 question heading(s) in 'Terraform State Management'.
2026-06-22 16:05:19.466 [main] DEBUG c.i.webscraper.scraper.WebScraper -        Q[37chars] | A[1264chars] | Code[0]
2026-06-22 16:05:19.466 [main] DEBUG c.i.webscraper.scraper.WebScraper -          Image captured: Terraform State
2026-06-22 16:05:19.468 [main] DEBUG c.i.webscraper.scraper.WebScraper -        Q[42chars] | A[4834chars] | Code[4]
2026-06-22 16:05:19.468 [main] DEBUG c.i.webscraper.scraper.WebScraper -        Q[49chars] | A[958chars] | Code[1]
2026-06-22 16:05:19.469 [main] DEBUG c.i.webscraper.scraper.WebScraper -        Q[60chars] | A[523chars] | Code[1]
2026-06-22 16:05:19.469 [main] DEBUG c.i.webscraper.scraper.WebScraper -        Q[18chars] | A[2007chars] | Code[0]
2026-06-22 16:05:19.469 [main] DEBUG c.i.webscraper.scraper.WebScraper -        Q[30chars] | A[2340chars] | Code[0]
2026-06-22 16:05:19.470 [main] DEBUG c.i.webscraper.scraper.WebScraper -        Q[73chars] | A[682chars] | Code[2]
2026-06-22 16:05:19.470 [main] DEBUG c.i.webscraper.scraper.WebScraper -        Q[64chars] | A[829chars] | Code[1]
2026-06-22 16:05:19.470 [main] INFO  c.i.webscraper.scraper.WebScraper -      8 Q&A pair(s) extracted.
2026-06-22 16:05:19.470 [main] INFO  c.i.webscraper.scraper.WebScraper -   → Section: 'Terraform Best Practices' (https://interview.in28minutes.com/interview-guides/terraform/terraform-best-practices/)
2026-06-22 16:05:19.470 [main] DEBUG c.i.webscraper.scraper.WebScraper - Sleeping 2500ms (attempt 1/3) before: https://interview.in28minutes.com/interview-guides/terraform/terraform-best-practices/
2026-06-22 16:05:23.117 [main] DEBUG c.i.webscraper.scraper.WebScraper - HTTP 200 ← https://interview.in28minutes.com/interview-guides/terraform/terraform-best-practices/
2026-06-22 16:05:23.120 [main] DEBUG c.i.webscraper.scraper.WebScraper -      8 question heading(s) in 'Terraform Best Practices'.
2026-06-22 16:05:23.121 [main] DEBUG c.i.webscraper.scraper.WebScraper -        Q[52chars] | A[1467chars] | Code[1]
2026-06-22 16:05:23.121 [main] DEBUG c.i.webscraper.scraper.WebScraper -        Q[55chars] | A[1090chars] | Code[1]
2026-06-22 16:05:23.122 [main] DEBUG c.i.webscraper.scraper.WebScraper -        Q[27chars] | A[1729chars] | Code[3]
2026-06-22 16:05:23.122 [main] DEBUG c.i.webscraper.scraper.WebScraper -          Image captured: Terraform State For Difference Environments
2026-06-22 16:05:23.122 [main] DEBUG c.i.webscraper.scraper.WebScraper -        Q[42chars] | A[1411chars] | Code[0]
2026-06-22 16:05:23.122 [main] DEBUG c.i.webscraper.scraper.WebScraper -          Image captured: Terraform State For Difference Environments
2026-06-22 16:05:23.123 [main] DEBUG c.i.webscraper.scraper.WebScraper -        Q[62chars] | A[1159chars] | Code[0]
2026-06-22 16:05:23.123 [main] DEBUG c.i.webscraper.scraper.WebScraper -        Q[37chars] | A[789chars] | Code[0]
2026-06-22 16:05:23.123 [main] DEBUG c.i.webscraper.scraper.WebScraper -        Q[38chars] | A[1222chars] | Code[0]
2026-06-22 16:05:23.123 [main] DEBUG c.i.webscraper.scraper.WebScraper -        Q[27chars] | A[2676chars] | Code[0]
2026-06-22 16:05:23.125 [main] INFO  c.i.webscraper.scraper.WebScraper -      8 Q&A pair(s) extracted.
2026-06-22 16:05:23.125 [main] INFO  c.i.webscraper.scraper.WebScraper -   → Section: 'Terraform Interview - Diagrams' (https://interview.in28minutes.com/interview-guides/terraform/terraform-interview-diagrams/)
2026-06-22 16:05:23.125 [main] DEBUG c.i.webscraper.scraper.WebScraper - Sleeping 2500ms (attempt 1/3) before: https://interview.in28minutes.com/interview-guides/terraform/terraform-interview-diagrams/
2026-06-22 16:05:26.355 [main] DEBUG c.i.webscraper.scraper.WebScraper - HTTP 200 ← https://interview.in28minutes.com/interview-guides/terraform/terraform-interview-diagrams/
2026-06-22 16:05:26.357 [main] DEBUG c.i.webscraper.scraper.WebScraper -      4 question heading(s) in 'Terraform Interview - Diagrams'.
2026-06-22 16:05:26.358 [main] DEBUG c.i.webscraper.scraper.WebScraper -          Image captured: Terraform State
2026-06-22 16:05:26.358 [main] DEBUG c.i.webscraper.scraper.WebScraper -        Q[15chars] | A[24chars] | Code[0]
2026-06-22 16:05:26.358 [main] DEBUG c.i.webscraper.scraper.WebScraper -          Image captured: Terraform State For Difference Environments
2026-06-22 16:05:26.358 [main] DEBUG c.i.webscraper.scraper.WebScraper -        Q[43chars] | A[52chars] | Code[0]
2026-06-22 16:05:26.358 [main] DEBUG c.i.webscraper.scraper.WebScraper -          Image captured: Environments
2026-06-22 16:05:26.358 [main] DEBUG c.i.webscraper.scraper.WebScraper -        Q[12chars] | A[21chars] | Code[0]
2026-06-22 16:05:26.358 [main] DEBUG c.i.webscraper.scraper.WebScraper -          Image captured: Environments Are Not All The Same
2026-06-22 16:05:26.358 [main] DEBUG c.i.webscraper.scraper.WebScraper -        Q[34chars] | A[42chars] | Code[0]
2026-06-22 16:05:26.358 [main] INFO  c.i.webscraper.scraper.WebScraper -      4 Q&A pair(s) extracted.
2026-06-22 16:05:26.358 [main] INFO  c.i.webscraper.scraper.WebScraper - Topic 'Terraform' complete → 5 section(s).
2026-06-22 16:05:26.359 [main] INFO  c.i.webscraper.scraper.WebScraper - ---------- Topic: Git → https://interview.in28minutes.com/git/
2026-06-22 16:05:26.359 [main] DEBUG c.i.webscraper.scraper.WebScraper - Sleeping 2500ms (attempt 1/3) before: https://interview.in28minutes.com/git/
2026-06-22 16:05:29.483 [main] DEBUG c.i.webscraper.scraper.WebScraper - HTTP 200 ← https://interview.in28minutes.com/git/
2026-06-22 16:05:29.487 [main] DEBUG c.i.webscraper.scraper.WebScraper - Topic 'Git' → 4 card(s) found.
2026-06-22 16:05:29.487 [main] INFO  c.i.webscraper.scraper.WebScraper -   → Section: 'Introduction to Git' (https://interview.in28minutes.com/interview-guides/git/introduction-to-git/)
2026-06-22 16:05:29.487 [main] DEBUG c.i.webscraper.scraper.WebScraper - Sleeping 2500ms (attempt 1/3) before: https://interview.in28minutes.com/interview-guides/git/introduction-to-git/
2026-06-22 16:05:33.001 [main] DEBUG c.i.webscraper.scraper.WebScraper - HTTP 200 ← https://interview.in28minutes.com/interview-guides/git/introduction-to-git/
2026-06-22 16:05:33.006 [main] DEBUG c.i.webscraper.scraper.WebScraper -      10 question heading(s) in 'Introduction to Git'.
2026-06-22 16:05:33.007 [main] DEBUG c.i.webscraper.scraper.WebScraper -        Q[33chars] | A[640chars] | Code[1]
2026-06-22 16:05:33.007 [main] DEBUG c.i.webscraper.scraper.WebScraper -        Q[78chars] | A[1305chars] | Code[0]
2026-06-22 16:05:33.008 [main] DEBUG c.i.webscraper.scraper.WebScraper -        Q[42chars] | A[1678chars] | Code[8]
2026-06-22 16:05:33.009 [main] DEBUG c.i.webscraper.scraper.WebScraper -        Q[27chars] | A[1750chars] | Code[0]
2026-06-22 16:05:33.009 [main] DEBUG c.i.webscraper.scraper.WebScraper -        Q[64chars] | A[1128chars] | Code[0]
2026-06-22 16:05:33.009 [main] DEBUG c.i.webscraper.scraper.WebScraper -        Q[15chars] | A[1984chars] | Code[0]
2026-06-22 16:05:33.010 [main] DEBUG c.i.webscraper.scraper.WebScraper -        Q[85chars] | A[1112chars] | Code[1]
2026-06-22 16:05:33.010 [main] DEBUG c.i.webscraper.scraper.WebScraper -        Q[38chars] | A[2220chars] | Code[0]
2026-06-22 16:05:33.011 [main] DEBUG c.i.webscraper.scraper.WebScraper -        Q[54chars] | A[1702chars] | Code[0]
2026-06-22 16:05:33.011 [main] DEBUG c.i.webscraper.scraper.WebScraper -        Q[65chars] | A[1263chars] | Code[0]
2026-06-22 16:05:33.011 [main] INFO  c.i.webscraper.scraper.WebScraper -      10 Q&A pair(s) extracted.
2026-06-22 16:05:33.011 [main] INFO  c.i.webscraper.scraper.WebScraper -   → Section: 'Git Branching' (https://interview.in28minutes.com/interview-guides/git/git-branching/)
2026-06-22 16:05:33.011 [main] DEBUG c.i.webscraper.scraper.WebScraper - Sleeping 2500ms (attempt 1/3) before: https://interview.in28minutes.com/interview-guides/git/git-branching/
2026-06-22 16:05:36.475 [main] DEBUG c.i.webscraper.scraper.WebScraper - HTTP 200 ← https://interview.in28minutes.com/interview-guides/git/git-branching/
2026-06-22 16:05:36.480 [main] DEBUG c.i.webscraper.scraper.WebScraper -      7 question heading(s) in 'Git Branching'.
2026-06-22 16:05:36.480 [main] DEBUG c.i.webscraper.scraper.WebScraper -        Q[38chars] | A[1565chars] | Code[0]
2026-06-22 16:05:36.481 [main] DEBUG c.i.webscraper.scraper.WebScraper -        Q[69chars] | A[978chars] | Code[1]
2026-06-22 16:05:36.481 [main] DEBUG c.i.webscraper.scraper.WebScraper -        Q[52chars] | A[2057chars] | Code[6]
2026-06-22 16:05:36.482 [main] DEBUG c.i.webscraper.scraper.WebScraper -        Q[57chars] | A[5153chars] | Code[0]
2026-06-22 16:05:36.482 [main] DEBUG c.i.webscraper.scraper.WebScraper -        Q[18chars] | A[2563chars] | Code[5]
2026-06-22 16:05:36.483 [main] DEBUG c.i.webscraper.scraper.WebScraper -        Q[18chars] | A[1922chars] | Code[0]
2026-06-22 16:05:36.483 [main] DEBUG c.i.webscraper.scraper.WebScraper -        Q[29chars] | A[1280chars] | Code[0]
2026-06-22 16:05:36.483 [main] INFO  c.i.webscraper.scraper.WebScraper -      7 Q&A pair(s) extracted.
2026-06-22 16:05:36.483 [main] INFO  c.i.webscraper.scraper.WebScraper -   → Section: 'Git - Other Features You Need To Know' (https://interview.in28minutes.com/interview-guides/git/git-other-features-you-need-to-know/)
2026-06-22 16:05:36.483 [main] DEBUG c.i.webscraper.scraper.WebScraper - Sleeping 2500ms (attempt 1/3) before: https://interview.in28minutes.com/interview-guides/git/git-other-features-you-need-to-know/
2026-06-22 16:05:39.719 [main] DEBUG c.i.webscraper.scraper.WebScraper - HTTP 200 ← https://interview.in28minutes.com/interview-guides/git/git-other-features-you-need-to-know/
2026-06-22 16:05:39.723 [main] DEBUG c.i.webscraper.scraper.WebScraper -      9 question heading(s) in 'Git - Other Features You Need To Know'.
2026-06-22 16:05:39.725 [main] DEBUG c.i.webscraper.scraper.WebScraper -        Q[67chars] | A[531chars] | Code[1]
2026-06-22 16:05:39.725 [main] DEBUG c.i.webscraper.scraper.WebScraper -        Q[54chars] | A[574chars] | Code[1]
2026-06-22 16:05:39.725 [main] DEBUG c.i.webscraper.scraper.WebScraper -        Q[80chars] | A[517chars] | Code[1]
2026-06-22 16:05:39.725 [main] DEBUG c.i.webscraper.scraper.WebScraper -        Q[59chars] | A[639chars] | Code[2]
2026-06-22 16:05:39.726 [main] DEBUG c.i.webscraper.scraper.WebScraper -        Q[69chars] | A[1120chars] | Code[0]
2026-06-22 16:05:39.726 [main] DEBUG c.i.webscraper.scraper.WebScraper -        Q[70chars] | A[335chars] | Code[1]
2026-06-22 16:05:39.726 [main] DEBUG c.i.webscraper.scraper.WebScraper -        Q[51chars] | A[276chars] | Code[1]
2026-06-22 16:05:39.726 [main] DEBUG c.i.webscraper.scraper.WebScraper -        Q[60chars] | A[713chars] | Code[1]
2026-06-22 16:05:39.727 [main] DEBUG c.i.webscraper.scraper.WebScraper -        Q[42chars] | A[1307chars] | Code[0]
2026-06-22 16:05:39.727 [main] INFO  c.i.webscraper.scraper.WebScraper -      9 Q&A pair(s) extracted.
2026-06-22 16:05:39.727 [main] INFO  c.i.webscraper.scraper.WebScraper -   → Section: 'Git Interview - Diagrams' (https://interview.in28minutes.com/interview-guides/git/git-interview-diagrams/)
2026-06-22 16:05:39.727 [main] DEBUG c.i.webscraper.scraper.WebScraper - Sleeping 2500ms (attempt 1/3) before: https://interview.in28minutes.com/interview-guides/git/git-interview-diagrams/
2026-06-22 16:05:43.152 [main] DEBUG c.i.webscraper.scraper.WebScraper - HTTP 200 ← https://interview.in28minutes.com/interview-guides/git/git-interview-diagrams/
2026-06-22 16:05:43.154 [main] DEBUG c.i.webscraper.scraper.WebScraper -      9 question heading(s) in 'Git Interview - Diagrams'.
2026-06-22 16:05:43.155 [main] DEBUG c.i.webscraper.scraper.WebScraper -          Image captured: Terraform State
2026-06-22 16:05:43.155 [main] DEBUG c.i.webscraper.scraper.WebScraper -          Image captured: Terraform State
2026-06-22 16:05:43.155 [main] DEBUG c.i.webscraper.scraper.WebScraper -          Image captured: Terraform State
2026-06-22 16:05:43.155 [main] DEBUG c.i.webscraper.scraper.WebScraper -        Q[9chars] | A[116chars] | Code[0]
2026-06-22 16:05:43.155 [main] DEBUG c.i.webscraper.scraper.WebScraper -        Q[16chars] | A[0chars] | Code[1]
2026-06-22 16:05:43.155 [main] DEBUG c.i.webscraper.scraper.WebScraper -        Q[15chars] | A[0chars] | Code[1]
2026-06-22 16:05:43.155 [main] DEBUG c.i.webscraper.scraper.WebScraper -        Q[20chars] | A[0chars] | Code[1]
2026-06-22 16:05:43.155 [main] DEBUG c.i.webscraper.scraper.WebScraper -        Q[19chars] | A[0chars] | Code[1]
2026-06-22 16:05:43.155 [main] DEBUG c.i.webscraper.scraper.WebScraper -        Q[19chars] | A[0chars] | Code[1]
2026-06-22 16:05:43.155 [main] DEBUG c.i.webscraper.scraper.WebScraper -        Q[38chars] | A[0chars] | Code[1]
2026-06-22 16:05:43.155 [main] DEBUG c.i.webscraper.scraper.WebScraper -        Q[7chars] | A[0chars] | Code[1]
2026-06-22 16:05:43.155 [main] DEBUG c.i.webscraper.scraper.WebScraper -        Q[10chars] | A[0chars] | Code[1]
2026-06-22 16:05:43.155 [main] INFO  c.i.webscraper.scraper.WebScraper -      9 Q&A pair(s) extracted.
2026-06-22 16:05:43.156 [main] INFO  c.i.webscraper.scraper.WebScraper - Topic 'Git' complete → 4 section(s).
2026-06-22 16:05:43.156 [main] INFO  c.i.webscraper.scraper.WebScraper - ===== Done. 7 book(s) populated. =====
2026-06-22 16:05:43.156 [main] INFO  com.in28minutes.webscraper.Main - Phase 1 complete. 7 topic(s) scraped successfully:
2026-06-22 16:05:43.156 [main] INFO  com.in28minutes.webscraper.Main -   • Java → 17 section(s)
2026-06-22 16:05:43.156 [main] INFO  com.in28minutes.webscraper.Main -   • DevOps → 2 section(s)
2026-06-22 16:05:43.156 [main] INFO  com.in28minutes.webscraper.Main -   • Cloud → 8 section(s)
2026-06-22 16:05:43.156 [main] INFO  com.in28minutes.webscraper.Main -   • Docker → 10 section(s)
2026-06-22 16:05:43.156 [main] INFO  com.in28minutes.webscraper.Main -   • Kubernetes → 10 section(s)
2026-06-22 16:05:43.156 [main] INFO  com.in28minutes.webscraper.Main -   • Terraform → 5 section(s)
2026-06-22 16:05:43.156 [main] INFO  com.in28minutes.webscraper.Main -   • Git → 4 section(s)
2026-06-22 16:05:43.156 [main] INFO  com.in28minutes.webscraper.Main - Phase 2: PDF generation initiated.
2026-06-22 16:05:43.306 [main] INFO  c.i.webscraper.pdf.PdfGenerator - ===== PDF generation: 7 book(s) =====
2026-06-22 16:05:43.307 [main] INFO  c.i.webscraper.pdf.PdfGenerator - Generating: Java_Interview_Guide.pdf
2026-06-22 16:05:44.133 [main] INFO  c.i.webscraper.pdf.PdfGenerator -   Written: Java_Interview_Guide.pdf (567 KB)
2026-06-22 16:05:44.133 [main] INFO  c.i.webscraper.pdf.PdfGenerator - Generating: DevOps_Interview_Guide.pdf
2026-06-22 16:05:44.159 [main] INFO  c.i.webscraper.pdf.PdfGenerator -   Written: DevOps_Interview_Guide.pdf (22 KB)
2026-06-22 16:05:44.159 [main] INFO  c.i.webscraper.pdf.PdfGenerator - Generating: Cloud_Interview_Guide.pdf
2026-06-22 16:05:44.280 [main] INFO  c.i.webscraper.pdf.PdfGenerator -   Written: Cloud_Interview_Guide.pdf (139 KB)
2026-06-22 16:05:44.282 [main] INFO  c.i.webscraper.pdf.PdfGenerator - Generating: Docker_Interview_Guide.pdf
2026-06-22 16:05:44.397 [main] INFO  c.i.webscraper.pdf.PdfGenerator -   Written: Docker_Interview_Guide.pdf (141 KB)
2026-06-22 16:05:44.397 [main] INFO  c.i.webscraper.pdf.PdfGenerator - Generating: Kubernetes_Interview_Guide.pdf
2026-06-22 16:05:44.600 [main] INFO  c.i.webscraper.pdf.PdfGenerator -   Written: Kubernetes_Interview_Guide.pdf (181 KB)
2026-06-22 16:05:44.601 [main] INFO  c.i.webscraper.pdf.PdfGenerator - Generating: Terraform_Interview_Guide.pdf
2026-06-22 16:05:44.684 [main] INFO  c.i.webscraper.pdf.PdfGenerator -   Written: Terraform_Interview_Guide.pdf (89 KB)
2026-06-22 16:05:44.684 [main] INFO  c.i.webscraper.pdf.PdfGenerator - Generating: Git_Interview_Guide.pdf
2026-06-22 16:05:44.734 [main] INFO  c.i.webscraper.pdf.PdfGenerator -   Written: Git_Interview_Guide.pdf (75 KB)
2026-06-22 16:05:44.735 [main] INFO  c.i.webscraper.pdf.PdfGenerator - ===== Done. 7/7 PDF(s) in 'C:\Users\mmohamm1\OneDrive - Capgemini\Desktop\WebScraper\output' =====
2026-06-22 16:05:44.735 [main] INFO  com.in28minutes.webscraper.Main - Phase 3: JSON export for React website initiated.
2026-06-22 16:05:45.072 [main] INFO  c.i.webscraper.json.JsonExporter -   [JSON] Exported: java.json
2026-06-22 16:05:45.089 [main] INFO  c.i.webscraper.json.JsonExporter -   [PDF]  Copied: Java_Interview_Guide.pdf
2026-06-22 16:05:45.095 [main] INFO  c.i.webscraper.json.JsonExporter -   [JSON] Exported: devops.json
2026-06-22 16:05:45.100 [main] INFO  c.i.webscraper.json.JsonExporter -   [PDF]  Copied: DevOps_Interview_Guide.pdf
2026-06-22 16:05:45.110 [main] INFO  c.i.webscraper.json.JsonExporter -   [JSON] Exported: cloud.json
2026-06-22 16:05:45.117 [main] INFO  c.i.webscraper.json.JsonExporter -   [PDF]  Copied: Cloud_Interview_Guide.pdf
2026-06-22 16:05:45.126 [main] INFO  c.i.webscraper.json.JsonExporter -   [JSON] Exported: docker.json
2026-06-22 16:05:45.132 [main] INFO  c.i.webscraper.json.JsonExporter -   [PDF]  Copied: Docker_Interview_Guide.pdf
2026-06-22 16:05:45.145 [main] INFO  c.i.webscraper.json.JsonExporter -   [JSON] Exported: kubernetes.json
2026-06-22 16:05:45.150 [main] INFO  c.i.webscraper.json.JsonExporter -   [PDF]  Copied: Kubernetes_Interview_Guide.pdf
2026-06-22 16:05:45.157 [main] INFO  c.i.webscraper.json.JsonExporter -   [JSON] Exported: terraform.json
2026-06-22 16:05:45.164 [main] INFO  c.i.webscraper.json.JsonExporter -   [PDF]  Copied: Terraform_Interview_Guide.pdf
2026-06-22 16:05:45.170 [main] INFO  c.i.webscraper.json.JsonExporter -   [JSON] Exported: git.json
2026-06-22 16:05:45.175 [main] INFO  c.i.webscraper.json.JsonExporter -   [PDF]  Copied: Git_Interview_Guide.pdf
2026-06-22 16:05:45.179 [main] INFO  c.i.webscraper.json.JsonExporter -   [JSON] index.json written (7 entries).
2026-06-22 16:05:45.179 [main] INFO  com.in28minutes.webscraper.Main - Phase 3 complete. Data written to frontend/public/data/
2026-06-22 16:05:45.180 [main] INFO  com.in28minutes.webscraper.Main - =========================================================
2026-06-22 16:05:45.180 [main] INFO  com.in28minutes.webscraper.Main -   All done!  Elapsed time: 213s
2026-06-22 16:05:45.180 [main] INFO  com.in28minutes.webscraper.Main -   Output directory: C:\Users\mmohamm1\OneDrive - Capgemini\Desktop\WebScraper\output
2026-06-22 16:05:45.181 [main] INFO  com.in28minutes.webscraper.Main -   7 PDF file(s) generated:
2026-06-22 16:05:45.182 [main] INFO  com.in28minutes.webscraper.Main -     → Cloud_Interview_Guide.pdf (139 KB)
2026-06-22 16:05:45.182 [main] INFO  com.in28minutes.webscraper.Main -     → DevOps_Interview_Guide.pdf (22 KB)
2026-06-22 16:05:45.182 [main] INFO  com.in28minutes.webscraper.Main -     → Docker_Interview_Guide.pdf (141 KB)
2026-06-22 16:05:45.182 [main] INFO  com.in28minutes.webscraper.Main -     → Git_Interview_Guide.pdf (75 KB)
2026-06-22 16:05:45.182 [main] INFO  com.in28minutes.webscraper.Main -     → Java_Interview_Guide.pdf (567 KB)
2026-06-22 16:05:45.182 [main] INFO  com.in28minutes.webscraper.Main -     → Kubernetes_Interview_Guide.pdf (181 KB)
2026-06-22 16:05:45.184 [main] INFO  com.in28minutes.webscraper.Main -     → Terraform_Interview_Guide.pdf (89 KB)
2026-06-22 16:05:45.184 [main] INFO  com.in28minutes.webscraper.Main - =========================================================
2026-06-22 16:20:44.770 [main] INFO  com.in28minutes.webscraper.Main - In28Minutes Interview Guide Scraper starting...
2026-06-22 16:20:44.772 [main] INFO  com.in28minutes.webscraper.Main - Phase 1: Web scraping initiated.
2026-06-22 16:20:44.956 [main] INFO  c.i.webscraper.scraper.WebScraper - SSL trust-all installed (scraper mode).
2026-06-22 16:20:44.957 [main] INFO  c.i.webscraper.scraper.WebScraper - ===== Starting scrape for 7 topic(s) =====
2026-06-22 16:20:44.959 [main] INFO  c.i.webscraper.scraper.WebScraper - ---------- Topic: Java → https://interview.in28minutes.com/java/
2026-06-22 16:20:44.960 [main] DEBUG c.i.webscraper.scraper.WebScraper - Sleeping 2500ms (attempt 1/3) before: https://interview.in28minutes.com/java/
2026-06-22 16:20:48.797 [main] DEBUG c.i.webscraper.scraper.WebScraper - HTTP 200 ← https://interview.in28minutes.com/java/
2026-06-22 16:20:48.956 [main] DEBUG c.i.webscraper.scraper.WebScraper - Topic 'Java' → 17 card(s) found.
2026-06-22 16:20:48.958 [main] INFO  c.i.webscraper.scraper.WebScraper -   → Section: 'Java Platform' (https://interview.in28minutes.com/interview-guides/java/java-platform/)
2026-06-22 16:20:48.959 [main] DEBUG c.i.webscraper.scraper.WebScraper - Sleeping 2500ms (attempt 1/3) before: https://interview.in28minutes.com/interview-guides/java/java-platform/
2026-06-22 16:20:52.200 [main] DEBUG c.i.webscraper.scraper.WebScraper - HTTP 200 ← https://interview.in28minutes.com/interview-guides/java/java-platform/
2026-06-22 16:20:52.259 [main] DEBUG c.i.webscraper.scraper.WebScraper -      19 question heading(s) in 'Java Platform'.
2026-06-22 16:20:52.263 [main] DEBUG c.i.webscraper.scraper.WebScraper -        Q[30chars] | A[343chars] | Code[1]
2026-06-22 16:20:52.267 [main] DEBUG c.i.webscraper.scraper.WebScraper -        Q[36chars] | A[744chars] | Code[0]
2026-06-22 16:20:52.271 [main] DEBUG c.i.webscraper.scraper.WebScraper -        Q[32chars] | A[656chars] | Code[3]
2026-06-22 16:20:52.284 [main] DEBUG c.i.webscraper.scraper.WebScraper -        Q[66chars] | A[1977chars] | Code[6]
2026-06-22 16:20:52.289 [main] DEBUG c.i.webscraper.scraper.WebScraper -        Q[17chars] | A[1528chars] | Code[0]
2026-06-22 16:20:52.293 [main] DEBUG c.i.webscraper.scraper.WebScraper -        Q[39chars] | A[719chars] | Code[4]
2026-06-22 16:20:52.298 [main] DEBUG c.i.webscraper.scraper.WebScraper -        Q[48chars] | A[648chars] | Code[9]
2026-06-22 16:20:52.299 [main] DEBUG c.i.webscraper.scraper.WebScraper -        Q[25chars] | A[295chars] | Code[0]
2026-06-22 16:20:52.300 [main] DEBUG c.i.webscraper.scraper.WebScraper -        Q[18chars] | A[259chars] | Code[1]
2026-06-22 16:20:52.301 [main] DEBUG c.i.webscraper.scraper.WebScraper -        Q[43chars] | A[321chars] | Code[0]
2026-06-22 16:20:52.307 [main] DEBUG c.i.webscraper.scraper.WebScraper -        Q[27chars] | A[1574chars] | Code[1]
2026-06-22 16:20:52.309 [main] DEBUG c.i.webscraper.scraper.WebScraper -        Q[53chars] | A[590chars] | Code[0]
2026-06-22 16:20:52.310 [main] DEBUG c.i.webscraper.scraper.WebScraper -        Q[89chars] | A[516chars] | Code[2]
2026-06-22 16:20:52.311 [main] DEBUG c.i.webscraper.scraper.WebScraper -        Q[29chars] | A[568chars] | Code[0]
2026-06-22 16:20:52.312 [main] DEBUG c.i.webscraper.scraper.WebScraper -        Q[32chars] | A[375chars] | Code[0]
2026-06-22 16:20:52.313 [main] DEBUG c.i.webscraper.scraper.WebScraper -        Q[74chars] | A[757chars] | Code[0]
2026-06-22 16:20:52.315 [main] DEBUG c.i.webscraper.scraper.WebScraper -        Q[39chars] | A[410chars] | Code[2]
2026-06-22 16:20:52.320 [main] DEBUG c.i.webscraper.scraper.WebScraper -        Q[55chars] | A[1659chars] | Code[8]
2026-06-22 16:20:52.321 [main] DEBUG c.i.webscraper.scraper.WebScraper -        Q[55chars] | A[557chars] | Code[0]
2026-06-22 16:20:52.321 [main] INFO  c.i.webscraper.scraper.WebScraper -      19 Q&A pair(s) extracted.
2026-06-22 16:20:52.321 [main] INFO  c.i.webscraper.scraper.WebScraper -   → Section: 'Java Landscape' (https://interview.in28minutes.com/interview-guides/java/java-landscape/)
2026-06-22 16:20:52.321 [main] DEBUG c.i.webscraper.scraper.WebScraper - Sleeping 2500ms (attempt 1/3) before: https://interview.in28minutes.com/interview-guides/java/java-landscape/
2026-06-22 16:20:55.783 [main] DEBUG c.i.webscraper.scraper.WebScraper - HTTP 200 ← https://interview.in28minutes.com/interview-guides/java/java-landscape/
2026-06-22 16:20:55.791 [main] DEBUG c.i.webscraper.scraper.WebScraper -      12 question heading(s) in 'Java Landscape'.
2026-06-22 16:20:55.791 [main] DEBUG c.i.webscraper.scraper.WebScraper -        Q[14chars] | A[182chars] | Code[0]
2026-06-22 16:20:55.793 [main] DEBUG c.i.webscraper.scraper.WebScraper -        Q[29chars] | A[1077chars] | Code[0]
2026-06-22 16:20:55.795 [main] DEBUG c.i.webscraper.scraper.WebScraper -        Q[47chars] | A[1114chars] | Code[0]
2026-06-22 16:20:55.797 [main] DEBUG c.i.webscraper.scraper.WebScraper -        Q[19chars] | A[631chars] | Code[2]
2026-06-22 16:20:55.803 [main] DEBUG c.i.webscraper.scraper.WebScraper -        Q[51chars] | A[1438chars] | Code[0]
2026-06-22 16:20:55.807 [main] DEBUG c.i.webscraper.scraper.WebScraper -        Q[12chars] | A[844chars] | Code[0]
2026-06-22 16:20:55.811 [main] DEBUG c.i.webscraper.scraper.WebScraper -        Q[10chars] | A[1018chars] | Code[0]
2026-06-22 16:20:55.812 [main] DEBUG c.i.webscraper.scraper.WebScraper -        Q[22chars] | A[100chars] | Code[0]
2026-06-22 16:20:55.814 [main] DEBUG c.i.webscraper.scraper.WebScraper -        Q[63chars] | A[485chars] | Code[0]
2026-06-22 16:20:55.815 [main] DEBUG c.i.webscraper.scraper.WebScraper -        Q[36chars] | A[947chars] | Code[0]
2026-06-22 16:20:55.817 [main] DEBUG c.i.webscraper.scraper.WebScraper -        Q[43chars] | A[711chars] | Code[0]
2026-06-22 16:20:55.820 [main] DEBUG c.i.webscraper.scraper.WebScraper -        Q[26chars] | A[925chars] | Code[0]
2026-06-22 16:20:55.820 [main] INFO  c.i.webscraper.scraper.WebScraper -      12 Q&A pair(s) extracted.
2026-06-22 16:20:55.821 [main] INFO  c.i.webscraper.scraper.WebScraper -   → Section: 'Java Memory Management' (https://interview.in28minutes.com/interview-guides/java/java-memory-management/)
2026-06-22 16:20:55.821 [main] DEBUG c.i.webscraper.scraper.WebScraper - Sleeping 2500ms (attempt 1/3) before: https://interview.in28minutes.com/interview-guides/java/java-memory-management/
2026-06-22 16:20:59.058 [main] DEBUG c.i.webscraper.scraper.WebScraper - HTTP 200 ← https://interview.in28minutes.com/interview-guides/java/java-memory-management/
2026-06-22 16:20:59.080 [main] DEBUG c.i.webscraper.scraper.WebScraper -      13 question heading(s) in 'Java Memory Management'.
2026-06-22 16:20:59.083 [main] DEBUG c.i.webscraper.scraper.WebScraper -        Q[65chars] | A[1234chars] | Code[3]
2026-06-22 16:20:59.085 [main] DEBUG c.i.webscraper.scraper.WebScraper -        Q[22chars] | A[730chars] | Code[4]
2026-06-22 16:20:59.086 [main] DEBUG c.i.webscraper.scraper.WebScraper -        Q[33chars] | A[411chars] | Code[1]
2026-06-22 16:20:59.089 [main] DEBUG c.i.webscraper.scraper.WebScraper -        Q[21chars] | A[1486chars] | Code[2]
2026-06-22 16:20:59.089 [main] DEBUG c.i.webscraper.scraper.WebScraper -        Q[32chars] | A[339chars] | Code[0]
2026-06-22 16:20:59.090 [main] DEBUG c.i.webscraper.scraper.WebScraper -        Q[18chars] | A[595chars] | Code[0]
2026-06-22 16:20:59.093 [main] DEBUG c.i.webscraper.scraper.WebScraper -        Q[34chars] | A[1467chars] | Code[1]
2026-06-22 16:20:59.096 [main] DEBUG c.i.webscraper.scraper.WebScraper -        Q[48chars] | A[1343chars] | Code[0]
2026-06-22 16:20:59.098 [main] DEBUG c.i.webscraper.scraper.WebScraper -        Q[32chars] | A[385chars] | Code[0]
2026-06-22 16:20:59.101 [main] DEBUG c.i.webscraper.scraper.WebScraper -        Q[35chars] | A[2368chars] | Code[4]
2026-06-22 16:20:59.103 [main] DEBUG c.i.webscraper.scraper.WebScraper -        Q[44chars] | A[676chars] | Code[0]
2026-06-22 16:20:59.104 [main] DEBUG c.i.webscraper.scraper.WebScraper -        Q[46chars] | A[686chars] | Code[0]
2026-06-22 16:20:59.106 [main] DEBUG c.i.webscraper.scraper.WebScraper -        Q[23chars] | A[497chars] | Code[2]
2026-06-22 16:20:59.106 [main] INFO  c.i.webscraper.scraper.WebScraper -      13 Q&A pair(s) extracted.
2026-06-22 16:20:59.106 [main] INFO  c.i.webscraper.scraper.WebScraper -   → Section: 'Java Object Oriented Programming Concepts' (https://interview.in28minutes.com/interview-guides/java/java-object-oriented-programming-concepts/)
2026-06-22 16:20:59.107 [main] DEBUG c.i.webscraper.scraper.WebScraper - Sleeping 2500ms (attempt 1/3) before: https://interview.in28minutes.com/interview-guides/java/java-object-oriented-programming-concepts/
2026-06-22 16:21:03.052 [main] DEBUG c.i.webscraper.scraper.WebScraper - HTTP 200 ← https://interview.in28minutes.com/interview-guides/java/java-object-oriented-programming-concepts/
2026-06-22 16:21:03.129 [main] DEBUG c.i.webscraper.scraper.WebScraper -      24 question heading(s) in 'Java Object Oriented Programming Concepts'.
2026-06-22 16:21:03.131 [main] DEBUG c.i.webscraper.scraper.WebScraper -        Q[41chars] | A[983chars] | Code[2]
2026-06-22 16:21:03.134 [main] DEBUG c.i.webscraper.scraper.WebScraper -        Q[36chars] | A[969chars] | Code[4]
2026-06-22 16:21:03.136 [main] DEBUG c.i.webscraper.scraper.WebScraper -        Q[16chars] | A[623chars] | Code[0]
2026-06-22 16:21:03.137 [main] DEBUG c.i.webscraper.scraper.WebScraper -        Q[37chars] | A[812chars] | Code[0]
2026-06-22 16:21:03.140 [main] DEBUG c.i.webscraper.scraper.WebScraper -        Q[42chars] | A[2333chars] | Code[3]
2026-06-22 16:21:03.142 [main] DEBUG c.i.webscraper.scraper.WebScraper -        Q[80chars] | A[547chars] | Code[3]
2026-06-22 16:21:03.147 [main] DEBUG c.i.webscraper.scraper.WebScraper -        Q[25chars] | A[1234chars] | Code[8]
2026-06-22 16:21:03.149 [main] DEBUG c.i.webscraper.scraper.WebScraper -        Q[29chars] | A[492chars] | Code[6]
2026-06-22 16:21:03.154 [main] DEBUG c.i.webscraper.scraper.WebScraper -        Q[61chars] | A[953chars] | Code[5]
2026-06-22 16:21:03.157 [main] DEBUG c.i.webscraper.scraper.WebScraper -        Q[47chars] | A[1064chars] | Code[3]
2026-06-22 16:21:03.158 [main] DEBUG c.i.webscraper.scraper.WebScraper -        Q[22chars] | A[745chars] | Code[3]
2026-06-22 16:21:03.159 [main] DEBUG c.i.webscraper.scraper.WebScraper -        Q[27chars] | A[858chars] | Code[3]
2026-06-22 16:21:03.159 [main] DEBUG c.i.webscraper.scraper.WebScraper -        Q[25chars] | A[439chars] | Code[0]
2026-06-22 16:21:03.160 [main] DEBUG c.i.webscraper.scraper.WebScraper -        Q[59chars] | A[1506chars] | Code[3]
2026-06-22 16:21:03.162 [main] DEBUG c.i.webscraper.scraper.WebScraper -        Q[20chars] | A[1751chars] | Code[0]
2026-06-22 16:21:03.163 [main] DEBUG c.i.webscraper.scraper.WebScraper -        Q[17chars] | A[1133chars] | Code[2]
2026-06-22 16:21:03.164 [main] DEBUG c.i.webscraper.scraper.WebScraper -        Q[17chars] | A[875chars] | Code[4]
2026-06-22 16:21:03.165 [main] DEBUG c.i.webscraper.scraper.WebScraper -        Q[31chars] | A[846chars] | Code[4]
2026-06-22 16:21:03.166 [main] DEBUG c.i.webscraper.scraper.WebScraper -        Q[52chars] | A[1024chars] | Code[0]
2026-06-22 16:21:03.167 [main] DEBUG c.i.webscraper.scraper.WebScraper -        Q[34chars] | A[2193chars] | Code[2]
2026-06-22 16:21:03.167 [main] DEBUG c.i.webscraper.scraper.WebScraper -        Q[21chars] | A[774chars] | Code[4]
2026-06-22 16:21:03.168 [main] DEBUG c.i.webscraper.scraper.WebScraper -        Q[32chars] | A[468chars] | Code[1]
2026-06-22 16:21:03.168 [main] DEBUG c.i.webscraper.scraper.WebScraper -        Q[25chars] | A[872chars] | Code[2]
2026-06-22 16:21:03.169 [main] DEBUG c.i.webscraper.scraper.WebScraper -        Q[51chars] | A[727chars] | Code[2]
2026-06-22 16:21:03.169 [main] INFO  c.i.webscraper.scraper.WebScraper -      24 Q&A pair(s) extracted.
2026-06-22 16:21:03.169 [main] INFO  c.i.webscraper.scraper.WebScraper -   → Section: 'Java Object Oriented Programming Details' (https://interview.in28minutes.com/interview-guides/java/java-object-oriented-programming-details/)
2026-06-22 16:21:03.169 [main] DEBUG c.i.webscraper.scraper.WebScraper - Sleeping 2500ms (attempt 1/3) before: https://interview.in28minutes.com/interview-guides/java/java-object-oriented-programming-details/
2026-06-22 16:21:07.084 [main] DEBUG c.i.webscraper.scraper.WebScraper - HTTP 200 ← https://interview.in28minutes.com/interview-guides/java/java-object-oriented-programming-details/
2026-06-22 16:21:07.115 [main] DEBUG c.i.webscraper.scraper.WebScraper -      14 question heading(s) in 'Java Object Oriented Programming Details'.
2026-06-22 16:21:07.116 [main] DEBUG c.i.webscraper.scraper.WebScraper -        Q[46chars] | A[529chars] | Code[1]
2026-06-22 16:21:07.116 [main] DEBUG c.i.webscraper.scraper.WebScraper -        Q[66chars] | A[807chars] | Code[5]
2026-06-22 16:21:07.117 [main] DEBUG c.i.webscraper.scraper.WebScraper -        Q[64chars] | A[1739chars] | Code[5]
2026-06-22 16:21:07.117 [main] DEBUG c.i.webscraper.scraper.WebScraper -        Q[66chars] | A[531chars] | Code[3]
2026-06-22 16:21:07.119 [main] DEBUG c.i.webscraper.scraper.WebScraper -        Q[64chars] | A[3597chars] | Code[8]
2026-06-22 16:21:07.119 [main] DEBUG c.i.webscraper.scraper.WebScraper -        Q[46chars] | A[591chars] | Code[4]
2026-06-22 16:21:07.120 [main] DEBUG c.i.webscraper.scraper.WebScraper -        Q[33chars] | A[274chars] | Code[1]
2026-06-22 16:21:07.120 [main] DEBUG c.i.webscraper.scraper.WebScraper -        Q[43chars] | A[691chars] | Code[4]
2026-06-22 16:21:07.120 [main] DEBUG c.i.webscraper.scraper.WebScraper -        Q[36chars] | A[650chars] | Code[4]
2026-06-22 16:21:07.121 [main] DEBUG c.i.webscraper.scraper.WebScraper -        Q[47chars] | A[333chars] | Code[1]
2026-06-22 16:21:07.121 [main] DEBUG c.i.webscraper.scraper.WebScraper -        Q[64chars] | A[933chars] | Code[3]
2026-06-22 16:21:07.121 [main] DEBUG c.i.webscraper.scraper.WebScraper -        Q[43chars] | A[777chars] | Code[1]
2026-06-22 16:21:07.122 [main] DEBUG c.i.webscraper.scraper.WebScraper -        Q[40chars] | A[2791chars] | Code[4]
2026-06-22 16:21:07.122 [main] DEBUG c.i.webscraper.scraper.WebScraper -        Q[64chars] | A[768chars] | Code[3]
2026-06-22 16:21:07.122 [main] INFO  c.i.webscraper.scraper.WebScraper -      14 Q&A pair(s) extracted.
2026-06-22 16:21:07.122 [main] INFO  c.i.webscraper.scraper.WebScraper -   → Section: 'Core Java in Depth' (https://interview.in28minutes.com/interview-guides/java/core-java-in-depth/)
2026-06-22 16:21:07.123 [main] DEBUG c.i.webscraper.scraper.WebScraper - Sleeping 2500ms (attempt 1/3) before: https://interview.in28minutes.com/interview-guides/java/core-java-in-depth/
2026-06-22 16:21:10.732 [main] DEBUG c.i.webscraper.scraper.WebScraper - HTTP 200 ← https://interview.in28minutes.com/interview-guides/java/core-java-in-depth/
2026-06-22 16:21:10.760 [main] DEBUG c.i.webscraper.scraper.WebScraper -      17 question heading(s) in 'Core Java in Depth'.
2026-06-22 16:21:10.762 [main] DEBUG c.i.webscraper.scraper.WebScraper -        Q[31chars] | A[2405chars] | Code[3]
2026-06-22 16:21:10.763 [main] DEBUG c.i.webscraper.scraper.WebScraper -        Q[39chars] | A[375chars] | Code[6]
2026-06-22 16:21:10.764 [main] DEBUG c.i.webscraper.scraper.WebScraper -        Q[59chars] | A[1213chars] | Code[2]
2026-06-22 16:21:10.766 [main] DEBUG c.i.webscraper.scraper.WebScraper -        Q[42chars] | A[755chars] | Code[2]
2026-06-22 16:21:10.766 [main] DEBUG c.i.webscraper.scraper.WebScraper -        Q[39chars] | A[1570chars] | Code[5]
2026-06-22 16:21:10.767 [main] DEBUG c.i.webscraper.scraper.WebScraper -        Q[41chars] | A[608chars] | Code[1]
2026-06-22 16:21:10.767 [main] DEBUG c.i.webscraper.scraper.WebScraper -        Q[24chars] | A[342chars] | Code[2]
2026-06-22 16:21:10.767 [main] DEBUG c.i.webscraper.scraper.WebScraper -        Q[22chars] | A[870chars] | Code[2]
2026-06-22 16:21:10.768 [main] DEBUG c.i.webscraper.scraper.WebScraper -        Q[23chars] | A[310chars] | Code[1]
2026-06-22 16:21:10.768 [main] DEBUG c.i.webscraper.scraper.WebScraper -        Q[63chars] | A[403chars] | Code[3]
2026-06-22 16:21:10.769 [main] DEBUG c.i.webscraper.scraper.WebScraper -        Q[46chars] | A[268chars] | Code[5]
2026-06-22 16:21:10.769 [main] DEBUG c.i.webscraper.scraper.WebScraper -        Q[39chars] | A[535chars] | Code[5]
2026-06-22 16:21:10.770 [main] DEBUG c.i.webscraper.scraper.WebScraper -        Q[46chars] | A[434chars] | Code[9]
2026-06-22 16:21:10.770 [main] DEBUG c.i.webscraper.scraper.WebScraper -        Q[54chars] | A[261chars] | Code[1]
2026-06-22 16:21:10.770 [main] DEBUG c.i.webscraper.scraper.WebScraper -        Q[52chars] | A[279chars] | Code[2]
2026-06-22 16:21:10.771 [main] DEBUG c.i.webscraper.scraper.WebScraper -        Q[41chars] | A[556chars] | Code[5]
2026-06-22 16:21:10.772 [main] DEBUG c.i.webscraper.scraper.WebScraper -        Q[72chars] | A[831chars] | Code[6]
2026-06-22 16:21:10.772 [main] INFO  c.i.webscraper.scraper.WebScraper -      17 Q&A pair(s) extracted.
2026-06-22 16:21:10.772 [main] INFO  c.i.webscraper.scraper.WebScraper -   → Section: 'Functional Programming in Java' (https://interview.in28minutes.com/interview-guides/java/functional-programming-in-java/)
2026-06-22 16:21:10.772 [main] DEBUG c.i.webscraper.scraper.WebScraper - Sleeping 2500ms (attempt 1/3) before: https://interview.in28minutes.com/interview-guides/java/functional-programming-in-java/
2026-06-22 16:21:14.023 [main] DEBUG c.i.webscraper.scraper.WebScraper - HTTP 200 ← https://interview.in28minutes.com/interview-guides/java/functional-programming-in-java/
2026-06-22 16:21:14.057 [main] DEBUG c.i.webscraper.scraper.WebScraper -      16 question heading(s) in 'Functional Programming in Java'.
2026-06-22 16:21:14.058 [main] DEBUG c.i.webscraper.scraper.WebScraper -        Q[61chars] | A[795chars] | Code[2]
2026-06-22 16:21:14.059 [main] DEBUG c.i.webscraper.scraper.WebScraper -        Q[73chars] | A[913chars] | Code[1]
2026-06-22 16:21:14.060 [main] DEBUG c.i.webscraper.scraper.WebScraper -        Q[50chars] | A[1613chars] | Code[9]
2026-06-22 16:21:14.061 [main] DEBUG c.i.webscraper.scraper.WebScraper -        Q[47chars] | A[2289chars] | Code[0]
2026-06-22 16:21:14.064 [main] DEBUG c.i.webscraper.scraper.WebScraper -        Q[55chars] | A[973chars] | Code[4]
2026-06-22 16:21:14.065 [main] DEBUG c.i.webscraper.scraper.WebScraper -        Q[50chars] | A[414chars] | Code[5]
2026-06-22 16:21:14.068 [main] DEBUG c.i.webscraper.scraper.WebScraper -        Q[66chars] | A[860chars] | Code[12]
2026-06-22 16:21:14.071 [main] DEBUG c.i.webscraper.scraper.WebScraper -        Q[54chars] | A[343chars] | Code[8]
2026-06-22 16:21:14.075 [main] DEBUG c.i.webscraper.scraper.WebScraper -        Q[62chars] | A[2627chars] | Code[28]
2026-06-22 16:21:14.075 [main] DEBUG c.i.webscraper.scraper.WebScraper -        Q[60chars] | A[922chars] | Code[2]
2026-06-22 16:21:14.076 [main] DEBUG c.i.webscraper.scraper.WebScraper -        Q[38chars] | A[316chars] | Code[9]
2026-06-22 16:21:14.077 [main] DEBUG c.i.webscraper.scraper.WebScraper -        Q[55chars] | A[915chars] | Code[1]
2026-06-22 16:21:14.078 [main] DEBUG c.i.webscraper.scraper.WebScraper -        Q[52chars] | A[1437chars] | Code[8]
2026-06-22 16:21:14.081 [main] DEBUG c.i.webscraper.scraper.WebScraper -        Q[60chars] | A[429chars] | Code[8]
2026-06-22 16:21:14.083 [main] DEBUG c.i.webscraper.scraper.WebScraper -        Q[91chars] | A[856chars] | Code[2]
2026-06-22 16:21:14.084 [main] DEBUG c.i.webscraper.scraper.WebScraper -        Q[54chars] | A[980chars] | Code[1]
2026-06-22 16:21:14.085 [main] INFO  c.i.webscraper.scraper.WebScraper -      16 Q&A pair(s) extracted.
2026-06-22 16:21:14.085 [main] INFO  c.i.webscraper.scraper.WebScraper -   → Section: 'Threads and Concurrency in Java' (https://interview.in28minutes.com/interview-guides/java/threads-and-concurrency-in-java/)
2026-06-22 16:21:14.085 [main] DEBUG c.i.webscraper.scraper.WebScraper - Sleeping 2500ms (attempt 1/3) before: https://interview.in28minutes.com/interview-guides/java/threads-and-concurrency-in-java/
2026-06-22 16:21:16.816 [main] DEBUG c.i.webscraper.scraper.WebScraper - HTTP 200 ← https://interview.in28minutes.com/interview-guides/java/threads-and-concurrency-in-java/
2026-06-22 16:21:16.840 [main] DEBUG c.i.webscraper.scraper.WebScraper -      21 question heading(s) in 'Threads and Concurrency in Java'.
2026-06-22 16:21:16.843 [main] DEBUG c.i.webscraper.scraper.WebScraper -        Q[78chars] | A[2266chars] | Code[0]
2026-06-22 16:21:16.844 [main] DEBUG c.i.webscraper.scraper.WebScraper -        Q[69chars] | A[276chars] | Code[2]
2026-06-22 16:21:16.844 [main] DEBUG c.i.webscraper.scraper.WebScraper -        Q[49chars] | A[47chars] | Code[1]
2026-06-22 16:21:16.845 [main] DEBUG c.i.webscraper.scraper.WebScraper -        Q[45chars] | A[868chars] | Code[3]
2026-06-22 16:21:16.846 [main] DEBUG c.i.webscraper.scraper.WebScraper -        Q[42chars] | A[736chars] | Code[0]
2026-06-22 16:21:16.847 [main] DEBUG c.i.webscraper.scraper.WebScraper -        Q[30chars] | A[899chars] | Code[1]
2026-06-22 16:21:16.847 [main] DEBUG c.i.webscraper.scraper.WebScraper -        Q[87chars] | A[567chars] | Code[0]
2026-06-22 16:21:16.848 [main] DEBUG c.i.webscraper.scraper.WebScraper -        Q[39chars] | A[1642chars] | Code[3]
2026-06-22 16:21:16.851 [main] DEBUG c.i.webscraper.scraper.WebScraper -        Q[37chars] | A[808chars] | Code[2]
2026-06-22 16:21:16.852 [main] DEBUG c.i.webscraper.scraper.WebScraper -        Q[71chars] | A[1721chars] | Code[5]
2026-06-22 16:21:16.855 [main] DEBUG c.i.webscraper.scraper.WebScraper -        Q[48chars] | A[2294chars] | Code[4]
2026-06-22 16:21:16.859 [main] DEBUG c.i.webscraper.scraper.WebScraper -        Q[31chars] | A[4599chars] | Code[6]
2026-06-22 16:21:16.861 [main] DEBUG c.i.webscraper.scraper.WebScraper -        Q[31chars] | A[760chars] | Code[3]
2026-06-22 16:21:16.861 [main] DEBUG c.i.webscraper.scraper.WebScraper -        Q[28chars] | A[212chars] | Code[1]
2026-06-22 16:21:16.862 [main] DEBUG c.i.webscraper.scraper.WebScraper -        Q[28chars] | A[227chars] | Code[1]
2026-06-22 16:21:16.862 [main] DEBUG c.i.webscraper.scraper.WebScraper -        Q[33chars] | A[230chars] | Code[1]
2026-06-22 16:21:16.863 [main] DEBUG c.i.webscraper.scraper.WebScraper -        Q[61chars] | A[1415chars] | Code[1]
2026-06-22 16:21:16.864 [main] DEBUG c.i.webscraper.scraper.WebScraper -        Q[23chars] | A[344chars] | Code[1]
2026-06-22 16:21:16.868 [main] DEBUG c.i.webscraper.scraper.WebScraper -        Q[41chars] | A[873chars] | Code[2]
2026-06-22 16:21:16.868 [main] DEBUG c.i.webscraper.scraper.WebScraper -        Q[51chars] | A[434chars] | Code[1]
2026-06-22 16:21:16.878 [main] DEBUG c.i.webscraper.scraper.WebScraper -        Q[58chars] | A[580chars] | Code[1]
2026-06-22 16:21:16.879 [main] INFO  c.i.webscraper.scraper.WebScraper -      21 Q&A pair(s) extracted.
2026-06-22 16:21:16.879 [main] INFO  c.i.webscraper.scraper.WebScraper -   → Section: 'Collections in Java' (https://interview.in28minutes.com/interview-guides/java/collections-in-java/)
2026-06-22 16:21:16.879 [main] DEBUG c.i.webscraper.scraper.WebScraper - Sleeping 2500ms (attempt 1/3) before: https://interview.in28minutes.com/interview-guides/java/collections-in-java/
2026-06-22 16:21:20.303 [main] DEBUG c.i.webscraper.scraper.WebScraper - HTTP 200 ← https://interview.in28minutes.com/interview-guides/java/collections-in-java/
2026-06-22 16:21:20.320 [main] DEBUG c.i.webscraper.scraper.WebScraper -      22 question heading(s) in 'Collections in Java'.
2026-06-22 16:21:20.320 [main] DEBUG c.i.webscraper.scraper.WebScraper -        Q[49chars] | A[798chars] | Code[0]
2026-06-22 16:21:20.320 [main] DEBUG c.i.webscraper.scraper.WebScraper -        Q[35chars] | A[643chars] | Code[1]
2026-06-22 16:21:20.321 [main] DEBUG c.i.webscraper.scraper.WebScraper -        Q[74chars] | A[703chars] | Code[0]
2026-06-22 16:21:20.321 [main] DEBUG c.i.webscraper.scraper.WebScraper -        Q[58chars] | A[2387chars] | Code[0]
2026-06-22 16:21:20.321 [main] DEBUG c.i.webscraper.scraper.WebScraper -        Q[53chars] | A[937chars] | Code[1]
2026-06-22 16:21:20.322 [main] DEBUG c.i.webscraper.scraper.WebScraper -        Q[62chars] | A[692chars] | Code[1]
2026-06-22 16:21:20.322 [main] DEBUG c.i.webscraper.scraper.WebScraper -        Q[47chars] | A[488chars] | Code[2]
2026-06-22 16:21:20.323 [main] DEBUG c.i.webscraper.scraper.WebScraper -        Q[51chars] | A[1619chars] | Code[0]
2026-06-22 16:21:20.323 [main] DEBUG c.i.webscraper.scraper.WebScraper -        Q[52chars] | A[1245chars] | Code[5]
2026-06-22 16:21:20.324 [main] DEBUG c.i.webscraper.scraper.WebScraper -        Q[59chars] | A[455chars] | Code[2]
2026-06-22 16:21:20.324 [main] DEBUG c.i.webscraper.scraper.WebScraper -        Q[50chars] | A[1701chars] | Code[1]
2026-06-22 16:21:20.325 [main] DEBUG c.i.webscraper.scraper.WebScraper -        Q[46chars] | A[938chars] | Code[6]
2026-06-22 16:21:20.325 [main] DEBUG c.i.webscraper.scraper.WebScraper -        Q[48chars] | A[579chars] | Code[0]
2026-06-22 16:21:20.326 [main] DEBUG c.i.webscraper.scraper.WebScraper -        Q[43chars] | A[3129chars] | Code[4]
2026-06-22 16:21:20.327 [main] DEBUG c.i.webscraper.scraper.WebScraper -        Q[50chars] | A[1204chars] | Code[1]
2026-06-22 16:21:20.327 [main] DEBUG c.i.webscraper.scraper.WebScraper -        Q[54chars] | A[709chars] | Code[0]
2026-06-22 16:21:20.328 [main] DEBUG c.i.webscraper.scraper.WebScraper -        Q[59chars] | A[515chars] | Code[0]
2026-06-22 16:21:20.328 [main] DEBUG c.i.webscraper.scraper.WebScraper -        Q[44chars] | A[468chars] | Code[0]
2026-06-22 16:21:20.328 [main] DEBUG c.i.webscraper.scraper.WebScraper -        Q[77chars] | A[509chars] | Code[1]
2026-06-22 16:21:20.329 [main] DEBUG c.i.webscraper.scraper.WebScraper -        Q[65chars] | A[867chars] | Code[2]
2026-06-22 16:21:20.329 [main] DEBUG c.i.webscraper.scraper.WebScraper -        Q[59chars] | A[668chars] | Code[3]
2026-06-22 16:21:20.329 [main] DEBUG c.i.webscraper.scraper.WebScraper -        Q[41chars] | A[215chars] | Code[4]
2026-06-22 16:21:20.329 [main] INFO  c.i.webscraper.scraper.WebScraper -      22 Q&A pair(s) extracted.
2026-06-22 16:21:20.329 [main] INFO  c.i.webscraper.scraper.WebScraper -   → Section: 'Generics in Java' (https://interview.in28minutes.com/interview-guides/java/generics-in-java/)
2026-06-22 16:21:20.329 [main] DEBUG c.i.webscraper.scraper.WebScraper - Sleeping 2500ms (attempt 1/3) before: https://interview.in28minutes.com/interview-guides/java/generics-in-java/
2026-06-22 16:21:23.961 [main] DEBUG c.i.webscraper.scraper.WebScraper - HTTP 200 ← https://interview.in28minutes.com/interview-guides/java/generics-in-java/
2026-06-22 16:21:23.973 [main] DEBUG c.i.webscraper.scraper.WebScraper -      5 question heading(s) in 'Generics in Java'.
2026-06-22 16:21:23.974 [main] DEBUG c.i.webscraper.scraper.WebScraper -        Q[32chars] | A[1257chars] | Code[3]
2026-06-22 16:21:23.975 [main] DEBUG c.i.webscraper.scraper.WebScraper -        Q[61chars] | A[1256chars] | Code[3]
2026-06-22 16:21:23.977 [main] DEBUG c.i.webscraper.scraper.WebScraper -        Q[42chars] | A[992chars] | Code[4]
2026-06-22 16:21:23.978 [main] DEBUG c.i.webscraper.scraper.WebScraper -        Q[45chars] | A[868chars] | Code[6]
2026-06-22 16:21:23.979 [main] DEBUG c.i.webscraper.scraper.WebScraper -        Q[50chars] | A[2646chars] | Code[5]
2026-06-22 16:21:23.979 [main] INFO  c.i.webscraper.scraper.WebScraper -      5 Q&A pair(s) extracted.
2026-06-22 16:21:23.979 [main] INFO  c.i.webscraper.scraper.WebScraper -   → Section: 'Modifiers in Java' (https://interview.in28minutes.com/interview-guides/java/modifiers-in-java/)
2026-06-22 16:21:23.981 [main] DEBUG c.i.webscraper.scraper.WebScraper - Sleeping 2500ms (attempt 1/3) before: https://interview.in28minutes.com/interview-guides/java/modifiers-in-java/
2026-06-22 16:21:26.673 [main] DEBUG c.i.webscraper.scraper.WebScraper - HTTP 200 ← https://interview.in28minutes.com/interview-guides/java/modifiers-in-java/
2026-06-22 16:21:26.683 [main] DEBUG c.i.webscraper.scraper.WebScraper -      5 question heading(s) in 'Modifiers in Java'.
2026-06-22 16:21:26.685 [main] DEBUG c.i.webscraper.scraper.WebScraper -        Q[77chars] | A[1764chars] | Code[0]
2026-06-22 16:21:26.686 [main] DEBUG c.i.webscraper.scraper.WebScraper -        Q[59chars] | A[2617chars] | Code[10]
2026-06-22 16:21:26.688 [main] DEBUG c.i.webscraper.scraper.WebScraper -        Q[65chars] | A[924chars] | Code[5]
2026-06-22 16:21:26.688 [main] DEBUG c.i.webscraper.scraper.WebScraper -        Q[68chars] | A[921chars] | Code[6]
2026-06-22 16:21:26.689 [main] DEBUG c.i.webscraper.scraper.WebScraper -        Q[68chars] | A[1359chars] | Code[0]
2026-06-22 16:21:26.689 [main] INFO  c.i.webscraper.scraper.WebScraper -      5 Q&A pair(s) extracted.
2026-06-22 16:21:26.689 [main] INFO  c.i.webscraper.scraper.WebScraper -   → Section: 'Exception Handling in Java' (https://interview.in28minutes.com/interview-guides/java/exception-handling-in-java/)
2026-06-22 16:21:26.690 [main] DEBUG c.i.webscraper.scraper.WebScraper - Sleeping 2500ms (attempt 1/3) before: https://interview.in28minutes.com/interview-guides/java/exception-handling-in-java/
2026-06-22 16:21:30.413 [main] DEBUG c.i.webscraper.scraper.WebScraper - HTTP 200 ← https://interview.in28minutes.com/interview-guides/java/exception-handling-in-java/
2026-06-22 16:21:30.448 [main] DEBUG c.i.webscraper.scraper.WebScraper -      10 question heading(s) in 'Exception Handling in Java'.
2026-06-22 16:21:30.449 [main] DEBUG c.i.webscraper.scraper.WebScraper -        Q[36chars] | A[1041chars] | Code[0]
2026-06-22 16:21:30.451 [main] DEBUG c.i.webscraper.scraper.WebScraper -        Q[50chars] | A[485chars] | Code[1]
2026-06-22 16:21:30.453 [main] DEBUG c.i.webscraper.scraper.WebScraper -        Q[68chars] | A[2098chars] | Code[6]
2026-06-22 16:21:30.454 [main] DEBUG c.i.webscraper.scraper.WebScraper -        Q[61chars] | A[777chars] | Code[1]
2026-06-22 16:21:30.455 [main] DEBUG c.i.webscraper.scraper.WebScraper -        Q[50chars] | A[401chars] | Code[2]
2026-06-22 16:21:30.456 [main] DEBUG c.i.webscraper.scraper.WebScraper -        Q[57chars] | A[323chars] | Code[4]
2026-06-22 16:21:30.456 [main] DEBUG c.i.webscraper.scraper.WebScraper -        Q[51chars] | A[1338chars] | Code[0]
2026-06-22 16:21:30.457 [main] DEBUG c.i.webscraper.scraper.WebScraper -        Q[55chars] | A[1336chars] | Code[2]
2026-06-22 16:21:30.459 [main] DEBUG c.i.webscraper.scraper.WebScraper -        Q[28chars] | A[1206chars] | Code[15]
2026-06-22 16:21:30.461 [main] DEBUG c.i.webscraper.scraper.WebScraper -        Q[67chars] | A[841chars] | Code[3]
2026-06-22 16:21:30.461 [main] INFO  c.i.webscraper.scraper.WebScraper -      10 Q&A pair(s) extracted.
2026-06-22 16:21:30.461 [main] INFO  c.i.webscraper.scraper.WebScraper -   → Section: 'Serialization in Java' (https://interview.in28minutes.com/interview-guides/java/serialization-in-java/)
2026-06-22 16:21:30.462 [main] DEBUG c.i.webscraper.scraper.WebScraper - Sleeping 2500ms (attempt 1/3) before: https://interview.in28minutes.com/interview-guides/java/serialization-in-java/
2026-06-22 16:21:34.051 [main] DEBUG c.i.webscraper.scraper.WebScraper - HTTP 200 ← https://interview.in28minutes.com/interview-guides/java/serialization-in-java/
2026-06-22 16:21:34.062 [main] DEBUG c.i.webscraper.scraper.WebScraper -      7 question heading(s) in 'Serialization in Java'.
2026-06-22 16:21:34.063 [main] DEBUG c.i.webscraper.scraper.WebScraper -        Q[22chars] | A[561chars] | Code[0]
2026-06-22 16:21:34.064 [main] DEBUG c.i.webscraper.scraper.WebScraper -        Q[27chars] | A[274chars] | Code[1]
2026-06-22 16:21:34.065 [main] DEBUG c.i.webscraper.scraper.WebScraper -        Q[37chars] | A[382chars] | Code[1]
2026-06-22 16:21:34.066 [main] DEBUG c.i.webscraper.scraper.WebScraper -        Q[62chars] | A[601chars] | Code[2]
2026-06-22 16:21:34.067 [main] DEBUG c.i.webscraper.scraper.WebScraper -        Q[48chars] | A[321chars] | Code[2]
2026-06-22 16:21:34.068 [main] DEBUG c.i.webscraper.scraper.WebScraper -        Q[49chars] | A[1696chars] | Code[6]
2026-06-22 16:21:34.069 [main] DEBUG c.i.webscraper.scraper.WebScraper -        Q[60chars] | A[1438chars] | Code[2]
2026-06-22 16:21:34.069 [main] INFO  c.i.webscraper.scraper.WebScraper -      7 Q&A pair(s) extracted.
2026-06-22 16:21:34.069 [main] INFO  c.i.webscraper.scraper.WebScraper -   → Section: 'Built-in Classes in Java' (https://interview.in28minutes.com/interview-guides/java/built-in-classes-in-java/)
2026-06-22 16:21:34.069 [main] DEBUG c.i.webscraper.scraper.WebScraper - Sleeping 2500ms (attempt 1/3) before: https://interview.in28minutes.com/interview-guides/java/built-in-classes-in-java/
2026-06-22 16:21:37.250 [main] DEBUG c.i.webscraper.scraper.WebScraper - HTTP 200 ← https://interview.in28minutes.com/interview-guides/java/built-in-classes-in-java/
2026-06-22 16:21:37.259 [main] DEBUG c.i.webscraper.scraper.WebScraper -      9 question heading(s) in 'Built-in Classes in Java'.
2026-06-22 16:21:37.261 [main] DEBUG c.i.webscraper.scraper.WebScraper -        Q[6chars] | A[1216chars] | Code[1]
2026-06-22 16:21:37.262 [main] DEBUG c.i.webscraper.scraper.WebScraper -        Q[4chars] | A[210chars] | Code[2]
2026-06-22 16:21:37.262 [main] DEBUG c.i.webscraper.scraper.WebScraper -        Q[7chars] | A[188chars] | Code[1]
2026-06-22 16:21:37.263 [main] DEBUG c.i.webscraper.scraper.WebScraper -        Q[6chars] | A[211chars] | Code[1]
2026-06-22 16:21:37.263 [main] DEBUG c.i.webscraper.scraper.WebScraper -        Q[11chars] | A[161chars] | Code[1]
2026-06-22 16:21:37.263 [main] DEBUG c.i.webscraper.scraper.WebScraper -        Q[4chars] | A[301chars] | Code[1]
2026-06-22 16:21:37.263 [main] DEBUG c.i.webscraper.scraper.WebScraper -        Q[5chars] | A[1826chars] | Code[2]
2026-06-22 16:21:37.264 [main] DEBUG c.i.webscraper.scraper.WebScraper -        Q[5chars] | A[212chars] | Code[1]
2026-06-22 16:21:37.264 [main] DEBUG c.i.webscraper.scraper.WebScraper -        Q[6chars] | A[188chars] | Code[2]
2026-06-22 16:21:37.264 [main] INFO  c.i.webscraper.scraper.WebScraper -      9 Q&A pair(s) extracted.
2026-06-22 16:21:37.264 [main] INFO  c.i.webscraper.scraper.WebScraper -   → Section: 'Miscellaneous Topics in Java' (https://interview.in28minutes.com/interview-guides/java/miscellaneous-topics-in-java/)
2026-06-22 16:21:37.265 [main] DEBUG c.i.webscraper.scraper.WebScraper - Sleeping 2500ms (attempt 1/3) before: https://interview.in28minutes.com/interview-guides/java/miscellaneous-topics-in-java/
2026-06-22 16:21:40.885 [main] DEBUG c.i.webscraper.scraper.WebScraper - HTTP 200 ← https://interview.in28minutes.com/interview-guides/java/miscellaneous-topics-in-java/
2026-06-22 16:21:40.904 [main] DEBUG c.i.webscraper.scraper.WebScraper -      11 question heading(s) in 'Miscellaneous Topics in Java'.
2026-06-22 16:21:40.906 [main] DEBUG c.i.webscraper.scraper.WebScraper -        Q[53chars] | A[1219chars] | Code[5]
2026-06-22 16:21:40.907 [main] DEBUG c.i.webscraper.scraper.WebScraper -        Q[44chars] | A[689chars] | Code[1]
2026-06-22 16:21:40.908 [main] DEBUG c.i.webscraper.scraper.WebScraper -        Q[48chars] | A[899chars] | Code[2]
2026-06-22 16:21:40.910 [main] DEBUG c.i.webscraper.scraper.WebScraper -        Q[61chars] | A[918chars] | Code[1]
2026-06-22 16:21:40.910 [main] DEBUG c.i.webscraper.scraper.WebScraper -        Q[72chars] | A[795chars] | Code[3]
2026-06-22 16:21:40.911 [main] DEBUG c.i.webscraper.scraper.WebScraper -        Q[30chars] | A[1123chars] | Code[2]
2026-06-22 16:21:40.912 [main] DEBUG c.i.webscraper.scraper.WebScraper -        Q[33chars] | A[683chars] | Code[1]
2026-06-22 16:21:40.914 [main] DEBUG c.i.webscraper.scraper.WebScraper -        Q[54chars] | A[1029chars] | Code[7]
2026-06-22 16:21:40.915 [main] DEBUG c.i.webscraper.scraper.WebScraper -        Q[65chars] | A[637chars] | Code[5]
2026-06-22 16:21:40.916 [main] DEBUG c.i.webscraper.scraper.WebScraper -        Q[61chars] | A[538chars] | Code[4]
2026-06-22 16:21:40.919 [main] DEBUG c.i.webscraper.scraper.WebScraper -        Q[52chars] | A[869chars] | Code[6]
2026-06-22 16:21:40.919 [main] INFO  c.i.webscraper.scraper.WebScraper -      11 Q&A pair(s) extracted.
2026-06-22 16:21:40.919 [main] INFO  c.i.webscraper.scraper.WebScraper -   → Section: 'New Features in Java' (https://interview.in28minutes.com/interview-guides/java/new-features-in-java/)
2026-06-22 16:21:40.920 [main] DEBUG c.i.webscraper.scraper.WebScraper - Sleeping 2500ms (attempt 1/3) before: https://interview.in28minutes.com/interview-guides/java/new-features-in-java/
2026-06-22 16:21:44.266 [main] DEBUG c.i.webscraper.scraper.WebScraper - HTTP 200 ← https://interview.in28minutes.com/interview-guides/java/new-features-in-java/
2026-06-22 16:21:44.274 [main] DEBUG c.i.webscraper.scraper.WebScraper -      3 question heading(s) in 'New Features in Java'.
2026-06-22 16:21:44.275 [main] DEBUG c.i.webscraper.scraper.WebScraper -        Q[29chars] | A[1122chars] | Code[0]
2026-06-22 16:21:44.276 [main] DEBUG c.i.webscraper.scraper.WebScraper -        Q[55chars] | A[1158chars] | Code[12]
2026-06-22 16:21:44.279 [main] DEBUG c.i.webscraper.scraper.WebScraper -        Q[68chars] | A[2207chars] | Code[23]
2026-06-22 16:21:44.279 [main] INFO  c.i.webscraper.scraper.WebScraper -      3 Q&A pair(s) extracted.
2026-06-22 16:21:44.279 [main] INFO  c.i.webscraper.scraper.WebScraper -   → Section: 'Java Interview - Diagrams' (https://interview.in28minutes.com/interview-guides/java/java-interview-diagrams/)
2026-06-22 16:21:44.280 [main] DEBUG c.i.webscraper.scraper.WebScraper - Sleeping 2500ms (attempt 1/3) before: https://interview.in28minutes.com/interview-guides/java/java-interview-diagrams/
2026-06-22 16:21:47.318 [main] DEBUG c.i.webscraper.scraper.WebScraper - HTTP 200 ← https://interview.in28minutes.com/interview-guides/java/java-interview-diagrams/
2026-06-22 16:21:47.322 [main] DEBUG c.i.webscraper.scraper.WebScraper -      7 question heading(s) in 'Java Interview - Diagrams'.
2026-06-22 16:21:47.322 [main] DEBUG c.i.webscraper.scraper.WebScraper -        Q[17chars] | A[0chars] | Code[1]
2026-06-22 16:21:47.322 [main] DEBUG c.i.webscraper.scraper.WebScraper -        Q[26chars] | A[0chars] | Code[1]
2026-06-22 16:21:47.322 [main] DEBUG c.i.webscraper.scraper.WebScraper -        Q[18chars] | A[0chars] | Code[1]
2026-06-22 16:21:47.323 [main] DEBUG c.i.webscraper.scraper.WebScraper -        Q[17chars] | A[0chars] | Code[1]
2026-06-22 16:21:47.323 [main] DEBUG c.i.webscraper.scraper.WebScraper -        Q[44chars] | A[0chars] | Code[1]
2026-06-22 16:21:47.323 [main] DEBUG c.i.webscraper.scraper.WebScraper -        Q[25chars] | A[0chars] | Code[1]
2026-06-22 16:21:47.324 [main] DEBUG c.i.webscraper.scraper.WebScraper -        Q[27chars] | A[141chars] | Code[7]
2026-06-22 16:21:47.324 [main] INFO  c.i.webscraper.scraper.WebScraper -      7 Q&A pair(s) extracted.
2026-06-22 16:21:47.324 [main] INFO  c.i.webscraper.scraper.WebScraper - Topic 'Java' complete → 17 section(s).
2026-06-22 16:21:47.324 [main] INFO  c.i.webscraper.scraper.WebScraper - ---------- Topic: DevOps → https://interview.in28minutes.com/devops/
2026-06-22 16:21:47.324 [main] DEBUG c.i.webscraper.scraper.WebScraper - Sleeping 2500ms (attempt 1/3) before: https://interview.in28minutes.com/devops/
2026-06-22 16:21:51.115 [main] DEBUG c.i.webscraper.scraper.WebScraper - HTTP 200 ← https://interview.in28minutes.com/devops/
2026-06-22 16:21:51.120 [main] DEBUG c.i.webscraper.scraper.WebScraper - Topic 'DevOps' → 2 card(s) found.
2026-06-22 16:21:51.121 [main] INFO  c.i.webscraper.scraper.WebScraper -   → Section: 'DevOps Fundamentals' (https://interview.in28minutes.com/interview-guides/devops/devops-fundamentals/)
2026-06-22 16:21:51.121 [main] DEBUG c.i.webscraper.scraper.WebScraper - Sleeping 2500ms (attempt 1/3) before: https://interview.in28minutes.com/interview-guides/devops/devops-fundamentals/
2026-06-22 16:21:54.475 [main] DEBUG c.i.webscraper.scraper.WebScraper - HTTP 200 ← https://interview.in28minutes.com/interview-guides/devops/devops-fundamentals/
2026-06-22 16:21:54.483 [main] DEBUG c.i.webscraper.scraper.WebScraper -      7 question heading(s) in 'DevOps Fundamentals'.
2026-06-22 16:21:54.484 [main] DEBUG c.i.webscraper.scraper.WebScraper -          Image captured: DevOps → https://interview.in28minutes.com/img/cloud-and-devops/devops.jpg
2026-06-22 16:21:54.485 [main] DEBUG c.i.webscraper.scraper.WebScraper -          Image captured: Environments → https://interview.in28minutes.com/img/cloud-and-devops/environments.jpg
2026-06-22 16:21:54.485 [main] DEBUG c.i.webscraper.scraper.WebScraper -          Image captured: Continuous Deployment → https://interview.in28minutes.com/img/cloud-and-devops/continuous-deployment.jpg
2026-06-22 16:21:54.485 [main] DEBUG c.i.webscraper.scraper.WebScraper -          Image captured: Environments → https://interview.in28minutes.com/img/cloud-and-devops/multiple-containers.jpg
2026-06-22 16:21:54.487 [main] DEBUG c.i.webscraper.scraper.WebScraper -        Q[15chars] | A[3116chars] | Code[0]
2026-06-22 16:21:54.487 [main] DEBUG c.i.webscraper.scraper.WebScraper -          Image captured: Software Development → https://interview.in28minutes.com/img/cloud-and-devops/software-development.jpg
2026-06-22 16:21:54.488 [main] DEBUG c.i.webscraper.scraper.WebScraper -        Q[28chars] | A[1459chars] | Code[0]
2026-06-22 16:21:54.489 [main] DEBUG c.i.webscraper.scraper.WebScraper -          Image captured: continuous deployment → https://interview.in28minutes.com/img/cloud-and-devops/continuous-deployment.jpg
2026-06-22 16:21:54.489 [main] DEBUG c.i.webscraper.scraper.WebScraper -          Image captured: Environments List → https://interview.in28minutes.com/img/cloud-and-devops/environments-list.jpg
2026-06-22 16:21:54.489 [main] DEBUG c.i.webscraper.scraper.WebScraper -        Q[67chars] | A[1946chars] | Code[0]
2026-06-22 16:21:54.490 [main] DEBUG c.i.webscraper.scraper.WebScraper -          Image captured: Environments → https://interview.in28minutes.com/img/cloud-and-devops/environments.jpg
2026-06-22 16:21:54.490 [main] DEBUG c.i.webscraper.scraper.WebScraper -          Image captured: Infrastructure as Code → https://interview.in28minutes.com/img/cloud-and-devops/infrastructure-as-code.jpg
2026-06-22 16:21:54.490 [main] DEBUG c.i.webscraper.scraper.WebScraper -        Q[31chars] | A[1483chars] | Code[0]
2026-06-22 16:21:54.491 [main] DEBUG c.i.webscraper.scraper.WebScraper -          Image captured: Traditional deployment → https://interview.in28minutes.com/img/docker/traditional-deployment.png
2026-06-22 16:21:54.491 [main] DEBUG c.i.webscraper.scraper.WebScraper -          Image captured: Container Orchestration → https://interview.in28minutes.com/img/cloud-and-devops/multiple-containers.jpg
2026-06-22 16:21:54.491 [main] DEBUG c.i.webscraper.scraper.WebScraper -        Q[87chars] | A[2235chars] | Code[0]
2026-06-22 16:21:54.492 [main] DEBUG c.i.webscraper.scraper.WebScraper -          Image captured: Observability → https://interview.in28minutes.com/img/cloud-and-devops/observability.jpg
2026-06-22 16:21:54.492 [main] DEBUG c.i.webscraper.scraper.WebScraper -        Q[22chars] | A[1816chars] | Code[0]
2026-06-22 16:21:54.492 [main] DEBUG c.i.webscraper.scraper.WebScraper -          Image captured: DevOps → https://interview.in28minutes.com/img/cloud-and-devops/devops.jpg
2026-06-22 16:21:54.493 [main] DEBUG c.i.webscraper.scraper.WebScraper -          Image captured: Cloud → https://interview.in28minutes.com/img/cloud-and-devops/cloud.jpg
2026-06-22 16:21:54.493 [main] DEBUG c.i.webscraper.scraper.WebScraper -        Q[33chars] | A[968chars] | Code[0]
2026-06-22 16:21:54.493 [main] INFO  c.i.webscraper.scraper.WebScraper -      7 Q&A pair(s) extracted.
2026-06-22 16:21:54.493 [main] INFO  c.i.webscraper.scraper.WebScraper -   → Section: 'DevOps Interview - Diagrams' (https://interview.in28minutes.com/interview-guides/devops/devops-interview-diagrams/)
2026-06-22 16:21:54.494 [main] DEBUG c.i.webscraper.scraper.WebScraper - Sleeping 2500ms (attempt 1/3) before: https://interview.in28minutes.com/interview-guides/devops/devops-interview-diagrams/
2026-06-22 16:21:57.879 [main] DEBUG c.i.webscraper.scraper.WebScraper - HTTP 200 ← https://interview.in28minutes.com/interview-guides/devops/devops-interview-diagrams/
2026-06-22 16:21:57.884 [main] DEBUG c.i.webscraper.scraper.WebScraper -      10 question heading(s) in 'DevOps Interview - Diagrams'.
2026-06-22 16:21:57.884 [main] DEBUG c.i.webscraper.scraper.WebScraper -          Image captured: Cloud → https://interview.in28minutes.com/img/cloud-and-devops/cloud.jpg
2026-06-22 16:21:57.885 [main] DEBUG c.i.webscraper.scraper.WebScraper -        Q[5chars] | A[81chars] | Code[0]
2026-06-22 16:21:57.885 [main] DEBUG c.i.webscraper.scraper.WebScraper -          Image captured: Elasticity → https://interview.in28minutes.com/img/cloud-and-devops/elasticity.jpg
2026-06-22 16:21:57.885 [main] DEBUG c.i.webscraper.scraper.WebScraper -        Q[10chars] | A[91chars] | Code[0]
2026-06-22 16:21:57.885 [main] DEBUG c.i.webscraper.scraper.WebScraper -          Image captured: DevOps → https://interview.in28minutes.com/img/cloud-and-devops/devops.jpg
2026-06-22 16:21:57.886 [main] DEBUG c.i.webscraper.scraper.WebScraper -        Q[6chars] | A[83chars] | Code[0]
2026-06-22 16:21:57.886 [main] DEBUG c.i.webscraper.scraper.WebScraper -          Image captured: cloud services → https://interview.in28minutes.com/img/cloud-and-devops/cloud-services.jpg
2026-06-22 16:21:57.886 [main] DEBUG c.i.webscraper.scraper.WebScraper -        Q[14chars] | A[99chars] | Code[0]
2026-06-22 16:21:57.886 [main] DEBUG c.i.webscraper.scraper.WebScraper -          Image captured: cloud environment → https://interview.in28minutes.com/img/cloud-and-devops/cloud-environment.jpg
2026-06-22 16:21:57.886 [main] DEBUG c.i.webscraper.scraper.WebScraper -        Q[17chars] | A[105chars] | Code[0]
2026-06-22 16:21:57.887 [main] DEBUG c.i.webscraper.scraper.WebScraper -          Image captured: environments → https://interview.in28minutes.com/img/cloud-and-devops/environments.jpg
2026-06-22 16:21:57.887 [main] DEBUG c.i.webscraper.scraper.WebScraper -        Q[21chars] | A[95chars] | Code[0]
2026-06-22 16:21:57.887 [main] DEBUG c.i.webscraper.scraper.WebScraper -          Image captured: continuous deployment → https://interview.in28minutes.com/img/cloud-and-devops/continuous-deployment.jpg
2026-06-22 16:21:57.888 [main] DEBUG c.i.webscraper.scraper.WebScraper -        Q[30chars] | A[113chars] | Code[0]
2026-06-22 16:21:57.888 [main] DEBUG c.i.webscraper.scraper.WebScraper -          Image captured: continuous integration → https://interview.in28minutes.com/img/cloud-and-devops/continuous-integration.jpg
2026-06-22 16:21:57.888 [main] DEBUG c.i.webscraper.scraper.WebScraper -        Q[21chars] | A[115chars] | Code[0]
2026-06-22 16:21:57.888 [main] DEBUG c.i.webscraper.scraper.WebScraper -          Image captured: Hybrid Cloud → https://interview.in28minutes.com/img/cloud-and-devops/hybrid-cloud.jpg
2026-06-22 16:21:57.888 [main] DEBUG c.i.webscraper.scraper.WebScraper -        Q[12chars] | A[95chars] | Code[0]
2026-06-22 16:21:57.888 [main] DEBUG c.i.webscraper.scraper.WebScraper -          Image captured: Container Orchestration → https://interview.in28minutes.com/img/cloud-and-devops/multiple-containers.jpg
2026-06-22 16:21:57.889 [main] DEBUG c.i.webscraper.scraper.WebScraper -        Q[23chars] | A[113chars] | Code[0]
2026-06-22 16:21:57.889 [main] INFO  c.i.webscraper.scraper.WebScraper -      10 Q&A pair(s) extracted.
2026-06-22 16:21:57.889 [main] INFO  c.i.webscraper.scraper.WebScraper - Topic 'DevOps' complete → 2 section(s).
2026-06-22 16:21:57.889 [main] INFO  c.i.webscraper.scraper.WebScraper - ---------- Topic: Cloud → https://interview.in28minutes.com/cloud/
2026-06-22 16:21:57.889 [main] DEBUG c.i.webscraper.scraper.WebScraper - Sleeping 2500ms (attempt 1/3) before: https://interview.in28minutes.com/cloud/
2026-06-22 16:22:01.051 [main] DEBUG c.i.webscraper.scraper.WebScraper - HTTP 200 ← https://interview.in28minutes.com/cloud/
2026-06-22 16:22:01.055 [main] DEBUG c.i.webscraper.scraper.WebScraper - Topic 'Cloud' → 8 card(s) found.
2026-06-22 16:22:01.055 [main] INFO  c.i.webscraper.scraper.WebScraper -   → Section: 'Cloud Fundamentals' (https://interview.in28minutes.com/interview-guides/cloud/cloud-fundamentals/)
2026-06-22 16:22:01.055 [main] DEBUG c.i.webscraper.scraper.WebScraper - Sleeping 2500ms (attempt 1/3) before: https://interview.in28minutes.com/interview-guides/cloud/cloud-fundamentals/
2026-06-22 16:22:04.128 [main] DEBUG c.i.webscraper.scraper.WebScraper - HTTP 200 ← https://interview.in28minutes.com/interview-guides/cloud/cloud-fundamentals/
2026-06-22 16:22:04.137 [main] DEBUG c.i.webscraper.scraper.WebScraper -      8 question heading(s) in 'Cloud Fundamentals'.
2026-06-22 16:22:04.138 [main] DEBUG c.i.webscraper.scraper.WebScraper -          Image captured: Cloud → https://interview.in28minutes.com/img/cloud-and-devops/cloud.jpg
2026-06-22 16:22:04.139 [main] DEBUG c.i.webscraper.scraper.WebScraper -          Image captured: Elasticity → https://interview.in28minutes.com/img/cloud-and-devops/elasticity.jpg
2026-06-22 16:22:04.139 [main] DEBUG c.i.webscraper.scraper.WebScraper -          Image captured: Regions → https://interview.in28minutes.com/img/cloud-and-devops/regions.jpg
2026-06-22 16:22:04.139 [main] DEBUG c.i.webscraper.scraper.WebScraper -        Q[39chars] | A[1177chars] | Code[0]
2026-06-22 16:22:04.139 [main] DEBUG c.i.webscraper.scraper.WebScraper -          Image captured: Regions → https://interview.in28minutes.com/img/cloud-and-devops/regions.jpg
2026-06-22 16:22:04.140 [main] DEBUG c.i.webscraper.scraper.WebScraper -          Image captured: Zones → https://interview.in28minutes.com/img/cloud-and-devops/zones.jpg
2026-06-22 16:22:04.140 [main] DEBUG c.i.webscraper.scraper.WebScraper -          Image captured: Regions → https://interview.in28minutes.com/img/cloud-and-devops/regions.jpg
2026-06-22 16:22:04.141 [main] DEBUG c.i.webscraper.scraper.WebScraper -        Q[32chars] | A[3379chars] | Code[0]
2026-06-22 16:22:04.142 [main] DEBUG c.i.webscraper.scraper.WebScraper -          Image captured: Hybrid Cloud → https://interview.in28minutes.com/img/cloud-and-devops/hybrid-cloud.jpg
2026-06-22 16:22:04.143 [main] DEBUG c.i.webscraper.scraper.WebScraper -        Q[41chars] | A[1212chars] | Code[0]
2026-06-22 16:22:04.143 [main] DEBUG c.i.webscraper.scraper.WebScraper -          Image captured: Load Balancing → https://interview.in28minutes.com/img/cloud-and-devops/load-balancing.jpg
2026-06-22 16:22:04.144 [main] DEBUG c.i.webscraper.scraper.WebScraper -          Image captured: Cloud Service Models → https://interview.in28minutes.com/img/cloud-and-devops/cloud-service-models.jpg
2026-06-22 16:22:04.145 [main] DEBUG c.i.webscraper.scraper.WebScraper -        Q[34chars] | A[3277chars] | Code[0]
2026-06-22 16:22:04.145 [main] DEBUG c.i.webscraper.scraper.WebScraper -          Image captured: Virtualization → https://interview.in28minutes.com/img/cloud-and-devops/virtual-machines.jpg
2026-06-22 16:22:04.146 [main] DEBUG c.i.webscraper.scraper.WebScraper -        Q[23chars] | A[1317chars] | Code[0]
2026-06-22 16:22:04.146 [main] DEBUG c.i.webscraper.scraper.WebScraper -          Image captured: Virtualization → https://interview.in28minutes.com/img/cloud-and-devops/virtual-machines.jpg
2026-06-22 16:22:04.147 [main] DEBUG c.i.webscraper.scraper.WebScraper -        Q[49chars] | A[3198chars] | Code[0]
2026-06-22 16:22:04.147 [main] DEBUG c.i.webscraper.scraper.WebScraper -          Image captured: Scaling Types → https://interview.in28minutes.com/img/cloud-and-devops/scaling-types.jpg
2026-06-22 16:22:04.148 [main] DEBUG c.i.webscraper.scraper.WebScraper -          Image captured: Virtualization → https://interview.in28minutes.com/img/cloud-and-devops/virtual-machines.jpg
2026-06-22 16:22:04.148 [main] DEBUG c.i.webscraper.scraper.WebScraper -        Q[102chars] | A[4665chars] | Code[0]
2026-06-22 16:22:04.150 [main] DEBUG c.i.webscraper.scraper.WebScraper -        Q[38chars] | A[708chars] | Code[0]
2026-06-22 16:22:04.150 [main] INFO  c.i.webscraper.scraper.WebScraper -      8 Q&A pair(s) extracted.
2026-06-22 16:22:04.150 [main] INFO  c.i.webscraper.scraper.WebScraper -   → Section: 'Cloud Storage and Databases Fundamentals' (https://interview.in28minutes.com/interview-guides/cloud/cloud-storage-and-databases-fundamentals/)
2026-06-22 16:22:04.150 [main] DEBUG c.i.webscraper.scraper.WebScraper - Sleeping 2500ms (attempt 1/3) before: https://interview.in28minutes.com/interview-guides/cloud/cloud-storage-and-databases-fundamentals/
2026-06-22 16:22:07.745 [main] DEBUG c.i.webscraper.scraper.WebScraper - HTTP 200 ← https://interview.in28minutes.com/interview-guides/cloud/cloud-storage-and-databases-fundamentals/
2026-06-22 16:22:07.765 [main] DEBUG c.i.webscraper.scraper.WebScraper -      12 question heading(s) in 'Cloud Storage and Databases Fundamentals'.
2026-06-22 16:22:07.765 [main] DEBUG c.i.webscraper.scraper.WebScraper -          Image captured: database horizontal scaling → https://interview.in28minutes.com/img/cloud-and-devops/database-horizontal-scaling.jpg
2026-06-22 16:22:07.765 [main] DEBUG c.i.webscraper.scraper.WebScraper -          Image captured: database horizontal scaling → https://interview.in28minutes.com/img/cloud-and-devops/database-horizontal-scaling.jpg
2026-06-22 16:22:07.767 [main] DEBUG c.i.webscraper.scraper.WebScraper -          Image captured: database horizontal scaling → https://interview.in28minutes.com/img/cloud-and-devops/database-horizontal-scaling.jpg
2026-06-22 16:22:07.767 [main] DEBUG c.i.webscraper.scraper.WebScraper -          Image captured: database async → https://interview.in28minutes.com/img/cloud-and-devops/database-async.jpg
2026-06-22 16:22:07.767 [main] DEBUG c.i.webscraper.scraper.WebScraper -        Q[49chars] | A[3114chars] | Code[0]
2026-06-22 16:22:07.767 [main] DEBUG c.i.webscraper.scraper.WebScraper -          Image captured: database sync → https://interview.in28minutes.com/img/cloud-and-devops/database-sync.jpg
2026-06-22 16:22:07.768 [main] DEBUG c.i.webscraper.scraper.WebScraper -          Image captured: database sync → https://interview.in28minutes.com/img/cloud-and-devops/database-sync.jpg
2026-06-22 16:22:07.768 [main] DEBUG c.i.webscraper.scraper.WebScraper -          Image captured: database backup → https://interview.in28minutes.com/img/cloud-and-devops/database-backup.jpg
2026-06-22 16:22:07.768 [main] DEBUG c.i.webscraper.scraper.WebScraper -          Image captured: database snapshot → https://interview.in28minutes.com/img/cloud-and-devops/database-snapshot.jpg
2026-06-22 16:22:07.768 [main] DEBUG c.i.webscraper.scraper.WebScraper -        Q[18chars] | A[1624chars] | Code[0]
2026-06-22 16:22:07.768 [main] DEBUG c.i.webscraper.scraper.WebScraper -          Image captured: data formats → https://interview.in28minutes.com/img/cloud-and-devops/data-formats.jpg
2026-06-22 16:22:07.769 [main] DEBUG c.i.webscraper.scraper.WebScraper -        Q[35chars] | A[892chars] | Code[0]
2026-06-22 16:22:07.769 [main] DEBUG c.i.webscraper.scraper.WebScraper -          Image captured: database relational → https://interview.in28minutes.com/img/cloud-and-devops/database-relational.png
2026-06-22 16:22:07.769 [main] DEBUG c.i.webscraper.scraper.WebScraper -          Image captured: database relational column row → https://interview.in28minutes.com/img/cloud-and-devops/database-relational-column-row.jpg
2026-06-22 16:22:07.770 [main] DEBUG c.i.webscraper.scraper.WebScraper -        Q[46chars] | A[2677chars] | Code[0]
2026-06-22 16:22:07.770 [main] DEBUG c.i.webscraper.scraper.WebScraper -          Image captured: data semi structured → https://interview.in28minutes.com/img/cloud-and-devops/data-semi-structured.jpg
2026-06-22 16:22:07.770 [main] DEBUG c.i.webscraper.scraper.WebScraper -          Image captured: database scaling horizontal → https://interview.in28minutes.com/img/cloud-and-devops/database-scaling-horizontal.jpg
2026-06-22 16:22:07.770 [main] DEBUG c.i.webscraper.scraper.WebScraper -          Image captured: database nosql document → https://interview.in28minutes.com/img/cloud-and-devops/database-nosql-document.jpg
2026-06-22 16:22:07.770 [main] DEBUG c.i.webscraper.scraper.WebScraper -          Image captured: database nosql key value → https://interview.in28minutes.com/img/cloud-and-devops/database-nosql-key-value.jpg
2026-06-22 16:22:07.771 [main] DEBUG c.i.webscraper.scraper.WebScraper -          Image captured: database nosql graph → https://interview.in28minutes.com/img/cloud-and-devops/database-nosql-graph.jpg
2026-06-22 16:22:07.771 [main] DEBUG c.i.webscraper.scraper.WebScraper -          Image captured: database nosql columnar → https://interview.in28minutes.com/img/cloud-and-devops/database-nosql-columnar.jpg
2026-06-22 16:22:07.771 [main] DEBUG c.i.webscraper.scraper.WebScraper -        Q[55chars] | A[2694chars] | Code[4]
2026-06-22 16:22:07.771 [main] DEBUG c.i.webscraper.scraper.WebScraper -          Image captured: data unstructured → https://interview.in28minutes.com/img/cloud-and-devops/data-unstructured.jpg
2026-06-22 16:22:07.771 [main] DEBUG c.i.webscraper.scraper.WebScraper -          Image captured: storage types → https://interview.in28minutes.com/img/cloud-and-devops/storage-types.jpg
2026-06-22 16:22:07.772 [main] DEBUG c.i.webscraper.scraper.WebScraper -          Image captured: storage block → https://interview.in28minutes.com/img/cloud-and-devops/storage-block.jpg
2026-06-22 16:22:07.772 [main] DEBUG c.i.webscraper.scraper.WebScraper -          Image captured: storage file → https://interview.in28minutes.com/img/cloud-and-devops/storage-file.jpg
2026-06-22 16:22:07.772 [main] DEBUG c.i.webscraper.scraper.WebScraper -          Image captured: storage object → https://interview.in28minutes.com/img/cloud-and-devops/storage-object.jpg
2026-06-22 16:22:07.772 [main] DEBUG c.i.webscraper.scraper.WebScraper -        Q[67chars] | A[1713chars] | Code[0]
2026-06-22 16:22:07.772 [main] DEBUG c.i.webscraper.scraper.WebScraper -          Image captured: storage block → https://interview.in28minutes.com/img/cloud-and-devops/storage-block.jpg
2026-06-22 16:22:07.772 [main] DEBUG c.i.webscraper.scraper.WebScraper -          Image captured: virtual machines → https://interview.in28minutes.com/img/cloud-and-devops/virtual-machines.jpg
2026-06-22 16:22:07.773 [main] DEBUG c.i.webscraper.scraper.WebScraper -        Q[22chars] | A[2348chars] | Code[0]
2026-06-22 16:22:07.773 [main] DEBUG c.i.webscraper.scraper.WebScraper -          Image captured: storage file → https://interview.in28minutes.com/img/cloud-and-devops/storage-file.jpg
2026-06-22 16:22:07.774 [main] DEBUG c.i.webscraper.scraper.WebScraper -        Q[21chars] | A[1311chars] | Code[0]
2026-06-22 16:22:07.774 [main] DEBUG c.i.webscraper.scraper.WebScraper -          Image captured: storage object → https://interview.in28minutes.com/img/cloud-and-devops/storage-object.jpg
2026-06-22 16:22:07.774 [main] DEBUG c.i.webscraper.scraper.WebScraper -        Q[23chars] | A[2810chars] | Code[0]
2026-06-22 16:22:07.774 [main] DEBUG c.i.webscraper.scraper.WebScraper -          Image captured: hybrid cloud → https://interview.in28minutes.com/img/cloud-and-devops/hybrid-cloud.jpg
2026-06-22 16:22:07.775 [main] DEBUG c.i.webscraper.scraper.WebScraper -        Q[23chars] | A[1179chars] | Code[0]
2026-06-22 16:22:07.775 [main] DEBUG c.i.webscraper.scraper.WebScraper -          Image captured: data analytics warehouse → https://interview.in28minutes.com/img/cloud-and-devops/data-analytics-warehouse.jpg
2026-06-22 16:22:07.775 [main] DEBUG c.i.webscraper.scraper.WebScraper -          Image captured: data analytics process → https://interview.in28minutes.com/img/cloud-and-devops/data-analytics-process.jpg
2026-06-22 16:22:07.776 [main] DEBUG c.i.webscraper.scraper.WebScraper -        Q[36chars] | A[2526chars] | Code[0]
2026-06-22 16:22:07.776 [main] DEBUG c.i.webscraper.scraper.WebScraper -          Image captured: data analytics datalake → https://interview.in28minutes.com/img/cloud-and-devops/data-analytics-datalake.jpg
2026-06-22 16:22:07.776 [main] DEBUG c.i.webscraper.scraper.WebScraper -        Q[35chars] | A[1983chars] | Code[0]
2026-06-22 16:22:07.777 [main] INFO  c.i.webscraper.scraper.WebScraper -      12 Q&A pair(s) extracted.
2026-06-22 16:22:07.777 [main] INFO  c.i.webscraper.scraper.WebScraper -   → Section: 'Asynchronous Communication in the Cloud' (https://interview.in28minutes.com/interview-guides/cloud/asynchronous-communication-in-the-cloud/)
2026-06-22 16:22:07.777 [main] DEBUG c.i.webscraper.scraper.WebScraper - Sleeping 2500ms (attempt 1/3) before: https://interview.in28minutes.com/interview-guides/cloud/asynchronous-communication-in-the-cloud/
2026-06-22 16:22:10.825 [main] DEBUG c.i.webscraper.scraper.WebScraper - HTTP 200 ← https://interview.in28minutes.com/interview-guides/cloud/asynchronous-communication-in-the-cloud/
2026-06-22 16:22:10.831 [main] DEBUG c.i.webscraper.scraper.WebScraper -      6 question heading(s) in 'Asynchronous Communication in the Cloud'.
2026-06-22 16:22:10.831 [main] DEBUG c.i.webscraper.scraper.WebScraper -          Image captured: communication sync → https://interview.in28minutes.com/img/cloud-and-devops/communication-sync.jpg
2026-06-22 16:22:10.832 [main] DEBUG c.i.webscraper.scraper.WebScraper -          Image captured: communication async → https://interview.in28minutes.com/img/cloud-and-devops/communication-async.jpg
2026-06-22 16:22:10.832 [main] DEBUG c.i.webscraper.scraper.WebScraper -        Q[31chars] | A[3167chars] | Code[0]
2026-06-22 16:22:10.832 [main] DEBUG c.i.webscraper.scraper.WebScraper -          Image captured: async pull → https://interview.in28minutes.com/img/cloud-and-devops/async-pull.jpg
2026-06-22 16:22:10.833 [main] DEBUG c.i.webscraper.scraper.WebScraper -        Q[37chars] | A[1812chars] | Code[0]
2026-06-22 16:22:10.834 [main] DEBUG c.i.webscraper.scraper.WebScraper -          Image captured: async push → https://interview.in28minutes.com/img/cloud-and-devops/async-push.jpg
2026-06-22 16:22:10.834 [main] DEBUG c.i.webscraper.scraper.WebScraper -        Q[43chars] | A[1821chars] | Code[0]
2026-06-22 16:22:10.835 [main] DEBUG c.i.webscraper.scraper.WebScraper -          Image captured: async streaming data → https://interview.in28minutes.com/img/cloud-and-devops/async-streaming-data.jpg
2026-06-22 16:22:10.835 [main] DEBUG c.i.webscraper.scraper.WebScraper -        Q[36chars] | A[1953chars] | Code[0]
2026-06-22 16:22:10.837 [main] DEBUG c.i.webscraper.scraper.WebScraper -          Image captured: async event bus → https://interview.in28minutes.com/img/cloud-and-devops/async-event-bus.jpg
2026-06-22 16:22:10.838 [main] DEBUG c.i.webscraper.scraper.WebScraper -        Q[28chars] | A[4075chars] | Code[0]
2026-06-22 16:22:10.838 [main] DEBUG c.i.webscraper.scraper.WebScraper -          Image captured: async workflow → https://interview.in28minutes.com/img/cloud-and-devops/async-workflow.jpg
2026-06-22 16:22:10.839 [main] DEBUG c.i.webscraper.scraper.WebScraper -        Q[44chars] | A[2014chars] | Code[0]
2026-06-22 16:22:10.839 [main] INFO  c.i.webscraper.scraper.WebScraper -      6 Q&A pair(s) extracted.
2026-06-22 16:22:10.839 [main] INFO  c.i.webscraper.scraper.WebScraper -   → Section: 'Networking in the Cloud' (https://interview.in28minutes.com/interview-guides/cloud/networking-in-the-cloud/)
2026-06-22 16:22:10.839 [main] DEBUG c.i.webscraper.scraper.WebScraper - Sleeping 2500ms (attempt 1/3) before: https://interview.in28minutes.com/interview-guides/cloud/networking-in-the-cloud/
2026-06-22 16:22:14.288 [main] DEBUG c.i.webscraper.scraper.WebScraper - HTTP 200 ← https://interview.in28minutes.com/interview-guides/cloud/networking-in-the-cloud/
2026-06-22 16:22:14.294 [main] DEBUG c.i.webscraper.scraper.WebScraper -      7 question heading(s) in 'Networking in the Cloud'.
2026-06-22 16:22:14.295 [main] DEBUG c.i.webscraper.scraper.WebScraper -          Image captured: networking vpc subnet → https://interview.in28minutes.com/img/cloud-and-devops/networking-vpc-subnet.jpg
2026-06-22 16:22:14.295 [main] DEBUG c.i.webscraper.scraper.WebScraper -          Image captured: networking vpc subnet → https://interview.in28minutes.com/img/cloud-and-devops/networking-vpc-subnet.jpg
2026-06-22 16:22:14.295 [main] DEBUG c.i.webscraper.scraper.WebScraper -        Q[65chars] | A[1949chars] | Code[0]
2026-06-22 16:22:14.296 [main] DEBUG c.i.webscraper.scraper.WebScraper -        Q[47chars] | A[1096chars] | Code[0]
2026-06-22 16:22:14.296 [main] DEBUG c.i.webscraper.scraper.WebScraper -          Image captured: networking gateway → https://interview.in28minutes.com/img/cloud-and-devops/networking-gateway.jpg
2026-06-22 16:22:14.296 [main] DEBUG c.i.webscraper.scraper.WebScraper -          Image captured: networking vpn → https://interview.in28minutes.com/img/cloud-and-devops/networking-vpn.jpg
2026-06-22 16:22:14.297 [main] DEBUG c.i.webscraper.scraper.WebScraper -        Q[47chars] | A[2311chars] | Code[0]
2026-06-22 16:22:14.297 [main] DEBUG c.i.webscraper.scraper.WebScraper -          Image captured: networking vpc subnet → https://interview.in28minutes.com/img/cloud-and-devops/networking-vpc-subnet.jpg
2026-06-22 16:22:14.297 [main] DEBUG c.i.webscraper.scraper.WebScraper -        Q[65chars] | A[1265chars] | Code[0]
2026-06-22 16:22:14.297 [main] DEBUG c.i.webscraper.scraper.WebScraper -          Image captured: networking vpn → https://interview.in28minutes.com/img/cloud-and-devops/networking-vpn.jpg
2026-06-22 16:22:14.298 [main] DEBUG c.i.webscraper.scraper.WebScraper -        Q[37chars] | A[1081chars] | Code[0]
2026-06-22 16:22:14.298 [main] DEBUG c.i.webscraper.scraper.WebScraper -        Q[37chars] | A[1105chars] | Code[0]
2026-06-22 16:22:14.299 [main] DEBUG c.i.webscraper.scraper.WebScraper -        Q[53chars] | A[1751chars] | Code[0]
2026-06-22 16:22:14.299 [main] INFO  c.i.webscraper.scraper.WebScraper -      7 Q&A pair(s) extracted.
2026-06-22 16:22:14.299 [main] INFO  c.i.webscraper.scraper.WebScraper -   → Section: 'Cost Management in the Cloud' (https://interview.in28minutes.com/interview-guides/cloud/cost-management-in-the-cloud/)
2026-06-22 16:22:14.299 [main] DEBUG c.i.webscraper.scraper.WebScraper - Sleeping 2500ms (attempt 1/3) before: https://interview.in28minutes.com/interview-guides/cloud/cost-management-in-the-cloud/
2026-06-22 16:22:17.320 [main] DEBUG c.i.webscraper.scraper.WebScraper - HTTP 200 ← https://interview.in28minutes.com/interview-guides/cloud/cost-management-in-the-cloud/
2026-06-22 16:22:17.325 [main] DEBUG c.i.webscraper.scraper.WebScraper -      6 question heading(s) in 'Cost Management in the Cloud'.
2026-06-22 16:22:17.326 [main] DEBUG c.i.webscraper.scraper.WebScraper -          Image captured: cost management 1 → https://interview.in28minutes.com/img/cloud-and-devops/cost-management-1.jpg
2026-06-22 16:22:17.326 [main] DEBUG c.i.webscraper.scraper.WebScraper -        Q[38chars] | A[1127chars] | Code[0]
2026-06-22 16:22:17.327 [main] DEBUG c.i.webscraper.scraper.WebScraper -          Image captured: cost management 2 → https://interview.in28minutes.com/img/cloud-and-devops/cost-management-2.jpg
2026-06-22 16:22:17.327 [main] DEBUG c.i.webscraper.scraper.WebScraper -        Q[21chars] | A[1187chars] | Code[0]
2026-06-22 16:22:17.327 [main] DEBUG c.i.webscraper.scraper.WebScraper -          Image captured: cost management 2 → https://interview.in28minutes.com/img/cloud-and-devops/cost-management-2.jpg
2026-06-22 16:22:17.328 [main] DEBUG c.i.webscraper.scraper.WebScraper -        Q[56chars] | A[789chars] | Code[0]
2026-06-22 16:22:17.328 [main] DEBUG c.i.webscraper.scraper.WebScraper -          Image captured: cost management 3 → https://interview.in28minutes.com/img/cloud-and-devops/cost-management-3.jpg
2026-06-22 16:22:17.328 [main] DEBUG c.i.webscraper.scraper.WebScraper -        Q[39chars] | A[1368chars] | Code[0]
2026-06-22 16:22:17.328 [main] DEBUG c.i.webscraper.scraper.WebScraper -          Image captured: cost management 1 → https://interview.in28minutes.com/img/cloud-and-devops/cost-management-1.jpg
2026-06-22 16:22:17.329 [main] DEBUG c.i.webscraper.scraper.WebScraper -        Q[15chars] | A[1711chars] | Code[0]
2026-06-22 16:22:17.329 [main] DEBUG c.i.webscraper.scraper.WebScraper -        Q[68chars] | A[1092chars] | Code[0]
2026-06-22 16:22:17.329 [main] INFO  c.i.webscraper.scraper.WebScraper -      6 Q&A pair(s) extracted.
2026-06-22 16:22:17.330 [main] INFO  c.i.webscraper.scraper.WebScraper -   → Section: 'AI, ML and Generative AI in the Cloud' (https://interview.in28minutes.com/interview-guides/cloud/ai-ml-and-generative-ai-in-the-cloud/)
2026-06-22 16:22:17.330 [main] DEBUG c.i.webscraper.scraper.WebScraper - Sleeping 2500ms (attempt 1/3) before: https://interview.in28minutes.com/interview-guides/cloud/ai-ml-and-generative-ai-in-the-cloud/
2026-06-22 16:22:20.477 [main] DEBUG c.i.webscraper.scraper.WebScraper - HTTP 200 ← https://interview.in28minutes.com/interview-guides/cloud/ai-ml-and-generative-ai-in-the-cloud/
2026-06-22 16:22:20.481 [main] DEBUG c.i.webscraper.scraper.WebScraper -      5 question heading(s) in 'AI, ML and Generative AI in the Cloud'.
2026-06-22 16:22:20.482 [main] DEBUG c.i.webscraper.scraper.WebScraper -          Image captured: ai ml gen ai → https://interview.in28minutes.com/img/cloud-and-devops/ai-ml-gen-ai.jpg
2026-06-22 16:22:20.482 [main] DEBUG c.i.webscraper.scraper.WebScraper -          Image captured: ai ml gen ai → https://interview.in28minutes.com/img/cloud-and-devops/ai-ml-gen-ai.jpg
2026-06-22 16:22:20.484 [main] DEBUG c.i.webscraper.scraper.WebScraper -        Q[16chars] | A[1788chars] | Code[0]
2026-06-22 16:22:20.484 [main] DEBUG c.i.webscraper.scraper.WebScraper -          Image captured: ai ml stages → https://interview.in28minutes.com/img/cloud-and-devops/ai-ml-stages.jpg
2026-06-22 16:22:20.484 [main] DEBUG c.i.webscraper.scraper.WebScraper -        Q[53chars] | A[945chars] | Code[0]
2026-06-22 16:22:20.484 [main] DEBUG c.i.webscraper.scraper.WebScraper -          Image captured: ai ml gen ai → https://interview.in28minutes.com/img/cloud-and-devops/ai-ml-gen-ai.jpg
2026-06-22 16:22:20.485 [main] DEBUG c.i.webscraper.scraper.WebScraper -          Image captured: ai ml gen ai complex training → https://interview.in28minutes.com/img/cloud-and-devops/ai-ml-gen-ai-complex-training.jpg
2026-06-22 16:22:20.485 [main] DEBUG c.i.webscraper.scraper.WebScraper -        Q[22chars] | A[3012chars] | Code[0]
2026-06-22 16:22:20.486 [main] DEBUG c.i.webscraper.scraper.WebScraper -          Image captured: ai ml gen ai → https://interview.in28minutes.com/img/cloud-and-devops/ai-ml-gen-ai.jpg
2026-06-22 16:22:20.486 [main] DEBUG c.i.webscraper.scraper.WebScraper -        Q[52chars] | A[2698chars] | Code[0]
2026-06-22 16:22:20.487 [main] DEBUG c.i.webscraper.scraper.WebScraper -        Q[59chars] | A[1130chars] | Code[0]
2026-06-22 16:22:20.487 [main] INFO  c.i.webscraper.scraper.WebScraper -      5 Q&A pair(s) extracted.
2026-06-22 16:22:20.487 [main] INFO  c.i.webscraper.scraper.WebScraper -   → Section: 'Security in the Cloud' (https://interview.in28minutes.com/interview-guides/cloud/security-in-the-cloud/)
2026-06-22 16:22:20.487 [main] DEBUG c.i.webscraper.scraper.WebScraper - Sleeping 2500ms (attempt 1/3) before: https://interview.in28minutes.com/interview-guides/cloud/security-in-the-cloud/
2026-06-22 16:22:23.933 [main] DEBUG c.i.webscraper.scraper.WebScraper - HTTP 200 ← https://interview.in28minutes.com/interview-guides/cloud/security-in-the-cloud/
2026-06-22 16:22:23.940 [main] DEBUG c.i.webscraper.scraper.WebScraper -      7 question heading(s) in 'Security in the Cloud'.
2026-06-22 16:22:23.941 [main] DEBUG c.i.webscraper.scraper.WebScraper -          Image captured: encryption one key → https://interview.in28minutes.com/img/cloud-and-devops/encryption-one-key.jpg
2026-06-22 16:22:23.941 [main] DEBUG c.i.webscraper.scraper.WebScraper -          Image captured: encryption two keys → https://interview.in28minutes.com/img/cloud-and-devops/encryption-two-keys.jpg
2026-06-22 16:22:23.942 [main] DEBUG c.i.webscraper.scraper.WebScraper -        Q[31chars] | A[3151chars] | Code[0]
2026-06-22 16:22:23.943 [main] DEBUG c.i.webscraper.scraper.WebScraper -        Q[43chars] | A[3777chars] | Code[0]
2026-06-22 16:22:23.943 [main] DEBUG c.i.webscraper.scraper.WebScraper -        Q[22chars] | A[1392chars] | Code[0]
2026-06-22 16:22:23.944 [main] DEBUG c.i.webscraper.scraper.WebScraper -        Q[14chars] | A[1377chars] | Code[0]
2026-06-22 16:22:23.944 [main] DEBUG c.i.webscraper.scraper.WebScraper -        Q[51chars] | A[1442chars] | Code[0]
2026-06-22 16:22:23.945 [main] DEBUG c.i.webscraper.scraper.WebScraper -        Q[34chars] | A[1374chars] | Code[0]
2026-06-22 16:22:23.946 [main] DEBUG c.i.webscraper.scraper.WebScraper -        Q[24chars] | A[2328chars] | Code[0]
2026-06-22 16:22:23.946 [main] INFO  c.i.webscraper.scraper.WebScraper -      7 Q&A pair(s) extracted.
2026-06-22 16:22:23.946 [main] INFO  c.i.webscraper.scraper.WebScraper -   → Section: 'Cloud Interview - Diagrams' (https://interview.in28minutes.com/interview-guides/cloud/cloud-interview-diagrams/)
2026-06-22 16:22:23.946 [main] DEBUG c.i.webscraper.scraper.WebScraper - Sleeping 2500ms (attempt 1/3) before: https://interview.in28minutes.com/interview-guides/cloud/cloud-interview-diagrams/
2026-06-22 16:22:27.366 [main] DEBUG c.i.webscraper.scraper.WebScraper - HTTP 200 ← https://interview.in28minutes.com/interview-guides/cloud/cloud-interview-diagrams/
2026-06-22 16:22:27.368 [main] DEBUG c.i.webscraper.scraper.WebScraper -      10 question heading(s) in 'Cloud Interview - Diagrams'.
2026-06-22 16:22:27.368 [main] DEBUG c.i.webscraper.scraper.WebScraper -          Image captured: Cloud → https://interview.in28minutes.com/img/cloud-and-devops/cloud.jpg
2026-06-22 16:22:27.368 [main] DEBUG c.i.webscraper.scraper.WebScraper -        Q[5chars] | A[81chars] | Code[0]
2026-06-22 16:22:27.368 [main] DEBUG c.i.webscraper.scraper.WebScraper -          Image captured: Elasticity → https://interview.in28minutes.com/img/cloud-and-devops/elasticity.jpg
2026-06-22 16:22:27.368 [main] DEBUG c.i.webscraper.scraper.WebScraper -        Q[10chars] | A[91chars] | Code[0]
2026-06-22 16:22:27.368 [main] DEBUG c.i.webscraper.scraper.WebScraper -          Image captured: DevOps → https://interview.in28minutes.com/img/cloud-and-devops/devops.jpg
2026-06-22 16:22:27.368 [main] DEBUG c.i.webscraper.scraper.WebScraper -        Q[6chars] | A[83chars] | Code[0]
2026-06-22 16:22:27.368 [main] DEBUG c.i.webscraper.scraper.WebScraper -          Image captured: cloud services → https://interview.in28minutes.com/img/cloud-and-devops/cloud-services.jpg
2026-06-22 16:22:27.368 [main] DEBUG c.i.webscraper.scraper.WebScraper -        Q[14chars] | A[99chars] | Code[0]
2026-06-22 16:22:27.368 [main] DEBUG c.i.webscraper.scraper.WebScraper -          Image captured: cloud environment → https://interview.in28minutes.com/img/cloud-and-devops/cloud-environment.jpg
2026-06-22 16:22:27.368 [main] DEBUG c.i.webscraper.scraper.WebScraper -        Q[17chars] | A[105chars] | Code[0]
2026-06-22 16:22:27.368 [main] DEBUG c.i.webscraper.scraper.WebScraper -          Image captured: environments → https://interview.in28minutes.com/img/cloud-and-devops/environments.jpg
2026-06-22 16:22:27.368 [main] DEBUG c.i.webscraper.scraper.WebScraper -        Q[21chars] | A[95chars] | Code[0]
2026-06-22 16:22:27.368 [main] DEBUG c.i.webscraper.scraper.WebScraper -          Image captured: continuous deployment → https://interview.in28minutes.com/img/cloud-and-devops/continuous-deployment.jpg
2026-06-22 16:22:27.368 [main] DEBUG c.i.webscraper.scraper.WebScraper -        Q[30chars] | A[113chars] | Code[0]
2026-06-22 16:22:27.368 [main] DEBUG c.i.webscraper.scraper.WebScraper -          Image captured: continuous integration → https://interview.in28minutes.com/img/cloud-and-devops/continuous-integration.jpg
2026-06-22 16:22:27.368 [main] DEBUG c.i.webscraper.scraper.WebScraper -        Q[21chars] | A[115chars] | Code[0]
2026-06-22 16:22:27.368 [main] DEBUG c.i.webscraper.scraper.WebScraper -          Image captured: Hybrid Cloud → https://interview.in28minutes.com/img/cloud-and-devops/hybrid-cloud.jpg
2026-06-22 16:22:27.368 [main] DEBUG c.i.webscraper.scraper.WebScraper -        Q[12chars] | A[95chars] | Code[0]
2026-06-22 16:22:27.369 [main] DEBUG c.i.webscraper.scraper.WebScraper -          Image captured: Container Orchestration → https://interview.in28minutes.com/img/cloud-and-devops/multiple-containers.jpg
2026-06-22 16:22:27.369 [main] DEBUG c.i.webscraper.scraper.WebScraper -        Q[23chars] | A[113chars] | Code[0]
2026-06-22 16:22:27.369 [main] INFO  c.i.webscraper.scraper.WebScraper -      10 Q&A pair(s) extracted.
2026-06-22 16:22:27.369 [main] INFO  c.i.webscraper.scraper.WebScraper - Topic 'Cloud' complete → 8 section(s).
2026-06-22 16:22:27.369 [main] INFO  c.i.webscraper.scraper.WebScraper - ---------- Topic: Docker → https://interview.in28minutes.com/docker/
2026-06-22 16:22:27.369 [main] DEBUG c.i.webscraper.scraper.WebScraper - Sleeping 2500ms (attempt 1/3) before: https://interview.in28minutes.com/docker/
2026-06-22 16:22:30.804 [main] DEBUG c.i.webscraper.scraper.WebScraper - HTTP 200 ← https://interview.in28minutes.com/docker/
2026-06-22 16:22:30.808 [main] DEBUG c.i.webscraper.scraper.WebScraper - Topic 'Docker' → 10 card(s) found.
2026-06-22 16:22:30.809 [main] INFO  c.i.webscraper.scraper.WebScraper -   → Section: 'Docker Fundamentals' (https://interview.in28minutes.com/interview-guides/docker/docker-fundamentals/)
2026-06-22 16:22:30.809 [main] DEBUG c.i.webscraper.scraper.WebScraper - Sleeping 2500ms (attempt 1/3) before: https://interview.in28minutes.com/interview-guides/docker/docker-fundamentals/
2026-06-22 16:22:33.967 [main] DEBUG c.i.webscraper.scraper.WebScraper - HTTP 200 ← https://interview.in28minutes.com/interview-guides/docker/docker-fundamentals/
2026-06-22 16:22:33.973 [main] DEBUG c.i.webscraper.scraper.WebScraper -      6 question heading(s) in 'Docker Fundamentals'.
2026-06-22 16:22:33.973 [main] DEBUG c.i.webscraper.scraper.WebScraper -        Q[60chars] | A[523chars] | Code[0]
2026-06-22 16:22:33.973 [main] DEBUG c.i.webscraper.scraper.WebScraper -        Q[82chars] | A[337chars] | Code[0]
2026-06-22 16:22:33.974 [main] DEBUG c.i.webscraper.scraper.WebScraper -        Q[40chars] | A[390chars] | Code[0]
2026-06-22 16:22:33.974 [main] DEBUG c.i.webscraper.scraper.WebScraper -        Q[44chars] | A[678chars] | Code[0]
2026-06-22 16:22:33.974 [main] DEBUG c.i.webscraper.scraper.WebScraper -        Q[54chars] | A[955chars] | Code[0]
2026-06-22 16:22:33.975 [main] DEBUG c.i.webscraper.scraper.WebScraper -        Q[63chars] | A[1637chars] | Code[0]
2026-06-22 16:22:33.975 [main] INFO  c.i.webscraper.scraper.WebScraper -      6 Q&A pair(s) extracted.
2026-06-22 16:22:33.975 [main] INFO  c.i.webscraper.scraper.WebScraper -   → Section: 'Building Docker Images' (https://interview.in28minutes.com/interview-guides/docker/building-docker-images/)
2026-06-22 16:22:33.975 [main] DEBUG c.i.webscraper.scraper.WebScraper - Sleeping 2500ms (attempt 1/3) before: https://interview.in28minutes.com/interview-guides/docker/building-docker-images/
2026-06-22 16:22:37.401 [main] DEBUG c.i.webscraper.scraper.WebScraper - HTTP 200 ← https://interview.in28minutes.com/interview-guides/docker/building-docker-images/
2026-06-22 16:22:37.415 [main] DEBUG c.i.webscraper.scraper.WebScraper -      13 question heading(s) in 'Building Docker Images'.
2026-06-22 16:22:37.416 [main] DEBUG c.i.webscraper.scraper.WebScraper -        Q[54chars] | A[171chars] | Code[3]
2026-06-22 16:22:37.416 [main] DEBUG c.i.webscraper.scraper.WebScraper -        Q[21chars] | A[665chars] | Code[0]
2026-06-22 16:22:37.416 [main] DEBUG c.i.webscraper.scraper.WebScraper -        Q[35chars] | A[333chars] | Code[0]
2026-06-22 16:22:37.417 [main] DEBUG c.i.webscraper.scraper.WebScraper -        Q[87chars] | A[1092chars] | Code[7]
2026-06-22 16:22:37.417 [main] DEBUG c.i.webscraper.scraper.WebScraper -        Q[47chars] | A[214chars] | Code[1]
2026-06-22 16:22:37.417 [main] DEBUG c.i.webscraper.scraper.WebScraper -        Q[59chars] | A[659chars] | Code[1]
2026-06-22 16:22:37.417 [main] DEBUG c.i.webscraper.scraper.WebScraper -        Q[59chars] | A[510chars] | Code[2]
2026-06-22 16:22:37.419 [main] DEBUG c.i.webscraper.scraper.WebScraper -        Q[55chars] | A[1459chars] | Code[2]
2026-06-22 16:22:37.419 [main] DEBUG c.i.webscraper.scraper.WebScraper -        Q[92chars] | A[1309chars] | Code[2]
2026-06-22 16:22:37.419 [main] DEBUG c.i.webscraper.scraper.WebScraper -        Q[62chars] | A[725chars] | Code[4]
2026-06-22 16:22:37.420 [main] DEBUG c.i.webscraper.scraper.WebScraper -        Q[46chars] | A[313chars] | Code[1]
2026-06-22 16:22:37.420 [main] DEBUG c.i.webscraper.scraper.WebScraper -        Q[44chars] | A[680chars] | Code[1]
2026-06-22 16:22:37.420 [main] DEBUG c.i.webscraper.scraper.WebScraper -        Q[36chars] | A[768chars] | Code[0]
2026-06-22 16:22:37.420 [main] INFO  c.i.webscraper.scraper.WebScraper -      13 Q&A pair(s) extracted.
2026-06-22 16:22:37.420 [main] INFO  c.i.webscraper.scraper.WebScraper -   → Section: 'Managing Docker Containers' (https://interview.in28minutes.com/interview-guides/docker/managing-docker-containers/)
2026-06-22 16:22:37.420 [main] DEBUG c.i.webscraper.scraper.WebScraper - Sleeping 2500ms (attempt 1/3) before: https://interview.in28minutes.com/interview-guides/docker/managing-docker-containers/
2026-06-22 16:22:40.585 [main] DEBUG c.i.webscraper.scraper.WebScraper - HTTP 200 ← https://interview.in28minutes.com/interview-guides/docker/managing-docker-containers/
2026-06-22 16:22:40.593 [main] DEBUG c.i.webscraper.scraper.WebScraper -      5 question heading(s) in 'Managing Docker Containers'.
2026-06-22 16:22:40.593 [main] DEBUG c.i.webscraper.scraper.WebScraper -        Q[50chars] | A[416chars] | Code[0]
2026-06-22 16:22:40.595 [main] DEBUG c.i.webscraper.scraper.WebScraper -        Q[47chars] | A[2156chars] | Code[33]
2026-06-22 16:22:40.596 [main] DEBUG c.i.webscraper.scraper.WebScraper -        Q[108chars] | A[151chars] | Code[3]
2026-06-22 16:22:40.597 [main] DEBUG c.i.webscraper.scraper.WebScraper -        Q[38chars] | A[535chars] | Code[9]
2026-06-22 16:22:40.597 [main] DEBUG c.i.webscraper.scraper.WebScraper -        Q[101chars] | A[775chars] | Code[16]
2026-06-22 16:22:40.598 [main] INFO  c.i.webscraper.scraper.WebScraper -      5 Q&A pair(s) extracted.
2026-06-22 16:22:40.598 [main] INFO  c.i.webscraper.scraper.WebScraper -   → Section: 'Persisting Data in Docker' (https://interview.in28minutes.com/interview-guides/docker/persisting-data-in-docker/)
2026-06-22 16:22:40.598 [main] DEBUG c.i.webscraper.scraper.WebScraper - Sleeping 2500ms (attempt 1/3) before: https://interview.in28minutes.com/interview-guides/docker/persisting-data-in-docker/
2026-06-22 16:22:43.930 [main] DEBUG c.i.webscraper.scraper.WebScraper - HTTP 200 ← https://interview.in28minutes.com/interview-guides/docker/persisting-data-in-docker/
2026-06-22 16:22:43.939 [main] DEBUG c.i.webscraper.scraper.WebScraper -      8 question heading(s) in 'Persisting Data in Docker'.
2026-06-22 16:22:43.939 [main] DEBUG c.i.webscraper.scraper.WebScraper -        Q[46chars] | A[813chars] | Code[0]
2026-06-22 16:22:43.940 [main] DEBUG c.i.webscraper.scraper.WebScraper -        Q[27chars] | A[941chars] | Code[6]
2026-06-22 16:22:43.941 [main] DEBUG c.i.webscraper.scraper.WebScraper -        Q[39chars] | A[310chars] | Code[7]
2026-06-22 16:22:43.941 [main] DEBUG c.i.webscraper.scraper.WebScraper -        Q[35chars] | A[574chars] | Code[2]
2026-06-22 16:22:43.942 [main] DEBUG c.i.webscraper.scraper.WebScraper -        Q[29chars] | A[732chars] | Code[0]
2026-06-22 16:22:43.943 [main] DEBUG c.i.webscraper.scraper.WebScraper -        Q[57chars] | A[805chars] | Code[10]
2026-06-22 16:22:43.944 [main] DEBUG c.i.webscraper.scraper.WebScraper -        Q[65chars] | A[695chars] | Code[0]
2026-06-22 16:22:43.944 [main] DEBUG c.i.webscraper.scraper.WebScraper -        Q[24chars] | A[1109chars] | Code[0]
2026-06-22 16:22:43.944 [main] INFO  c.i.webscraper.scraper.WebScraper -      8 Q&A pair(s) extracted.
2026-06-22 16:22:43.945 [main] INFO  c.i.webscraper.scraper.WebScraper -   → Section: 'Docker Networking' (https://interview.in28minutes.com/interview-guides/docker/docker-networking/)
2026-06-22 16:22:43.945 [main] DEBUG c.i.webscraper.scraper.WebScraper - Sleeping 2500ms (attempt 1/3) before: https://interview.in28minutes.com/interview-guides/docker/docker-networking/
2026-06-22 16:22:47.294 [main] DEBUG c.i.webscraper.scraper.WebScraper - HTTP 200 ← https://interview.in28minutes.com/interview-guides/docker/docker-networking/
2026-06-22 16:22:47.299 [main] DEBUG c.i.webscraper.scraper.WebScraper -      7 question heading(s) in 'Docker Networking'.
2026-06-22 16:22:47.300 [main] DEBUG c.i.webscraper.scraper.WebScraper -        Q[36chars] | A[749chars] | Code[0]
2026-06-22 16:22:47.300 [main] DEBUG c.i.webscraper.scraper.WebScraper -        Q[42chars] | A[2776chars] | Code[6]
2026-06-22 16:22:47.301 [main] DEBUG c.i.webscraper.scraper.WebScraper -        Q[55chars] | A[206chars] | Code[4]
2026-06-22 16:22:47.301 [main] DEBUG c.i.webscraper.scraper.WebScraper -        Q[61chars] | A[358chars] | Code[2]
2026-06-22 16:22:47.301 [main] DEBUG c.i.webscraper.scraper.WebScraper -        Q[63chars] | A[219chars] | Code[1]
2026-06-22 16:22:47.302 [main] DEBUG c.i.webscraper.scraper.WebScraper -        Q[55chars] | A[445chars] | Code[1]
2026-06-22 16:22:47.302 [main] DEBUG c.i.webscraper.scraper.WebScraper -        Q[106chars] | A[409chars] | Code[2]
2026-06-22 16:22:47.302 [main] INFO  c.i.webscraper.scraper.WebScraper -      7 Q&A pair(s) extracted.
2026-06-22 16:22:47.302 [main] INFO  c.i.webscraper.scraper.WebScraper -   → Section: 'Docker Security' (https://interview.in28minutes.com/interview-guides/docker/docker-security/)
2026-06-22 16:22:47.302 [main] DEBUG c.i.webscraper.scraper.WebScraper - Sleeping 2500ms (attempt 1/3) before: https://interview.in28minutes.com/interview-guides/docker/docker-security/
2026-06-22 16:22:50.478 [main] DEBUG c.i.webscraper.scraper.WebScraper - HTTP 200 ← https://interview.in28minutes.com/interview-guides/docker/docker-security/
2026-06-22 16:22:50.484 [main] DEBUG c.i.webscraper.scraper.WebScraper -      9 question heading(s) in 'Docker Security'.
2026-06-22 16:22:50.485 [main] DEBUG c.i.webscraper.scraper.WebScraper -        Q[36chars] | A[733chars] | Code[0]
2026-06-22 16:22:50.485 [main] DEBUG c.i.webscraper.scraper.WebScraper -        Q[53chars] | A[1621chars] | Code[0]
2026-06-22 16:22:50.486 [main] DEBUG c.i.webscraper.scraper.WebScraper -        Q[45chars] | A[303chars] | Code[1]
2026-06-22 16:22:50.486 [main] DEBUG c.i.webscraper.scraper.WebScraper -        Q[54chars] | A[1036chars] | Code[1]
2026-06-22 16:22:50.486 [main] DEBUG c.i.webscraper.scraper.WebScraper -        Q[43chars] | A[1965chars] | Code[5]
2026-06-22 16:22:50.487 [main] DEBUG c.i.webscraper.scraper.WebScraper -        Q[74chars] | A[878chars] | Code[3]
2026-06-22 16:22:50.488 [main] DEBUG c.i.webscraper.scraper.WebScraper -        Q[53chars] | A[1020chars] | Code[0]
2026-06-22 16:22:50.488 [main] DEBUG c.i.webscraper.scraper.WebScraper -        Q[44chars] | A[1841chars] | Code[0]
2026-06-22 16:22:50.489 [main] DEBUG c.i.webscraper.scraper.WebScraper -        Q[42chars] | A[1142chars] | Code[1]
2026-06-22 16:22:50.489 [main] INFO  c.i.webscraper.scraper.WebScraper -      9 Q&A pair(s) extracted.
2026-06-22 16:22:50.489 [main] INFO  c.i.webscraper.scraper.WebScraper -   → Section: 'Docker Compose' (https://interview.in28minutes.com/interview-guides/docker/docker-compose/)
2026-06-22 16:22:50.489 [main] DEBUG c.i.webscraper.scraper.WebScraper - Sleeping 2500ms (attempt 1/3) before: https://interview.in28minutes.com/interview-guides/docker/docker-compose/
2026-06-22 16:22:53.588 [main] DEBUG c.i.webscraper.scraper.WebScraper - HTTP 200 ← https://interview.in28minutes.com/interview-guides/docker/docker-compose/
2026-06-22 16:22:53.595 [main] DEBUG c.i.webscraper.scraper.WebScraper -      6 question heading(s) in 'Docker Compose'.
2026-06-22 16:22:53.596 [main] DEBUG c.i.webscraper.scraper.WebScraper -        Q[36chars] | A[2369chars] | Code[4]
2026-06-22 16:22:53.596 [main] DEBUG c.i.webscraper.scraper.WebScraper -        Q[64chars] | A[1217chars] | Code[0]
2026-06-22 16:22:53.597 [main] DEBUG c.i.webscraper.scraper.WebScraper -        Q[43chars] | A[2667chars] | Code[3]
2026-06-22 16:22:53.597 [main] DEBUG c.i.webscraper.scraper.WebScraper -        Q[68chars] | A[580chars] | Code[8]
2026-06-22 16:22:53.597 [main] DEBUG c.i.webscraper.scraper.WebScraper -        Q[48chars] | A[559chars] | Code[4]
2026-06-22 16:22:53.598 [main] DEBUG c.i.webscraper.scraper.WebScraper -        Q[18chars] | A[923chars] | Code[0]
2026-06-22 16:22:53.598 [main] INFO  c.i.webscraper.scraper.WebScraper -      6 Q&A pair(s) extracted.
2026-06-22 16:22:53.598 [main] INFO  c.i.webscraper.scraper.WebScraper -   → Section: 'Advanced Docker Concepts' (https://interview.in28minutes.com/interview-guides/docker/advanced-docker-concepts/)
2026-06-22 16:22:53.598 [main] DEBUG c.i.webscraper.scraper.WebScraper - Sleeping 2500ms (attempt 1/3) before: https://interview.in28minutes.com/interview-guides/docker/advanced-docker-concepts/
2026-06-22 16:22:56.753 [main] DEBUG c.i.webscraper.scraper.WebScraper - HTTP 200 ← https://interview.in28minutes.com/interview-guides/docker/advanced-docker-concepts/
2026-06-22 16:22:56.758 [main] DEBUG c.i.webscraper.scraper.WebScraper -      5 question heading(s) in 'Advanced Docker Concepts'.
2026-06-22 16:22:56.759 [main] DEBUG c.i.webscraper.scraper.WebScraper -        Q[10chars] | A[1446chars] | Code[0]
2026-06-22 16:22:56.759 [main] DEBUG c.i.webscraper.scraper.WebScraper -        Q[43chars] | A[1113chars] | Code[0]
2026-06-22 16:22:56.759 [main] DEBUG c.i.webscraper.scraper.WebScraper -        Q[60chars] | A[894chars] | Code[5]
2026-06-22 16:22:56.760 [main] DEBUG c.i.webscraper.scraper.WebScraper -        Q[64chars] | A[1599chars] | Code[0]
2026-06-22 16:22:56.760 [main] DEBUG c.i.webscraper.scraper.WebScraper -        Q[40chars] | A[985chars] | Code[0]
2026-06-22 16:22:56.760 [main] INFO  c.i.webscraper.scraper.WebScraper -      5 Q&A pair(s) extracted.
2026-06-22 16:22:56.761 [main] INFO  c.i.webscraper.scraper.WebScraper -   → Section: 'Docker Cheat Sheet' (https://interview.in28minutes.com/interview-guides/docker/docker-cheat-sheet/)
2026-06-22 16:22:56.761 [main] DEBUG c.i.webscraper.scraper.WebScraper - Sleeping 2500ms (attempt 1/3) before: https://interview.in28minutes.com/interview-guides/docker/docker-cheat-sheet/
2026-06-22 16:23:00.022 [main] DEBUG c.i.webscraper.scraper.WebScraper - HTTP 200 ← https://interview.in28minutes.com/interview-guides/docker/docker-cheat-sheet/
2026-06-22 16:23:00.029 [main] DEBUG c.i.webscraper.scraper.WebScraper -      9 question heading(s) in 'Docker Cheat Sheet'.
2026-06-22 16:23:00.029 [main] DEBUG c.i.webscraper.scraper.WebScraper -        Q[15chars] | A[277chars] | Code[0]
2026-06-22 16:23:00.029 [main] DEBUG c.i.webscraper.scraper.WebScraper -        Q[14chars] | A[507chars] | Code[0]
2026-06-22 16:23:00.030 [main] DEBUG c.i.webscraper.scraper.WebScraper -        Q[14chars] | A[737chars] | Code[0]
2026-06-22 16:23:00.030 [main] DEBUG c.i.webscraper.scraper.WebScraper -        Q[19chars] | A[922chars] | Code[0]
2026-06-22 16:23:00.030 [main] DEBUG c.i.webscraper.scraper.WebScraper -        Q[18chars] | A[749chars] | Code[0]
2026-06-22 16:23:00.030 [main] DEBUG c.i.webscraper.scraper.WebScraper -        Q[7chars] | A[435chars] | Code[0]
2026-06-22 16:23:00.030 [main] DEBUG c.i.webscraper.scraper.WebScraper -        Q[29chars] | A[336chars] | Code[0]
2026-06-22 16:23:00.031 [main] DEBUG c.i.webscraper.scraper.WebScraper -        Q[14chars] | A[676chars] | Code[0]
2026-06-22 16:23:00.031 [main] DEBUG c.i.webscraper.scraper.WebScraper -        Q[10chars] | A[237chars] | Code[0]
2026-06-22 16:23:00.031 [main] INFO  c.i.webscraper.scraper.WebScraper -      9 Q&A pair(s) extracted.
2026-06-22 16:23:00.031 [main] INFO  c.i.webscraper.scraper.WebScraper -   → Section: 'Docker Interview - Diagrams' (https://interview.in28minutes.com/interview-guides/docker/docker-interview-diagrams/)
2026-06-22 16:23:00.031 [main] DEBUG c.i.webscraper.scraper.WebScraper - Sleeping 2500ms (attempt 1/3) before: https://interview.in28minutes.com/interview-guides/docker/docker-interview-diagrams/
2026-06-22 16:23:03.500 [main] DEBUG c.i.webscraper.scraper.WebScraper - HTTP 200 ← https://interview.in28minutes.com/interview-guides/docker/docker-interview-diagrams/
2026-06-22 16:23:03.504 [main] DEBUG c.i.webscraper.scraper.WebScraper -      10 question heading(s) in 'Docker Interview - Diagrams'.
2026-06-22 16:23:03.504 [main] DEBUG c.i.webscraper.scraper.WebScraper -          Image captured: Traditional deployment → https://interview.in28minutes.com/img/docker/traditional-deployment.png
2026-06-22 16:23:03.504 [main] DEBUG c.i.webscraper.scraper.WebScraper -        Q[22chars] | A[105chars] | Code[0]
2026-06-22 16:23:03.504 [main] DEBUG c.i.webscraper.scraper.WebScraper -          Image captured: Advantages of Docker → https://interview.in28minutes.com/img/docker/advantages.png
2026-06-22 16:23:03.504 [main] DEBUG c.i.webscraper.scraper.WebScraper -        Q[20chars] | A[91chars] | Code[0]
2026-06-22 16:23:03.504 [main] DEBUG c.i.webscraper.scraper.WebScraper -          Image captured: Running Docker Image → https://interview.in28minutes.com/img/docker/running-docker-image.png
2026-06-22 16:23:03.504 [main] DEBUG c.i.webscraper.scraper.WebScraper -        Q[20chars] | A[101chars] | Code[0]
2026-06-22 16:23:03.505 [main] DEBUG c.i.webscraper.scraper.WebScraper -          Image captured: Virtual Machine Architecture → https://interview.in28minutes.com/img/docker/virtual-machine-architecture.jpg
2026-06-22 16:23:03.505 [main] DEBUG c.i.webscraper.scraper.WebScraper -        Q[28chars] | A[117chars] | Code[0]
2026-06-22 16:23:03.505 [main] DEBUG c.i.webscraper.scraper.WebScraper -          Image captured: Container Architecture → https://interview.in28minutes.com/img/docker/container-engine-architecture.jpg
2026-06-22 16:23:03.505 [main] DEBUG c.i.webscraper.scraper.WebScraper -        Q[22chars] | A[112chars] | Code[0]
2026-06-22 16:23:03.505 [main] DEBUG c.i.webscraper.scraper.WebScraper -          Image captured: Container Architecture → https://interview.in28minutes.com/img/docker/container-registry.jpg
2026-06-22 16:23:03.505 [main] DEBUG c.i.webscraper.scraper.WebScraper -        Q[18chars] | A[101chars] | Code[0]
2026-06-22 16:23:03.505 [main] DEBUG c.i.webscraper.scraper.WebScraper -          Image captured: Dockerfile → https://interview.in28minutes.com/img/docker/dockerfile.png
2026-06-22 16:23:03.505 [main] DEBUG c.i.webscraper.scraper.WebScraper -        Q[10chars] | A[81chars] | Code[0]
2026-06-22 16:23:03.505 [main] DEBUG c.i.webscraper.scraper.WebScraper -          Image captured: Why is Docker Popular → https://interview.in28minutes.com/img/docker/why-docker-popular.png
2026-06-22 16:23:03.505 [main] DEBUG c.i.webscraper.scraper.WebScraper -        Q[21chars] | A[100chars] | Code[0]
2026-06-22 16:23:03.505 [main] DEBUG c.i.webscraper.scraper.WebScraper -        Q[29chars] | A[0chars] | Code[1]
2026-06-22 16:23:03.505 [main] DEBUG c.i.webscraper.scraper.WebScraper -          Image captured: Docker Bridge Network → https://interview.in28minutes.com/img/docker/docker-bridge-network.jpg
2026-06-22 16:23:03.505 [main] DEBUG c.i.webscraper.scraper.WebScraper -          Image captured: Docker Host Network → https://interview.in28minutes.com/img/docker/docker-host-network.jpg
2026-06-22 16:23:03.505 [main] DEBUG c.i.webscraper.scraper.WebScraper -        Q[17chars] | A[204chars] | Code[0]
2026-06-22 16:23:03.506 [main] INFO  c.i.webscraper.scraper.WebScraper -      10 Q&A pair(s) extracted.
2026-06-22 16:23:03.506 [main] INFO  c.i.webscraper.scraper.WebScraper - Topic 'Docker' complete → 10 section(s).
2026-06-22 16:23:03.506 [main] INFO  c.i.webscraper.scraper.WebScraper - ---------- Topic: Kubernetes → https://interview.in28minutes.com/kubernetes/
2026-06-22 16:23:03.506 [main] DEBUG c.i.webscraper.scraper.WebScraper - Sleeping 2500ms (attempt 1/3) before: https://interview.in28minutes.com/kubernetes/
2026-06-22 16:23:06.475 [main] DEBUG c.i.webscraper.scraper.WebScraper - HTTP 200 ← https://interview.in28minutes.com/kubernetes/
2026-06-22 16:23:06.479 [main] DEBUG c.i.webscraper.scraper.WebScraper - Topic 'Kubernetes' → 10 card(s) found.
2026-06-22 16:23:06.480 [main] INFO  c.i.webscraper.scraper.WebScraper -   → Section: 'Kubernetes Landscape' (https://interview.in28minutes.com/interview-guides/kubernetes/kubernetes-landscape/)
2026-06-22 16:23:06.480 [main] DEBUG c.i.webscraper.scraper.WebScraper - Sleeping 2500ms (attempt 1/3) before: https://interview.in28minutes.com/interview-guides/kubernetes/kubernetes-landscape/
2026-06-22 16:23:09.863 [main] DEBUG c.i.webscraper.scraper.WebScraper - HTTP 200 ← https://interview.in28minutes.com/interview-guides/kubernetes/kubernetes-landscape/
2026-06-22 16:23:09.868 [main] DEBUG c.i.webscraper.scraper.WebScraper -      6 question heading(s) in 'Kubernetes Landscape'.
2026-06-22 16:23:09.868 [main] DEBUG c.i.webscraper.scraper.WebScraper -          Image captured: Microservices → https://interview.in28minutes.com/img/kubernetes/microservices.jpg
2026-06-22 16:23:09.868 [main] DEBUG c.i.webscraper.scraper.WebScraper -        Q[60chars] | A[598chars] | Code[0]
2026-06-22 16:23:09.871 [main] DEBUG c.i.webscraper.scraper.WebScraper -        Q[57chars] | A[2666chars] | Code[0]
2026-06-22 16:23:09.871 [main] DEBUG c.i.webscraper.scraper.WebScraper -        Q[38chars] | A[893chars] | Code[0]
2026-06-22 16:23:09.871 [main] DEBUG c.i.webscraper.scraper.WebScraper -        Q[28chars] | A[1071chars] | Code[0]
2026-06-22 16:23:09.872 [main] DEBUG c.i.webscraper.scraper.WebScraper -        Q[53chars] | A[988chars] | Code[0]
2026-06-22 16:23:09.872 [main] DEBUG c.i.webscraper.scraper.WebScraper -        Q[39chars] | A[674chars] | Code[0]
2026-06-22 16:23:09.872 [main] INFO  c.i.webscraper.scraper.WebScraper -      6 Q&A pair(s) extracted.
2026-06-22 16:23:09.872 [main] INFO  c.i.webscraper.scraper.WebScraper -   → Section: 'Kubernetes Fundamentals' (https://interview.in28minutes.com/interview-guides/kubernetes/kubernetes-fundamentals/)
2026-06-22 16:23:09.872 [main] DEBUG c.i.webscraper.scraper.WebScraper - Sleeping 2500ms (attempt 1/3) before: https://interview.in28minutes.com/interview-guides/kubernetes/kubernetes-fundamentals/
2026-06-22 16:23:12.895 [main] DEBUG c.i.webscraper.scraper.WebScraper - HTTP 200 ← https://interview.in28minutes.com/interview-guides/kubernetes/kubernetes-fundamentals/
2026-06-22 16:23:12.900 [main] DEBUG c.i.webscraper.scraper.WebScraper -      6 question heading(s) in 'Kubernetes Fundamentals'.
2026-06-22 16:23:12.900 [main] DEBUG c.i.webscraper.scraper.WebScraper -          Image captured: Kubernetes Physical View → https://interview.in28minutes.com/img/kubernetes/kubernetes-physical-view.jpg
2026-06-22 16:23:12.901 [main] DEBUG c.i.webscraper.scraper.WebScraper -        Q[40chars] | A[1650chars] | Code[0]
2026-06-22 16:23:12.902 [main] DEBUG c.i.webscraper.scraper.WebScraper -        Q[53chars] | A[1268chars] | Code[2]
2026-06-22 16:23:12.902 [main] DEBUG c.i.webscraper.scraper.WebScraper -          Image captured: Kubernetes Logical View → https://interview.in28minutes.com/img/kubernetes/kubernetes-logical-view.jpg
2026-06-22 16:23:12.902 [main] DEBUG c.i.webscraper.scraper.WebScraper -        Q[63chars] | A[1326chars] | Code[0]
2026-06-22 16:23:12.903 [main] DEBUG c.i.webscraper.scraper.WebScraper -        Q[60chars] | A[1250chars] | Code[1]
2026-06-22 16:23:12.903 [main] DEBUG c.i.webscraper.scraper.WebScraper -        Q[62chars] | A[1511chars] | Code[1]
2026-06-22 16:23:12.903 [main] DEBUG c.i.webscraper.scraper.WebScraper -        Q[73chars] | A[1854chars] | Code[1]
2026-06-22 16:23:12.903 [main] INFO  c.i.webscraper.scraper.WebScraper -      6 Q&A pair(s) extracted.
2026-06-22 16:23:12.903 [main] INFO  c.i.webscraper.scraper.WebScraper -   → Section: 'Kubernetes Services and Networking' (https://interview.in28minutes.com/interview-guides/kubernetes/kubernetes-services-and-networking/)
2026-06-22 16:23:12.904 [main] DEBUG c.i.webscraper.scraper.WebScraper - Sleeping 2500ms (attempt 1/3) before: https://interview.in28minutes.com/interview-guides/kubernetes/kubernetes-services-and-networking/
2026-06-22 16:23:15.943 [main] DEBUG c.i.webscraper.scraper.WebScraper - HTTP 200 ← https://interview.in28minutes.com/interview-guides/kubernetes/kubernetes-services-and-networking/
2026-06-22 16:23:15.948 [main] DEBUG c.i.webscraper.scraper.WebScraper -      9 question heading(s) in 'Kubernetes Services and Networking'.
2026-06-22 16:23:15.950 [main] DEBUG c.i.webscraper.scraper.WebScraper -          Image captured: Kubernetes Logical View → https://interview.in28minutes.com/img/kubernetes/kubernetes-logical-view.jpg
2026-06-22 16:23:15.950 [main] DEBUG c.i.webscraper.scraper.WebScraper -        Q[36chars] | A[333chars] | Code[1]
2026-06-22 16:23:15.950 [main] DEBUG c.i.webscraper.scraper.WebScraper -          Image captured: Kubernetes Physical View → https://interview.in28minutes.com/img/kubernetes/kubernetes-physical-view.jpg
2026-06-22 16:23:15.951 [main] DEBUG c.i.webscraper.scraper.WebScraper -        Q[41chars] | A[1122chars] | Code[0]
2026-06-22 16:23:15.952 [main] DEBUG c.i.webscraper.scraper.WebScraper -        Q[29chars] | A[2847chars] | Code[0]
2026-06-22 16:23:15.952 [main] DEBUG c.i.webscraper.scraper.WebScraper -        Q[56chars] | A[967chars] | Code[0]
2026-06-22 16:23:15.953 [main] DEBUG c.i.webscraper.scraper.WebScraper -        Q[47chars] | A[1420chars] | Code[0]
2026-06-22 16:23:15.955 [main] DEBUG c.i.webscraper.scraper.WebScraper -        Q[45chars] | A[3682chars] | Code[0]
2026-06-22 16:23:15.955 [main] DEBUG c.i.webscraper.scraper.WebScraper -        Q[26chars] | A[710chars] | Code[1]
2026-06-22 16:23:15.956 [main] DEBUG c.i.webscraper.scraper.WebScraper -        Q[37chars] | A[1063chars] | Code[0]
2026-06-22 16:23:15.956 [main] DEBUG c.i.webscraper.scraper.WebScraper -        Q[40chars] | A[809chars] | Code[0]
2026-06-22 16:23:15.956 [main] INFO  c.i.webscraper.scraper.WebScraper -      9 Q&A pair(s) extracted.
2026-06-22 16:23:15.956 [main] INFO  c.i.webscraper.scraper.WebScraper -   → Section: 'More Kubernetes Fundamentals' (https://interview.in28minutes.com/interview-guides/kubernetes/more-kubernetes-fundamentals/)
2026-06-22 16:23:15.956 [main] DEBUG c.i.webscraper.scraper.WebScraper - Sleeping 2500ms (attempt 1/3) before: https://interview.in28minutes.com/interview-guides/kubernetes/more-kubernetes-fundamentals/
2026-06-22 16:23:19.033 [main] DEBUG c.i.webscraper.scraper.WebScraper - HTTP 200 ← https://interview.in28minutes.com/interview-guides/kubernetes/more-kubernetes-fundamentals/
2026-06-22 16:23:19.046 [main] DEBUG c.i.webscraper.scraper.WebScraper -      18 question heading(s) in 'More Kubernetes Fundamentals'.
2026-06-22 16:23:19.046 [main] DEBUG c.i.webscraper.scraper.WebScraper -          Image captured: Labels → https://interview.in28minutes.com/img/kubernetes/kubernetes-labels.jpg
2026-06-22 16:23:19.047 [main] DEBUG c.i.webscraper.scraper.WebScraper -        Q[36chars] | A[1554chars] | Code[1]
2026-06-22 16:23:19.047 [main] DEBUG c.i.webscraper.scraper.WebScraper -        Q[34chars] | A[31chars] | Code[2]
2026-06-22 16:23:19.047 [main] DEBUG c.i.webscraper.scraper.WebScraper -        Q[31chars] | A[75chars] | Code[1]
2026-06-22 16:23:19.047 [main] DEBUG c.i.webscraper.scraper.WebScraper -        Q[35chars] | A[313chars] | Code[3]
2026-06-22 16:23:19.048 [main] DEBUG c.i.webscraper.scraper.WebScraper -        Q[47chars] | A[1068chars] | Code[0]
2026-06-22 16:23:19.048 [main] DEBUG c.i.webscraper.scraper.WebScraper -        Q[39chars] | A[734chars] | Code[0]
2026-06-22 16:23:19.048 [main] DEBUG c.i.webscraper.scraper.WebScraper -        Q[20chars] | A[971chars] | Code[2]
2026-06-22 16:23:19.048 [main] DEBUG c.i.webscraper.scraper.WebScraper -        Q[19chars] | A[378chars] | Code[0]
2026-06-22 16:23:19.049 [main] DEBUG c.i.webscraper.scraper.WebScraper -        Q[33chars] | A[800chars] | Code[0]
2026-06-22 16:23:19.049 [main] DEBUG c.i.webscraper.scraper.WebScraper -        Q[60chars] | A[154chars] | Code[1]
2026-06-22 16:23:19.049 [main] DEBUG c.i.webscraper.scraper.WebScraper -        Q[38chars] | A[423chars] | Code[0]
2026-06-22 16:23:19.049 [main] DEBUG c.i.webscraper.scraper.WebScraper -        Q[43chars] | A[507chars] | Code[0]
2026-06-22 16:23:19.049 [main] DEBUG c.i.webscraper.scraper.WebScraper -        Q[40chars] | A[241chars] | Code[1]
2026-06-22 16:23:19.050 [main] DEBUG c.i.webscraper.scraper.WebScraper -        Q[32chars] | A[1046chars] | Code[1]
2026-06-22 16:23:19.050 [main] DEBUG c.i.webscraper.scraper.WebScraper -        Q[30chars] | A[749chars] | Code[0]
2026-06-22 16:23:19.050 [main] DEBUG c.i.webscraper.scraper.WebScraper -        Q[27chars] | A[859chars] | Code[0]
2026-06-22 16:23:19.050 [main] DEBUG c.i.webscraper.scraper.WebScraper -        Q[51chars] | A[302chars] | Code[0]
2026-06-22 16:23:19.050 [main] DEBUG c.i.webscraper.scraper.WebScraper -        Q[49chars] | A[1285chars] | Code[0]
2026-06-22 16:23:19.051 [main] INFO  c.i.webscraper.scraper.WebScraper -      18 Q&A pair(s) extracted.
2026-06-22 16:23:19.051 [main] INFO  c.i.webscraper.scraper.WebScraper -   → Section: 'Kubernetes Storage' (https://interview.in28minutes.com/interview-guides/kubernetes/kubernetes-storage/)
2026-06-22 16:23:19.051 [main] DEBUG c.i.webscraper.scraper.WebScraper - Sleeping 2500ms (attempt 1/3) before: https://interview.in28minutes.com/interview-guides/kubernetes/kubernetes-storage/
2026-06-22 16:23:22.102 [main] DEBUG c.i.webscraper.scraper.WebScraper - HTTP 200 ← https://interview.in28minutes.com/interview-guides/kubernetes/kubernetes-storage/
2026-06-22 16:23:22.116 [main] DEBUG c.i.webscraper.scraper.WebScraper -      11 question heading(s) in 'Kubernetes Storage'.
2026-06-22 16:23:22.117 [main] DEBUG c.i.webscraper.scraper.WebScraper -        Q[69chars] | A[547chars] | Code[0]
2026-06-22 16:23:22.117 [main] DEBUG c.i.webscraper.scraper.WebScraper -        Q[43chars] | A[764chars] | Code[0]
2026-06-22 16:23:22.117 [main] DEBUG c.i.webscraper.scraper.WebScraper -        Q[57chars] | A[521chars] | Code[1]
2026-06-22 16:23:22.118 [main] DEBUG c.i.webscraper.scraper.WebScraper -        Q[35chars] | A[724chars] | Code[1]
2026-06-22 16:23:22.118 [main] DEBUG c.i.webscraper.scraper.WebScraper -        Q[36chars] | A[714chars] | Code[1]
2026-06-22 16:23:22.118 [main] DEBUG c.i.webscraper.scraper.WebScraper -        Q[47chars] | A[311chars] | Code[1]
2026-06-22 16:23:22.118 [main] DEBUG c.i.webscraper.scraper.WebScraper -        Q[59chars] | A[209chars] | Code[1]
2026-06-22 16:23:22.118 [main] DEBUG c.i.webscraper.scraper.WebScraper -        Q[42chars] | A[1098chars] | Code[0]
2026-06-22 16:23:22.118 [main] DEBUG c.i.webscraper.scraper.WebScraper -        Q[112chars] | A[1189chars] | Code[0]
2026-06-22 16:23:22.119 [main] DEBUG c.i.webscraper.scraper.WebScraper -        Q[46chars] | A[712chars] | Code[1]
2026-06-22 16:23:22.119 [main] DEBUG c.i.webscraper.scraper.WebScraper -        Q[78chars] | A[1263chars] | Code[1]
2026-06-22 16:23:22.119 [main] INFO  c.i.webscraper.scraper.WebScraper -      11 Q&A pair(s) extracted.
2026-06-22 16:23:22.119 [main] INFO  c.i.webscraper.scraper.WebScraper -   → Section: 'Kubernetes Security' (https://interview.in28minutes.com/interview-guides/kubernetes/kubernetes-security/)
2026-06-22 16:23:22.119 [main] DEBUG c.i.webscraper.scraper.WebScraper - Sleeping 2500ms (attempt 1/3) before: https://interview.in28minutes.com/interview-guides/kubernetes/kubernetes-security/
2026-06-22 16:23:25.926 [main] DEBUG c.i.webscraper.scraper.WebScraper - HTTP 200 ← https://interview.in28minutes.com/interview-guides/kubernetes/kubernetes-security/
2026-06-22 16:23:25.940 [main] DEBUG c.i.webscraper.scraper.WebScraper -      10 question heading(s) in 'Kubernetes Security'.
2026-06-22 16:23:25.940 [main] DEBUG c.i.webscraper.scraper.WebScraper -        Q[51chars] | A[2124chars] | Code[0]
2026-06-22 16:23:25.941 [main] DEBUG c.i.webscraper.scraper.WebScraper -        Q[49chars] | A[794chars] | Code[1]
2026-06-22 16:23:25.941 [main] DEBUG c.i.webscraper.scraper.WebScraper -        Q[44chars] | A[671chars] | Code[1]
2026-06-22 16:23:25.941 [main] DEBUG c.i.webscraper.scraper.WebScraper -        Q[56chars] | A[867chars] | Code[1]
2026-06-22 16:23:25.941 [main] DEBUG c.i.webscraper.scraper.WebScraper -        Q[38chars] | A[1067chars] | Code[0]
2026-06-22 16:23:25.941 [main] DEBUG c.i.webscraper.scraper.WebScraper -        Q[42chars] | A[0chars] | Code[1]
2026-06-22 16:23:25.941 [main] DEBUG c.i.webscraper.scraper.WebScraper -        Q[39chars] | A[1214chars] | Code[0]
2026-06-22 16:23:25.941 [main] DEBUG c.i.webscraper.scraper.WebScraper -        Q[87chars] | A[1599chars] | Code[1]
2026-06-22 16:23:25.942 [main] DEBUG c.i.webscraper.scraper.WebScraper -        Q[37chars] | A[925chars] | Code[1]
2026-06-22 16:23:25.942 [main] DEBUG c.i.webscraper.scraper.WebScraper -        Q[79chars] | A[1428chars] | Code[0]
2026-06-22 16:23:25.942 [main] INFO  c.i.webscraper.scraper.WebScraper -      10 Q&A pair(s) extracted.
2026-06-22 16:23:25.942 [main] INFO  c.i.webscraper.scraper.WebScraper -   → Section: 'Kubernetes Scheduling' (https://interview.in28minutes.com/interview-guides/kubernetes/kubernetes-scheduling/)
2026-06-22 16:23:25.942 [main] DEBUG c.i.webscraper.scraper.WebScraper - Sleeping 2500ms (attempt 1/3) before: https://interview.in28minutes.com/interview-guides/kubernetes/kubernetes-scheduling/
2026-06-22 16:23:28.956 [main] DEBUG c.i.webscraper.scraper.WebScraper - HTTP 200 ← https://interview.in28minutes.com/interview-guides/kubernetes/kubernetes-scheduling/
2026-06-22 16:23:28.961 [main] DEBUG c.i.webscraper.scraper.WebScraper -      13 question heading(s) in 'Kubernetes Scheduling'.
2026-06-22 16:23:28.962 [main] DEBUG c.i.webscraper.scraper.WebScraper -        Q[35chars] | A[817chars] | Code[0]
2026-06-22 16:23:28.962 [main] DEBUG c.i.webscraper.scraper.WebScraper -        Q[32chars] | A[0chars] | Code[1]
2026-06-22 16:23:28.962 [main] DEBUG c.i.webscraper.scraper.WebScraper -        Q[63chars] | A[464chars] | Code[1]
2026-06-22 16:23:28.963 [main] DEBUG c.i.webscraper.scraper.WebScraper -        Q[28chars] | A[826chars] | Code[0]
2026-06-22 16:23:28.964 [main] DEBUG c.i.webscraper.scraper.WebScraper -        Q[31chars] | A[0chars] | Code[1]
2026-06-22 16:23:28.964 [main] DEBUG c.i.webscraper.scraper.WebScraper -        Q[22chars] | A[772chars] | Code[0]
2026-06-22 16:23:28.964 [main] DEBUG c.i.webscraper.scraper.WebScraper -        Q[32chars] | A[0chars] | Code[1]
2026-06-22 16:23:28.964 [main] DEBUG c.i.webscraper.scraper.WebScraper -        Q[50chars] | A[658chars] | Code[0]
2026-06-22 16:23:28.964 [main] DEBUG c.i.webscraper.scraper.WebScraper -        Q[32chars] | A[1180chars] | Code[0]
2026-06-22 16:23:28.965 [main] DEBUG c.i.webscraper.scraper.WebScraper -        Q[41chars] | A[0chars] | Code[1]
2026-06-22 16:23:28.965 [main] DEBUG c.i.webscraper.scraper.WebScraper -        Q[32chars] | A[648chars] | Code[1]
2026-06-22 16:23:28.965 [main] DEBUG c.i.webscraper.scraper.WebScraper -        Q[15chars] | A[674chars] | Code[0]
2026-06-22 16:23:28.965 [main] DEBUG c.i.webscraper.scraper.WebScraper -        Q[40chars] | A[871chars] | Code[0]
2026-06-22 16:23:28.965 [main] INFO  c.i.webscraper.scraper.WebScraper -      13 Q&A pair(s) extracted.
2026-06-22 16:23:28.965 [main] INFO  c.i.webscraper.scraper.WebScraper -   → Section: 'Kubernetes Observability' (https://interview.in28minutes.com/interview-guides/kubernetes/kubernetes-observability/)
2026-06-22 16:23:28.965 [main] DEBUG c.i.webscraper.scraper.WebScraper - Sleeping 2500ms (attempt 1/3) before: https://interview.in28minutes.com/interview-guides/kubernetes/kubernetes-observability/
2026-06-22 16:23:32.023 [main] DEBUG c.i.webscraper.scraper.WebScraper - HTTP 200 ← https://interview.in28minutes.com/interview-guides/kubernetes/kubernetes-observability/
2026-06-22 16:23:32.028 [main] DEBUG c.i.webscraper.scraper.WebScraper -      9 question heading(s) in 'Kubernetes Observability'.
2026-06-22 16:23:32.029 [main] DEBUG c.i.webscraper.scraper.WebScraper -        Q[19chars] | A[960chars] | Code[0]
2026-06-22 16:23:32.029 [main] DEBUG c.i.webscraper.scraper.WebScraper -        Q[22chars] | A[992chars] | Code[0]
2026-06-22 16:23:32.029 [main] DEBUG c.i.webscraper.scraper.WebScraper -        Q[27chars] | A[1086chars] | Code[0]
2026-06-22 16:23:32.029 [main] DEBUG c.i.webscraper.scraper.WebScraper -        Q[22chars] | A[1220chars] | Code[0]
2026-06-22 16:23:32.030 [main] DEBUG c.i.webscraper.scraper.WebScraper -        Q[50chars] | A[831chars] | Code[0]
2026-06-22 16:23:32.030 [main] DEBUG c.i.webscraper.scraper.WebScraper -        Q[29chars] | A[760chars] | Code[0]
2026-06-22 16:23:32.030 [main] DEBUG c.i.webscraper.scraper.WebScraper -        Q[44chars] | A[1367chars] | Code[0]
2026-06-22 16:23:32.030 [main] DEBUG c.i.webscraper.scraper.WebScraper -        Q[24chars] | A[1092chars] | Code[1]
2026-06-22 16:23:32.031 [main] DEBUG c.i.webscraper.scraper.WebScraper -        Q[33chars] | A[599chars] | Code[1]
2026-06-22 16:23:32.031 [main] INFO  c.i.webscraper.scraper.WebScraper -      9 Q&A pair(s) extracted.
2026-06-22 16:23:32.031 [main] INFO  c.i.webscraper.scraper.WebScraper -   → Section: 'More Kubernetes Essentials' (https://interview.in28minutes.com/interview-guides/kubernetes/more-kubernetes-essentials/)
2026-06-22 16:23:32.031 [main] DEBUG c.i.webscraper.scraper.WebScraper - Sleeping 2500ms (attempt 1/3) before: https://interview.in28minutes.com/interview-guides/kubernetes/more-kubernetes-essentials/
2026-06-22 16:23:35.203 [main] DEBUG c.i.webscraper.scraper.WebScraper - HTTP 200 ← https://interview.in28minutes.com/interview-guides/kubernetes/more-kubernetes-essentials/
2026-06-22 16:23:35.211 [main] DEBUG c.i.webscraper.scraper.WebScraper -      11 question heading(s) in 'More Kubernetes Essentials'.
2026-06-22 16:23:35.211 [main] DEBUG c.i.webscraper.scraper.WebScraper -        Q[12chars] | A[1464chars] | Code[0]
2026-06-22 16:23:35.212 [main] DEBUG c.i.webscraper.scraper.WebScraper -        Q[12chars] | A[796chars] | Code[0]
2026-06-22 16:23:35.212 [main] DEBUG c.i.webscraper.scraper.WebScraper -        Q[12chars] | A[1221chars] | Code[0]
2026-06-22 16:23:35.212 [main] DEBUG c.i.webscraper.scraper.WebScraper -        Q[53chars] | A[1013chars] | Code[0]
2026-06-22 16:23:35.213 [main] DEBUG c.i.webscraper.scraper.WebScraper -        Q[45chars] | A[846chars] | Code[0]
2026-06-22 16:23:35.213 [main] DEBUG c.i.webscraper.scraper.WebScraper -        Q[19chars] | A[1578chars] | Code[1]
2026-06-22 16:23:35.213 [main] DEBUG c.i.webscraper.scraper.WebScraper -        Q[24chars] | A[903chars] | Code[0]
2026-06-22 16:23:35.214 [main] DEBUG c.i.webscraper.scraper.WebScraper -        Q[26chars] | A[880chars] | Code[1]
2026-06-22 16:23:35.214 [main] DEBUG c.i.webscraper.scraper.WebScraper -        Q[18chars] | A[945chars] | Code[2]
2026-06-22 16:23:35.214 [main] DEBUG c.i.webscraper.scraper.WebScraper -        Q[25chars] | A[731chars] | Code[0]
2026-06-22 16:23:35.214 [main] DEBUG c.i.webscraper.scraper.WebScraper -        Q[56chars] | A[1880chars] | Code[0]
2026-06-22 16:23:35.214 [main] INFO  c.i.webscraper.scraper.WebScraper -      11 Q&A pair(s) extracted.
2026-06-22 16:23:35.215 [main] INFO  c.i.webscraper.scraper.WebScraper -   → Section: 'Kubernetes Interview - Diagrams' (https://interview.in28minutes.com/interview-guides/kubernetes/kubernetes-interview-diagrams/)
2026-06-22 16:23:35.215 [main] DEBUG c.i.webscraper.scraper.WebScraper - Sleeping 2500ms (attempt 1/3) before: https://interview.in28minutes.com/interview-guides/kubernetes/kubernetes-interview-diagrams/
2026-06-22 16:23:38.602 [main] DEBUG c.i.webscraper.scraper.WebScraper - HTTP 200 ← https://interview.in28minutes.com/interview-guides/kubernetes/kubernetes-interview-diagrams/
2026-06-22 16:23:38.606 [main] DEBUG c.i.webscraper.scraper.WebScraper -      16 question heading(s) in 'Kubernetes Interview - Diagrams'.
2026-06-22 16:23:38.606 [main] DEBUG c.i.webscraper.scraper.WebScraper -          Image captured: Microservices → https://interview.in28minutes.com/img/kubernetes/microservices.jpg
2026-06-22 16:23:38.606 [main] DEBUG c.i.webscraper.scraper.WebScraper -        Q[13chars] | A[91chars] | Code[0]
2026-06-22 16:23:38.607 [main] DEBUG c.i.webscraper.scraper.WebScraper -          Image captured: Need For Container Orchestration → https://interview.in28minutes.com/img/kubernetes/need_for_container_orchestration.jpg
2026-06-22 16:23:38.607 [main] DEBUG c.i.webscraper.scraper.WebScraper -        Q[32chars] | A[129chars] | Code[0]
2026-06-22 16:23:38.607 [main] DEBUG c.i.webscraper.scraper.WebScraper -        Q[26chars] | A[0chars] | Code[1]
2026-06-22 16:23:38.607 [main] DEBUG c.i.webscraper.scraper.WebScraper -        Q[26chars] | A[0chars] | Code[1]
2026-06-22 16:23:38.608 [main] DEBUG c.i.webscraper.scraper.WebScraper -          Image captured: Kubernetes Logical View → https://interview.in28minutes.com/img/kubernetes/kubernetes-logical-view.jpg
2026-06-22 16:23:38.608 [main] DEBUG c.i.webscraper.scraper.WebScraper -        Q[23chars] | A[111chars] | Code[0]
2026-06-22 16:23:38.608 [main] DEBUG c.i.webscraper.scraper.WebScraper -          Image captured: Kubernetes Physical View → https://interview.in28minutes.com/img/kubernetes/kubernetes-physical-view.jpg
2026-06-22 16:23:38.608 [main] DEBUG c.i.webscraper.scraper.WebScraper -        Q[24chars] | A[113chars] | Code[0]
2026-06-22 16:23:38.608 [main] DEBUG c.i.webscraper.scraper.WebScraper -          Image captured: A/B Testing → https://interview.in28minutes.com/img/kubernetes/release-01-ab-testing.jpg
2026-06-22 16:23:38.608 [main] DEBUG c.i.webscraper.scraper.WebScraper -        Q[11chars] | A[97chars] | Code[0]
2026-06-22 16:23:38.608 [main] DEBUG c.i.webscraper.scraper.WebScraper -          Image captured: Blue Green Deployment → https://interview.in28minutes.com/img/kubernetes/release-02-blue-green.jpg
2026-06-22 16:23:38.608 [main] DEBUG c.i.webscraper.scraper.WebScraper -        Q[21chars] | A[107chars] | Code[0]
2026-06-22 16:23:38.608 [main] DEBUG c.i.webscraper.scraper.WebScraper -          Image captured: Canary Deployment → https://interview.in28minutes.com/img/kubernetes/release-03-canary.jpg
2026-06-22 16:23:38.609 [main] DEBUG c.i.webscraper.scraper.WebScraper -        Q[17chars] | A[99chars] | Code[0]
2026-06-22 16:23:38.609 [main] DEBUG c.i.webscraper.scraper.WebScraper -          Image captured: Recreate → https://interview.in28minutes.com/img/kubernetes/release-04-recreate.jpg
2026-06-22 16:23:38.609 [main] DEBUG c.i.webscraper.scraper.WebScraper -        Q[8chars] | A[92chars] | Code[0]
2026-06-22 16:23:38.609 [main] DEBUG c.i.webscraper.scraper.WebScraper -          Image captured: Rolling Updates → https://interview.in28minutes.com/img/kubernetes/release-05-rolling.jpg
2026-06-22 16:23:38.609 [main] DEBUG c.i.webscraper.scraper.WebScraper -        Q[15chars] | A[98chars] | Code[0]
2026-06-22 16:23:38.609 [main] DEBUG c.i.webscraper.scraper.WebScraper -          Image captured: Rolling Updates with Additional Instances → https://interview.in28minutes.com/img/kubernetes/release-06-rolling-additional.jpg
2026-06-22 16:23:38.609 [main] DEBUG c.i.webscraper.scraper.WebScraper -        Q[41chars] | A[135chars] | Code[0]
2026-06-22 16:23:38.609 [main] DEBUG c.i.webscraper.scraper.WebScraper -        Q[7chars] | A[0chars] | Code[1]
2026-06-22 16:23:38.610 [main] DEBUG c.i.webscraper.scraper.WebScraper -          Image captured: Labels → https://interview.in28minutes.com/img/kubernetes/kubernetes-labels.jpg
2026-06-22 16:23:38.610 [main] DEBUG c.i.webscraper.scraper.WebScraper -        Q[6chars] | A[107chars] | Code[0]
2026-06-22 16:23:38.610 [main] DEBUG c.i.webscraper.scraper.WebScraper -        Q[7chars] | A[0chars] | Code[1]
2026-06-22 16:23:38.610 [main] DEBUG c.i.webscraper.scraper.WebScraper -        Q[12chars] | A[0chars] | Code[1]
2026-06-22 16:23:38.610 [main] INFO  c.i.webscraper.scraper.WebScraper -      16 Q&A pair(s) extracted.
2026-06-22 16:23:38.610 [main] INFO  c.i.webscraper.scraper.WebScraper - Topic 'Kubernetes' complete → 10 section(s).
2026-06-22 16:23:38.610 [main] INFO  c.i.webscraper.scraper.WebScraper - ---------- Topic: Terraform → https://interview.in28minutes.com/terraform/
2026-06-22 16:23:38.610 [main] DEBUG c.i.webscraper.scraper.WebScraper - Sleeping 2500ms (attempt 1/3) before: https://interview.in28minutes.com/terraform/
2026-06-22 16:23:41.966 [main] DEBUG c.i.webscraper.scraper.WebScraper - HTTP 200 ← https://interview.in28minutes.com/terraform/
2026-06-22 16:23:41.969 [main] DEBUG c.i.webscraper.scraper.WebScraper - Topic 'Terraform' → 5 card(s) found.
2026-06-22 16:23:41.969 [main] INFO  c.i.webscraper.scraper.WebScraper -   → Section: 'Introduction to Terraform' (https://interview.in28minutes.com/interview-guides/terraform/introduction-to-terraform/)
2026-06-22 16:23:41.969 [main] DEBUG c.i.webscraper.scraper.WebScraper - Sleeping 2500ms (attempt 1/3) before: https://interview.in28minutes.com/interview-guides/terraform/introduction-to-terraform/
2026-06-22 16:23:45.341 [main] DEBUG c.i.webscraper.scraper.WebScraper - HTTP 200 ← https://interview.in28minutes.com/interview-guides/terraform/introduction-to-terraform/
2026-06-22 16:23:45.346 [main] DEBUG c.i.webscraper.scraper.WebScraper -      9 question heading(s) in 'Introduction to Terraform'.
2026-06-22 16:23:45.346 [main] DEBUG c.i.webscraper.scraper.WebScraper -          Image captured: Environments Are Not All The Same → https://interview.in28minutes.com/img/terraform/environments-differences.jpg
2026-06-22 16:23:45.347 [main] DEBUG c.i.webscraper.scraper.WebScraper -        Q[18chars] | A[1368chars] | Code[0]
2026-06-22 16:23:45.347 [main] DEBUG c.i.webscraper.scraper.WebScraper -        Q[58chars] | A[1831chars] | Code[0]
2026-06-22 16:23:45.348 [main] DEBUG c.i.webscraper.scraper.WebScraper -        Q[80chars] | A[1062chars] | Code[0]
2026-06-22 16:23:45.348 [main] DEBUG c.i.webscraper.scraper.WebScraper -        Q[28chars] | A[1247chars] | Code[0]
2026-06-22 16:23:45.348 [main] DEBUG c.i.webscraper.scraper.WebScraper -        Q[46chars] | A[1044chars] | Code[1]
2026-06-22 16:23:45.348 [main] DEBUG c.i.webscraper.scraper.WebScraper -        Q[43chars] | A[2302chars] | Code[0]
2026-06-22 16:23:45.348 [main] DEBUG c.i.webscraper.scraper.WebScraper -        Q[62chars] | A[884chars] | Code[0]
2026-06-22 16:23:45.349 [main] DEBUG c.i.webscraper.scraper.WebScraper -        Q[42chars] | A[1068chars] | Code[1]
2026-06-22 16:23:45.349 [main] DEBUG c.i.webscraper.scraper.WebScraper -        Q[60chars] | A[432chars] | Code[1]
2026-06-22 16:23:45.349 [main] INFO  c.i.webscraper.scraper.WebScraper -      9 Q&A pair(s) extracted.
2026-06-22 16:23:45.349 [main] INFO  c.i.webscraper.scraper.WebScraper -   → Section: 'Terraform Language - HCL' (https://interview.in28minutes.com/interview-guides/terraform/terraform-language-hcl/)
2026-06-22 16:23:45.349 [main] DEBUG c.i.webscraper.scraper.WebScraper - Sleeping 2500ms (attempt 1/3) before: https://interview.in28minutes.com/interview-guides/terraform/terraform-language-hcl/
2026-06-22 16:23:48.371 [main] DEBUG c.i.webscraper.scraper.WebScraper - HTTP 200 ← https://interview.in28minutes.com/interview-guides/terraform/terraform-language-hcl/
2026-06-22 16:23:48.378 [main] DEBUG c.i.webscraper.scraper.WebScraper -      8 question heading(s) in 'Terraform Language - HCL'.
2026-06-22 16:23:48.379 [main] DEBUG c.i.webscraper.scraper.WebScraper -        Q[68chars] | A[866chars] | Code[0]
2026-06-22 16:23:48.379 [main] DEBUG c.i.webscraper.scraper.WebScraper -        Q[68chars] | A[550chars] | Code[1]
2026-06-22 16:23:48.380 [main] DEBUG c.i.webscraper.scraper.WebScraper -        Q[38chars] | A[824chars] | Code[1]
2026-06-22 16:23:48.380 [main] DEBUG c.i.webscraper.scraper.WebScraper -        Q[65chars] | A[503chars] | Code[1]
2026-06-22 16:23:48.381 [main] DEBUG c.i.webscraper.scraper.WebScraper -        Q[35chars] | A[792chars] | Code[1]
2026-06-22 16:23:48.381 [main] DEBUG c.i.webscraper.scraper.WebScraper -        Q[54chars] | A[920chars] | Code[4]
2026-06-22 16:23:48.382 [main] DEBUG c.i.webscraper.scraper.WebScraper -        Q[49chars] | A[1001chars] | Code[1]
2026-06-22 16:23:48.382 [main] DEBUG c.i.webscraper.scraper.WebScraper -        Q[50chars] | A[135chars] | Code[1]
2026-06-22 16:23:48.382 [main] INFO  c.i.webscraper.scraper.WebScraper -      8 Q&A pair(s) extracted.
2026-06-22 16:23:48.382 [main] INFO  c.i.webscraper.scraper.WebScraper -   → Section: 'Terraform State Management' (https://interview.in28minutes.com/interview-guides/terraform/terraform-state-management/)
2026-06-22 16:23:48.382 [main] DEBUG c.i.webscraper.scraper.WebScraper - Sleeping 2500ms (attempt 1/3) before: https://interview.in28minutes.com/interview-guides/terraform/terraform-state-management/
2026-06-22 16:23:51.403 [main] DEBUG c.i.webscraper.scraper.WebScraper - HTTP 200 ← https://interview.in28minutes.com/interview-guides/terraform/terraform-state-management/
2026-06-22 16:23:51.409 [main] DEBUG c.i.webscraper.scraper.WebScraper -      8 question heading(s) in 'Terraform State Management'.
2026-06-22 16:23:51.410 [main] DEBUG c.i.webscraper.scraper.WebScraper -        Q[37chars] | A[1264chars] | Code[0]
2026-06-22 16:23:51.410 [main] DEBUG c.i.webscraper.scraper.WebScraper -          Image captured: Terraform State → https://interview.in28minutes.com/img/terraform/terraform-state.jpg
2026-06-22 16:23:51.412 [main] DEBUG c.i.webscraper.scraper.WebScraper -        Q[42chars] | A[4904chars] | Code[4]
2026-06-22 16:23:51.412 [main] DEBUG c.i.webscraper.scraper.WebScraper -        Q[49chars] | A[958chars] | Code[1]
2026-06-22 16:23:51.412 [main] DEBUG c.i.webscraper.scraper.WebScraper -        Q[60chars] | A[523chars] | Code[1]
2026-06-22 16:23:51.413 [main] DEBUG c.i.webscraper.scraper.WebScraper -        Q[18chars] | A[2007chars] | Code[0]
2026-06-22 16:23:51.414 [main] DEBUG c.i.webscraper.scraper.WebScraper -        Q[30chars] | A[2340chars] | Code[0]
2026-06-22 16:23:51.414 [main] DEBUG c.i.webscraper.scraper.WebScraper -        Q[73chars] | A[682chars] | Code[2]
2026-06-22 16:23:51.414 [main] DEBUG c.i.webscraper.scraper.WebScraper -        Q[64chars] | A[829chars] | Code[1]
2026-06-22 16:23:51.414 [main] INFO  c.i.webscraper.scraper.WebScraper -      8 Q&A pair(s) extracted.
2026-06-22 16:23:51.414 [main] INFO  c.i.webscraper.scraper.WebScraper -   → Section: 'Terraform Best Practices' (https://interview.in28minutes.com/interview-guides/terraform/terraform-best-practices/)
2026-06-22 16:23:51.414 [main] DEBUG c.i.webscraper.scraper.WebScraper - Sleeping 2500ms (attempt 1/3) before: https://interview.in28minutes.com/interview-guides/terraform/terraform-best-practices/
2026-06-22 16:23:54.826 [main] DEBUG c.i.webscraper.scraper.WebScraper - HTTP 200 ← https://interview.in28minutes.com/interview-guides/terraform/terraform-best-practices/
2026-06-22 16:23:54.831 [main] DEBUG c.i.webscraper.scraper.WebScraper -      8 question heading(s) in 'Terraform Best Practices'.
2026-06-22 16:23:54.832 [main] DEBUG c.i.webscraper.scraper.WebScraper -        Q[52chars] | A[1467chars] | Code[1]
2026-06-22 16:23:54.832 [main] DEBUG c.i.webscraper.scraper.WebScraper -        Q[55chars] | A[1090chars] | Code[1]
2026-06-22 16:23:54.832 [main] DEBUG c.i.webscraper.scraper.WebScraper -        Q[27chars] | A[1729chars] | Code[3]
2026-06-22 16:23:54.833 [main] DEBUG c.i.webscraper.scraper.WebScraper -          Image captured: Terraform State For Difference Environments → https://interview.in28minutes.com/img/terraform/environments-states.jpg
2026-06-22 16:23:54.833 [main] DEBUG c.i.webscraper.scraper.WebScraper -        Q[42chars] | A[1485chars] | Code[0]
2026-06-22 16:23:54.833 [main] DEBUG c.i.webscraper.scraper.WebScraper -          Image captured: Terraform State For Difference Environments → https://interview.in28minutes.com/img/terraform/environments-states.jpg
2026-06-22 16:23:54.834 [main] DEBUG c.i.webscraper.scraper.WebScraper -        Q[62chars] | A[1233chars] | Code[0]
2026-06-22 16:23:54.834 [main] DEBUG c.i.webscraper.scraper.WebScraper -        Q[37chars] | A[789chars] | Code[0]
2026-06-22 16:23:54.834 [main] DEBUG c.i.webscraper.scraper.WebScraper -        Q[38chars] | A[1222chars] | Code[0]
2026-06-22 16:23:54.835 [main] DEBUG c.i.webscraper.scraper.WebScraper -        Q[27chars] | A[2676chars] | Code[0]
2026-06-22 16:23:54.835 [main] INFO  c.i.webscraper.scraper.WebScraper -      8 Q&A pair(s) extracted.
2026-06-22 16:23:54.835 [main] INFO  c.i.webscraper.scraper.WebScraper -   → Section: 'Terraform Interview - Diagrams' (https://interview.in28minutes.com/interview-guides/terraform/terraform-interview-diagrams/)
2026-06-22 16:23:54.835 [main] DEBUG c.i.webscraper.scraper.WebScraper - Sleeping 2500ms (attempt 1/3) before: https://interview.in28minutes.com/interview-guides/terraform/terraform-interview-diagrams/
2026-06-22 16:23:57.882 [main] DEBUG c.i.webscraper.scraper.WebScraper - HTTP 200 ← https://interview.in28minutes.com/interview-guides/terraform/terraform-interview-diagrams/
2026-06-22 16:23:57.886 [main] DEBUG c.i.webscraper.scraper.WebScraper -      4 question heading(s) in 'Terraform Interview - Diagrams'.
2026-06-22 16:23:57.886 [main] DEBUG c.i.webscraper.scraper.WebScraper -          Image captured: Terraform State → https://interview.in28minutes.com/img/terraform/terraform-state.jpg
2026-06-22 16:23:57.886 [main] DEBUG c.i.webscraper.scraper.WebScraper -        Q[15chars] | A[94chars] | Code[0]
2026-06-22 16:23:57.886 [main] DEBUG c.i.webscraper.scraper.WebScraper -          Image captured: Terraform State For Difference Environments → https://interview.in28minutes.com/img/terraform/environments-states.jpg
2026-06-22 16:23:57.886 [main] DEBUG c.i.webscraper.scraper.WebScraper -        Q[43chars] | A[126chars] | Code[0]
2026-06-22 16:23:57.886 [main] DEBUG c.i.webscraper.scraper.WebScraper -          Image captured: Environments → https://interview.in28minutes.com/img/terraform/environments.jpg
2026-06-22 16:23:57.886 [main] DEBUG c.i.webscraper.scraper.WebScraper -        Q[12chars] | A[88chars] | Code[0]
2026-06-22 16:23:57.887 [main] DEBUG c.i.webscraper.scraper.WebScraper -          Image captured: Environments Are Not All The Same → https://interview.in28minutes.com/img/terraform/environments-differences.jpg
2026-06-22 16:23:57.887 [main] DEBUG c.i.webscraper.scraper.WebScraper -        Q[34chars] | A[121chars] | Code[0]
2026-06-22 16:23:57.887 [main] INFO  c.i.webscraper.scraper.WebScraper -      4 Q&A pair(s) extracted.
2026-06-22 16:23:57.887 [main] INFO  c.i.webscraper.scraper.WebScraper - Topic 'Terraform' complete → 5 section(s).
2026-06-22 16:23:57.887 [main] INFO  c.i.webscraper.scraper.WebScraper - ---------- Topic: Git → https://interview.in28minutes.com/git/
2026-06-22 16:23:57.887 [main] DEBUG c.i.webscraper.scraper.WebScraper - Sleeping 2500ms (attempt 1/3) before: https://interview.in28minutes.com/git/
2026-06-22 16:24:00.922 [main] DEBUG c.i.webscraper.scraper.WebScraper - HTTP 200 ← https://interview.in28minutes.com/git/
2026-06-22 16:24:00.925 [main] DEBUG c.i.webscraper.scraper.WebScraper - Topic 'Git' → 4 card(s) found.
2026-06-22 16:24:00.925 [main] INFO  c.i.webscraper.scraper.WebScraper -   → Section: 'Introduction to Git' (https://interview.in28minutes.com/interview-guides/git/introduction-to-git/)
2026-06-22 16:24:00.925 [main] DEBUG c.i.webscraper.scraper.WebScraper - Sleeping 2500ms (attempt 1/3) before: https://interview.in28minutes.com/interview-guides/git/introduction-to-git/
2026-06-22 16:24:04.817 [main] DEBUG c.i.webscraper.scraper.WebScraper - HTTP 200 ← https://interview.in28minutes.com/interview-guides/git/introduction-to-git/
2026-06-22 16:24:04.823 [main] DEBUG c.i.webscraper.scraper.WebScraper -      10 question heading(s) in 'Introduction to Git'.
2026-06-22 16:24:04.823 [main] DEBUG c.i.webscraper.scraper.WebScraper -        Q[33chars] | A[640chars] | Code[1]
2026-06-22 16:24:04.824 [main] DEBUG c.i.webscraper.scraper.WebScraper -        Q[78chars] | A[1305chars] | Code[0]
2026-06-22 16:24:04.824 [main] DEBUG c.i.webscraper.scraper.WebScraper -        Q[42chars] | A[1678chars] | Code[8]
2026-06-22 16:24:04.825 [main] DEBUG c.i.webscraper.scraper.WebScraper -        Q[27chars] | A[1750chars] | Code[0]
2026-06-22 16:24:04.825 [main] DEBUG c.i.webscraper.scraper.WebScraper -        Q[64chars] | A[1128chars] | Code[0]
2026-06-22 16:24:04.825 [main] DEBUG c.i.webscraper.scraper.WebScraper -        Q[15chars] | A[1984chars] | Code[0]
2026-06-22 16:24:04.825 [main] DEBUG c.i.webscraper.scraper.WebScraper -        Q[85chars] | A[1112chars] | Code[1]
2026-06-22 16:24:04.826 [main] DEBUG c.i.webscraper.scraper.WebScraper -        Q[38chars] | A[2220chars] | Code[0]
2026-06-22 16:24:04.826 [main] DEBUG c.i.webscraper.scraper.WebScraper -        Q[54chars] | A[1702chars] | Code[0]
2026-06-22 16:24:04.826 [main] DEBUG c.i.webscraper.scraper.WebScraper -        Q[65chars] | A[1263chars] | Code[0]
2026-06-22 16:24:04.826 [main] INFO  c.i.webscraper.scraper.WebScraper -      10 Q&A pair(s) extracted.
2026-06-22 16:24:04.827 [main] INFO  c.i.webscraper.scraper.WebScraper -   → Section: 'Git Branching' (https://interview.in28minutes.com/interview-guides/git/git-branching/)
2026-06-22 16:24:04.827 [main] DEBUG c.i.webscraper.scraper.WebScraper - Sleeping 2500ms (attempt 1/3) before: https://interview.in28minutes.com/interview-guides/git/git-branching/
2026-06-22 16:24:07.885 [main] DEBUG c.i.webscraper.scraper.WebScraper - HTTP 200 ← https://interview.in28minutes.com/interview-guides/git/git-branching/
2026-06-22 16:24:07.890 [main] DEBUG c.i.webscraper.scraper.WebScraper -      7 question heading(s) in 'Git Branching'.
2026-06-22 16:24:07.890 [main] DEBUG c.i.webscraper.scraper.WebScraper -        Q[38chars] | A[1565chars] | Code[0]
2026-06-22 16:24:07.891 [main] DEBUG c.i.webscraper.scraper.WebScraper -        Q[69chars] | A[978chars] | Code[1]
2026-06-22 16:24:07.891 [main] DEBUG c.i.webscraper.scraper.WebScraper -        Q[52chars] | A[2057chars] | Code[6]
2026-06-22 16:24:07.893 [main] DEBUG c.i.webscraper.scraper.WebScraper -        Q[57chars] | A[5153chars] | Code[0]
2026-06-22 16:24:07.893 [main] DEBUG c.i.webscraper.scraper.WebScraper -        Q[18chars] | A[2563chars] | Code[5]
2026-06-22 16:24:07.894 [main] DEBUG c.i.webscraper.scraper.WebScraper -        Q[18chars] | A[1922chars] | Code[0]
2026-06-22 16:24:07.894 [main] DEBUG c.i.webscraper.scraper.WebScraper -        Q[29chars] | A[1280chars] | Code[0]
2026-06-22 16:24:07.894 [main] INFO  c.i.webscraper.scraper.WebScraper -      7 Q&A pair(s) extracted.
2026-06-22 16:24:07.894 [main] INFO  c.i.webscraper.scraper.WebScraper -   → Section: 'Git - Other Features You Need To Know' (https://interview.in28minutes.com/interview-guides/git/git-other-features-you-need-to-know/)
2026-06-22 16:24:07.894 [main] DEBUG c.i.webscraper.scraper.WebScraper - Sleeping 2500ms (attempt 1/3) before: https://interview.in28minutes.com/interview-guides/git/git-other-features-you-need-to-know/
2026-06-22 16:24:10.924 [main] DEBUG c.i.webscraper.scraper.WebScraper - HTTP 200 ← https://interview.in28minutes.com/interview-guides/git/git-other-features-you-need-to-know/
2026-06-22 16:24:10.925 [main] DEBUG c.i.webscraper.scraper.WebScraper -      9 question heading(s) in 'Git - Other Features You Need To Know'.
2026-06-22 16:24:10.927 [main] DEBUG c.i.webscraper.scraper.WebScraper -        Q[67chars] | A[531chars] | Code[1]
2026-06-22 16:24:10.927 [main] DEBUG c.i.webscraper.scraper.WebScraper -        Q[54chars] | A[574chars] | Code[1]
2026-06-22 16:24:10.927 [main] DEBUG c.i.webscraper.scraper.WebScraper -        Q[80chars] | A[517chars] | Code[1]
2026-06-22 16:24:10.927 [main] DEBUG c.i.webscraper.scraper.WebScraper -        Q[59chars] | A[639chars] | Code[2]
2026-06-22 16:24:10.927 [main] DEBUG c.i.webscraper.scraper.WebScraper -        Q[69chars] | A[1120chars] | Code[0]
2026-06-22 16:24:10.927 [main] DEBUG c.i.webscraper.scraper.WebScraper -        Q[70chars] | A[335chars] | Code[1]
2026-06-22 16:24:10.927 [main] DEBUG c.i.webscraper.scraper.WebScraper -        Q[51chars] | A[276chars] | Code[1]
2026-06-22 16:24:10.927 [main] DEBUG c.i.webscraper.scraper.WebScraper -        Q[60chars] | A[713chars] | Code[1]
2026-06-22 16:24:10.928 [main] DEBUG c.i.webscraper.scraper.WebScraper -        Q[42chars] | A[1307chars] | Code[0]
2026-06-22 16:24:10.928 [main] INFO  c.i.webscraper.scraper.WebScraper -      9 Q&A pair(s) extracted.
2026-06-22 16:24:10.928 [main] INFO  c.i.webscraper.scraper.WebScraper -   → Section: 'Git Interview - Diagrams' (https://interview.in28minutes.com/interview-guides/git/git-interview-diagrams/)
2026-06-22 16:24:10.928 [main] DEBUG c.i.webscraper.scraper.WebScraper - Sleeping 2500ms (attempt 1/3) before: https://interview.in28minutes.com/interview-guides/git/git-interview-diagrams/
2026-06-22 16:24:13.961 [main] DEBUG c.i.webscraper.scraper.WebScraper - HTTP 200 ← https://interview.in28minutes.com/interview-guides/git/git-interview-diagrams/
2026-06-22 16:24:13.964 [main] DEBUG c.i.webscraper.scraper.WebScraper -      9 question heading(s) in 'Git Interview - Diagrams'.
2026-06-22 16:24:13.964 [main] DEBUG c.i.webscraper.scraper.WebScraper -          Image captured: Terraform State → https://interview.in28minutes.com/img/git/one-branch.jpg
2026-06-22 16:24:13.964 [main] DEBUG c.i.webscraper.scraper.WebScraper -          Image captured: Terraform State → https://interview.in28minutes.com/img/git/multiple-branches.jpg
2026-06-22 16:24:13.964 [main] DEBUG c.i.webscraper.scraper.WebScraper -          Image captured: Terraform State → https://interview.in28minutes.com/img/git/git-flow.jpg
2026-06-22 16:24:13.964 [main] DEBUG c.i.webscraper.scraper.WebScraper -        Q[9chars] | A[298chars] | Code[0]
2026-06-22 16:24:13.964 [main] DEBUG c.i.webscraper.scraper.WebScraper -        Q[16chars] | A[0chars] | Code[1]
2026-06-22 16:24:13.964 [main] DEBUG c.i.webscraper.scraper.WebScraper -        Q[15chars] | A[0chars] | Code[1]
2026-06-22 16:24:13.965 [main] DEBUG c.i.webscraper.scraper.WebScraper -        Q[20chars] | A[0chars] | Code[1]
2026-06-22 16:24:13.965 [main] DEBUG c.i.webscraper.scraper.WebScraper -        Q[19chars] | A[0chars] | Code[1]
2026-06-22 16:24:13.965 [main] DEBUG c.i.webscraper.scraper.WebScraper -        Q[19chars] | A[0chars] | Code[1]
2026-06-22 16:24:13.965 [main] DEBUG c.i.webscraper.scraper.WebScraper -        Q[38chars] | A[0chars] | Code[1]
2026-06-22 16:24:13.965 [main] DEBUG c.i.webscraper.scraper.WebScraper -        Q[7chars] | A[0chars] | Code[1]
2026-06-22 16:24:13.965 [main] DEBUG c.i.webscraper.scraper.WebScraper -        Q[10chars] | A[0chars] | Code[1]
2026-06-22 16:24:13.965 [main] INFO  c.i.webscraper.scraper.WebScraper -      9 Q&A pair(s) extracted.
2026-06-22 16:24:13.965 [main] INFO  c.i.webscraper.scraper.WebScraper - Topic 'Git' complete → 4 section(s).
2026-06-22 16:24:13.965 [main] INFO  c.i.webscraper.scraper.WebScraper - ===== Done. 7 book(s) populated. =====
2026-06-22 16:24:13.967 [main] INFO  com.in28minutes.webscraper.Main - Phase 1 complete. 7 topic(s) scraped successfully:
2026-06-22 16:24:13.967 [main] INFO  com.in28minutes.webscraper.Main -   • Java → 17 section(s)
2026-06-22 16:24:13.967 [main] INFO  com.in28minutes.webscraper.Main -   • DevOps → 2 section(s)
2026-06-22 16:24:13.967 [main] INFO  com.in28minutes.webscraper.Main -   • Cloud → 8 section(s)
2026-06-22 16:24:13.967 [main] INFO  com.in28minutes.webscraper.Main -   • Docker → 10 section(s)
2026-06-22 16:24:13.967 [main] INFO  com.in28minutes.webscraper.Main -   • Kubernetes → 10 section(s)
2026-06-22 16:24:13.967 [main] INFO  com.in28minutes.webscraper.Main -   • Terraform → 5 section(s)
2026-06-22 16:24:13.967 [main] INFO  com.in28minutes.webscraper.Main -   • Git → 4 section(s)
2026-06-22 16:24:13.967 [main] INFO  com.in28minutes.webscraper.Main - Phase 2: PDF generation initiated.
2026-06-22 16:24:14.151 [main] INFO  c.i.webscraper.pdf.PdfGenerator - ===== PDF generation: 7 book(s) =====
2026-06-22 16:24:14.153 [main] INFO  c.i.webscraper.pdf.PdfGenerator - Generating: Java_Interview_Guide.pdf
2026-06-22 16:24:15.311 [main] INFO  c.i.webscraper.pdf.PdfGenerator -   Written: Java_Interview_Guide.pdf (592 KB)
2026-06-22 16:24:15.313 [main] INFO  c.i.webscraper.pdf.PdfGenerator - Generating: DevOps_Interview_Guide.pdf
2026-06-22 16:24:32.434 [main] INFO  c.i.webscraper.pdf.PdfGenerator -   Written: DevOps_Interview_Guide.pdf (1618 KB)
2026-06-22 16:24:32.435 [main] INFO  c.i.webscraper.pdf.PdfGenerator - Generating: Cloud_Interview_Guide.pdf
2026-06-22 16:25:18.751 [main] INFO  c.i.webscraper.pdf.PdfGenerator -   Written: Cloud_Interview_Guide.pdf (5493 KB)
2026-06-22 16:25:18.751 [main] INFO  c.i.webscraper.pdf.PdfGenerator - Generating: Docker_Interview_Guide.pdf
2026-06-22 16:25:30.978 [main] INFO  c.i.webscraper.pdf.PdfGenerator -   Written: Docker_Interview_Guide.pdf (1723 KB)
2026-06-22 16:25:30.978 [main] INFO  c.i.webscraper.pdf.PdfGenerator - Generating: Kubernetes_Interview_Guide.pdf
2026-06-22 16:25:46.811 [main] INFO  c.i.webscraper.pdf.PdfGenerator -   Written: Kubernetes_Interview_Guide.pdf (5080 KB)
2026-06-22 16:25:46.812 [main] INFO  c.i.webscraper.pdf.PdfGenerator - Generating: Terraform_Interview_Guide.pdf
2026-06-22 16:25:50.867 [main] INFO  c.i.webscraper.pdf.PdfGenerator -   Written: Terraform_Interview_Guide.pdf (594 KB)
2026-06-22 16:25:50.867 [main] INFO  c.i.webscraper.pdf.PdfGenerator - Generating: Git_Interview_Guide.pdf
2026-06-22 16:25:53.708 [main] INFO  c.i.webscraper.pdf.PdfGenerator -   Written: Git_Interview_Guide.pdf (448 KB)
2026-06-22 16:25:53.708 [main] INFO  c.i.webscraper.pdf.PdfGenerator - ===== Done. 7/7 PDF(s) in 'C:\Users\mmohamm1\OneDrive - Capgemini\Desktop\WebScraper\output' =====
2026-06-22 16:25:53.708 [main] INFO  com.in28minutes.webscraper.Main - Phase 3: JSON export for React website initiated.
2026-06-22 16:25:54.102 [main] INFO  c.i.webscraper.json.JsonExporter -   [JSON] Exported: java.json
2026-06-22 16:25:54.121 [main] INFO  c.i.webscraper.json.JsonExporter -   [PDF]  Copied: Java_Interview_Guide.pdf
2026-06-22 16:25:54.130 [main] INFO  c.i.webscraper.json.JsonExporter -   [JSON] Exported: devops.json
2026-06-22 16:25:54.147 [main] INFO  c.i.webscraper.json.JsonExporter -   [PDF]  Copied: DevOps_Interview_Guide.pdf
2026-06-22 16:25:54.160 [main] INFO  c.i.webscraper.json.JsonExporter -   [JSON] Exported: cloud.json
2026-06-22 16:25:54.168 [main] INFO  c.i.webscraper.json.JsonExporter -   [PDF]  Copied: Cloud_Interview_Guide.pdf
2026-06-22 16:25:54.176 [main] INFO  c.i.webscraper.json.JsonExporter -   [JSON] Exported: docker.json
2026-06-22 16:25:54.182 [main] INFO  c.i.webscraper.json.JsonExporter -   [PDF]  Copied: Docker_Interview_Guide.pdf
2026-06-22 16:25:54.191 [main] INFO  c.i.webscraper.json.JsonExporter -   [JSON] Exported: kubernetes.json
2026-06-22 16:25:54.199 [main] INFO  c.i.webscraper.json.JsonExporter -   [PDF]  Copied: Kubernetes_Interview_Guide.pdf
2026-06-22 16:25:54.208 [main] INFO  c.i.webscraper.json.JsonExporter -   [JSON] Exported: terraform.json
2026-06-22 16:25:54.217 [main] INFO  c.i.webscraper.json.JsonExporter -   [PDF]  Copied: Terraform_Interview_Guide.pdf
2026-06-22 16:25:54.225 [main] INFO  c.i.webscraper.json.JsonExporter -   [JSON] Exported: git.json
2026-06-22 16:25:54.235 [main] INFO  c.i.webscraper.json.JsonExporter -   [PDF]  Copied: Git_Interview_Guide.pdf
2026-06-22 16:25:54.243 [main] INFO  c.i.webscraper.json.JsonExporter -   [JSON] index.json written (7 entries).
2026-06-22 16:25:54.243 [main] INFO  com.in28minutes.webscraper.Main - Phase 3 complete. Data written to frontend/public/data/
2026-06-22 16:25:54.243 [main] INFO  com.in28minutes.webscraper.Main - =========================================================
2026-06-22 16:25:54.243 [main] INFO  com.in28minutes.webscraper.Main -   All done!  Elapsed time: 309s
2026-06-22 16:25:54.244 [main] INFO  com.in28minutes.webscraper.Main -   Output directory: C:\Users\mmohamm1\OneDrive - Capgemini\Desktop\WebScraper\output
2026-06-22 16:25:54.246 [main] INFO  com.in28minutes.webscraper.Main -   7 PDF file(s) generated:
2026-06-22 16:25:54.247 [main] INFO  com.in28minutes.webscraper.Main -     → Cloud_Interview_Guide.pdf (5493 KB)
2026-06-22 16:25:54.247 [main] INFO  com.in28minutes.webscraper.Main -     → DevOps_Interview_Guide.pdf (1618 KB)
2026-06-22 16:25:54.247 [main] INFO  com.in28minutes.webscraper.Main -     → Docker_Interview_Guide.pdf (1723 KB)
2026-06-22 16:25:54.248 [main] INFO  com.in28minutes.webscraper.Main -     → Git_Interview_Guide.pdf (448 KB)
2026-06-22 16:25:54.248 [main] INFO  com.in28minutes.webscraper.Main -     → Java_Interview_Guide.pdf (592 KB)
2026-06-22 16:25:54.248 [main] INFO  com.in28minutes.webscraper.Main -     → Kubernetes_Interview_Guide.pdf (5080 KB)
2026-06-22 16:25:54.249 [main] INFO  com.in28minutes.webscraper.Main -     → Terraform_Interview_Guide.pdf (594 KB)
2026-06-22 16:25:54.249 [main] INFO  com.in28minutes.webscraper.Main - =========================================================
2026-06-22 16:43:30.001 [main] INFO  com.in28minutes.webscraper.Main - In28Minutes Interview Guide Scraper starting...
2026-06-22 16:43:30.005 [main] INFO  com.in28minutes.webscraper.Main - Phase 1: Web scraping initiated.
2026-06-22 16:43:30.251 [main] INFO  c.i.webscraper.scraper.WebScraper - SSL trust-all installed (scraper mode).
2026-06-22 16:43:30.252 [main] INFO  c.i.webscraper.scraper.WebScraper - ===== Starting scrape for 7 topic(s) =====
2026-06-22 16:43:30.254 [main] INFO  c.i.webscraper.scraper.WebScraper - ---------- Topic: Java → https://interview.in28minutes.com/java/
2026-06-22 16:43:30.257 [main] DEBUG c.i.webscraper.scraper.WebScraper - Sleeping 2500ms (attempt 1/3) before: https://interview.in28minutes.com/java/
2026-06-22 16:43:34.087 [main] DEBUG c.i.webscraper.scraper.WebScraper - HTTP 200 ← https://interview.in28minutes.com/java/
2026-06-22 16:43:34.223 [main] DEBUG c.i.webscraper.scraper.WebScraper - Topic 'Java' → 17 card(s) found.
2026-06-22 16:43:34.225 [main] INFO  c.i.webscraper.scraper.WebScraper -   → Section: 'Java Platform' (https://interview.in28minutes.com/interview-guides/java/java-platform/)
2026-06-22 16:43:34.226 [main] DEBUG c.i.webscraper.scraper.WebScraper - Sleeping 2500ms (attempt 1/3) before: https://interview.in28minutes.com/interview-guides/java/java-platform/
2026-06-22 16:43:37.353 [main] DEBUG c.i.webscraper.scraper.WebScraper - HTTP 200 ← https://interview.in28minutes.com/interview-guides/java/java-platform/
2026-06-22 16:43:37.460 [main] DEBUG c.i.webscraper.scraper.WebScraper -      19 question heading(s) in 'Java Platform'.
2026-06-22 16:43:37.474 [main] DEBUG c.i.webscraper.scraper.WebScraper -        Q[30chars] | A[343chars] | Code[1]
2026-06-22 16:43:37.489 [main] DEBUG c.i.webscraper.scraper.WebScraper -        Q[36chars] | A[744chars] | Code[0]
2026-06-22 16:43:37.503 [main] DEBUG c.i.webscraper.scraper.WebScraper -        Q[32chars] | A[656chars] | Code[3]
2026-06-22 16:43:37.537 [main] DEBUG c.i.webscraper.scraper.WebScraper -        Q[66chars] | A[1977chars] | Code[6]
2026-06-22 16:43:37.554 [main] DEBUG c.i.webscraper.scraper.WebScraper -        Q[17chars] | A[1528chars] | Code[0]
2026-06-22 16:43:37.562 [main] DEBUG c.i.webscraper.scraper.WebScraper -        Q[39chars] | A[719chars] | Code[4]
2026-06-22 16:43:37.577 [main] DEBUG c.i.webscraper.scraper.WebScraper -        Q[48chars] | A[648chars] | Code[9]
2026-06-22 16:43:37.579 [main] DEBUG c.i.webscraper.scraper.WebScraper -        Q[25chars] | A[295chars] | Code[0]
2026-06-22 16:43:37.583 [main] DEBUG c.i.webscraper.scraper.WebScraper -        Q[18chars] | A[259chars] | Code[1]
2026-06-22 16:43:37.585 [main] DEBUG c.i.webscraper.scraper.WebScraper -        Q[43chars] | A[321chars] | Code[0]
2026-06-22 16:43:37.593 [main] DEBUG c.i.webscraper.scraper.WebScraper -        Q[27chars] | A[1574chars] | Code[1]
2026-06-22 16:43:37.597 [main] DEBUG c.i.webscraper.scraper.WebScraper -        Q[53chars] | A[590chars] | Code[0]
2026-06-22 16:43:37.599 [main] DEBUG c.i.webscraper.scraper.WebScraper -        Q[89chars] | A[516chars] | Code[2]
2026-06-22 16:43:37.602 [main] DEBUG c.i.webscraper.scraper.WebScraper -        Q[29chars] | A[568chars] | Code[0]
2026-06-22 16:43:37.604 [main] DEBUG c.i.webscraper.scraper.WebScraper -        Q[32chars] | A[375chars] | Code[0]
2026-06-22 16:43:37.606 [main] DEBUG c.i.webscraper.scraper.WebScraper -        Q[74chars] | A[757chars] | Code[0]
2026-06-22 16:43:37.609 [main] DEBUG c.i.webscraper.scraper.WebScraper -        Q[39chars] | A[410chars] | Code[2]
2026-06-22 16:43:37.619 [main] DEBUG c.i.webscraper.scraper.WebScraper -        Q[55chars] | A[1659chars] | Code[8]
2026-06-22 16:43:37.621 [main] DEBUG c.i.webscraper.scraper.WebScraper -        Q[55chars] | A[557chars] | Code[0]
2026-06-22 16:43:37.621 [main] INFO  c.i.webscraper.scraper.WebScraper -      19 Q&A pair(s) extracted.
2026-06-22 16:43:37.622 [main] INFO  c.i.webscraper.scraper.WebScraper -   → Section: 'Java Landscape' (https://interview.in28minutes.com/interview-guides/java/java-landscape/)
2026-06-22 16:43:37.622 [main] DEBUG c.i.webscraper.scraper.WebScraper - Sleeping 2500ms (attempt 1/3) before: https://interview.in28minutes.com/interview-guides/java/java-landscape/
2026-06-22 16:43:40.869 [main] DEBUG c.i.webscraper.scraper.WebScraper - HTTP 200 ← https://interview.in28minutes.com/interview-guides/java/java-landscape/
2026-06-22 16:43:40.890 [main] DEBUG c.i.webscraper.scraper.WebScraper -      12 question heading(s) in 'Java Landscape'.
2026-06-22 16:43:40.891 [main] DEBUG c.i.webscraper.scraper.WebScraper -        Q[14chars] | A[182chars] | Code[0]
2026-06-22 16:43:40.894 [main] DEBUG c.i.webscraper.scraper.WebScraper -        Q[29chars] | A[1077chars] | Code[0]
2026-06-22 16:43:40.897 [main] DEBUG c.i.webscraper.scraper.WebScraper -        Q[47chars] | A[1114chars] | Code[0]
2026-06-22 16:43:40.900 [main] DEBUG c.i.webscraper.scraper.WebScraper -        Q[19chars] | A[631chars] | Code[2]
2026-06-22 16:43:40.904 [main] DEBUG c.i.webscraper.scraper.WebScraper -        Q[51chars] | A[1438chars] | Code[0]
2026-06-22 16:43:40.907 [main] DEBUG c.i.webscraper.scraper.WebScraper -        Q[12chars] | A[844chars] | Code[0]
2026-06-22 16:43:40.910 [main] DEBUG c.i.webscraper.scraper.WebScraper -        Q[10chars] | A[1018chars] | Code[0]
2026-06-22 16:43:40.911 [main] DEBUG c.i.webscraper.scraper.WebScraper -        Q[22chars] | A[100chars] | Code[0]
2026-06-22 16:43:40.913 [main] DEBUG c.i.webscraper.scraper.WebScraper -        Q[63chars] | A[485chars] | Code[0]
2026-06-22 16:43:40.915 [main] DEBUG c.i.webscraper.scraper.WebScraper -        Q[36chars] | A[947chars] | Code[0]
2026-06-22 16:43:40.917 [main] DEBUG c.i.webscraper.scraper.WebScraper -        Q[43chars] | A[711chars] | Code[0]
2026-06-22 16:43:40.918 [main] DEBUG c.i.webscraper.scraper.WebScraper -        Q[26chars] | A[925chars] | Code[0]
2026-06-22 16:43:40.919 [main] INFO  c.i.webscraper.scraper.WebScraper -      12 Q&A pair(s) extracted.
2026-06-22 16:43:40.919 [main] INFO  c.i.webscraper.scraper.WebScraper -   → Section: 'Java Memory Management' (https://interview.in28minutes.com/interview-guides/java/java-memory-management/)
2026-06-22 16:43:40.919 [main] DEBUG c.i.webscraper.scraper.WebScraper - Sleeping 2500ms (attempt 1/3) before: https://interview.in28minutes.com/interview-guides/java/java-memory-management/
2026-06-22 16:43:44.298 [main] DEBUG c.i.webscraper.scraper.WebScraper - HTTP 200 ← https://interview.in28minutes.com/interview-guides/java/java-memory-management/
2026-06-22 16:43:44.322 [main] DEBUG c.i.webscraper.scraper.WebScraper -      13 question heading(s) in 'Java Memory Management'.
2026-06-22 16:43:44.325 [main] DEBUG c.i.webscraper.scraper.WebScraper -        Q[65chars] | A[1234chars] | Code[3]
2026-06-22 16:43:44.328 [main] DEBUG c.i.webscraper.scraper.WebScraper -        Q[22chars] | A[730chars] | Code[4]
2026-06-22 16:43:44.330 [main] DEBUG c.i.webscraper.scraper.WebScraper -        Q[33chars] | A[411chars] | Code[1]
2026-06-22 16:43:44.334 [main] DEBUG c.i.webscraper.scraper.WebScraper -        Q[21chars] | A[1486chars] | Code[2]
2026-06-22 16:43:44.336 [main] DEBUG c.i.webscraper.scraper.WebScraper -        Q[32chars] | A[339chars] | Code[0]
2026-06-22 16:43:44.339 [main] DEBUG c.i.webscraper.scraper.WebScraper -        Q[18chars] | A[595chars] | Code[0]
2026-06-22 16:43:44.342 [main] DEBUG c.i.webscraper.scraper.WebScraper -        Q[34chars] | A[1467chars] | Code[1]
2026-06-22 16:43:44.345 [main] DEBUG c.i.webscraper.scraper.WebScraper -        Q[48chars] | A[1343chars] | Code[0]
2026-06-22 16:43:44.347 [main] DEBUG c.i.webscraper.scraper.WebScraper -        Q[32chars] | A[385chars] | Code[0]
2026-06-22 16:43:44.355 [main] DEBUG c.i.webscraper.scraper.WebScraper -        Q[35chars] | A[2368chars] | Code[4]
2026-06-22 16:43:44.358 [main] DEBUG c.i.webscraper.scraper.WebScraper -        Q[44chars] | A[676chars] | Code[0]
2026-06-22 16:43:44.360 [main] DEBUG c.i.webscraper.scraper.WebScraper -        Q[46chars] | A[686chars] | Code[0]
2026-06-22 16:43:44.362 [main] DEBUG c.i.webscraper.scraper.WebScraper -        Q[23chars] | A[497chars] | Code[2]
2026-06-22 16:43:44.363 [main] INFO  c.i.webscraper.scraper.WebScraper -      13 Q&A pair(s) extracted.
2026-06-22 16:43:44.364 [main] INFO  c.i.webscraper.scraper.WebScraper -   → Section: 'Java Object Oriented Programming Concepts' (https://interview.in28minutes.com/interview-guides/java/java-object-oriented-programming-concepts/)
2026-06-22 16:43:44.365 [main] DEBUG c.i.webscraper.scraper.WebScraper - Sleeping 2500ms (attempt 1/3) before: https://interview.in28minutes.com/interview-guides/java/java-object-oriented-programming-concepts/
2026-06-22 16:43:48.000 [main] DEBUG c.i.webscraper.scraper.WebScraper - HTTP 200 ← https://interview.in28minutes.com/interview-guides/java/java-object-oriented-programming-concepts/
2026-06-22 16:43:48.089 [main] DEBUG c.i.webscraper.scraper.WebScraper -      24 question heading(s) in 'Java Object Oriented Programming Concepts'.
2026-06-22 16:43:48.092 [main] DEBUG c.i.webscraper.scraper.WebScraper -        Q[41chars] | A[983chars] | Code[2]
2026-06-22 16:43:48.096 [main] DEBUG c.i.webscraper.scraper.WebScraper -        Q[36chars] | A[969chars] | Code[4]
2026-06-22 16:43:48.097 [main] DEBUG c.i.webscraper.scraper.WebScraper -        Q[16chars] | A[623chars] | Code[0]
2026-06-22 16:43:48.097 [main] DEBUG c.i.webscraper.scraper.WebScraper -        Q[37chars] | A[812chars] | Code[0]
2026-06-22 16:43:48.101 [main] DEBUG c.i.webscraper.scraper.WebScraper -        Q[42chars] | A[2333chars] | Code[3]
2026-06-22 16:43:48.103 [main] DEBUG c.i.webscraper.scraper.WebScraper -        Q[80chars] | A[547chars] | Code[3]
2026-06-22 16:43:48.107 [main] DEBUG c.i.webscraper.scraper.WebScraper -        Q[25chars] | A[1234chars] | Code[8]
2026-06-22 16:43:48.108 [main] DEBUG c.i.webscraper.scraper.WebScraper -        Q[29chars] | A[492chars] | Code[6]
2026-06-22 16:43:48.111 [main] DEBUG c.i.webscraper.scraper.WebScraper -        Q[61chars] | A[953chars] | Code[5]
2026-06-22 16:43:48.113 [main] DEBUG c.i.webscraper.scraper.WebScraper -        Q[47chars] | A[1064chars] | Code[3]
2026-06-22 16:43:48.114 [main] DEBUG c.i.webscraper.scraper.WebScraper -        Q[22chars] | A[745chars] | Code[3]
2026-06-22 16:43:48.115 [main] DEBUG c.i.webscraper.scraper.WebScraper -        Q[27chars] | A[858chars] | Code[3]
2026-06-22 16:43:48.116 [main] DEBUG c.i.webscraper.scraper.WebScraper -        Q[25chars] | A[439chars] | Code[0]
2026-06-22 16:43:48.117 [main] DEBUG c.i.webscraper.scraper.WebScraper -        Q[59chars] | A[1506chars] | Code[3]
2026-06-22 16:43:48.119 [main] DEBUG c.i.webscraper.scraper.WebScraper -        Q[20chars] | A[1751chars] | Code[0]
2026-06-22 16:43:48.120 [main] DEBUG c.i.webscraper.scraper.WebScraper -        Q[17chars] | A[1133chars] | Code[2]
2026-06-22 16:43:48.121 [main] DEBUG c.i.webscraper.scraper.WebScraper -        Q[17chars] | A[875chars] | Code[4]
2026-06-22 16:43:48.123 [main] DEBUG c.i.webscraper.scraper.WebScraper -        Q[31chars] | A[846chars] | Code[4]
2026-06-22 16:43:48.123 [main] DEBUG c.i.webscraper.scraper.WebScraper -        Q[52chars] | A[1024chars] | Code[0]
2026-06-22 16:43:48.124 [main] DEBUG c.i.webscraper.scraper.WebScraper -        Q[34chars] | A[2193chars] | Code[2]
2026-06-22 16:43:48.124 [main] DEBUG c.i.webscraper.scraper.WebScraper -        Q[21chars] | A[774chars] | Code[4]
2026-06-22 16:43:48.125 [main] DEBUG c.i.webscraper.scraper.WebScraper -        Q[32chars] | A[468chars] | Code[1]
2026-06-22 16:43:48.125 [main] DEBUG c.i.webscraper.scraper.WebScraper -        Q[25chars] | A[872chars] | Code[2]
2026-06-22 16:43:48.126 [main] DEBUG c.i.webscraper.scraper.WebScraper -        Q[51chars] | A[727chars] | Code[2]
2026-06-22 16:43:48.126 [main] INFO  c.i.webscraper.scraper.WebScraper -      24 Q&A pair(s) extracted.
2026-06-22 16:43:48.127 [main] INFO  c.i.webscraper.scraper.WebScraper -   → Section: 'Java Object Oriented Programming Details' (https://interview.in28minutes.com/interview-guides/java/java-object-oriented-programming-details/)
2026-06-22 16:43:48.127 [main] DEBUG c.i.webscraper.scraper.WebScraper - Sleeping 2500ms (attempt 1/3) before: https://interview.in28minutes.com/interview-guides/java/java-object-oriented-programming-details/
2026-06-22 16:43:50.834 [main] DEBUG c.i.webscraper.scraper.WebScraper - HTTP 200 ← https://interview.in28minutes.com/interview-guides/java/java-object-oriented-programming-details/
2026-06-22 16:43:50.861 [main] DEBUG c.i.webscraper.scraper.WebScraper -      14 question heading(s) in 'Java Object Oriented Programming Details'.
2026-06-22 16:43:50.863 [main] DEBUG c.i.webscraper.scraper.WebScraper -        Q[46chars] | A[529chars] | Code[1]
2026-06-22 16:43:50.863 [main] DEBUG c.i.webscraper.scraper.WebScraper -        Q[66chars] | A[807chars] | Code[5]
2026-06-22 16:43:50.864 [main] DEBUG c.i.webscraper.scraper.WebScraper -        Q[64chars] | A[1739chars] | Code[5]
2026-06-22 16:43:50.864 [main] DEBUG c.i.webscraper.scraper.WebScraper -        Q[66chars] | A[531chars] | Code[3]
2026-06-22 16:43:50.865 [main] DEBUG c.i.webscraper.scraper.WebScraper -        Q[64chars] | A[3597chars] | Code[8]
2026-06-22 16:43:50.866 [main] DEBUG c.i.webscraper.scraper.WebScraper -        Q[46chars] | A[591chars] | Code[4]
2026-06-22 16:43:50.866 [main] DEBUG c.i.webscraper.scraper.WebScraper -        Q[33chars] | A[274chars] | Code[1]
2026-06-22 16:43:50.866 [main] DEBUG c.i.webscraper.scraper.WebScraper -        Q[43chars] | A[691chars] | Code[4]
2026-06-22 16:43:50.868 [main] DEBUG c.i.webscraper.scraper.WebScraper -        Q[36chars] | A[650chars] | Code[4]
2026-06-22 16:43:50.868 [main] DEBUG c.i.webscraper.scraper.WebScraper -        Q[47chars] | A[333chars] | Code[1]
2026-06-22 16:43:50.869 [main] DEBUG c.i.webscraper.scraper.WebScraper -        Q[64chars] | A[933chars] | Code[3]
2026-06-22 16:43:50.871 [main] DEBUG c.i.webscraper.scraper.WebScraper -        Q[43chars] | A[777chars] | Code[1]
2026-06-22 16:43:50.872 [main] DEBUG c.i.webscraper.scraper.WebScraper -        Q[40chars] | A[2791chars] | Code[4]
2026-06-22 16:43:50.873 [main] DEBUG c.i.webscraper.scraper.WebScraper -        Q[64chars] | A[768chars] | Code[3]
2026-06-22 16:43:50.873 [main] INFO  c.i.webscraper.scraper.WebScraper -      14 Q&A pair(s) extracted.
2026-06-22 16:43:50.874 [main] INFO  c.i.webscraper.scraper.WebScraper -   → Section: 'Core Java in Depth' (https://interview.in28minutes.com/interview-guides/java/core-java-in-depth/)
2026-06-22 16:43:50.874 [main] DEBUG c.i.webscraper.scraper.WebScraper - Sleeping 2500ms (attempt 1/3) before: https://interview.in28minutes.com/interview-guides/java/core-java-in-depth/
2026-06-22 16:43:54.610 [main] DEBUG c.i.webscraper.scraper.WebScraper - HTTP 200 ← https://interview.in28minutes.com/interview-guides/java/core-java-in-depth/
2026-06-22 16:43:54.628 [main] DEBUG c.i.webscraper.scraper.WebScraper -      17 question heading(s) in 'Core Java in Depth'.
2026-06-22 16:43:54.630 [main] DEBUG c.i.webscraper.scraper.WebScraper -        Q[31chars] | A[2405chars] | Code[3]
2026-06-22 16:43:54.631 [main] DEBUG c.i.webscraper.scraper.WebScraper -        Q[39chars] | A[375chars] | Code[6]
2026-06-22 16:43:54.631 [main] DEBUG c.i.webscraper.scraper.WebScraper -        Q[59chars] | A[1213chars] | Code[2]
2026-06-22 16:43:54.632 [main] DEBUG c.i.webscraper.scraper.WebScraper -        Q[42chars] | A[755chars] | Code[2]
2026-06-22 16:43:54.632 [main] DEBUG c.i.webscraper.scraper.WebScraper -        Q[39chars] | A[1570chars] | Code[5]
2026-06-22 16:43:54.633 [main] DEBUG c.i.webscraper.scraper.WebScraper -        Q[41chars] | A[608chars] | Code[1]
2026-06-22 16:43:54.633 [main] DEBUG c.i.webscraper.scraper.WebScraper -        Q[24chars] | A[342chars] | Code[2]
2026-06-22 16:43:54.633 [main] DEBUG c.i.webscraper.scraper.WebScraper -        Q[22chars] | A[870chars] | Code[2]
2026-06-22 16:43:54.634 [main] DEBUG c.i.webscraper.scraper.WebScraper -        Q[23chars] | A[310chars] | Code[1]
2026-06-22 16:43:54.634 [main] DEBUG c.i.webscraper.scraper.WebScraper -        Q[63chars] | A[403chars] | Code[3]
2026-06-22 16:43:54.634 [main] DEBUG c.i.webscraper.scraper.WebScraper -        Q[46chars] | A[268chars] | Code[5]
2026-06-22 16:43:54.635 [main] DEBUG c.i.webscraper.scraper.WebScraper -        Q[39chars] | A[535chars] | Code[5]
2026-06-22 16:43:54.635 [main] DEBUG c.i.webscraper.scraper.WebScraper -        Q[46chars] | A[434chars] | Code[9]
2026-06-22 16:43:54.635 [main] DEBUG c.i.webscraper.scraper.WebScraper -        Q[54chars] | A[261chars] | Code[1]
2026-06-22 16:43:54.635 [main] DEBUG c.i.webscraper.scraper.WebScraper -        Q[52chars] | A[279chars] | Code[2]
2026-06-22 16:43:54.636 [main] DEBUG c.i.webscraper.scraper.WebScraper -        Q[41chars] | A[556chars] | Code[5]
2026-06-22 16:43:54.636 [main] DEBUG c.i.webscraper.scraper.WebScraper -        Q[72chars] | A[831chars] | Code[6]
2026-06-22 16:43:54.636 [main] INFO  c.i.webscraper.scraper.WebScraper -      17 Q&A pair(s) extracted.
2026-06-22 16:43:54.636 [main] INFO  c.i.webscraper.scraper.WebScraper -   → Section: 'Functional Programming in Java' (https://interview.in28minutes.com/interview-guides/java/functional-programming-in-java/)
2026-06-22 16:43:54.638 [main] DEBUG c.i.webscraper.scraper.WebScraper - Sleeping 2500ms (attempt 1/3) before: https://interview.in28minutes.com/interview-guides/java/functional-programming-in-java/
2026-06-22 16:43:57.328 [main] DEBUG c.i.webscraper.scraper.WebScraper - HTTP 200 ← https://interview.in28minutes.com/interview-guides/java/functional-programming-in-java/
2026-06-22 16:43:57.356 [main] DEBUG c.i.webscraper.scraper.WebScraper -      16 question heading(s) in 'Functional Programming in Java'.
2026-06-22 16:43:57.357 [main] DEBUG c.i.webscraper.scraper.WebScraper -        Q[61chars] | A[795chars] | Code[2]
2026-06-22 16:43:57.358 [main] DEBUG c.i.webscraper.scraper.WebScraper -        Q[73chars] | A[913chars] | Code[1]
2026-06-22 16:43:57.360 [main] DEBUG c.i.webscraper.scraper.WebScraper -        Q[50chars] | A[1613chars] | Code[9]
2026-06-22 16:43:57.360 [main] DEBUG c.i.webscraper.scraper.WebScraper -        Q[47chars] | A[2289chars] | Code[0]
2026-06-22 16:43:57.362 [main] DEBUG c.i.webscraper.scraper.WebScraper -        Q[55chars] | A[973chars] | Code[4]
2026-06-22 16:43:57.363 [main] DEBUG c.i.webscraper.scraper.WebScraper -        Q[50chars] | A[414chars] | Code[5]
2026-06-22 16:43:57.365 [main] DEBUG c.i.webscraper.scraper.WebScraper -        Q[66chars] | A[860chars] | Code[12]
2026-06-22 16:43:57.370 [main] DEBUG c.i.webscraper.scraper.WebScraper -        Q[54chars] | A[343chars] | Code[8]
2026-06-22 16:43:57.377 [main] DEBUG c.i.webscraper.scraper.WebScraper -        Q[62chars] | A[2627chars] | Code[28]
2026-06-22 16:43:57.378 [main] DEBUG c.i.webscraper.scraper.WebScraper -        Q[60chars] | A[922chars] | Code[2]
2026-06-22 16:43:57.379 [main] DEBUG c.i.webscraper.scraper.WebScraper -        Q[38chars] | A[316chars] | Code[9]
2026-06-22 16:43:57.380 [main] DEBUG c.i.webscraper.scraper.WebScraper -        Q[55chars] | A[915chars] | Code[1]
2026-06-22 16:43:57.382 [main] DEBUG c.i.webscraper.scraper.WebScraper -        Q[52chars] | A[1437chars] | Code[8]
2026-06-22 16:43:57.383 [main] DEBUG c.i.webscraper.scraper.WebScraper -        Q[60chars] | A[429chars] | Code[8]
2026-06-22 16:43:57.384 [main] DEBUG c.i.webscraper.scraper.WebScraper -        Q[91chars] | A[856chars] | Code[2]
2026-06-22 16:43:57.384 [main] DEBUG c.i.webscraper.scraper.WebScraper -        Q[54chars] | A[980chars] | Code[1]
2026-06-22 16:43:57.384 [main] INFO  c.i.webscraper.scraper.WebScraper -      16 Q&A pair(s) extracted.
2026-06-22 16:43:57.384 [main] INFO  c.i.webscraper.scraper.WebScraper -   → Section: 'Threads and Concurrency in Java' (https://interview.in28minutes.com/interview-guides/java/threads-and-concurrency-in-java/)
2026-06-22 16:43:57.385 [main] DEBUG c.i.webscraper.scraper.WebScraper - Sleeping 2500ms (attempt 1/3) before: https://interview.in28minutes.com/interview-guides/java/threads-and-concurrency-in-java/
2026-06-22 16:44:00.340 [main] DEBUG c.i.webscraper.scraper.WebScraper - HTTP 200 ← https://interview.in28minutes.com/interview-guides/java/threads-and-concurrency-in-java/
2026-06-22 16:44:00.366 [main] DEBUG c.i.webscraper.scraper.WebScraper -      21 question heading(s) in 'Threads and Concurrency in Java'.
2026-06-22 16:44:00.369 [main] DEBUG c.i.webscraper.scraper.WebScraper -        Q[78chars] | A[2266chars] | Code[0]
2026-06-22 16:44:00.370 [main] DEBUG c.i.webscraper.scraper.WebScraper -        Q[69chars] | A[276chars] | Code[2]
2026-06-22 16:44:00.370 [main] DEBUG c.i.webscraper.scraper.WebScraper -        Q[49chars] | A[47chars] | Code[1]
2026-06-22 16:44:00.371 [main] DEBUG c.i.webscraper.scraper.WebScraper -        Q[45chars] | A[868chars] | Code[3]
2026-06-22 16:44:00.372 [main] DEBUG c.i.webscraper.scraper.WebScraper -        Q[42chars] | A[736chars] | Code[0]
2026-06-22 16:44:00.372 [main] DEBUG c.i.webscraper.scraper.WebScraper -        Q[30chars] | A[899chars] | Code[1]
2026-06-22 16:44:00.373 [main] DEBUG c.i.webscraper.scraper.WebScraper -        Q[87chars] | A[567chars] | Code[0]
2026-06-22 16:44:00.373 [main] DEBUG c.i.webscraper.scraper.WebScraper -        Q[39chars] | A[1642chars] | Code[3]
2026-06-22 16:44:00.374 [main] DEBUG c.i.webscraper.scraper.WebScraper -        Q[37chars] | A[808chars] | Code[2]
2026-06-22 16:44:00.375 [main] DEBUG c.i.webscraper.scraper.WebScraper -        Q[71chars] | A[1721chars] | Code[5]
2026-06-22 16:44:00.377 [main] DEBUG c.i.webscraper.scraper.WebScraper -        Q[48chars] | A[2294chars] | Code[4]
2026-06-22 16:44:00.389 [main] DEBUG c.i.webscraper.scraper.WebScraper -        Q[31chars] | A[4599chars] | Code[6]
2026-06-22 16:44:00.391 [main] DEBUG c.i.webscraper.scraper.WebScraper -        Q[31chars] | A[760chars] | Code[3]
2026-06-22 16:44:00.391 [main] DEBUG c.i.webscraper.scraper.WebScraper -        Q[28chars] | A[212chars] | Code[1]
2026-06-22 16:44:00.392 [main] DEBUG c.i.webscraper.scraper.WebScraper -        Q[28chars] | A[227chars] | Code[1]
2026-06-22 16:44:00.392 [main] DEBUG c.i.webscraper.scraper.WebScraper -        Q[33chars] | A[230chars] | Code[1]
2026-06-22 16:44:00.393 [main] DEBUG c.i.webscraper.scraper.WebScraper -        Q[61chars] | A[1415chars] | Code[1]
2026-06-22 16:44:00.393 [main] DEBUG c.i.webscraper.scraper.WebScraper -        Q[23chars] | A[344chars] | Code[1]
2026-06-22 16:44:00.394 [main] DEBUG c.i.webscraper.scraper.WebScraper -        Q[41chars] | A[873chars] | Code[2]
2026-06-22 16:44:00.394 [main] DEBUG c.i.webscraper.scraper.WebScraper -        Q[51chars] | A[434chars] | Code[1]
2026-06-22 16:44:00.395 [main] DEBUG c.i.webscraper.scraper.WebScraper -        Q[58chars] | A[580chars] | Code[1]
2026-06-22 16:44:00.395 [main] INFO  c.i.webscraper.scraper.WebScraper -      21 Q&A pair(s) extracted.
2026-06-22 16:44:00.395 [main] INFO  c.i.webscraper.scraper.WebScraper -   → Section: 'Collections in Java' (https://interview.in28minutes.com/interview-guides/java/collections-in-java/)
2026-06-22 16:44:00.396 [main] DEBUG c.i.webscraper.scraper.WebScraper - Sleeping 2500ms (attempt 1/3) before: https://interview.in28minutes.com/interview-guides/java/collections-in-java/
2026-06-22 16:44:04.372 [main] DEBUG c.i.webscraper.scraper.WebScraper - HTTP 200 ← https://interview.in28minutes.com/interview-guides/java/collections-in-java/
2026-06-22 16:44:04.494 [main] DEBUG c.i.webscraper.scraper.WebScraper -      22 question heading(s) in 'Collections in Java'.
2026-06-22 16:44:04.494 [main] DEBUG c.i.webscraper.scraper.WebScraper -        Q[49chars] | A[798chars] | Code[0]
2026-06-22 16:44:04.494 [main] DEBUG c.i.webscraper.scraper.WebScraper -        Q[35chars] | A[643chars] | Code[1]
2026-06-22 16:44:04.495 [main] DEBUG c.i.webscraper.scraper.WebScraper -        Q[74chars] | A[703chars] | Code[0]
2026-06-22 16:44:04.495 [main] DEBUG c.i.webscraper.scraper.WebScraper -        Q[58chars] | A[2387chars] | Code[0]
2026-06-22 16:44:04.495 [main] DEBUG c.i.webscraper.scraper.WebScraper -        Q[53chars] | A[937chars] | Code[1]
2026-06-22 16:44:04.495 [main] DEBUG c.i.webscraper.scraper.WebScraper -        Q[62chars] | A[692chars] | Code[1]
2026-06-22 16:44:04.495 [main] DEBUG c.i.webscraper.scraper.WebScraper -        Q[47chars] | A[488chars] | Code[2]
2026-06-22 16:44:04.496 [main] DEBUG c.i.webscraper.scraper.WebScraper -        Q[51chars] | A[1619chars] | Code[0]
2026-06-22 16:44:04.497 [main] DEBUG c.i.webscraper.scraper.WebScraper -        Q[52chars] | A[1245chars] | Code[5]
2026-06-22 16:44:04.497 [main] DEBUG c.i.webscraper.scraper.WebScraper -        Q[59chars] | A[455chars] | Code[2]
2026-06-22 16:44:04.498 [main] DEBUG c.i.webscraper.scraper.WebScraper -        Q[50chars] | A[1701chars] | Code[1]
2026-06-22 16:44:04.498 [main] DEBUG c.i.webscraper.scraper.WebScraper -        Q[46chars] | A[938chars] | Code[6]
2026-06-22 16:44:04.498 [main] DEBUG c.i.webscraper.scraper.WebScraper -        Q[48chars] | A[579chars] | Code[0]
2026-06-22 16:44:04.499 [main] DEBUG c.i.webscraper.scraper.WebScraper -        Q[43chars] | A[3129chars] | Code[4]
2026-06-22 16:44:04.500 [main] DEBUG c.i.webscraper.scraper.WebScraper -        Q[50chars] | A[1204chars] | Code[1]
2026-06-22 16:44:04.500 [main] DEBUG c.i.webscraper.scraper.WebScraper -        Q[54chars] | A[709chars] | Code[0]
2026-06-22 16:44:04.500 [main] DEBUG c.i.webscraper.scraper.WebScraper -        Q[59chars] | A[515chars] | Code[0]
2026-06-22 16:44:04.500 [main] DEBUG c.i.webscraper.scraper.WebScraper -        Q[44chars] | A[468chars] | Code[0]
2026-06-22 16:44:04.500 [main] DEBUG c.i.webscraper.scraper.WebScraper -        Q[77chars] | A[509chars] | Code[1]
2026-06-22 16:44:04.501 [main] DEBUG c.i.webscraper.scraper.WebScraper -        Q[65chars] | A[867chars] | Code[2]
2026-06-22 16:44:04.501 [main] DEBUG c.i.webscraper.scraper.WebScraper -        Q[59chars] | A[668chars] | Code[3]
2026-06-22 16:44:04.501 [main] DEBUG c.i.webscraper.scraper.WebScraper -        Q[41chars] | A[215chars] | Code[4]
2026-06-22 16:44:04.501 [main] INFO  c.i.webscraper.scraper.WebScraper -      22 Q&A pair(s) extracted.
2026-06-22 16:44:04.501 [main] INFO  c.i.webscraper.scraper.WebScraper -   → Section: 'Generics in Java' (https://interview.in28minutes.com/interview-guides/java/generics-in-java/)
2026-06-22 16:44:04.502 [main] DEBUG c.i.webscraper.scraper.WebScraper - Sleeping 2500ms (attempt 1/3) before: https://interview.in28minutes.com/interview-guides/java/generics-in-java/
2026-06-22 16:44:07.940 [main] DEBUG c.i.webscraper.scraper.WebScraper - HTTP 200 ← https://interview.in28minutes.com/interview-guides/java/generics-in-java/
2026-06-22 16:44:07.957 [main] DEBUG c.i.webscraper.scraper.WebScraper -      5 question heading(s) in 'Generics in Java'.
2026-06-22 16:44:07.961 [main] DEBUG c.i.webscraper.scraper.WebScraper -        Q[32chars] | A[1257chars] | Code[3]
2026-06-22 16:44:07.962 [main] DEBUG c.i.webscraper.scraper.WebScraper -        Q[61chars] | A[1256chars] | Code[3]
2026-06-22 16:44:07.964 [main] DEBUG c.i.webscraper.scraper.WebScraper -        Q[42chars] | A[992chars] | Code[4]
2026-06-22 16:44:07.965 [main] DEBUG c.i.webscraper.scraper.WebScraper -        Q[45chars] | A[868chars] | Code[6]
2026-06-22 16:44:07.972 [main] DEBUG c.i.webscraper.scraper.WebScraper -        Q[50chars] | A[2646chars] | Code[5]
2026-06-22 16:44:07.972 [main] INFO  c.i.webscraper.scraper.WebScraper -      5 Q&A pair(s) extracted.
2026-06-22 16:44:07.973 [main] INFO  c.i.webscraper.scraper.WebScraper -   → Section: 'Modifiers in Java' (https://interview.in28minutes.com/interview-guides/java/modifiers-in-java/)
2026-06-22 16:44:07.973 [main] DEBUG c.i.webscraper.scraper.WebScraper - Sleeping 2500ms (attempt 1/3) before: https://interview.in28minutes.com/interview-guides/java/modifiers-in-java/
2026-06-22 16:44:10.967 [main] DEBUG c.i.webscraper.scraper.WebScraper - HTTP 200 ← https://interview.in28minutes.com/interview-guides/java/modifiers-in-java/
2026-06-22 16:44:10.975 [main] DEBUG c.i.webscraper.scraper.WebScraper -      5 question heading(s) in 'Modifiers in Java'.
2026-06-22 16:44:10.976 [main] DEBUG c.i.webscraper.scraper.WebScraper -        Q[77chars] | A[1764chars] | Code[0]
2026-06-22 16:44:10.978 [main] DEBUG c.i.webscraper.scraper.WebScraper -        Q[59chars] | A[2617chars] | Code[10]
2026-06-22 16:44:10.981 [main] DEBUG c.i.webscraper.scraper.WebScraper -        Q[65chars] | A[924chars] | Code[5]
2026-06-22 16:44:10.984 [main] DEBUG c.i.webscraper.scraper.WebScraper -        Q[68chars] | A[921chars] | Code[6]
2026-06-22 16:44:10.985 [main] DEBUG c.i.webscraper.scraper.WebScraper -        Q[68chars] | A[1359chars] | Code[0]
2026-06-22 16:44:10.985 [main] INFO  c.i.webscraper.scraper.WebScraper -      5 Q&A pair(s) extracted.
2026-06-22 16:44:10.985 [main] INFO  c.i.webscraper.scraper.WebScraper -   → Section: 'Exception Handling in Java' (https://interview.in28minutes.com/interview-guides/java/exception-handling-in-java/)
2026-06-22 16:44:10.985 [main] DEBUG c.i.webscraper.scraper.WebScraper - Sleeping 2500ms (attempt 1/3) before: https://interview.in28minutes.com/interview-guides/java/exception-handling-in-java/
2026-06-22 16:44:14.363 [main] DEBUG c.i.webscraper.scraper.WebScraper - HTTP 200 ← https://interview.in28minutes.com/interview-guides/java/exception-handling-in-java/
2026-06-22 16:44:14.418 [main] DEBUG c.i.webscraper.scraper.WebScraper -      10 question heading(s) in 'Exception Handling in Java'.
2026-06-22 16:44:14.420 [main] DEBUG c.i.webscraper.scraper.WebScraper -        Q[36chars] | A[1041chars] | Code[0]
2026-06-22 16:44:14.421 [main] DEBUG c.i.webscraper.scraper.WebScraper -        Q[50chars] | A[485chars] | Code[1]
2026-06-22 16:44:14.424 [main] DEBUG c.i.webscraper.scraper.WebScraper -        Q[68chars] | A[2098chars] | Code[6]
2026-06-22 16:44:14.426 [main] DEBUG c.i.webscraper.scraper.WebScraper -        Q[61chars] | A[777chars] | Code[1]
2026-06-22 16:44:14.427 [main] DEBUG c.i.webscraper.scraper.WebScraper -        Q[50chars] | A[401chars] | Code[2]
2026-06-22 16:44:14.428 [main] DEBUG c.i.webscraper.scraper.WebScraper -        Q[57chars] | A[323chars] | Code[4]
2026-06-22 16:44:14.428 [main] DEBUG c.i.webscraper.scraper.WebScraper -        Q[51chars] | A[1338chars] | Code[0]
2026-06-22 16:44:14.430 [main] DEBUG c.i.webscraper.scraper.WebScraper -        Q[55chars] | A[1336chars] | Code[2]
2026-06-22 16:44:14.432 [main] DEBUG c.i.webscraper.scraper.WebScraper -        Q[28chars] | A[1206chars] | Code[15]
2026-06-22 16:44:14.438 [main] DEBUG c.i.webscraper.scraper.WebScraper -        Q[67chars] | A[841chars] | Code[3]
2026-06-22 16:44:14.438 [main] INFO  c.i.webscraper.scraper.WebScraper -      10 Q&A pair(s) extracted.
2026-06-22 16:44:14.439 [main] INFO  c.i.webscraper.scraper.WebScraper -   → Section: 'Serialization in Java' (https://interview.in28minutes.com/interview-guides/java/serialization-in-java/)
2026-06-22 16:44:14.439 [main] DEBUG c.i.webscraper.scraper.WebScraper - Sleeping 2500ms (attempt 1/3) before: https://interview.in28minutes.com/interview-guides/java/serialization-in-java/
2026-06-22 16:44:17.527 [main] DEBUG c.i.webscraper.scraper.WebScraper - HTTP 200 ← https://interview.in28minutes.com/interview-guides/java/serialization-in-java/
2026-06-22 16:44:17.535 [main] DEBUG c.i.webscraper.scraper.WebScraper -      7 question heading(s) in 'Serialization in Java'.
2026-06-22 16:44:17.536 [main] DEBUG c.i.webscraper.scraper.WebScraper -        Q[22chars] | A[561chars] | Code[0]
2026-06-22 16:44:17.537 [main] DEBUG c.i.webscraper.scraper.WebScraper -        Q[27chars] | A[274chars] | Code[1]
2026-06-22 16:44:17.539 [main] DEBUG c.i.webscraper.scraper.WebScraper -        Q[37chars] | A[382chars] | Code[1]
2026-06-22 16:44:17.539 [main] DEBUG c.i.webscraper.scraper.WebScraper -        Q[62chars] | A[601chars] | Code[2]
2026-06-22 16:44:17.541 [main] DEBUG c.i.webscraper.scraper.WebScraper -        Q[48chars] | A[321chars] | Code[2]
2026-06-22 16:44:17.541 [main] DEBUG c.i.webscraper.scraper.WebScraper -        Q[49chars] | A[1696chars] | Code[6]
2026-06-22 16:44:17.542 [main] DEBUG c.i.webscraper.scraper.WebScraper -        Q[60chars] | A[1438chars] | Code[2]
2026-06-22 16:44:17.542 [main] INFO  c.i.webscraper.scraper.WebScraper -      7 Q&A pair(s) extracted.
2026-06-22 16:44:17.542 [main] INFO  c.i.webscraper.scraper.WebScraper -   → Section: 'Built-in Classes in Java' (https://interview.in28minutes.com/interview-guides/java/built-in-classes-in-java/)
2026-06-22 16:44:17.542 [main] DEBUG c.i.webscraper.scraper.WebScraper - Sleeping 2500ms (attempt 1/3) before: https://interview.in28minutes.com/interview-guides/java/built-in-classes-in-java/
2026-06-22 16:44:21.254 [main] DEBUG c.i.webscraper.scraper.WebScraper - HTTP 200 ← https://interview.in28minutes.com/interview-guides/java/built-in-classes-in-java/
2026-06-22 16:44:21.265 [main] DEBUG c.i.webscraper.scraper.WebScraper -      9 question heading(s) in 'Built-in Classes in Java'.
2026-06-22 16:44:21.266 [main] DEBUG c.i.webscraper.scraper.WebScraper -        Q[6chars] | A[1216chars] | Code[1]
2026-06-22 16:44:21.267 [main] DEBUG c.i.webscraper.scraper.WebScraper -        Q[4chars] | A[210chars] | Code[2]
2026-06-22 16:44:21.267 [main] DEBUG c.i.webscraper.scraper.WebScraper -        Q[7chars] | A[188chars] | Code[1]
2026-06-22 16:44:21.267 [main] DEBUG c.i.webscraper.scraper.WebScraper -        Q[6chars] | A[211chars] | Code[1]
2026-06-22 16:44:21.267 [main] DEBUG c.i.webscraper.scraper.WebScraper -        Q[11chars] | A[161chars] | Code[1]
2026-06-22 16:44:21.268 [main] DEBUG c.i.webscraper.scraper.WebScraper -        Q[4chars] | A[301chars] | Code[1]
2026-06-22 16:44:21.268 [main] DEBUG c.i.webscraper.scraper.WebScraper -        Q[5chars] | A[1826chars] | Code[2]
2026-06-22 16:44:21.268 [main] DEBUG c.i.webscraper.scraper.WebScraper -        Q[5chars] | A[212chars] | Code[1]
2026-06-22 16:44:21.269 [main] DEBUG c.i.webscraper.scraper.WebScraper -        Q[6chars] | A[188chars] | Code[2]
2026-06-22 16:44:21.269 [main] INFO  c.i.webscraper.scraper.WebScraper -      9 Q&A pair(s) extracted.
2026-06-22 16:44:21.269 [main] INFO  c.i.webscraper.scraper.WebScraper -   → Section: 'Miscellaneous Topics in Java' (https://interview.in28minutes.com/interview-guides/java/miscellaneous-topics-in-java/)
2026-06-22 16:44:21.269 [main] DEBUG c.i.webscraper.scraper.WebScraper - Sleeping 2500ms (attempt 1/3) before: https://interview.in28minutes.com/interview-guides/java/miscellaneous-topics-in-java/
2026-06-22 16:44:24.302 [main] DEBUG c.i.webscraper.scraper.WebScraper - HTTP 200 ← https://interview.in28minutes.com/interview-guides/java/miscellaneous-topics-in-java/
2026-06-22 16:44:24.329 [main] DEBUG c.i.webscraper.scraper.WebScraper -      11 question heading(s) in 'Miscellaneous Topics in Java'.
2026-06-22 16:44:24.335 [main] DEBUG c.i.webscraper.scraper.WebScraper -        Q[53chars] | A[1219chars] | Code[5]
2026-06-22 16:44:24.338 [main] DEBUG c.i.webscraper.scraper.WebScraper -        Q[44chars] | A[689chars] | Code[1]
2026-06-22 16:44:24.338 [main] DEBUG c.i.webscraper.scraper.WebScraper -        Q[48chars] | A[899chars] | Code[2]
2026-06-22 16:44:24.339 [main] DEBUG c.i.webscraper.scraper.WebScraper -        Q[61chars] | A[918chars] | Code[1]
2026-06-22 16:44:24.341 [main] DEBUG c.i.webscraper.scraper.WebScraper -        Q[72chars] | A[795chars] | Code[3]
2026-06-22 16:44:24.342 [main] DEBUG c.i.webscraper.scraper.WebScraper -        Q[30chars] | A[1123chars] | Code[2]
2026-06-22 16:44:24.343 [main] DEBUG c.i.webscraper.scraper.WebScraper -        Q[33chars] | A[683chars] | Code[1]
2026-06-22 16:44:24.346 [main] DEBUG c.i.webscraper.scraper.WebScraper -        Q[54chars] | A[1029chars] | Code[7]
2026-06-22 16:44:24.347 [main] DEBUG c.i.webscraper.scraper.WebScraper -        Q[65chars] | A[637chars] | Code[5]
2026-06-22 16:44:24.350 [main] DEBUG c.i.webscraper.scraper.WebScraper -        Q[61chars] | A[538chars] | Code[4]
2026-06-22 16:44:24.351 [main] DEBUG c.i.webscraper.scraper.WebScraper -        Q[52chars] | A[869chars] | Code[6]
2026-06-22 16:44:24.351 [main] INFO  c.i.webscraper.scraper.WebScraper -      11 Q&A pair(s) extracted.
2026-06-22 16:44:24.351 [main] INFO  c.i.webscraper.scraper.WebScraper -   → Section: 'New Features in Java' (https://interview.in28minutes.com/interview-guides/java/new-features-in-java/)
2026-06-22 16:44:24.351 [main] DEBUG c.i.webscraper.scraper.WebScraper - Sleeping 2500ms (attempt 1/3) before: https://interview.in28minutes.com/interview-guides/java/new-features-in-java/
2026-06-22 16:44:27.055 [main] DEBUG c.i.webscraper.scraper.WebScraper - HTTP 200 ← https://interview.in28minutes.com/interview-guides/java/new-features-in-java/
2026-06-22 16:44:27.154 [main] DEBUG c.i.webscraper.scraper.WebScraper -      3 question heading(s) in 'New Features in Java'.
2026-06-22 16:44:27.155 [main] DEBUG c.i.webscraper.scraper.WebScraper -        Q[29chars] | A[1122chars] | Code[0]
2026-06-22 16:44:27.157 [main] DEBUG c.i.webscraper.scraper.WebScraper -        Q[55chars] | A[1158chars] | Code[12]
2026-06-22 16:44:27.167 [main] DEBUG c.i.webscraper.scraper.WebScraper -        Q[68chars] | A[2207chars] | Code[23]
2026-06-22 16:44:27.167 [main] INFO  c.i.webscraper.scraper.WebScraper -      3 Q&A pair(s) extracted.
2026-06-22 16:44:27.167 [main] INFO  c.i.webscraper.scraper.WebScraper -   → Section: 'Java Interview - Diagrams' (https://interview.in28minutes.com/interview-guides/java/java-interview-diagrams/)
2026-06-22 16:44:27.168 [main] DEBUG c.i.webscraper.scraper.WebScraper - Sleeping 2500ms (attempt 1/3) before: https://interview.in28minutes.com/interview-guides/java/java-interview-diagrams/
2026-06-22 16:44:30.014 [main] DEBUG c.i.webscraper.scraper.WebScraper - HTTP 200 ← https://interview.in28minutes.com/interview-guides/java/java-interview-diagrams/
2026-06-22 16:44:30.019 [main] DEBUG c.i.webscraper.scraper.WebScraper -      7 question heading(s) in 'Java Interview - Diagrams'.
2026-06-22 16:44:30.019 [main] DEBUG c.i.webscraper.scraper.WebScraper -        Q[17chars] | A[0chars] | Code[1]
2026-06-22 16:44:30.020 [main] DEBUG c.i.webscraper.scraper.WebScraper -        Q[26chars] | A[0chars] | Code[1]
2026-06-22 16:44:30.020 [main] DEBUG c.i.webscraper.scraper.WebScraper -        Q[18chars] | A[0chars] | Code[1]
2026-06-22 16:44:30.020 [main] DEBUG c.i.webscraper.scraper.WebScraper -        Q[17chars] | A[0chars] | Code[1]
2026-06-22 16:44:30.020 [main] DEBUG c.i.webscraper.scraper.WebScraper -        Q[44chars] | A[0chars] | Code[1]
2026-06-22 16:44:30.020 [main] DEBUG c.i.webscraper.scraper.WebScraper -        Q[25chars] | A[0chars] | Code[1]
2026-06-22 16:44:30.021 [main] DEBUG c.i.webscraper.scraper.WebScraper -        Q[27chars] | A[141chars] | Code[7]
2026-06-22 16:44:30.021 [main] INFO  c.i.webscraper.scraper.WebScraper -      7 Q&A pair(s) extracted.
2026-06-22 16:44:30.021 [main] INFO  c.i.webscraper.scraper.WebScraper - Topic 'Java' complete → 17 section(s).
2026-06-22 16:44:30.021 [main] INFO  c.i.webscraper.scraper.WebScraper - ---------- Topic: DevOps → https://interview.in28minutes.com/devops/
2026-06-22 16:44:30.021 [main] DEBUG c.i.webscraper.scraper.WebScraper - Sleeping 2500ms (attempt 1/3) before: https://interview.in28minutes.com/devops/
2026-06-22 16:44:32.632 [main] DEBUG c.i.webscraper.scraper.WebScraper - HTTP 200 ← https://interview.in28minutes.com/devops/
2026-06-22 16:44:32.637 [main] DEBUG c.i.webscraper.scraper.WebScraper - Topic 'DevOps' → 2 card(s) found.
2026-06-22 16:44:32.638 [main] INFO  c.i.webscraper.scraper.WebScraper -   → Section: 'DevOps Fundamentals' (https://interview.in28minutes.com/interview-guides/devops/devops-fundamentals/)
2026-06-22 16:44:32.638 [main] DEBUG c.i.webscraper.scraper.WebScraper - Sleeping 2500ms (attempt 1/3) before: https://interview.in28minutes.com/interview-guides/devops/devops-fundamentals/
2026-06-22 16:44:35.304 [main] DEBUG c.i.webscraper.scraper.WebScraper - HTTP 200 ← https://interview.in28minutes.com/interview-guides/devops/devops-fundamentals/
2026-06-22 16:44:35.314 [main] DEBUG c.i.webscraper.scraper.WebScraper -      7 question heading(s) in 'DevOps Fundamentals'.
2026-06-22 16:44:35.316 [main] DEBUG c.i.webscraper.scraper.WebScraper -          Image captured: DevOps → https://interview.in28minutes.com/img/cloud-and-devops/devops.jpg
2026-06-22 16:44:35.317 [main] DEBUG c.i.webscraper.scraper.WebScraper -          Image captured: Environments → https://interview.in28minutes.com/img/cloud-and-devops/environments.jpg
2026-06-22 16:44:35.318 [main] DEBUG c.i.webscraper.scraper.WebScraper -          Image captured: Continuous Deployment → https://interview.in28minutes.com/img/cloud-and-devops/continuous-deployment.jpg
2026-06-22 16:44:35.319 [main] DEBUG c.i.webscraper.scraper.WebScraper -          Image captured: Environments → https://interview.in28minutes.com/img/cloud-and-devops/multiple-containers.jpg
2026-06-22 16:44:35.319 [main] DEBUG c.i.webscraper.scraper.WebScraper -        Q[15chars] | A[3116chars] | Code[0]
2026-06-22 16:44:35.321 [main] DEBUG c.i.webscraper.scraper.WebScraper -          Image captured: Software Development → https://interview.in28minutes.com/img/cloud-and-devops/software-development.jpg
2026-06-22 16:44:35.321 [main] DEBUG c.i.webscraper.scraper.WebScraper -        Q[28chars] | A[1459chars] | Code[0]
2026-06-22 16:44:35.322 [main] DEBUG c.i.webscraper.scraper.WebScraper -          Image captured: continuous deployment → https://interview.in28minutes.com/img/cloud-and-devops/continuous-deployment.jpg
2026-06-22 16:44:35.323 [main] DEBUG c.i.webscraper.scraper.WebScraper -          Image captured: Environments List → https://interview.in28minutes.com/img/cloud-and-devops/environments-list.jpg
2026-06-22 16:44:35.323 [main] DEBUG c.i.webscraper.scraper.WebScraper -        Q[67chars] | A[1946chars] | Code[0]
2026-06-22 16:44:35.323 [main] DEBUG c.i.webscraper.scraper.WebScraper -          Image captured: Environments → https://interview.in28minutes.com/img/cloud-and-devops/environments.jpg
2026-06-22 16:44:35.324 [main] DEBUG c.i.webscraper.scraper.WebScraper -          Image captured: Infrastructure as Code → https://interview.in28minutes.com/img/cloud-and-devops/infrastructure-as-code.jpg
2026-06-22 16:44:35.326 [main] DEBUG c.i.webscraper.scraper.WebScraper -        Q[31chars] | A[1483chars] | Code[0]
2026-06-22 16:44:35.326 [main] DEBUG c.i.webscraper.scraper.WebScraper -          Image captured: Traditional deployment → https://interview.in28minutes.com/img/docker/traditional-deployment.png
2026-06-22 16:44:35.327 [main] DEBUG c.i.webscraper.scraper.WebScraper -          Image captured: Container Orchestration → https://interview.in28minutes.com/img/cloud-and-devops/multiple-containers.jpg
2026-06-22 16:44:35.327 [main] DEBUG c.i.webscraper.scraper.WebScraper -        Q[87chars] | A[2235chars] | Code[0]
2026-06-22 16:44:35.327 [main] DEBUG c.i.webscraper.scraper.WebScraper -          Image captured: Observability → https://interview.in28minutes.com/img/cloud-and-devops/observability.jpg
2026-06-22 16:44:35.328 [main] DEBUG c.i.webscraper.scraper.WebScraper -        Q[22chars] | A[1816chars] | Code[0]
2026-06-22 16:44:35.328 [main] DEBUG c.i.webscraper.scraper.WebScraper -          Image captured: DevOps → https://interview.in28minutes.com/img/cloud-and-devops/devops.jpg
2026-06-22 16:44:35.329 [main] DEBUG c.i.webscraper.scraper.WebScraper -          Image captured: Cloud → https://interview.in28minutes.com/img/cloud-and-devops/cloud.jpg
2026-06-22 16:44:35.329 [main] DEBUG c.i.webscraper.scraper.WebScraper -        Q[33chars] | A[968chars] | Code[0]
2026-06-22 16:44:35.329 [main] INFO  c.i.webscraper.scraper.WebScraper -      7 Q&A pair(s) extracted.
2026-06-22 16:44:35.329 [main] INFO  c.i.webscraper.scraper.WebScraper -   → Section: 'DevOps Interview - Diagrams' (https://interview.in28minutes.com/interview-guides/devops/devops-interview-diagrams/)
2026-06-22 16:44:35.329 [main] DEBUG c.i.webscraper.scraper.WebScraper - Sleeping 2500ms (attempt 1/3) before: https://interview.in28minutes.com/interview-guides/devops/devops-interview-diagrams/
2026-06-22 16:44:38.782 [main] DEBUG c.i.webscraper.scraper.WebScraper - HTTP 200 ← https://interview.in28minutes.com/interview-guides/devops/devops-interview-diagrams/
2026-06-22 16:44:38.788 [main] DEBUG c.i.webscraper.scraper.WebScraper -      10 question heading(s) in 'DevOps Interview - Diagrams'.
2026-06-22 16:44:38.789 [main] DEBUG c.i.webscraper.scraper.WebScraper -          Image captured: Cloud → https://interview.in28minutes.com/img/cloud-and-devops/cloud.jpg
2026-06-22 16:44:38.789 [main] DEBUG c.i.webscraper.scraper.WebScraper -        Q[5chars] | A[81chars] | Code[0]
2026-06-22 16:44:38.789 [main] DEBUG c.i.webscraper.scraper.WebScraper -          Image captured: Elasticity → https://interview.in28minutes.com/img/cloud-and-devops/elasticity.jpg
2026-06-22 16:44:38.789 [main] DEBUG c.i.webscraper.scraper.WebScraper -        Q[10chars] | A[91chars] | Code[0]
2026-06-22 16:44:38.790 [main] DEBUG c.i.webscraper.scraper.WebScraper -          Image captured: DevOps → https://interview.in28minutes.com/img/cloud-and-devops/devops.jpg
2026-06-22 16:44:38.790 [main] DEBUG c.i.webscraper.scraper.WebScraper -        Q[6chars] | A[83chars] | Code[0]
2026-06-22 16:44:38.790 [main] DEBUG c.i.webscraper.scraper.WebScraper -          Image captured: cloud services → https://interview.in28minutes.com/img/cloud-and-devops/cloud-services.jpg
2026-06-22 16:44:38.790 [main] DEBUG c.i.webscraper.scraper.WebScraper -        Q[14chars] | A[99chars] | Code[0]
2026-06-22 16:44:38.790 [main] DEBUG c.i.webscraper.scraper.WebScraper -          Image captured: cloud environment → https://interview.in28minutes.com/img/cloud-and-devops/cloud-environment.jpg
2026-06-22 16:44:38.790 [main] DEBUG c.i.webscraper.scraper.WebScraper -        Q[17chars] | A[105chars] | Code[0]
2026-06-22 16:44:38.790 [main] DEBUG c.i.webscraper.scraper.WebScraper -          Image captured: environments → https://interview.in28minutes.com/img/cloud-and-devops/environments.jpg
2026-06-22 16:44:38.790 [main] DEBUG c.i.webscraper.scraper.WebScraper -        Q[21chars] | A[95chars] | Code[0]
2026-06-22 16:44:38.791 [main] DEBUG c.i.webscraper.scraper.WebScraper -          Image captured: continuous deployment → https://interview.in28minutes.com/img/cloud-and-devops/continuous-deployment.jpg
2026-06-22 16:44:38.791 [main] DEBUG c.i.webscraper.scraper.WebScraper -        Q[30chars] | A[113chars] | Code[0]
2026-06-22 16:44:38.791 [main] DEBUG c.i.webscraper.scraper.WebScraper -          Image captured: continuous integration → https://interview.in28minutes.com/img/cloud-and-devops/continuous-integration.jpg
2026-06-22 16:44:38.791 [main] DEBUG c.i.webscraper.scraper.WebScraper -        Q[21chars] | A[115chars] | Code[0]
2026-06-22 16:44:38.791 [main] DEBUG c.i.webscraper.scraper.WebScraper -          Image captured: Hybrid Cloud → https://interview.in28minutes.com/img/cloud-and-devops/hybrid-cloud.jpg
2026-06-22 16:44:38.791 [main] DEBUG c.i.webscraper.scraper.WebScraper -        Q[12chars] | A[95chars] | Code[0]
2026-06-22 16:44:38.791 [main] DEBUG c.i.webscraper.scraper.WebScraper -          Image captured: Container Orchestration → https://interview.in28minutes.com/img/cloud-and-devops/multiple-containers.jpg
2026-06-22 16:44:38.791 [main] DEBUG c.i.webscraper.scraper.WebScraper -        Q[23chars] | A[113chars] | Code[0]
2026-06-22 16:44:38.791 [main] INFO  c.i.webscraper.scraper.WebScraper -      10 Q&A pair(s) extracted.
2026-06-22 16:44:38.792 [main] INFO  c.i.webscraper.scraper.WebScraper - Topic 'DevOps' complete → 2 section(s).
2026-06-22 16:44:38.792 [main] INFO  c.i.webscraper.scraper.WebScraper - ---------- Topic: Cloud → https://interview.in28minutes.com/cloud/
2026-06-22 16:44:38.792 [main] DEBUG c.i.webscraper.scraper.WebScraper - Sleeping 2500ms (attempt 1/3) before: https://interview.in28minutes.com/cloud/
2026-06-22 16:44:41.817 [main] DEBUG c.i.webscraper.scraper.WebScraper - HTTP 200 ← https://interview.in28minutes.com/cloud/
2026-06-22 16:44:41.822 [main] DEBUG c.i.webscraper.scraper.WebScraper - Topic 'Cloud' → 8 card(s) found.
2026-06-22 16:44:41.823 [main] INFO  c.i.webscraper.scraper.WebScraper -   → Section: 'Cloud Fundamentals' (https://interview.in28minutes.com/interview-guides/cloud/cloud-fundamentals/)
2026-06-22 16:44:41.823 [main] DEBUG c.i.webscraper.scraper.WebScraper - Sleeping 2500ms (attempt 1/3) before: https://interview.in28minutes.com/interview-guides/cloud/cloud-fundamentals/
2026-06-22 16:44:45.260 [main] DEBUG c.i.webscraper.scraper.WebScraper - HTTP 200 ← https://interview.in28minutes.com/interview-guides/cloud/cloud-fundamentals/
2026-06-22 16:44:45.271 [main] DEBUG c.i.webscraper.scraper.WebScraper -      8 question heading(s) in 'Cloud Fundamentals'.
2026-06-22 16:44:45.271 [main] DEBUG c.i.webscraper.scraper.WebScraper -          Image captured: Cloud → https://interview.in28minutes.com/img/cloud-and-devops/cloud.jpg
2026-06-22 16:44:45.273 [main] DEBUG c.i.webscraper.scraper.WebScraper -          Image captured: Elasticity → https://interview.in28minutes.com/img/cloud-and-devops/elasticity.jpg
2026-06-22 16:44:45.273 [main] DEBUG c.i.webscraper.scraper.WebScraper -          Image captured: Regions → https://interview.in28minutes.com/img/cloud-and-devops/regions.jpg
2026-06-22 16:44:45.273 [main] DEBUG c.i.webscraper.scraper.WebScraper -        Q[39chars] | A[1177chars] | Code[0]
2026-06-22 16:44:45.274 [main] DEBUG c.i.webscraper.scraper.WebScraper -          Image captured: Regions → https://interview.in28minutes.com/img/cloud-and-devops/regions.jpg
2026-06-22 16:44:45.274 [main] DEBUG c.i.webscraper.scraper.WebScraper -          Image captured: Zones → https://interview.in28minutes.com/img/cloud-and-devops/zones.jpg
2026-06-22 16:44:45.274 [main] DEBUG c.i.webscraper.scraper.WebScraper -          Image captured: Regions → https://interview.in28minutes.com/img/cloud-and-devops/regions.jpg
2026-06-22 16:44:45.275 [main] DEBUG c.i.webscraper.scraper.WebScraper -        Q[32chars] | A[3379chars] | Code[0]
2026-06-22 16:44:45.275 [main] DEBUG c.i.webscraper.scraper.WebScraper -          Image captured: Hybrid Cloud → https://interview.in28minutes.com/img/cloud-and-devops/hybrid-cloud.jpg
2026-06-22 16:44:45.276 [main] DEBUG c.i.webscraper.scraper.WebScraper -        Q[41chars] | A[1212chars] | Code[0]
2026-06-22 16:44:45.276 [main] DEBUG c.i.webscraper.scraper.WebScraper -          Image captured: Load Balancing → https://interview.in28minutes.com/img/cloud-and-devops/load-balancing.jpg
2026-06-22 16:44:45.277 [main] DEBUG c.i.webscraper.scraper.WebScraper -          Image captured: Cloud Service Models → https://interview.in28minutes.com/img/cloud-and-devops/cloud-service-models.jpg
2026-06-22 16:44:45.280 [main] DEBUG c.i.webscraper.scraper.WebScraper -        Q[34chars] | A[3277chars] | Code[0]
2026-06-22 16:44:45.280 [main] DEBUG c.i.webscraper.scraper.WebScraper -          Image captured: Virtualization → https://interview.in28minutes.com/img/cloud-and-devops/virtual-machines.jpg
2026-06-22 16:44:45.280 [main] DEBUG c.i.webscraper.scraper.WebScraper -        Q[23chars] | A[1317chars] | Code[0]
2026-06-22 16:44:45.281 [main] DEBUG c.i.webscraper.scraper.WebScraper -          Image captured: Virtualization → https://interview.in28minutes.com/img/cloud-and-devops/virtual-machines.jpg
2026-06-22 16:44:45.281 [main] DEBUG c.i.webscraper.scraper.WebScraper -        Q[49chars] | A[3198chars] | Code[0]
2026-06-22 16:44:45.282 [main] DEBUG c.i.webscraper.scraper.WebScraper -          Image captured: Scaling Types → https://interview.in28minutes.com/img/cloud-and-devops/scaling-types.jpg
2026-06-22 16:44:45.283 [main] DEBUG c.i.webscraper.scraper.WebScraper -          Image captured: Virtualization → https://interview.in28minutes.com/img/cloud-and-devops/virtual-machines.jpg
2026-06-22 16:44:45.283 [main] DEBUG c.i.webscraper.scraper.WebScraper -        Q[102chars] | A[4665chars] | Code[0]
2026-06-22 16:44:45.284 [main] DEBUG c.i.webscraper.scraper.WebScraper -        Q[38chars] | A[708chars] | Code[0]
2026-06-22 16:44:45.285 [main] INFO  c.i.webscraper.scraper.WebScraper -      8 Q&A pair(s) extracted.
2026-06-22 16:44:45.285 [main] INFO  c.i.webscraper.scraper.WebScraper -   → Section: 'Cloud Storage and Databases Fundamentals' (https://interview.in28minutes.com/interview-guides/cloud/cloud-storage-and-databases-fundamentals/)
2026-06-22 16:44:45.285 [main] DEBUG c.i.webscraper.scraper.WebScraper - Sleeping 2500ms (attempt 1/3) before: https://interview.in28minutes.com/interview-guides/cloud/cloud-storage-and-databases-fundamentals/
2026-06-22 16:44:48.835 [main] DEBUG c.i.webscraper.scraper.WebScraper - HTTP 200 ← https://interview.in28minutes.com/interview-guides/cloud/cloud-storage-and-databases-fundamentals/
2026-06-22 16:44:48.851 [main] DEBUG c.i.webscraper.scraper.WebScraper -      12 question heading(s) in 'Cloud Storage and Databases Fundamentals'.
2026-06-22 16:44:48.852 [main] DEBUG c.i.webscraper.scraper.WebScraper -          Image captured: database horizontal scaling → https://interview.in28minutes.com/img/cloud-and-devops/database-horizontal-scaling.jpg
2026-06-22 16:44:48.852 [main] DEBUG c.i.webscraper.scraper.WebScraper -          Image captured: database horizontal scaling → https://interview.in28minutes.com/img/cloud-and-devops/database-horizontal-scaling.jpg
2026-06-22 16:44:48.853 [main] DEBUG c.i.webscraper.scraper.WebScraper -          Image captured: database horizontal scaling → https://interview.in28minutes.com/img/cloud-and-devops/database-horizontal-scaling.jpg
2026-06-22 16:44:48.853 [main] DEBUG c.i.webscraper.scraper.WebScraper -          Image captured: database async → https://interview.in28minutes.com/img/cloud-and-devops/database-async.jpg
2026-06-22 16:44:48.853 [main] DEBUG c.i.webscraper.scraper.WebScraper -        Q[49chars] | A[3114chars] | Code[0]
2026-06-22 16:44:48.854 [main] DEBUG c.i.webscraper.scraper.WebScraper -          Image captured: database sync → https://interview.in28minutes.com/img/cloud-and-devops/database-sync.jpg
2026-06-22 16:44:48.854 [main] DEBUG c.i.webscraper.scraper.WebScraper -          Image captured: database sync → https://interview.in28minutes.com/img/cloud-and-devops/database-sync.jpg
2026-06-22 16:44:48.855 [main] DEBUG c.i.webscraper.scraper.WebScraper -          Image captured: database backup → https://interview.in28minutes.com/img/cloud-and-devops/database-backup.jpg
2026-06-22 16:44:48.855 [main] DEBUG c.i.webscraper.scraper.WebScraper -          Image captured: database snapshot → https://interview.in28minutes.com/img/cloud-and-devops/database-snapshot.jpg
2026-06-22 16:44:48.855 [main] DEBUG c.i.webscraper.scraper.WebScraper -        Q[18chars] | A[1624chars] | Code[0]
2026-06-22 16:44:48.855 [main] DEBUG c.i.webscraper.scraper.WebScraper -          Image captured: data formats → https://interview.in28minutes.com/img/cloud-and-devops/data-formats.jpg
2026-06-22 16:44:48.856 [main] DEBUG c.i.webscraper.scraper.WebScraper -        Q[35chars] | A[892chars] | Code[0]
2026-06-22 16:44:48.856 [main] DEBUG c.i.webscraper.scraper.WebScraper -          Image captured: database relational → https://interview.in28minutes.com/img/cloud-and-devops/database-relational.png
2026-06-22 16:44:48.857 [main] DEBUG c.i.webscraper.scraper.WebScraper -          Image captured: database relational column row → https://interview.in28minutes.com/img/cloud-and-devops/database-relational-column-row.jpg
2026-06-22 16:44:48.858 [main] DEBUG c.i.webscraper.scraper.WebScraper -        Q[46chars] | A[2677chars] | Code[0]
2026-06-22 16:44:48.858 [main] DEBUG c.i.webscraper.scraper.WebScraper -          Image captured: data semi structured → https://interview.in28minutes.com/img/cloud-and-devops/data-semi-structured.jpg
2026-06-22 16:44:48.858 [main] DEBUG c.i.webscraper.scraper.WebScraper -          Image captured: database scaling horizontal → https://interview.in28minutes.com/img/cloud-and-devops/database-scaling-horizontal.jpg
2026-06-22 16:44:48.858 [main] DEBUG c.i.webscraper.scraper.WebScraper -          Image captured: database nosql document → https://interview.in28minutes.com/img/cloud-and-devops/database-nosql-document.jpg
2026-06-22 16:44:48.859 [main] DEBUG c.i.webscraper.scraper.WebScraper -          Image captured: database nosql key value → https://interview.in28minutes.com/img/cloud-and-devops/database-nosql-key-value.jpg
2026-06-22 16:44:48.859 [main] DEBUG c.i.webscraper.scraper.WebScraper -          Image captured: database nosql graph → https://interview.in28minutes.com/img/cloud-and-devops/database-nosql-graph.jpg
2026-06-22 16:44:48.859 [main] DEBUG c.i.webscraper.scraper.WebScraper -          Image captured: database nosql columnar → https://interview.in28minutes.com/img/cloud-and-devops/database-nosql-columnar.jpg
2026-06-22 16:44:48.860 [main] DEBUG c.i.webscraper.scraper.WebScraper -        Q[55chars] | A[2694chars] | Code[4]
2026-06-22 16:44:48.860 [main] DEBUG c.i.webscraper.scraper.WebScraper -          Image captured: data unstructured → https://interview.in28minutes.com/img/cloud-and-devops/data-unstructured.jpg
2026-06-22 16:44:48.860 [main] DEBUG c.i.webscraper.scraper.WebScraper -          Image captured: storage types → https://interview.in28minutes.com/img/cloud-and-devops/storage-types.jpg
2026-06-22 16:44:48.861 [main] DEBUG c.i.webscraper.scraper.WebScraper -          Image captured: storage block → https://interview.in28minutes.com/img/cloud-and-devops/storage-block.jpg
2026-06-22 16:44:48.861 [main] DEBUG c.i.webscraper.scraper.WebScraper -          Image captured: storage file → https://interview.in28minutes.com/img/cloud-and-devops/storage-file.jpg
2026-06-22 16:44:48.861 [main] DEBUG c.i.webscraper.scraper.WebScraper -          Image captured: storage object → https://interview.in28minutes.com/img/cloud-and-devops/storage-object.jpg
2026-06-22 16:44:48.861 [main] DEBUG c.i.webscraper.scraper.WebScraper -        Q[67chars] | A[1713chars] | Code[0]
2026-06-22 16:44:48.862 [main] DEBUG c.i.webscraper.scraper.WebScraper -          Image captured: storage block → https://interview.in28minutes.com/img/cloud-and-devops/storage-block.jpg
2026-06-22 16:44:48.862 [main] DEBUG c.i.webscraper.scraper.WebScraper -          Image captured: virtual machines → https://interview.in28minutes.com/img/cloud-and-devops/virtual-machines.jpg
2026-06-22 16:44:48.863 [main] DEBUG c.i.webscraper.scraper.WebScraper -        Q[22chars] | A[2348chars] | Code[0]
2026-06-22 16:44:48.863 [main] DEBUG c.i.webscraper.scraper.WebScraper -          Image captured: storage file → https://interview.in28minutes.com/img/cloud-and-devops/storage-file.jpg
2026-06-22 16:44:48.863 [main] DEBUG c.i.webscraper.scraper.WebScraper -        Q[21chars] | A[1311chars] | Code[0]
2026-06-22 16:44:48.864 [main] DEBUG c.i.webscraper.scraper.WebScraper -          Image captured: storage object → https://interview.in28minutes.com/img/cloud-and-devops/storage-object.jpg
2026-06-22 16:44:48.864 [main] DEBUG c.i.webscraper.scraper.WebScraper -        Q[23chars] | A[2810chars] | Code[0]
2026-06-22 16:44:48.864 [main] DEBUG c.i.webscraper.scraper.WebScraper -          Image captured: hybrid cloud → https://interview.in28minutes.com/img/cloud-and-devops/hybrid-cloud.jpg
2026-06-22 16:44:48.864 [main] DEBUG c.i.webscraper.scraper.WebScraper -        Q[23chars] | A[1179chars] | Code[0]
2026-06-22 16:44:48.865 [main] DEBUG c.i.webscraper.scraper.WebScraper -          Image captured: data analytics warehouse → https://interview.in28minutes.com/img/cloud-and-devops/data-analytics-warehouse.jpg
2026-06-22 16:44:48.865 [main] DEBUG c.i.webscraper.scraper.WebScraper -          Image captured: data analytics process → https://interview.in28minutes.com/img/cloud-and-devops/data-analytics-process.jpg
2026-06-22 16:44:48.866 [main] DEBUG c.i.webscraper.scraper.WebScraper -        Q[36chars] | A[2526chars] | Code[0]
2026-06-22 16:44:48.866 [main] DEBUG c.i.webscraper.scraper.WebScraper -          Image captured: data analytics datalake → https://interview.in28minutes.com/img/cloud-and-devops/data-analytics-datalake.jpg
2026-06-22 16:44:48.867 [main] DEBUG c.i.webscraper.scraper.WebScraper -        Q[35chars] | A[1983chars] | Code[0]
2026-06-22 16:44:48.869 [main] INFO  c.i.webscraper.scraper.WebScraper -      12 Q&A pair(s) extracted.
2026-06-22 16:44:48.869 [main] INFO  c.i.webscraper.scraper.WebScraper -   → Section: 'Asynchronous Communication in the Cloud' (https://interview.in28minutes.com/interview-guides/cloud/asynchronous-communication-in-the-cloud/)
2026-06-22 16:44:48.869 [main] DEBUG c.i.webscraper.scraper.WebScraper - Sleeping 2500ms (attempt 1/3) before: https://interview.in28minutes.com/interview-guides/cloud/asynchronous-communication-in-the-cloud/
2026-06-22 16:44:52.029 [main] DEBUG c.i.webscraper.scraper.WebScraper - HTTP 200 ← https://interview.in28minutes.com/interview-guides/cloud/asynchronous-communication-in-the-cloud/
2026-06-22 16:44:52.035 [main] DEBUG c.i.webscraper.scraper.WebScraper -      6 question heading(s) in 'Asynchronous Communication in the Cloud'.
2026-06-22 16:44:52.036 [main] DEBUG c.i.webscraper.scraper.WebScraper -          Image captured: communication sync → https://interview.in28minutes.com/img/cloud-and-devops/communication-sync.jpg
2026-06-22 16:44:52.036 [main] DEBUG c.i.webscraper.scraper.WebScraper -          Image captured: communication async → https://interview.in28minutes.com/img/cloud-and-devops/communication-async.jpg
2026-06-22 16:44:52.037 [main] DEBUG c.i.webscraper.scraper.WebScraper -        Q[31chars] | A[3167chars] | Code[0]
2026-06-22 16:44:52.037 [main] DEBUG c.i.webscraper.scraper.WebScraper -          Image captured: async pull → https://interview.in28minutes.com/img/cloud-and-devops/async-pull.jpg
2026-06-22 16:44:52.037 [main] DEBUG c.i.webscraper.scraper.WebScraper -        Q[37chars] | A[1812chars] | Code[0]
2026-06-22 16:44:52.038 [main] DEBUG c.i.webscraper.scraper.WebScraper -          Image captured: async push → https://interview.in28minutes.com/img/cloud-and-devops/async-push.jpg
2026-06-22 16:44:52.038 [main] DEBUG c.i.webscraper.scraper.WebScraper -        Q[43chars] | A[1821chars] | Code[0]
2026-06-22 16:44:52.038 [main] DEBUG c.i.webscraper.scraper.WebScraper -          Image captured: async streaming data → https://interview.in28minutes.com/img/cloud-and-devops/async-streaming-data.jpg
2026-06-22 16:44:52.039 [main] DEBUG c.i.webscraper.scraper.WebScraper -        Q[36chars] | A[1953chars] | Code[0]
2026-06-22 16:44:52.040 [main] DEBUG c.i.webscraper.scraper.WebScraper -          Image captured: async event bus → https://interview.in28minutes.com/img/cloud-and-devops/async-event-bus.jpg
2026-06-22 16:44:52.041 [main] DEBUG c.i.webscraper.scraper.WebScraper -        Q[28chars] | A[4075chars] | Code[0]
2026-06-22 16:44:52.041 [main] DEBUG c.i.webscraper.scraper.WebScraper -          Image captured: async workflow → https://interview.in28minutes.com/img/cloud-and-devops/async-workflow.jpg
2026-06-22 16:44:52.042 [main] DEBUG c.i.webscraper.scraper.WebScraper -        Q[44chars] | A[2014chars] | Code[0]
2026-06-22 16:44:52.042 [main] INFO  c.i.webscraper.scraper.WebScraper -      6 Q&A pair(s) extracted.
2026-06-22 16:44:52.042 [main] INFO  c.i.webscraper.scraper.WebScraper -   → Section: 'Networking in the Cloud' (https://interview.in28minutes.com/interview-guides/cloud/networking-in-the-cloud/)
2026-06-22 16:44:52.042 [main] DEBUG c.i.webscraper.scraper.WebScraper - Sleeping 2500ms (attempt 1/3) before: https://interview.in28minutes.com/interview-guides/cloud/networking-in-the-cloud/
2026-06-22 16:44:55.116 [main] DEBUG c.i.webscraper.scraper.WebScraper - HTTP 200 ← https://interview.in28minutes.com/interview-guides/cloud/networking-in-the-cloud/
2026-06-22 16:44:55.121 [main] DEBUG c.i.webscraper.scraper.WebScraper -      7 question heading(s) in 'Networking in the Cloud'.
2026-06-22 16:44:55.122 [main] DEBUG c.i.webscraper.scraper.WebScraper -          Image captured: networking vpc subnet → https://interview.in28minutes.com/img/cloud-and-devops/networking-vpc-subnet.jpg
2026-06-22 16:44:55.122 [main] DEBUG c.i.webscraper.scraper.WebScraper -          Image captured: networking vpc subnet → https://interview.in28minutes.com/img/cloud-and-devops/networking-vpc-subnet.jpg
2026-06-22 16:44:55.122 [main] DEBUG c.i.webscraper.scraper.WebScraper -        Q[65chars] | A[1949chars] | Code[0]
2026-06-22 16:44:55.123 [main] DEBUG c.i.webscraper.scraper.WebScraper -        Q[47chars] | A[1096chars] | Code[0]
2026-06-22 16:44:55.124 [main] DEBUG c.i.webscraper.scraper.WebScraper -          Image captured: networking gateway → https://interview.in28minutes.com/img/cloud-and-devops/networking-gateway.jpg
2026-06-22 16:44:55.124 [main] DEBUG c.i.webscraper.scraper.WebScraper -          Image captured: networking vpn → https://interview.in28minutes.com/img/cloud-and-devops/networking-vpn.jpg
2026-06-22 16:44:55.124 [main] DEBUG c.i.webscraper.scraper.WebScraper -        Q[47chars] | A[2311chars] | Code[0]
2026-06-22 16:44:55.124 [main] DEBUG c.i.webscraper.scraper.WebScraper -          Image captured: networking vpc subnet → https://interview.in28minutes.com/img/cloud-and-devops/networking-vpc-subnet.jpg
2026-06-22 16:44:55.125 [main] DEBUG c.i.webscraper.scraper.WebScraper -        Q[65chars] | A[1265chars] | Code[0]
2026-06-22 16:44:55.125 [main] DEBUG c.i.webscraper.scraper.WebScraper -          Image captured: networking vpn → https://interview.in28minutes.com/img/cloud-and-devops/networking-vpn.jpg
2026-06-22 16:44:55.126 [main] DEBUG c.i.webscraper.scraper.WebScraper -        Q[37chars] | A[1081chars] | Code[0]
2026-06-22 16:44:55.127 [main] DEBUG c.i.webscraper.scraper.WebScraper -        Q[37chars] | A[1105chars] | Code[0]
2026-06-22 16:44:55.128 [main] DEBUG c.i.webscraper.scraper.WebScraper -        Q[53chars] | A[1751chars] | Code[0]
2026-06-22 16:44:55.128 [main] INFO  c.i.webscraper.scraper.WebScraper -      7 Q&A pair(s) extracted.
2026-06-22 16:44:55.128 [main] INFO  c.i.webscraper.scraper.WebScraper -   → Section: 'Cost Management in the Cloud' (https://interview.in28minutes.com/interview-guides/cloud/cost-management-in-the-cloud/)
2026-06-22 16:44:55.128 [main] DEBUG c.i.webscraper.scraper.WebScraper - Sleeping 2500ms (attempt 1/3) before: https://interview.in28minutes.com/interview-guides/cloud/cost-management-in-the-cloud/
2026-06-22 16:44:58.489 [main] DEBUG c.i.webscraper.scraper.WebScraper - HTTP 200 ← https://interview.in28minutes.com/interview-guides/cloud/cost-management-in-the-cloud/
2026-06-22 16:44:58.495 [main] DEBUG c.i.webscraper.scraper.WebScraper -      6 question heading(s) in 'Cost Management in the Cloud'.
2026-06-22 16:44:58.496 [main] DEBUG c.i.webscraper.scraper.WebScraper -          Image captured: cost management 1 → https://interview.in28minutes.com/img/cloud-and-devops/cost-management-1.jpg
2026-06-22 16:44:58.497 [main] DEBUG c.i.webscraper.scraper.WebScraper -        Q[38chars] | A[1127chars] | Code[0]
2026-06-22 16:44:58.497 [main] DEBUG c.i.webscraper.scraper.WebScraper -          Image captured: cost management 2 → https://interview.in28minutes.com/img/cloud-and-devops/cost-management-2.jpg
2026-06-22 16:44:58.498 [main] DEBUG c.i.webscraper.scraper.WebScraper -        Q[21chars] | A[1187chars] | Code[0]
2026-06-22 16:44:58.498 [main] DEBUG c.i.webscraper.scraper.WebScraper -          Image captured: cost management 2 → https://interview.in28minutes.com/img/cloud-and-devops/cost-management-2.jpg
2026-06-22 16:44:58.499 [main] DEBUG c.i.webscraper.scraper.WebScraper -        Q[56chars] | A[789chars] | Code[0]
2026-06-22 16:44:58.499 [main] DEBUG c.i.webscraper.scraper.WebScraper -          Image captured: cost management 3 → https://interview.in28minutes.com/img/cloud-and-devops/cost-management-3.jpg
2026-06-22 16:44:58.499 [main] DEBUG c.i.webscraper.scraper.WebScraper -        Q[39chars] | A[1368chars] | Code[0]
2026-06-22 16:44:58.501 [main] DEBUG c.i.webscraper.scraper.WebScraper -          Image captured: cost management 1 → https://interview.in28minutes.com/img/cloud-and-devops/cost-management-1.jpg
2026-06-22 16:44:58.501 [main] DEBUG c.i.webscraper.scraper.WebScraper -        Q[15chars] | A[1711chars] | Code[0]
2026-06-22 16:44:58.501 [main] DEBUG c.i.webscraper.scraper.WebScraper -        Q[68chars] | A[1092chars] | Code[0]
2026-06-22 16:44:58.502 [main] INFO  c.i.webscraper.scraper.WebScraper -      6 Q&A pair(s) extracted.
2026-06-22 16:44:58.502 [main] INFO  c.i.webscraper.scraper.WebScraper -   → Section: 'AI, ML and Generative AI in the Cloud' (https://interview.in28minutes.com/interview-guides/cloud/ai-ml-and-generative-ai-in-the-cloud/)
2026-06-22 16:44:58.502 [main] DEBUG c.i.webscraper.scraper.WebScraper - Sleeping 2500ms (attempt 1/3) before: https://interview.in28minutes.com/interview-guides/cloud/ai-ml-and-generative-ai-in-the-cloud/
2026-06-22 16:45:01.549 [main] DEBUG c.i.webscraper.scraper.WebScraper - HTTP 200 ← https://interview.in28minutes.com/interview-guides/cloud/ai-ml-and-generative-ai-in-the-cloud/
2026-06-22 16:45:01.555 [main] DEBUG c.i.webscraper.scraper.WebScraper -      5 question heading(s) in 'AI, ML and Generative AI in the Cloud'.
2026-06-22 16:45:01.555 [main] DEBUG c.i.webscraper.scraper.WebScraper -          Image captured: ai ml gen ai → https://interview.in28minutes.com/img/cloud-and-devops/ai-ml-gen-ai.jpg
2026-06-22 16:45:01.556 [main] DEBUG c.i.webscraper.scraper.WebScraper -          Image captured: ai ml gen ai → https://interview.in28minutes.com/img/cloud-and-devops/ai-ml-gen-ai.jpg
2026-06-22 16:45:01.556 [main] DEBUG c.i.webscraper.scraper.WebScraper -        Q[16chars] | A[1788chars] | Code[0]
2026-06-22 16:45:01.556 [main] DEBUG c.i.webscraper.scraper.WebScraper -          Image captured: ai ml stages → https://interview.in28minutes.com/img/cloud-and-devops/ai-ml-stages.jpg
2026-06-22 16:45:01.557 [main] DEBUG c.i.webscraper.scraper.WebScraper -        Q[53chars] | A[945chars] | Code[0]
2026-06-22 16:45:01.557 [main] DEBUG c.i.webscraper.scraper.WebScraper -          Image captured: ai ml gen ai → https://interview.in28minutes.com/img/cloud-and-devops/ai-ml-gen-ai.jpg
2026-06-22 16:45:01.557 [main] DEBUG c.i.webscraper.scraper.WebScraper -          Image captured: ai ml gen ai complex training → https://interview.in28minutes.com/img/cloud-and-devops/ai-ml-gen-ai-complex-training.jpg
2026-06-22 16:45:01.558 [main] DEBUG c.i.webscraper.scraper.WebScraper -        Q[22chars] | A[3012chars] | Code[0]
2026-06-22 16:45:01.559 [main] DEBUG c.i.webscraper.scraper.WebScraper -          Image captured: ai ml gen ai → https://interview.in28minutes.com/img/cloud-and-devops/ai-ml-gen-ai.jpg
2026-06-22 16:45:01.559 [main] DEBUG c.i.webscraper.scraper.WebScraper -        Q[52chars] | A[2698chars] | Code[0]
2026-06-22 16:45:01.559 [main] DEBUG c.i.webscraper.scraper.WebScraper -        Q[59chars] | A[1130chars] | Code[0]
2026-06-22 16:45:01.560 [main] INFO  c.i.webscraper.scraper.WebScraper -      5 Q&A pair(s) extracted.
2026-06-22 16:45:01.560 [main] INFO  c.i.webscraper.scraper.WebScraper -   → Section: 'Security in the Cloud' (https://interview.in28minutes.com/interview-guides/cloud/security-in-the-cloud/)
2026-06-22 16:45:01.560 [main] DEBUG c.i.webscraper.scraper.WebScraper - Sleeping 2500ms (attempt 1/3) before: https://interview.in28minutes.com/interview-guides/cloud/security-in-the-cloud/
2026-06-22 16:45:05.017 [main] DEBUG c.i.webscraper.scraper.WebScraper - HTTP 200 ← https://interview.in28minutes.com/interview-guides/cloud/security-in-the-cloud/
2026-06-22 16:45:05.024 [main] DEBUG c.i.webscraper.scraper.WebScraper -      7 question heading(s) in 'Security in the Cloud'.
2026-06-22 16:45:05.025 [main] DEBUG c.i.webscraper.scraper.WebScraper -          Image captured: encryption one key → https://interview.in28minutes.com/img/cloud-and-devops/encryption-one-key.jpg
2026-06-22 16:45:05.025 [main] DEBUG c.i.webscraper.scraper.WebScraper -          Image captured: encryption two keys → https://interview.in28minutes.com/img/cloud-and-devops/encryption-two-keys.jpg
2026-06-22 16:45:05.026 [main] DEBUG c.i.webscraper.scraper.WebScraper -        Q[31chars] | A[3151chars] | Code[0]
2026-06-22 16:45:05.027 [main] DEBUG c.i.webscraper.scraper.WebScraper -        Q[43chars] | A[3777chars] | Code[0]
2026-06-22 16:45:05.028 [main] DEBUG c.i.webscraper.scraper.WebScraper -        Q[22chars] | A[1392chars] | Code[0]
2026-06-22 16:45:05.028 [main] DEBUG c.i.webscraper.scraper.WebScraper -        Q[14chars] | A[1377chars] | Code[0]
2026-06-22 16:45:05.028 [main] DEBUG c.i.webscraper.scraper.WebScraper -        Q[51chars] | A[1442chars] | Code[0]
2026-06-22 16:45:05.029 [main] DEBUG c.i.webscraper.scraper.WebScraper -        Q[34chars] | A[1374chars] | Code[0]
2026-06-22 16:45:05.031 [main] DEBUG c.i.webscraper.scraper.WebScraper -        Q[24chars] | A[2328chars] | Code[0]
2026-06-22 16:45:05.031 [main] INFO  c.i.webscraper.scraper.WebScraper -      7 Q&A pair(s) extracted.
2026-06-22 16:45:05.031 [main] INFO  c.i.webscraper.scraper.WebScraper -   → Section: 'Cloud Interview - Diagrams' (https://interview.in28minutes.com/interview-guides/cloud/cloud-interview-diagrams/)
2026-06-22 16:45:05.031 [main] DEBUG c.i.webscraper.scraper.WebScraper - Sleeping 2500ms (attempt 1/3) before: https://interview.in28minutes.com/interview-guides/cloud/cloud-interview-diagrams/
2026-06-22 16:45:07.978 [main] DEBUG c.i.webscraper.scraper.WebScraper - HTTP 200 ← https://interview.in28minutes.com/interview-guides/cloud/cloud-interview-diagrams/
2026-06-22 16:45:07.981 [main] DEBUG c.i.webscraper.scraper.WebScraper -      10 question heading(s) in 'Cloud Interview - Diagrams'.
2026-06-22 16:45:07.981 [main] DEBUG c.i.webscraper.scraper.WebScraper -          Image captured: Cloud → https://interview.in28minutes.com/img/cloud-and-devops/cloud.jpg
2026-06-22 16:45:07.983 [main] DEBUG c.i.webscraper.scraper.WebScraper -        Q[5chars] | A[81chars] | Code[0]
2026-06-22 16:45:07.983 [main] DEBUG c.i.webscraper.scraper.WebScraper -          Image captured: Elasticity → https://interview.in28minutes.com/img/cloud-and-devops/elasticity.jpg
2026-06-22 16:45:07.983 [main] DEBUG c.i.webscraper.scraper.WebScraper -        Q[10chars] | A[91chars] | Code[0]
2026-06-22 16:45:07.983 [main] DEBUG c.i.webscraper.scraper.WebScraper -          Image captured: DevOps → https://interview.in28minutes.com/img/cloud-and-devops/devops.jpg
2026-06-22 16:45:07.983 [main] DEBUG c.i.webscraper.scraper.WebScraper -        Q[6chars] | A[83chars] | Code[0]
2026-06-22 16:45:07.983 [main] DEBUG c.i.webscraper.scraper.WebScraper -          Image captured: cloud services → https://interview.in28minutes.com/img/cloud-and-devops/cloud-services.jpg
2026-06-22 16:45:07.984 [main] DEBUG c.i.webscraper.scraper.WebScraper -        Q[14chars] | A[99chars] | Code[0]
2026-06-22 16:45:07.984 [main] DEBUG c.i.webscraper.scraper.WebScraper -          Image captured: cloud environment → https://interview.in28minutes.com/img/cloud-and-devops/cloud-environment.jpg
2026-06-22 16:45:07.984 [main] DEBUG c.i.webscraper.scraper.WebScraper -        Q[17chars] | A[105chars] | Code[0]
2026-06-22 16:45:07.984 [main] DEBUG c.i.webscraper.scraper.WebScraper -          Image captured: environments → https://interview.in28minutes.com/img/cloud-and-devops/environments.jpg
2026-06-22 16:45:07.984 [main] DEBUG c.i.webscraper.scraper.WebScraper -        Q[21chars] | A[95chars] | Code[0]
2026-06-22 16:45:07.984 [main] DEBUG c.i.webscraper.scraper.WebScraper -          Image captured: continuous deployment → https://interview.in28minutes.com/img/cloud-and-devops/continuous-deployment.jpg
2026-06-22 16:45:07.984 [main] DEBUG c.i.webscraper.scraper.WebScraper -        Q[30chars] | A[113chars] | Code[0]
2026-06-22 16:45:07.984 [main] DEBUG c.i.webscraper.scraper.WebScraper -          Image captured: continuous integration → https://interview.in28minutes.com/img/cloud-and-devops/continuous-integration.jpg
2026-06-22 16:45:07.985 [main] DEBUG c.i.webscraper.scraper.WebScraper -        Q[21chars] | A[115chars] | Code[0]
2026-06-22 16:45:07.985 [main] DEBUG c.i.webscraper.scraper.WebScraper -          Image captured: Hybrid Cloud → https://interview.in28minutes.com/img/cloud-and-devops/hybrid-cloud.jpg
2026-06-22 16:45:07.985 [main] DEBUG c.i.webscraper.scraper.WebScraper -        Q[12chars] | A[95chars] | Code[0]
2026-06-22 16:45:07.985 [main] DEBUG c.i.webscraper.scraper.WebScraper -          Image captured: Container Orchestration → https://interview.in28minutes.com/img/cloud-and-devops/multiple-containers.jpg
2026-06-22 16:45:07.985 [main] DEBUG c.i.webscraper.scraper.WebScraper -        Q[23chars] | A[113chars] | Code[0]
2026-06-22 16:45:07.985 [main] INFO  c.i.webscraper.scraper.WebScraper -      10 Q&A pair(s) extracted.
2026-06-22 16:45:07.985 [main] INFO  c.i.webscraper.scraper.WebScraper - Topic 'Cloud' complete → 8 section(s).
2026-06-22 16:45:07.986 [main] INFO  c.i.webscraper.scraper.WebScraper - ---------- Topic: Docker → https://interview.in28minutes.com/docker/
2026-06-22 16:45:07.986 [main] DEBUG c.i.webscraper.scraper.WebScraper - Sleeping 2500ms (attempt 1/3) before: https://interview.in28minutes.com/docker/
2026-06-22 16:45:10.924 [main] DEBUG c.i.webscraper.scraper.WebScraper - HTTP 200 ← https://interview.in28minutes.com/docker/
2026-06-22 16:45:10.926 [main] DEBUG c.i.webscraper.scraper.WebScraper - Topic 'Docker' → 10 card(s) found.
2026-06-22 16:45:10.931 [main] INFO  c.i.webscraper.scraper.WebScraper -   → Section: 'Docker Fundamentals' (https://interview.in28minutes.com/interview-guides/docker/docker-fundamentals/)
2026-06-22 16:45:10.931 [main] DEBUG c.i.webscraper.scraper.WebScraper - Sleeping 2500ms (attempt 1/3) before: https://interview.in28minutes.com/interview-guides/docker/docker-fundamentals/
2026-06-22 16:45:14.277 [main] DEBUG c.i.webscraper.scraper.WebScraper - HTTP 200 ← https://interview.in28minutes.com/interview-guides/docker/docker-fundamentals/
2026-06-22 16:45:14.281 [main] DEBUG c.i.webscraper.scraper.WebScraper -      6 question heading(s) in 'Docker Fundamentals'.
2026-06-22 16:45:14.281 [main] DEBUG c.i.webscraper.scraper.WebScraper -        Q[60chars] | A[523chars] | Code[0]
2026-06-22 16:45:14.281 [main] DEBUG c.i.webscraper.scraper.WebScraper -        Q[82chars] | A[337chars] | Code[0]
2026-06-22 16:45:14.282 [main] DEBUG c.i.webscraper.scraper.WebScraper -        Q[40chars] | A[390chars] | Code[0]
2026-06-22 16:45:14.282 [main] DEBUG c.i.webscraper.scraper.WebScraper -        Q[44chars] | A[678chars] | Code[0]
2026-06-22 16:45:14.282 [main] DEBUG c.i.webscraper.scraper.WebScraper -        Q[54chars] | A[955chars] | Code[0]
2026-06-22 16:45:14.283 [main] DEBUG c.i.webscraper.scraper.WebScraper -        Q[63chars] | A[1637chars] | Code[0]
2026-06-22 16:45:14.283 [main] INFO  c.i.webscraper.scraper.WebScraper -      6 Q&A pair(s) extracted.
2026-06-22 16:45:14.283 [main] INFO  c.i.webscraper.scraper.WebScraper -   → Section: 'Building Docker Images' (https://interview.in28minutes.com/interview-guides/docker/building-docker-images/)
2026-06-22 16:45:14.283 [main] DEBUG c.i.webscraper.scraper.WebScraper - Sleeping 2500ms (attempt 1/3) before: https://interview.in28minutes.com/interview-guides/docker/building-docker-images/
2026-06-22 16:45:17.337 [main] DEBUG c.i.webscraper.scraper.WebScraper - HTTP 200 ← https://interview.in28minutes.com/interview-guides/docker/building-docker-images/
2026-06-22 16:45:17.354 [main] DEBUG c.i.webscraper.scraper.WebScraper -      13 question heading(s) in 'Building Docker Images'.
2026-06-22 16:45:17.355 [main] DEBUG c.i.webscraper.scraper.WebScraper -        Q[54chars] | A[171chars] | Code[3]
2026-06-22 16:45:17.356 [main] DEBUG c.i.webscraper.scraper.WebScraper -        Q[21chars] | A[665chars] | Code[0]
2026-06-22 16:45:17.356 [main] DEBUG c.i.webscraper.scraper.WebScraper -        Q[35chars] | A[333chars] | Code[0]
2026-06-22 16:45:17.357 [main] DEBUG c.i.webscraper.scraper.WebScraper -        Q[87chars] | A[1092chars] | Code[7]
2026-06-22 16:45:17.357 [main] DEBUG c.i.webscraper.scraper.WebScraper -        Q[47chars] | A[214chars] | Code[1]
2026-06-22 16:45:17.358 [main] DEBUG c.i.webscraper.scraper.WebScraper -        Q[59chars] | A[659chars] | Code[1]
2026-06-22 16:45:17.358 [main] DEBUG c.i.webscraper.scraper.WebScraper -        Q[59chars] | A[510chars] | Code[2]
2026-06-22 16:45:17.359 [main] DEBUG c.i.webscraper.scraper.WebScraper -        Q[55chars] | A[1459chars] | Code[2]
2026-06-22 16:45:17.360 [main] DEBUG c.i.webscraper.scraper.WebScraper -        Q[92chars] | A[1309chars] | Code[2]
2026-06-22 16:45:17.360 [main] DEBUG c.i.webscraper.scraper.WebScraper -        Q[62chars] | A[725chars] | Code[4]
2026-06-22 16:45:17.361 [main] DEBUG c.i.webscraper.scraper.WebScraper -        Q[46chars] | A[313chars] | Code[1]
2026-06-22 16:45:17.361 [main] DEBUG c.i.webscraper.scraper.WebScraper -        Q[44chars] | A[680chars] | Code[1]
2026-06-22 16:45:17.362 [main] DEBUG c.i.webscraper.scraper.WebScraper -        Q[36chars] | A[768chars] | Code[0]
2026-06-22 16:45:17.362 [main] INFO  c.i.webscraper.scraper.WebScraper -      13 Q&A pair(s) extracted.
2026-06-22 16:45:17.362 [main] INFO  c.i.webscraper.scraper.WebScraper -   → Section: 'Managing Docker Containers' (https://interview.in28minutes.com/interview-guides/docker/managing-docker-containers/)
2026-06-22 16:45:17.362 [main] DEBUG c.i.webscraper.scraper.WebScraper - Sleeping 2500ms (attempt 1/3) before: https://interview.in28minutes.com/interview-guides/docker/managing-docker-containers/
2026-06-22 16:45:20.715 [main] DEBUG c.i.webscraper.scraper.WebScraper - HTTP 200 ← https://interview.in28minutes.com/interview-guides/docker/managing-docker-containers/
2026-06-22 16:45:20.722 [main] DEBUG c.i.webscraper.scraper.WebScraper -      5 question heading(s) in 'Managing Docker Containers'.
2026-06-22 16:45:20.723 [main] DEBUG c.i.webscraper.scraper.WebScraper -        Q[50chars] | A[416chars] | Code[0]
2026-06-22 16:45:20.724 [main] DEBUG c.i.webscraper.scraper.WebScraper -        Q[47chars] | A[2156chars] | Code[33]
2026-06-22 16:45:20.725 [main] DEBUG c.i.webscraper.scraper.WebScraper -        Q[108chars] | A[151chars] | Code[3]
2026-06-22 16:45:20.725 [main] DEBUG c.i.webscraper.scraper.WebScraper -        Q[38chars] | A[535chars] | Code[9]
2026-06-22 16:45:20.726 [main] DEBUG c.i.webscraper.scraper.WebScraper -        Q[101chars] | A[775chars] | Code[16]
2026-06-22 16:45:20.726 [main] INFO  c.i.webscraper.scraper.WebScraper -      5 Q&A pair(s) extracted.
2026-06-22 16:45:20.726 [main] INFO  c.i.webscraper.scraper.WebScraper -   → Section: 'Persisting Data in Docker' (https://interview.in28minutes.com/interview-guides/docker/persisting-data-in-docker/)
2026-06-22 16:45:20.726 [main] DEBUG c.i.webscraper.scraper.WebScraper - Sleeping 2500ms (attempt 1/3) before: https://interview.in28minutes.com/interview-guides/docker/persisting-data-in-docker/
2026-06-22 16:45:23.794 [main] DEBUG c.i.webscraper.scraper.WebScraper - HTTP 200 ← https://interview.in28minutes.com/interview-guides/docker/persisting-data-in-docker/
2026-06-22 16:45:23.803 [main] DEBUG c.i.webscraper.scraper.WebScraper -      8 question heading(s) in 'Persisting Data in Docker'.
2026-06-22 16:45:23.805 [main] DEBUG c.i.webscraper.scraper.WebScraper -        Q[46chars] | A[813chars] | Code[0]
2026-06-22 16:45:23.806 [main] DEBUG c.i.webscraper.scraper.WebScraper -        Q[27chars] | A[941chars] | Code[6]
2026-06-22 16:45:23.806 [main] DEBUG c.i.webscraper.scraper.WebScraper -        Q[39chars] | A[310chars] | Code[7]
2026-06-22 16:45:23.807 [main] DEBUG c.i.webscraper.scraper.WebScraper -        Q[35chars] | A[574chars] | Code[2]
2026-06-22 16:45:23.807 [main] DEBUG c.i.webscraper.scraper.WebScraper -        Q[29chars] | A[732chars] | Code[0]
2026-06-22 16:45:23.807 [main] DEBUG c.i.webscraper.scraper.WebScraper -        Q[57chars] | A[805chars] | Code[10]
2026-06-22 16:45:23.807 [main] DEBUG c.i.webscraper.scraper.WebScraper -        Q[65chars] | A[695chars] | Code[0]
2026-06-22 16:45:23.807 [main] DEBUG c.i.webscraper.scraper.WebScraper -        Q[24chars] | A[1109chars] | Code[0]
2026-06-22 16:45:23.807 [main] INFO  c.i.webscraper.scraper.WebScraper -      8 Q&A pair(s) extracted.
2026-06-22 16:45:23.807 [main] INFO  c.i.webscraper.scraper.WebScraper -   → Section: 'Docker Networking' (https://interview.in28minutes.com/interview-guides/docker/docker-networking/)
2026-06-22 16:45:23.808 [main] DEBUG c.i.webscraper.scraper.WebScraper - Sleeping 2500ms (attempt 1/3) before: https://interview.in28minutes.com/interview-guides/docker/docker-networking/
2026-06-22 16:45:26.873 [main] DEBUG c.i.webscraper.scraper.WebScraper - HTTP 200 ← https://interview.in28minutes.com/interview-guides/docker/docker-networking/
2026-06-22 16:45:26.882 [main] DEBUG c.i.webscraper.scraper.WebScraper -      7 question heading(s) in 'Docker Networking'.
2026-06-22 16:45:26.883 [main] DEBUG c.i.webscraper.scraper.WebScraper -        Q[36chars] | A[749chars] | Code[0]
2026-06-22 16:45:26.883 [main] DEBUG c.i.webscraper.scraper.WebScraper -        Q[42chars] | A[2776chars] | Code[6]
2026-06-22 16:45:26.884 [main] DEBUG c.i.webscraper.scraper.WebScraper -        Q[55chars] | A[206chars] | Code[4]
2026-06-22 16:45:26.884 [main] DEBUG c.i.webscraper.scraper.WebScraper -        Q[61chars] | A[358chars] | Code[2]
2026-06-22 16:45:26.885 [main] DEBUG c.i.webscraper.scraper.WebScraper -        Q[63chars] | A[219chars] | Code[1]
2026-06-22 16:45:26.885 [main] DEBUG c.i.webscraper.scraper.WebScraper -        Q[55chars] | A[445chars] | Code[1]
2026-06-22 16:45:26.885 [main] DEBUG c.i.webscraper.scraper.WebScraper -        Q[106chars] | A[409chars] | Code[2]
2026-06-22 16:45:26.886 [main] INFO  c.i.webscraper.scraper.WebScraper -      7 Q&A pair(s) extracted.
2026-06-22 16:45:26.886 [main] INFO  c.i.webscraper.scraper.WebScraper -   → Section: 'Docker Security' (https://interview.in28minutes.com/interview-guides/docker/docker-security/)
2026-06-22 16:45:26.886 [main] DEBUG c.i.webscraper.scraper.WebScraper - Sleeping 2500ms (attempt 1/3) before: https://interview.in28minutes.com/interview-guides/docker/docker-security/
2026-06-22 16:45:29.919 [main] DEBUG c.i.webscraper.scraper.WebScraper - HTTP 200 ← https://interview.in28minutes.com/interview-guides/docker/docker-security/
2026-06-22 16:45:29.926 [main] DEBUG c.i.webscraper.scraper.WebScraper -      9 question heading(s) in 'Docker Security'.
2026-06-22 16:45:29.927 [main] DEBUG c.i.webscraper.scraper.WebScraper -        Q[36chars] | A[733chars] | Code[0]
2026-06-22 16:45:29.927 [main] DEBUG c.i.webscraper.scraper.WebScraper -        Q[53chars] | A[1621chars] | Code[0]
2026-06-22 16:45:29.928 [main] DEBUG c.i.webscraper.scraper.WebScraper -        Q[45chars] | A[303chars] | Code[1]
2026-06-22 16:45:29.929 [main] DEBUG c.i.webscraper.scraper.WebScraper -        Q[54chars] | A[1036chars] | Code[1]
2026-06-22 16:45:29.929 [main] DEBUG c.i.webscraper.scraper.WebScraper -        Q[43chars] | A[1965chars] | Code[5]
2026-06-22 16:45:29.930 [main] DEBUG c.i.webscraper.scraper.WebScraper -        Q[74chars] | A[878chars] | Code[3]
2026-06-22 16:45:29.930 [main] DEBUG c.i.webscraper.scraper.WebScraper -        Q[53chars] | A[1020chars] | Code[0]
2026-06-22 16:45:29.931 [main] DEBUG c.i.webscraper.scraper.WebScraper -        Q[44chars] | A[1841chars] | Code[0]
2026-06-22 16:45:29.931 [main] DEBUG c.i.webscraper.scraper.WebScraper -        Q[42chars] | A[1142chars] | Code[1]
2026-06-22 16:45:29.931 [main] INFO  c.i.webscraper.scraper.WebScraper -      9 Q&A pair(s) extracted.
2026-06-22 16:45:29.931 [main] INFO  c.i.webscraper.scraper.WebScraper -   → Section: 'Docker Compose' (https://interview.in28minutes.com/interview-guides/docker/docker-compose/)
2026-06-22 16:45:29.932 [main] DEBUG c.i.webscraper.scraper.WebScraper - Sleeping 2500ms (attempt 1/3) before: https://interview.in28minutes.com/interview-guides/docker/docker-compose/
2026-06-22 16:45:33.358 [main] DEBUG c.i.webscraper.scraper.WebScraper - HTTP 200 ← https://interview.in28minutes.com/interview-guides/docker/docker-compose/
2026-06-22 16:45:33.364 [main] DEBUG c.i.webscraper.scraper.WebScraper -      6 question heading(s) in 'Docker Compose'.
2026-06-22 16:45:33.365 [main] DEBUG c.i.webscraper.scraper.WebScraper -        Q[36chars] | A[2369chars] | Code[4]
2026-06-22 16:45:33.366 [main] DEBUG c.i.webscraper.scraper.WebScraper -        Q[64chars] | A[1217chars] | Code[0]
2026-06-22 16:45:33.368 [main] DEBUG c.i.webscraper.scraper.WebScraper -        Q[43chars] | A[2667chars] | Code[3]
2026-06-22 16:45:33.368 [main] DEBUG c.i.webscraper.scraper.WebScraper -        Q[68chars] | A[580chars] | Code[8]
2026-06-22 16:45:33.368 [main] DEBUG c.i.webscraper.scraper.WebScraper -        Q[48chars] | A[559chars] | Code[4]
2026-06-22 16:45:33.369 [main] DEBUG c.i.webscraper.scraper.WebScraper -        Q[18chars] | A[923chars] | Code[0]
2026-06-22 16:45:33.369 [main] INFO  c.i.webscraper.scraper.WebScraper -      6 Q&A pair(s) extracted.
2026-06-22 16:45:33.369 [main] INFO  c.i.webscraper.scraper.WebScraper -   → Section: 'Advanced Docker Concepts' (https://interview.in28minutes.com/interview-guides/docker/advanced-docker-concepts/)
2026-06-22 16:45:33.369 [main] DEBUG c.i.webscraper.scraper.WebScraper - Sleeping 2500ms (attempt 1/3) before: https://interview.in28minutes.com/interview-guides/docker/advanced-docker-concepts/
2026-06-22 16:45:36.416 [main] DEBUG c.i.webscraper.scraper.WebScraper - HTTP 200 ← https://interview.in28minutes.com/interview-guides/docker/advanced-docker-concepts/
2026-06-22 16:45:36.420 [main] DEBUG c.i.webscraper.scraper.WebScraper -      5 question heading(s) in 'Advanced Docker Concepts'.
2026-06-22 16:45:36.420 [main] DEBUG c.i.webscraper.scraper.WebScraper -        Q[10chars] | A[1446chars] | Code[0]
2026-06-22 16:45:36.421 [main] DEBUG c.i.webscraper.scraper.WebScraper -        Q[43chars] | A[1113chars] | Code[0]
2026-06-22 16:45:36.421 [main] DEBUG c.i.webscraper.scraper.WebScraper -        Q[60chars] | A[894chars] | Code[5]
2026-06-22 16:45:36.422 [main] DEBUG c.i.webscraper.scraper.WebScraper -        Q[64chars] | A[1599chars] | Code[0]
2026-06-22 16:45:36.423 [main] DEBUG c.i.webscraper.scraper.WebScraper -        Q[40chars] | A[985chars] | Code[0]
2026-06-22 16:45:36.423 [main] INFO  c.i.webscraper.scraper.WebScraper -      5 Q&A pair(s) extracted.
2026-06-22 16:45:36.423 [main] INFO  c.i.webscraper.scraper.WebScraper -   → Section: 'Docker Cheat Sheet' (https://interview.in28minutes.com/interview-guides/docker/docker-cheat-sheet/)
2026-06-22 16:45:36.423 [main] DEBUG c.i.webscraper.scraper.WebScraper - Sleeping 2500ms (attempt 1/3) before: https://interview.in28minutes.com/interview-guides/docker/docker-cheat-sheet/
2026-06-22 16:45:39.512 [main] DEBUG c.i.webscraper.scraper.WebScraper - HTTP 200 ← https://interview.in28minutes.com/interview-guides/docker/docker-cheat-sheet/
2026-06-22 16:45:39.518 [main] DEBUG c.i.webscraper.scraper.WebScraper -      9 question heading(s) in 'Docker Cheat Sheet'.
2026-06-22 16:45:39.519 [main] DEBUG c.i.webscraper.scraper.WebScraper -        Q[15chars] | A[277chars] | Code[0]
2026-06-22 16:45:39.519 [main] DEBUG c.i.webscraper.scraper.WebScraper -        Q[14chars] | A[507chars] | Code[0]
2026-06-22 16:45:39.519 [main] DEBUG c.i.webscraper.scraper.WebScraper -        Q[14chars] | A[737chars] | Code[0]
2026-06-22 16:45:39.520 [main] DEBUG c.i.webscraper.scraper.WebScraper -        Q[19chars] | A[922chars] | Code[0]
2026-06-22 16:45:39.520 [main] DEBUG c.i.webscraper.scraper.WebScraper -        Q[18chars] | A[749chars] | Code[0]
2026-06-22 16:45:39.520 [main] DEBUG c.i.webscraper.scraper.WebScraper -        Q[7chars] | A[435chars] | Code[0]
2026-06-22 16:45:39.520 [main] DEBUG c.i.webscraper.scraper.WebScraper -        Q[29chars] | A[336chars] | Code[0]
2026-06-22 16:45:39.520 [main] DEBUG c.i.webscraper.scraper.WebScraper -        Q[14chars] | A[676chars] | Code[0]
2026-06-22 16:45:39.521 [main] DEBUG c.i.webscraper.scraper.WebScraper -        Q[10chars] | A[237chars] | Code[0]
2026-06-22 16:45:39.521 [main] INFO  c.i.webscraper.scraper.WebScraper -      9 Q&A pair(s) extracted.
2026-06-22 16:45:39.521 [main] INFO  c.i.webscraper.scraper.WebScraper -   → Section: 'Docker Interview - Diagrams' (https://interview.in28minutes.com/interview-guides/docker/docker-interview-diagrams/)
2026-06-22 16:45:39.521 [main] DEBUG c.i.webscraper.scraper.WebScraper - Sleeping 2500ms (attempt 1/3) before: https://interview.in28minutes.com/interview-guides/docker/docker-interview-diagrams/
2026-06-22 16:45:42.872 [main] DEBUG c.i.webscraper.scraper.WebScraper - HTTP 200 ← https://interview.in28minutes.com/interview-guides/docker/docker-interview-diagrams/
2026-06-22 16:45:42.875 [main] DEBUG c.i.webscraper.scraper.WebScraper -      10 question heading(s) in 'Docker Interview - Diagrams'.
2026-06-22 16:45:42.875 [main] DEBUG c.i.webscraper.scraper.WebScraper -          Image captured: Traditional deployment → https://interview.in28minutes.com/img/docker/traditional-deployment.png
2026-06-22 16:45:42.876 [main] DEBUG c.i.webscraper.scraper.WebScraper -        Q[22chars] | A[105chars] | Code[0]
2026-06-22 16:45:42.876 [main] DEBUG c.i.webscraper.scraper.WebScraper -          Image captured: Advantages of Docker → https://interview.in28minutes.com/img/docker/advantages.png
2026-06-22 16:45:42.876 [main] DEBUG c.i.webscraper.scraper.WebScraper -        Q[20chars] | A[91chars] | Code[0]
2026-06-22 16:45:42.876 [main] DEBUG c.i.webscraper.scraper.WebScraper -          Image captured: Running Docker Image → https://interview.in28minutes.com/img/docker/running-docker-image.png
2026-06-22 16:45:42.876 [main] DEBUG c.i.webscraper.scraper.WebScraper -        Q[20chars] | A[101chars] | Code[0]
2026-06-22 16:45:42.876 [main] DEBUG c.i.webscraper.scraper.WebScraper -          Image captured: Virtual Machine Architecture → https://interview.in28minutes.com/img/docker/virtual-machine-architecture.jpg
2026-06-22 16:45:42.876 [main] DEBUG c.i.webscraper.scraper.WebScraper -        Q[28chars] | A[117chars] | Code[0]
2026-06-22 16:45:42.876 [main] DEBUG c.i.webscraper.scraper.WebScraper -          Image captured: Container Architecture → https://interview.in28minutes.com/img/docker/container-engine-architecture.jpg
2026-06-22 16:45:42.876 [main] DEBUG c.i.webscraper.scraper.WebScraper -        Q[22chars] | A[112chars] | Code[0]
2026-06-22 16:45:42.876 [main] DEBUG c.i.webscraper.scraper.WebScraper -          Image captured: Container Architecture → https://interview.in28minutes.com/img/docker/container-registry.jpg
2026-06-22 16:45:42.876 [main] DEBUG c.i.webscraper.scraper.WebScraper -        Q[18chars] | A[101chars] | Code[0]
2026-06-22 16:45:42.877 [main] DEBUG c.i.webscraper.scraper.WebScraper -          Image captured: Dockerfile → https://interview.in28minutes.com/img/docker/dockerfile.png
2026-06-22 16:45:42.877 [main] DEBUG c.i.webscraper.scraper.WebScraper -        Q[10chars] | A[81chars] | Code[0]
2026-06-22 16:45:42.877 [main] DEBUG c.i.webscraper.scraper.WebScraper -          Image captured: Why is Docker Popular → https://interview.in28minutes.com/img/docker/why-docker-popular.png
2026-06-22 16:45:42.877 [main] DEBUG c.i.webscraper.scraper.WebScraper -        Q[21chars] | A[100chars] | Code[0]
2026-06-22 16:45:42.877 [main] DEBUG c.i.webscraper.scraper.WebScraper -        Q[29chars] | A[0chars] | Code[1]
2026-06-22 16:45:42.878 [main] DEBUG c.i.webscraper.scraper.WebScraper -          Image captured: Docker Bridge Network → https://interview.in28minutes.com/img/docker/docker-bridge-network.jpg
2026-06-22 16:45:42.878 [main] DEBUG c.i.webscraper.scraper.WebScraper -          Image captured: Docker Host Network → https://interview.in28minutes.com/img/docker/docker-host-network.jpg
2026-06-22 16:45:42.878 [main] DEBUG c.i.webscraper.scraper.WebScraper -        Q[17chars] | A[204chars] | Code[0]
2026-06-22 16:45:42.878 [main] INFO  c.i.webscraper.scraper.WebScraper -      10 Q&A pair(s) extracted.
2026-06-22 16:45:42.878 [main] INFO  c.i.webscraper.scraper.WebScraper - Topic 'Docker' complete → 10 section(s).
2026-06-22 16:45:42.878 [main] INFO  c.i.webscraper.scraper.WebScraper - ---------- Topic: Kubernetes → https://interview.in28minutes.com/kubernetes/
2026-06-22 16:45:42.878 [main] DEBUG c.i.webscraper.scraper.WebScraper - Sleeping 2500ms (attempt 1/3) before: https://interview.in28minutes.com/kubernetes/
2026-06-22 16:45:45.481 [main] DEBUG c.i.webscraper.scraper.WebScraper - HTTP 200 ← https://interview.in28minutes.com/kubernetes/
2026-06-22 16:45:45.484 [main] DEBUG c.i.webscraper.scraper.WebScraper - Topic 'Kubernetes' → 10 card(s) found.
2026-06-22 16:45:45.484 [main] INFO  c.i.webscraper.scraper.WebScraper -   → Section: 'Kubernetes Landscape' (https://interview.in28minutes.com/interview-guides/kubernetes/kubernetes-landscape/)
2026-06-22 16:45:45.484 [main] DEBUG c.i.webscraper.scraper.WebScraper - Sleeping 2500ms (attempt 1/3) before: https://interview.in28minutes.com/interview-guides/kubernetes/kubernetes-landscape/
2026-06-22 16:45:48.829 [main] DEBUG c.i.webscraper.scraper.WebScraper - HTTP 200 ← https://interview.in28minutes.com/interview-guides/kubernetes/kubernetes-landscape/
2026-06-22 16:45:48.836 [main] DEBUG c.i.webscraper.scraper.WebScraper -      6 question heading(s) in 'Kubernetes Landscape'.
2026-06-22 16:45:48.836 [main] DEBUG c.i.webscraper.scraper.WebScraper -          Image captured: Microservices → https://interview.in28minutes.com/img/kubernetes/microservices.jpg
2026-06-22 16:45:48.837 [main] DEBUG c.i.webscraper.scraper.WebScraper -        Q[60chars] | A[598chars] | Code[0]
2026-06-22 16:45:48.838 [main] DEBUG c.i.webscraper.scraper.WebScraper -        Q[57chars] | A[2666chars] | Code[0]
2026-06-22 16:45:48.839 [main] DEBUG c.i.webscraper.scraper.WebScraper -        Q[38chars] | A[893chars] | Code[0]
2026-06-22 16:45:48.840 [main] DEBUG c.i.webscraper.scraper.WebScraper -        Q[28chars] | A[1071chars] | Code[0]
2026-06-22 16:45:48.840 [main] DEBUG c.i.webscraper.scraper.WebScraper -        Q[53chars] | A[988chars] | Code[0]
2026-06-22 16:45:48.842 [main] DEBUG c.i.webscraper.scraper.WebScraper -        Q[39chars] | A[674chars] | Code[0]
2026-06-22 16:45:48.842 [main] INFO  c.i.webscraper.scraper.WebScraper -      6 Q&A pair(s) extracted.
2026-06-22 16:45:48.843 [main] INFO  c.i.webscraper.scraper.WebScraper -   → Section: 'Kubernetes Fundamentals' (https://interview.in28minutes.com/interview-guides/kubernetes/kubernetes-fundamentals/)
2026-06-22 16:45:48.843 [main] DEBUG c.i.webscraper.scraper.WebScraper - Sleeping 2500ms (attempt 1/3) before: https://interview.in28minutes.com/interview-guides/kubernetes/kubernetes-fundamentals/
2026-06-22 16:45:52.180 [main] DEBUG c.i.webscraper.scraper.WebScraper - HTTP 200 ← https://interview.in28minutes.com/interview-guides/kubernetes/kubernetes-fundamentals/
2026-06-22 16:45:52.185 [main] DEBUG c.i.webscraper.scraper.WebScraper -      6 question heading(s) in 'Kubernetes Fundamentals'.
2026-06-22 16:45:52.185 [main] DEBUG c.i.webscraper.scraper.WebScraper -          Image captured: Kubernetes Physical View → https://interview.in28minutes.com/img/kubernetes/kubernetes-physical-view.jpg
2026-06-22 16:45:52.186 [main] DEBUG c.i.webscraper.scraper.WebScraper -        Q[40chars] | A[1650chars] | Code[0]
2026-06-22 16:45:52.186 [main] DEBUG c.i.webscraper.scraper.WebScraper -        Q[53chars] | A[1268chars] | Code[2]
2026-06-22 16:45:52.187 [main] DEBUG c.i.webscraper.scraper.WebScraper -          Image captured: Kubernetes Logical View → https://interview.in28minutes.com/img/kubernetes/kubernetes-logical-view.jpg
2026-06-22 16:45:52.187 [main] DEBUG c.i.webscraper.scraper.WebScraper -        Q[63chars] | A[1326chars] | Code[0]
2026-06-22 16:45:52.188 [main] DEBUG c.i.webscraper.scraper.WebScraper -        Q[60chars] | A[1250chars] | Code[1]
2026-06-22 16:45:52.188 [main] DEBUG c.i.webscraper.scraper.WebScraper -        Q[62chars] | A[1511chars] | Code[1]
2026-06-22 16:45:52.189 [main] DEBUG c.i.webscraper.scraper.WebScraper -        Q[73chars] | A[1854chars] | Code[1]
2026-06-22 16:45:52.189 [main] INFO  c.i.webscraper.scraper.WebScraper -      6 Q&A pair(s) extracted.
2026-06-22 16:45:52.189 [main] INFO  c.i.webscraper.scraper.WebScraper -   → Section: 'Kubernetes Services and Networking' (https://interview.in28minutes.com/interview-guides/kubernetes/kubernetes-services-and-networking/)
2026-06-22 16:45:52.189 [main] DEBUG c.i.webscraper.scraper.WebScraper - Sleeping 2500ms (attempt 1/3) before: https://interview.in28minutes.com/interview-guides/kubernetes/kubernetes-services-and-networking/
2026-06-22 16:45:54.878 [main] DEBUG c.i.webscraper.scraper.WebScraper - HTTP 200 ← https://interview.in28minutes.com/interview-guides/kubernetes/kubernetes-services-and-networking/
2026-06-22 16:45:54.883 [main] DEBUG c.i.webscraper.scraper.WebScraper -      9 question heading(s) in 'Kubernetes Services and Networking'.
2026-06-22 16:45:54.884 [main] DEBUG c.i.webscraper.scraper.WebScraper -          Image captured: Kubernetes Logical View → https://interview.in28minutes.com/img/kubernetes/kubernetes-logical-view.jpg
2026-06-22 16:45:54.885 [main] DEBUG c.i.webscraper.scraper.WebScraper -        Q[36chars] | A[333chars] | Code[1]
2026-06-22 16:45:54.885 [main] DEBUG c.i.webscraper.scraper.WebScraper -          Image captured: Kubernetes Physical View → https://interview.in28minutes.com/img/kubernetes/kubernetes-physical-view.jpg
2026-06-22 16:45:54.885 [main] DEBUG c.i.webscraper.scraper.WebScraper -        Q[41chars] | A[1122chars] | Code[0]
2026-06-22 16:45:54.888 [main] DEBUG c.i.webscraper.scraper.WebScraper -        Q[29chars] | A[2847chars] | Code[0]
2026-06-22 16:45:54.888 [main] DEBUG c.i.webscraper.scraper.WebScraper -        Q[56chars] | A[967chars] | Code[0]
2026-06-22 16:45:54.889 [main] DEBUG c.i.webscraper.scraper.WebScraper -        Q[47chars] | A[1420chars] | Code[0]
2026-06-22 16:45:54.890 [main] DEBUG c.i.webscraper.scraper.WebScraper -        Q[45chars] | A[3682chars] | Code[0]
2026-06-22 16:45:54.891 [main] DEBUG c.i.webscraper.scraper.WebScraper -        Q[26chars] | A[710chars] | Code[1]
2026-06-22 16:45:54.891 [main] DEBUG c.i.webscraper.scraper.WebScraper -        Q[37chars] | A[1063chars] | Code[0]
2026-06-22 16:45:54.892 [main] DEBUG c.i.webscraper.scraper.WebScraper -        Q[40chars] | A[809chars] | Code[0]
2026-06-22 16:45:54.892 [main] INFO  c.i.webscraper.scraper.WebScraper -      9 Q&A pair(s) extracted.
2026-06-22 16:45:54.892 [main] INFO  c.i.webscraper.scraper.WebScraper -   → Section: 'More Kubernetes Fundamentals' (https://interview.in28minutes.com/interview-guides/kubernetes/more-kubernetes-fundamentals/)
2026-06-22 16:45:54.892 [main] DEBUG c.i.webscraper.scraper.WebScraper - Sleeping 2500ms (attempt 1/3) before: https://interview.in28minutes.com/interview-guides/kubernetes/more-kubernetes-fundamentals/
2026-06-22 16:45:57.570 [main] DEBUG c.i.webscraper.scraper.WebScraper - HTTP 200 ← https://interview.in28minutes.com/interview-guides/kubernetes/more-kubernetes-fundamentals/
2026-06-22 16:45:57.580 [main] DEBUG c.i.webscraper.scraper.WebScraper -      18 question heading(s) in 'More Kubernetes Fundamentals'.
2026-06-22 16:45:57.580 [main] DEBUG c.i.webscraper.scraper.WebScraper -          Image captured: Labels → https://interview.in28minutes.com/img/kubernetes/kubernetes-labels.jpg
2026-06-22 16:45:57.580 [main] DEBUG c.i.webscraper.scraper.WebScraper -        Q[36chars] | A[1554chars] | Code[1]
2026-06-22 16:45:57.580 [main] DEBUG c.i.webscraper.scraper.WebScraper -        Q[34chars] | A[31chars] | Code[2]
2026-06-22 16:45:57.582 [main] DEBUG c.i.webscraper.scraper.WebScraper -        Q[31chars] | A[75chars] | Code[1]
2026-06-22 16:45:57.582 [main] DEBUG c.i.webscraper.scraper.WebScraper -        Q[35chars] | A[313chars] | Code[3]
2026-06-22 16:45:57.582 [main] DEBUG c.i.webscraper.scraper.WebScraper -        Q[47chars] | A[1068chars] | Code[0]
2026-06-22 16:45:57.583 [main] DEBUG c.i.webscraper.scraper.WebScraper -        Q[39chars] | A[734chars] | Code[0]
2026-06-22 16:45:57.583 [main] DEBUG c.i.webscraper.scraper.WebScraper -        Q[20chars] | A[971chars] | Code[2]
2026-06-22 16:45:57.583 [main] DEBUG c.i.webscraper.scraper.WebScraper -        Q[19chars] | A[378chars] | Code[0]
2026-06-22 16:45:57.584 [main] DEBUG c.i.webscraper.scraper.WebScraper -        Q[33chars] | A[800chars] | Code[0]
2026-06-22 16:45:57.584 [main] DEBUG c.i.webscraper.scraper.WebScraper -        Q[60chars] | A[154chars] | Code[1]
2026-06-22 16:45:57.584 [main] DEBUG c.i.webscraper.scraper.WebScraper -        Q[38chars] | A[423chars] | Code[0]
2026-06-22 16:45:57.584 [main] DEBUG c.i.webscraper.scraper.WebScraper -        Q[43chars] | A[507chars] | Code[0]
2026-06-22 16:45:57.585 [main] DEBUG c.i.webscraper.scraper.WebScraper -        Q[40chars] | A[241chars] | Code[1]
2026-06-22 16:45:57.585 [main] DEBUG c.i.webscraper.scraper.WebScraper -        Q[32chars] | A[1046chars] | Code[1]
2026-06-22 16:45:57.585 [main] DEBUG c.i.webscraper.scraper.WebScraper -        Q[30chars] | A[749chars] | Code[0]
2026-06-22 16:45:57.586 [main] DEBUG c.i.webscraper.scraper.WebScraper -        Q[27chars] | A[859chars] | Code[0]
2026-06-22 16:45:57.586 [main] DEBUG c.i.webscraper.scraper.WebScraper -        Q[51chars] | A[302chars] | Code[0]
2026-06-22 16:45:57.586 [main] DEBUG c.i.webscraper.scraper.WebScraper -        Q[49chars] | A[1285chars] | Code[0]
2026-06-22 16:45:57.586 [main] INFO  c.i.webscraper.scraper.WebScraper -      18 Q&A pair(s) extracted.
2026-06-22 16:45:57.586 [main] INFO  c.i.webscraper.scraper.WebScraper -   → Section: 'Kubernetes Storage' (https://interview.in28minutes.com/interview-guides/kubernetes/kubernetes-storage/)
2026-06-22 16:45:57.586 [main] DEBUG c.i.webscraper.scraper.WebScraper - Sleeping 2500ms (attempt 1/3) before: https://interview.in28minutes.com/interview-guides/kubernetes/kubernetes-storage/
2026-06-22 16:46:00.285 [main] DEBUG c.i.webscraper.scraper.WebScraper - HTTP 200 ← https://interview.in28minutes.com/interview-guides/kubernetes/kubernetes-storage/
2026-06-22 16:46:00.295 [main] DEBUG c.i.webscraper.scraper.WebScraper -      11 question heading(s) in 'Kubernetes Storage'.
2026-06-22 16:46:00.295 [main] DEBUG c.i.webscraper.scraper.WebScraper -        Q[69chars] | A[547chars] | Code[0]
2026-06-22 16:46:00.295 [main] DEBUG c.i.webscraper.scraper.WebScraper -        Q[43chars] | A[764chars] | Code[0]
2026-06-22 16:46:00.296 [main] DEBUG c.i.webscraper.scraper.WebScraper -        Q[57chars] | A[521chars] | Code[1]
2026-06-22 16:46:00.296 [main] DEBUG c.i.webscraper.scraper.WebScraper -        Q[35chars] | A[724chars] | Code[1]
2026-06-22 16:46:00.296 [main] DEBUG c.i.webscraper.scraper.WebScraper -        Q[36chars] | A[714chars] | Code[1]
2026-06-22 16:46:00.296 [main] DEBUG c.i.webscraper.scraper.WebScraper -        Q[47chars] | A[311chars] | Code[1]
2026-06-22 16:46:00.297 [main] DEBUG c.i.webscraper.scraper.WebScraper -        Q[59chars] | A[209chars] | Code[1]
2026-06-22 16:46:00.297 [main] DEBUG c.i.webscraper.scraper.WebScraper -        Q[42chars] | A[1098chars] | Code[0]
2026-06-22 16:46:00.297 [main] DEBUG c.i.webscraper.scraper.WebScraper -        Q[112chars] | A[1189chars] | Code[0]
2026-06-22 16:46:00.298 [main] DEBUG c.i.webscraper.scraper.WebScraper -        Q[46chars] | A[712chars] | Code[1]
2026-06-22 16:46:00.298 [main] DEBUG c.i.webscraper.scraper.WebScraper -        Q[78chars] | A[1263chars] | Code[1]
2026-06-22 16:46:00.298 [main] INFO  c.i.webscraper.scraper.WebScraper -      11 Q&A pair(s) extracted.
2026-06-22 16:46:00.298 [main] INFO  c.i.webscraper.scraper.WebScraper -   → Section: 'Kubernetes Security' (https://interview.in28minutes.com/interview-guides/kubernetes/kubernetes-security/)
2026-06-22 16:46:00.298 [main] DEBUG c.i.webscraper.scraper.WebScraper - Sleeping 2500ms (attempt 1/3) before: https://interview.in28minutes.com/interview-guides/kubernetes/kubernetes-security/
2026-06-22 16:46:02.982 [main] DEBUG c.i.webscraper.scraper.WebScraper - HTTP 200 ← https://interview.in28minutes.com/interview-guides/kubernetes/kubernetes-security/
2026-06-22 16:46:02.990 [main] DEBUG c.i.webscraper.scraper.WebScraper -      10 question heading(s) in 'Kubernetes Security'.
2026-06-22 16:46:02.991 [main] DEBUG c.i.webscraper.scraper.WebScraper -        Q[51chars] | A[2124chars] | Code[0]
2026-06-22 16:46:02.991 [main] DEBUG c.i.webscraper.scraper.WebScraper -        Q[49chars] | A[794chars] | Code[1]
2026-06-22 16:46:02.992 [main] DEBUG c.i.webscraper.scraper.WebScraper -        Q[44chars] | A[671chars] | Code[1]
2026-06-22 16:46:02.992 [main] DEBUG c.i.webscraper.scraper.WebScraper -        Q[56chars] | A[867chars] | Code[1]
2026-06-22 16:46:02.992 [main] DEBUG c.i.webscraper.scraper.WebScraper -        Q[38chars] | A[1067chars] | Code[0]
2026-06-22 16:46:02.993 [main] DEBUG c.i.webscraper.scraper.WebScraper -        Q[42chars] | A[0chars] | Code[1]
2026-06-22 16:46:02.993 [main] DEBUG c.i.webscraper.scraper.WebScraper -        Q[39chars] | A[1214chars] | Code[0]
2026-06-22 16:46:02.993 [main] DEBUG c.i.webscraper.scraper.WebScraper -        Q[87chars] | A[1599chars] | Code[1]
2026-06-22 16:46:02.994 [main] DEBUG c.i.webscraper.scraper.WebScraper -        Q[37chars] | A[925chars] | Code[1]
2026-06-22 16:46:02.994 [main] DEBUG c.i.webscraper.scraper.WebScraper -        Q[79chars] | A[1428chars] | Code[0]
2026-06-22 16:46:02.994 [main] INFO  c.i.webscraper.scraper.WebScraper -      10 Q&A pair(s) extracted.
2026-06-22 16:46:02.994 [main] INFO  c.i.webscraper.scraper.WebScraper -   → Section: 'Kubernetes Scheduling' (https://interview.in28minutes.com/interview-guides/kubernetes/kubernetes-scheduling/)
2026-06-22 16:46:02.994 [main] DEBUG c.i.webscraper.scraper.WebScraper - Sleeping 2500ms (attempt 1/3) before: https://interview.in28minutes.com/interview-guides/kubernetes/kubernetes-scheduling/
2026-06-22 16:46:05.675 [main] DEBUG c.i.webscraper.scraper.WebScraper - HTTP 200 ← https://interview.in28minutes.com/interview-guides/kubernetes/kubernetes-scheduling/
2026-06-22 16:46:05.682 [main] DEBUG c.i.webscraper.scraper.WebScraper -      13 question heading(s) in 'Kubernetes Scheduling'.
2026-06-22 16:46:05.682 [main] DEBUG c.i.webscraper.scraper.WebScraper -        Q[35chars] | A[817chars] | Code[0]
2026-06-22 16:46:05.682 [main] DEBUG c.i.webscraper.scraper.WebScraper -        Q[32chars] | A[0chars] | Code[1]
2026-06-22 16:46:05.683 [main] DEBUG c.i.webscraper.scraper.WebScraper -        Q[63chars] | A[464chars] | Code[1]
2026-06-22 16:46:05.684 [main] DEBUG c.i.webscraper.scraper.WebScraper -        Q[28chars] | A[826chars] | Code[0]
2026-06-22 16:46:05.685 [main] DEBUG c.i.webscraper.scraper.WebScraper -        Q[31chars] | A[0chars] | Code[1]
2026-06-22 16:46:05.685 [main] DEBUG c.i.webscraper.scraper.WebScraper -        Q[22chars] | A[772chars] | Code[0]
2026-06-22 16:46:05.685 [main] DEBUG c.i.webscraper.scraper.WebScraper -        Q[32chars] | A[0chars] | Code[1]
2026-06-22 16:46:05.685 [main] DEBUG c.i.webscraper.scraper.WebScraper -        Q[50chars] | A[658chars] | Code[0]
2026-06-22 16:46:05.686 [main] DEBUG c.i.webscraper.scraper.WebScraper -        Q[32chars] | A[1180chars] | Code[0]
2026-06-22 16:46:05.686 [main] DEBUG c.i.webscraper.scraper.WebScraper -        Q[41chars] | A[0chars] | Code[1]
2026-06-22 16:46:05.686 [main] DEBUG c.i.webscraper.scraper.WebScraper -        Q[32chars] | A[648chars] | Code[1]
2026-06-22 16:46:05.686 [main] DEBUG c.i.webscraper.scraper.WebScraper -        Q[15chars] | A[674chars] | Code[0]
2026-06-22 16:46:05.687 [main] DEBUG c.i.webscraper.scraper.WebScraper -        Q[40chars] | A[871chars] | Code[0]
2026-06-22 16:46:05.687 [main] INFO  c.i.webscraper.scraper.WebScraper -      13 Q&A pair(s) extracted.
2026-06-22 16:46:05.687 [main] INFO  c.i.webscraper.scraper.WebScraper -   → Section: 'Kubernetes Observability' (https://interview.in28minutes.com/interview-guides/kubernetes/kubernetes-observability/)
2026-06-22 16:46:05.687 [main] DEBUG c.i.webscraper.scraper.WebScraper - Sleeping 2500ms (attempt 1/3) before: https://interview.in28minutes.com/interview-guides/kubernetes/kubernetes-observability/
2026-06-22 16:46:08.390 [main] DEBUG c.i.webscraper.scraper.WebScraper - HTTP 200 ← https://interview.in28minutes.com/interview-guides/kubernetes/kubernetes-observability/
2026-06-22 16:46:08.393 [main] DEBUG c.i.webscraper.scraper.WebScraper -      9 question heading(s) in 'Kubernetes Observability'.
2026-06-22 16:46:08.394 [main] DEBUG c.i.webscraper.scraper.WebScraper -        Q[19chars] | A[960chars] | Code[0]
2026-06-22 16:46:08.394 [main] DEBUG c.i.webscraper.scraper.WebScraper -        Q[22chars] | A[992chars] | Code[0]
2026-06-22 16:46:08.394 [main] DEBUG c.i.webscraper.scraper.WebScraper -        Q[27chars] | A[1086chars] | Code[0]
2026-06-22 16:46:08.395 [main] DEBUG c.i.webscraper.scraper.WebScraper -        Q[22chars] | A[1220chars] | Code[0]
2026-06-22 16:46:08.395 [main] DEBUG c.i.webscraper.scraper.WebScraper -        Q[50chars] | A[831chars] | Code[0]
2026-06-22 16:46:08.395 [main] DEBUG c.i.webscraper.scraper.WebScraper -        Q[29chars] | A[760chars] | Code[0]
2026-06-22 16:46:08.395 [main] DEBUG c.i.webscraper.scraper.WebScraper -        Q[44chars] | A[1367chars] | Code[0]
2026-06-22 16:46:08.395 [main] DEBUG c.i.webscraper.scraper.WebScraper -        Q[24chars] | A[1092chars] | Code[1]
2026-06-22 16:46:08.395 [main] DEBUG c.i.webscraper.scraper.WebScraper -        Q[33chars] | A[599chars] | Code[1]
2026-06-22 16:46:08.395 [main] INFO  c.i.webscraper.scraper.WebScraper -      9 Q&A pair(s) extracted.
2026-06-22 16:46:08.395 [main] INFO  c.i.webscraper.scraper.WebScraper -   → Section: 'More Kubernetes Essentials' (https://interview.in28minutes.com/interview-guides/kubernetes/more-kubernetes-essentials/)
2026-06-22 16:46:08.395 [main] DEBUG c.i.webscraper.scraper.WebScraper - Sleeping 2500ms (attempt 1/3) before: https://interview.in28minutes.com/interview-guides/kubernetes/more-kubernetes-essentials/
2026-06-22 16:46:11.062 [main] DEBUG c.i.webscraper.scraper.WebScraper - HTTP 200 ← https://interview.in28minutes.com/interview-guides/kubernetes/more-kubernetes-essentials/
2026-06-22 16:46:11.068 [main] DEBUG c.i.webscraper.scraper.WebScraper -      11 question heading(s) in 'More Kubernetes Essentials'.
2026-06-22 16:46:11.070 [main] DEBUG c.i.webscraper.scraper.WebScraper -        Q[12chars] | A[1464chars] | Code[0]
2026-06-22 16:46:11.070 [main] DEBUG c.i.webscraper.scraper.WebScraper -        Q[12chars] | A[796chars] | Code[0]
2026-06-22 16:46:11.071 [main] DEBUG c.i.webscraper.scraper.WebScraper -        Q[12chars] | A[1221chars] | Code[0]
2026-06-22 16:46:11.071 [main] DEBUG c.i.webscraper.scraper.WebScraper -        Q[53chars] | A[1013chars] | Code[0]
2026-06-22 16:46:11.071 [main] DEBUG c.i.webscraper.scraper.WebScraper -        Q[45chars] | A[846chars] | Code[0]
2026-06-22 16:46:11.072 [main] DEBUG c.i.webscraper.scraper.WebScraper -        Q[19chars] | A[1578chars] | Code[1]
2026-06-22 16:46:11.072 [main] DEBUG c.i.webscraper.scraper.WebScraper -        Q[24chars] | A[903chars] | Code[0]
2026-06-22 16:46:11.072 [main] DEBUG c.i.webscraper.scraper.WebScraper -        Q[26chars] | A[880chars] | Code[1]
2026-06-22 16:46:11.073 [main] DEBUG c.i.webscraper.scraper.WebScraper -        Q[18chars] | A[945chars] | Code[2]
2026-06-22 16:46:11.073 [main] DEBUG c.i.webscraper.scraper.WebScraper -        Q[25chars] | A[731chars] | Code[0]
2026-06-22 16:46:11.073 [main] DEBUG c.i.webscraper.scraper.WebScraper -        Q[56chars] | A[1880chars] | Code[0]
2026-06-22 16:46:11.073 [main] INFO  c.i.webscraper.scraper.WebScraper -      11 Q&A pair(s) extracted.
2026-06-22 16:46:11.073 [main] INFO  c.i.webscraper.scraper.WebScraper -   → Section: 'Kubernetes Interview - Diagrams' (https://interview.in28minutes.com/interview-guides/kubernetes/kubernetes-interview-diagrams/)
2026-06-22 16:46:11.073 [main] DEBUG c.i.webscraper.scraper.WebScraper - Sleeping 2500ms (attempt 1/3) before: https://interview.in28minutes.com/interview-guides/kubernetes/kubernetes-interview-diagrams/
2026-06-22 16:46:13.678 [main] DEBUG c.i.webscraper.scraper.WebScraper - HTTP 200 ← https://interview.in28minutes.com/interview-guides/kubernetes/kubernetes-interview-diagrams/
2026-06-22 16:46:13.682 [main] DEBUG c.i.webscraper.scraper.WebScraper -      16 question heading(s) in 'Kubernetes Interview - Diagrams'.
2026-06-22 16:46:13.683 [main] DEBUG c.i.webscraper.scraper.WebScraper -          Image captured: Microservices → https://interview.in28minutes.com/img/kubernetes/microservices.jpg
2026-06-22 16:46:13.683 [main] DEBUG c.i.webscraper.scraper.WebScraper -        Q[13chars] | A[91chars] | Code[0]
2026-06-22 16:46:13.683 [main] DEBUG c.i.webscraper.scraper.WebScraper -          Image captured: Need For Container Orchestration → https://interview.in28minutes.com/img/kubernetes/need_for_container_orchestration.jpg
2026-06-22 16:46:13.683 [main] DEBUG c.i.webscraper.scraper.WebScraper -        Q[32chars] | A[129chars] | Code[0]
2026-06-22 16:46:13.684 [main] DEBUG c.i.webscraper.scraper.WebScraper -        Q[26chars] | A[0chars] | Code[1]
2026-06-22 16:46:13.684 [main] DEBUG c.i.webscraper.scraper.WebScraper -        Q[26chars] | A[0chars] | Code[1]
2026-06-22 16:46:13.684 [main] DEBUG c.i.webscraper.scraper.WebScraper -          Image captured: Kubernetes Logical View → https://interview.in28minutes.com/img/kubernetes/kubernetes-logical-view.jpg
2026-06-22 16:46:13.684 [main] DEBUG c.i.webscraper.scraper.WebScraper -        Q[23chars] | A[111chars] | Code[0]
2026-06-22 16:46:13.684 [main] DEBUG c.i.webscraper.scraper.WebScraper -          Image captured: Kubernetes Physical View → https://interview.in28minutes.com/img/kubernetes/kubernetes-physical-view.jpg
2026-06-22 16:46:13.684 [main] DEBUG c.i.webscraper.scraper.WebScraper -        Q[24chars] | A[113chars] | Code[0]
2026-06-22 16:46:13.684 [main] DEBUG c.i.webscraper.scraper.WebScraper -          Image captured: A/B Testing → https://interview.in28minutes.com/img/kubernetes/release-01-ab-testing.jpg
2026-06-22 16:46:13.685 [main] DEBUG c.i.webscraper.scraper.WebScraper -        Q[11chars] | A[97chars] | Code[0]
2026-06-22 16:46:13.685 [main] DEBUG c.i.webscraper.scraper.WebScraper -          Image captured: Blue Green Deployment → https://interview.in28minutes.com/img/kubernetes/release-02-blue-green.jpg
2026-06-22 16:46:13.685 [main] DEBUG c.i.webscraper.scraper.WebScraper -        Q[21chars] | A[107chars] | Code[0]
2026-06-22 16:46:13.685 [main] DEBUG c.i.webscraper.scraper.WebScraper -          Image captured: Canary Deployment → https://interview.in28minutes.com/img/kubernetes/release-03-canary.jpg
2026-06-22 16:46:13.685 [main] DEBUG c.i.webscraper.scraper.WebScraper -        Q[17chars] | A[99chars] | Code[0]
2026-06-22 16:46:13.685 [main] DEBUG c.i.webscraper.scraper.WebScraper -          Image captured: Recreate → https://interview.in28minutes.com/img/kubernetes/release-04-recreate.jpg
2026-06-22 16:46:13.685 [main] DEBUG c.i.webscraper.scraper.WebScraper -        Q[8chars] | A[92chars] | Code[0]
2026-06-22 16:46:13.685 [main] DEBUG c.i.webscraper.scraper.WebScraper -          Image captured: Rolling Updates → https://interview.in28minutes.com/img/kubernetes/release-05-rolling.jpg
2026-06-22 16:46:13.686 [main] DEBUG c.i.webscraper.scraper.WebScraper -        Q[15chars] | A[98chars] | Code[0]
2026-06-22 16:46:13.686 [main] DEBUG c.i.webscraper.scraper.WebScraper -          Image captured: Rolling Updates with Additional Instances → https://interview.in28minutes.com/img/kubernetes/release-06-rolling-additional.jpg
2026-06-22 16:46:13.686 [main] DEBUG c.i.webscraper.scraper.WebScraper -        Q[41chars] | A[135chars] | Code[0]
2026-06-22 16:46:13.686 [main] DEBUG c.i.webscraper.scraper.WebScraper -        Q[7chars] | A[0chars] | Code[1]
2026-06-22 16:46:13.686 [main] DEBUG c.i.webscraper.scraper.WebScraper -          Image captured: Labels → https://interview.in28minutes.com/img/kubernetes/kubernetes-labels.jpg
2026-06-22 16:46:13.686 [main] DEBUG c.i.webscraper.scraper.WebScraper -        Q[6chars] | A[107chars] | Code[0]
2026-06-22 16:46:13.686 [main] DEBUG c.i.webscraper.scraper.WebScraper -        Q[7chars] | A[0chars] | Code[1]
2026-06-22 16:46:13.686 [main] DEBUG c.i.webscraper.scraper.WebScraper -        Q[12chars] | A[0chars] | Code[1]
2026-06-22 16:46:13.686 [main] INFO  c.i.webscraper.scraper.WebScraper -      16 Q&A pair(s) extracted.
2026-06-22 16:46:13.686 [main] INFO  c.i.webscraper.scraper.WebScraper - Topic 'Kubernetes' complete → 10 section(s).
2026-06-22 16:46:13.686 [main] INFO  c.i.webscraper.scraper.WebScraper - ---------- Topic: Terraform → https://interview.in28minutes.com/terraform/
2026-06-22 16:46:13.687 [main] DEBUG c.i.webscraper.scraper.WebScraper - Sleeping 2500ms (attempt 1/3) before: https://interview.in28minutes.com/terraform/
2026-06-22 16:46:17.019 [main] DEBUG c.i.webscraper.scraper.WebScraper - HTTP 200 ← https://interview.in28minutes.com/terraform/
2026-06-22 16:46:17.023 [main] DEBUG c.i.webscraper.scraper.WebScraper - Topic 'Terraform' → 5 card(s) found.
2026-06-22 16:46:17.024 [main] INFO  c.i.webscraper.scraper.WebScraper -   → Section: 'Introduction to Terraform' (https://interview.in28minutes.com/interview-guides/terraform/introduction-to-terraform/)
2026-06-22 16:46:17.024 [main] DEBUG c.i.webscraper.scraper.WebScraper - Sleeping 2500ms (attempt 1/3) before: https://interview.in28minutes.com/interview-guides/terraform/introduction-to-terraform/
2026-06-22 16:46:20.063 [main] DEBUG c.i.webscraper.scraper.WebScraper - HTTP 200 ← https://interview.in28minutes.com/interview-guides/terraform/introduction-to-terraform/
2026-06-22 16:46:20.068 [main] DEBUG c.i.webscraper.scraper.WebScraper -      9 question heading(s) in 'Introduction to Terraform'.
2026-06-22 16:46:20.069 [main] DEBUG c.i.webscraper.scraper.WebScraper -          Image captured: Environments Are Not All The Same → https://interview.in28minutes.com/img/terraform/environments-differences.jpg
2026-06-22 16:46:20.069 [main] DEBUG c.i.webscraper.scraper.WebScraper -        Q[18chars] | A[1368chars] | Code[0]
2026-06-22 16:46:20.069 [main] DEBUG c.i.webscraper.scraper.WebScraper -        Q[58chars] | A[1831chars] | Code[0]
2026-06-22 16:46:20.070 [main] DEBUG c.i.webscraper.scraper.WebScraper -        Q[80chars] | A[1062chars] | Code[0]
2026-06-22 16:46:20.070 [main] DEBUG c.i.webscraper.scraper.WebScraper -        Q[28chars] | A[1247chars] | Code[0]
2026-06-22 16:46:20.070 [main] DEBUG c.i.webscraper.scraper.WebScraper -        Q[46chars] | A[1044chars] | Code[1]
2026-06-22 16:46:20.071 [main] DEBUG c.i.webscraper.scraper.WebScraper -        Q[43chars] | A[2302chars] | Code[0]
2026-06-22 16:46:20.071 [main] DEBUG c.i.webscraper.scraper.WebScraper -        Q[62chars] | A[884chars] | Code[0]
2026-06-22 16:46:20.071 [main] DEBUG c.i.webscraper.scraper.WebScraper -        Q[42chars] | A[1068chars] | Code[1]
2026-06-22 16:46:20.072 [main] DEBUG c.i.webscraper.scraper.WebScraper -        Q[60chars] | A[432chars] | Code[1]
2026-06-22 16:46:20.072 [main] INFO  c.i.webscraper.scraper.WebScraper -      9 Q&A pair(s) extracted.
2026-06-22 16:46:20.072 [main] INFO  c.i.webscraper.scraper.WebScraper -   → Section: 'Terraform Language - HCL' (https://interview.in28minutes.com/interview-guides/terraform/terraform-language-hcl/)
2026-06-22 16:46:20.072 [main] DEBUG c.i.webscraper.scraper.WebScraper - Sleeping 2500ms (attempt 1/3) before: https://interview.in28minutes.com/interview-guides/terraform/terraform-language-hcl/
2026-06-22 16:46:23.082 [main] DEBUG c.i.webscraper.scraper.WebScraper - HTTP 200 ← https://interview.in28minutes.com/interview-guides/terraform/terraform-language-hcl/
2026-06-22 16:46:23.089 [main] DEBUG c.i.webscraper.scraper.WebScraper -      8 question heading(s) in 'Terraform Language - HCL'.
2026-06-22 16:46:23.090 [main] DEBUG c.i.webscraper.scraper.WebScraper -        Q[68chars] | A[866chars] | Code[0]
2026-06-22 16:46:23.090 [main] DEBUG c.i.webscraper.scraper.WebScraper -        Q[68chars] | A[550chars] | Code[1]
2026-06-22 16:46:23.090 [main] DEBUG c.i.webscraper.scraper.WebScraper -        Q[38chars] | A[824chars] | Code[1]
2026-06-22 16:46:23.091 [main] DEBUG c.i.webscraper.scraper.WebScraper -        Q[65chars] | A[503chars] | Code[1]
2026-06-22 16:46:23.091 [main] DEBUG c.i.webscraper.scraper.WebScraper -        Q[35chars] | A[792chars] | Code[1]
2026-06-22 16:46:23.092 [main] DEBUG c.i.webscraper.scraper.WebScraper -        Q[54chars] | A[920chars] | Code[4]
2026-06-22 16:46:23.093 [main] DEBUG c.i.webscraper.scraper.WebScraper -        Q[49chars] | A[1001chars] | Code[1]
2026-06-22 16:46:23.093 [main] DEBUG c.i.webscraper.scraper.WebScraper -        Q[50chars] | A[135chars] | Code[1]
2026-06-22 16:46:23.093 [main] INFO  c.i.webscraper.scraper.WebScraper -      8 Q&A pair(s) extracted.
2026-06-22 16:46:23.093 [main] INFO  c.i.webscraper.scraper.WebScraper -   → Section: 'Terraform State Management' (https://interview.in28minutes.com/interview-guides/terraform/terraform-state-management/)
2026-06-22 16:46:23.094 [main] DEBUG c.i.webscraper.scraper.WebScraper - Sleeping 2500ms (attempt 1/3) before: https://interview.in28minutes.com/interview-guides/terraform/terraform-state-management/
2026-06-22 16:46:26.110 [main] DEBUG c.i.webscraper.scraper.WebScraper - HTTP 200 ← https://interview.in28minutes.com/interview-guides/terraform/terraform-state-management/
2026-06-22 16:46:26.119 [main] DEBUG c.i.webscraper.scraper.WebScraper -      8 question heading(s) in 'Terraform State Management'.
2026-06-22 16:46:26.120 [main] DEBUG c.i.webscraper.scraper.WebScraper -        Q[37chars] | A[1264chars] | Code[0]
2026-06-22 16:46:26.121 [main] DEBUG c.i.webscraper.scraper.WebScraper -          Image captured: Terraform State → https://interview.in28minutes.com/img/terraform/terraform-state.jpg
2026-06-22 16:46:26.124 [main] DEBUG c.i.webscraper.scraper.WebScraper -        Q[42chars] | A[4904chars] | Code[4]
2026-06-22 16:46:26.124 [main] DEBUG c.i.webscraper.scraper.WebScraper -        Q[49chars] | A[958chars] | Code[1]
2026-06-22 16:46:26.125 [main] DEBUG c.i.webscraper.scraper.WebScraper -        Q[60chars] | A[523chars] | Code[1]
2026-06-22 16:46:26.125 [main] DEBUG c.i.webscraper.scraper.WebScraper -        Q[18chars] | A[2007chars] | Code[0]
2026-06-22 16:46:26.127 [main] DEBUG c.i.webscraper.scraper.WebScraper -        Q[30chars] | A[2340chars] | Code[0]
2026-06-22 16:46:26.127 [main] DEBUG c.i.webscraper.scraper.WebScraper -        Q[73chars] | A[682chars] | Code[2]
2026-06-22 16:46:26.128 [main] DEBUG c.i.webscraper.scraper.WebScraper -        Q[64chars] | A[829chars] | Code[1]
2026-06-22 16:46:26.128 [main] INFO  c.i.webscraper.scraper.WebScraper -      8 Q&A pair(s) extracted.
2026-06-22 16:46:26.128 [main] INFO  c.i.webscraper.scraper.WebScraper -   → Section: 'Terraform Best Practices' (https://interview.in28minutes.com/interview-guides/terraform/terraform-best-practices/)
2026-06-22 16:46:26.128 [main] DEBUG c.i.webscraper.scraper.WebScraper - Sleeping 2500ms (attempt 1/3) before: https://interview.in28minutes.com/interview-guides/terraform/terraform-best-practices/
2026-06-22 16:46:29.186 [main] DEBUG c.i.webscraper.scraper.WebScraper - HTTP 200 ← https://interview.in28minutes.com/interview-guides/terraform/terraform-best-practices/
2026-06-22 16:46:29.191 [main] DEBUG c.i.webscraper.scraper.WebScraper -      8 question heading(s) in 'Terraform Best Practices'.
2026-06-22 16:46:29.192 [main] DEBUG c.i.webscraper.scraper.WebScraper -        Q[52chars] | A[1467chars] | Code[1]
2026-06-22 16:46:29.192 [main] DEBUG c.i.webscraper.scraper.WebScraper -        Q[55chars] | A[1090chars] | Code[1]
2026-06-22 16:46:29.193 [main] DEBUG c.i.webscraper.scraper.WebScraper -        Q[27chars] | A[1729chars] | Code[3]
2026-06-22 16:46:29.193 [main] DEBUG c.i.webscraper.scraper.WebScraper -          Image captured: Terraform State For Difference Environments → https://interview.in28minutes.com/img/terraform/environments-states.jpg
2026-06-22 16:46:29.193 [main] DEBUG c.i.webscraper.scraper.WebScraper -        Q[42chars] | A[1485chars] | Code[0]
2026-06-22 16:46:29.193 [main] DEBUG c.i.webscraper.scraper.WebScraper -          Image captured: Terraform State For Difference Environments → https://interview.in28minutes.com/img/terraform/environments-states.jpg
2026-06-22 16:46:29.194 [main] DEBUG c.i.webscraper.scraper.WebScraper -        Q[62chars] | A[1233chars] | Code[0]
2026-06-22 16:46:29.194 [main] DEBUG c.i.webscraper.scraper.WebScraper -        Q[37chars] | A[789chars] | Code[0]
2026-06-22 16:46:29.194 [main] DEBUG c.i.webscraper.scraper.WebScraper -        Q[38chars] | A[1222chars] | Code[0]
2026-06-22 16:46:29.195 [main] DEBUG c.i.webscraper.scraper.WebScraper -        Q[27chars] | A[2676chars] | Code[0]
2026-06-22 16:46:29.195 [main] INFO  c.i.webscraper.scraper.WebScraper -      8 Q&A pair(s) extracted.
2026-06-22 16:46:29.195 [main] INFO  c.i.webscraper.scraper.WebScraper -   → Section: 'Terraform Interview - Diagrams' (https://interview.in28minutes.com/interview-guides/terraform/terraform-interview-diagrams/)
2026-06-22 16:46:29.195 [main] DEBUG c.i.webscraper.scraper.WebScraper - Sleeping 2500ms (attempt 1/3) before: https://interview.in28minutes.com/interview-guides/terraform/terraform-interview-diagrams/
2026-06-22 16:46:32.198 [main] DEBUG c.i.webscraper.scraper.WebScraper - HTTP 200 ← https://interview.in28minutes.com/interview-guides/terraform/terraform-interview-diagrams/
2026-06-22 16:46:32.202 [main] DEBUG c.i.webscraper.scraper.WebScraper -      4 question heading(s) in 'Terraform Interview - Diagrams'.
2026-06-22 16:46:32.202 [main] DEBUG c.i.webscraper.scraper.WebScraper -          Image captured: Terraform State → https://interview.in28minutes.com/img/terraform/terraform-state.jpg
2026-06-22 16:46:32.202 [main] DEBUG c.i.webscraper.scraper.WebScraper -        Q[15chars] | A[94chars] | Code[0]
2026-06-22 16:46:32.202 [main] DEBUG c.i.webscraper.scraper.WebScraper -          Image captured: Terraform State For Difference Environments → https://interview.in28minutes.com/img/terraform/environments-states.jpg
2026-06-22 16:46:32.202 [main] DEBUG c.i.webscraper.scraper.WebScraper -        Q[43chars] | A[126chars] | Code[0]
2026-06-22 16:46:32.203 [main] DEBUG c.i.webscraper.scraper.WebScraper -          Image captured: Environments → https://interview.in28minutes.com/img/terraform/environments.jpg
2026-06-22 16:46:32.203 [main] DEBUG c.i.webscraper.scraper.WebScraper -        Q[12chars] | A[88chars] | Code[0]
2026-06-22 16:46:32.203 [main] DEBUG c.i.webscraper.scraper.WebScraper -          Image captured: Environments Are Not All The Same → https://interview.in28minutes.com/img/terraform/environments-differences.jpg
2026-06-22 16:46:32.203 [main] DEBUG c.i.webscraper.scraper.WebScraper -        Q[34chars] | A[121chars] | Code[0]
2026-06-22 16:46:32.203 [main] INFO  c.i.webscraper.scraper.WebScraper -      4 Q&A pair(s) extracted.
2026-06-22 16:46:32.203 [main] INFO  c.i.webscraper.scraper.WebScraper - Topic 'Terraform' complete → 5 section(s).
2026-06-22 16:46:32.203 [main] INFO  c.i.webscraper.scraper.WebScraper - ---------- Topic: Git → https://interview.in28minutes.com/git/
2026-06-22 16:46:32.203 [main] DEBUG c.i.webscraper.scraper.WebScraper - Sleeping 2500ms (attempt 1/3) before: https://interview.in28minutes.com/git/
2026-06-22 16:46:35.565 [main] DEBUG c.i.webscraper.scraper.WebScraper - HTTP 200 ← https://interview.in28minutes.com/git/
2026-06-22 16:46:35.568 [main] DEBUG c.i.webscraper.scraper.WebScraper - Topic 'Git' → 4 card(s) found.
2026-06-22 16:46:35.568 [main] INFO  c.i.webscraper.scraper.WebScraper -   → Section: 'Introduction to Git' (https://interview.in28minutes.com/interview-guides/git/introduction-to-git/)
2026-06-22 16:46:35.568 [main] DEBUG c.i.webscraper.scraper.WebScraper - Sleeping 2500ms (attempt 1/3) before: https://interview.in28minutes.com/interview-guides/git/introduction-to-git/
2026-06-22 16:46:38.956 [main] DEBUG c.i.webscraper.scraper.WebScraper - HTTP 200 ← https://interview.in28minutes.com/interview-guides/git/introduction-to-git/
2026-06-22 16:46:38.959 [main] DEBUG c.i.webscraper.scraper.WebScraper -      10 question heading(s) in 'Introduction to Git'.
2026-06-22 16:46:38.959 [main] DEBUG c.i.webscraper.scraper.WebScraper -        Q[33chars] | A[640chars] | Code[1]
2026-06-22 16:46:38.959 [main] DEBUG c.i.webscraper.scraper.WebScraper -        Q[78chars] | A[1305chars] | Code[0]
2026-06-22 16:46:38.959 [main] DEBUG c.i.webscraper.scraper.WebScraper -        Q[42chars] | A[1678chars] | Code[8]
2026-06-22 16:46:38.959 [main] DEBUG c.i.webscraper.scraper.WebScraper -        Q[27chars] | A[1750chars] | Code[0]
2026-06-22 16:46:38.959 [main] DEBUG c.i.webscraper.scraper.WebScraper -        Q[64chars] | A[1128chars] | Code[0]
2026-06-22 16:46:38.960 [main] DEBUG c.i.webscraper.scraper.WebScraper -        Q[15chars] | A[1984chars] | Code[0]
2026-06-22 16:46:38.960 [main] DEBUG c.i.webscraper.scraper.WebScraper -        Q[85chars] | A[1112chars] | Code[1]
2026-06-22 16:46:38.960 [main] DEBUG c.i.webscraper.scraper.WebScraper -        Q[38chars] | A[2220chars] | Code[0]
2026-06-22 16:46:38.960 [main] DEBUG c.i.webscraper.scraper.WebScraper -        Q[54chars] | A[1702chars] | Code[0]
2026-06-22 16:46:38.960 [main] DEBUG c.i.webscraper.scraper.WebScraper -        Q[65chars] | A[1263chars] | Code[0]
2026-06-22 16:46:38.960 [main] INFO  c.i.webscraper.scraper.WebScraper -      10 Q&A pair(s) extracted.
2026-06-22 16:46:38.960 [main] INFO  c.i.webscraper.scraper.WebScraper -   → Section: 'Git Branching' (https://interview.in28minutes.com/interview-guides/git/git-branching/)
2026-06-22 16:46:38.960 [main] DEBUG c.i.webscraper.scraper.WebScraper - Sleeping 2500ms (attempt 1/3) before: https://interview.in28minutes.com/interview-guides/git/git-branching/
2026-06-22 16:46:42.238 [main] DEBUG c.i.webscraper.scraper.WebScraper - HTTP 200 ← https://interview.in28minutes.com/interview-guides/git/git-branching/
2026-06-22 16:46:42.243 [main] DEBUG c.i.webscraper.scraper.WebScraper -      7 question heading(s) in 'Git Branching'.
2026-06-22 16:46:42.244 [main] DEBUG c.i.webscraper.scraper.WebScraper -        Q[38chars] | A[1565chars] | Code[0]
2026-06-22 16:46:42.244 [main] DEBUG c.i.webscraper.scraper.WebScraper -        Q[69chars] | A[978chars] | Code[1]
2026-06-22 16:46:42.245 [main] DEBUG c.i.webscraper.scraper.WebScraper -        Q[52chars] | A[2057chars] | Code[6]
2026-06-22 16:46:42.246 [main] DEBUG c.i.webscraper.scraper.WebScraper -        Q[57chars] | A[5153chars] | Code[0]
2026-06-22 16:46:42.246 [main] DEBUG c.i.webscraper.scraper.WebScraper -        Q[18chars] | A[2563chars] | Code[5]
2026-06-22 16:46:42.247 [main] DEBUG c.i.webscraper.scraper.WebScraper -        Q[18chars] | A[1922chars] | Code[0]
2026-06-22 16:46:42.247 [main] DEBUG c.i.webscraper.scraper.WebScraper -        Q[29chars] | A[1280chars] | Code[0]
2026-06-22 16:46:42.247 [main] INFO  c.i.webscraper.scraper.WebScraper -      7 Q&A pair(s) extracted.
2026-06-22 16:46:42.247 [main] INFO  c.i.webscraper.scraper.WebScraper -   → Section: 'Git - Other Features You Need To Know' (https://interview.in28minutes.com/interview-guides/git/git-other-features-you-need-to-know/)
2026-06-22 16:46:42.247 [main] DEBUG c.i.webscraper.scraper.WebScraper - Sleeping 2500ms (attempt 1/3) before: https://interview.in28minutes.com/interview-guides/git/git-other-features-you-need-to-know/
2026-06-22 16:46:45.712 [main] DEBUG c.i.webscraper.scraper.WebScraper - HTTP 200 ← https://interview.in28minutes.com/interview-guides/git/git-other-features-you-need-to-know/
2026-06-22 16:46:45.717 [main] DEBUG c.i.webscraper.scraper.WebScraper -      9 question heading(s) in 'Git - Other Features You Need To Know'.
2026-06-22 16:46:45.718 [main] DEBUG c.i.webscraper.scraper.WebScraper -        Q[67chars] | A[531chars] | Code[1]
2026-06-22 16:46:45.718 [main] DEBUG c.i.webscraper.scraper.WebScraper -        Q[54chars] | A[574chars] | Code[1]
2026-06-22 16:46:45.718 [main] DEBUG c.i.webscraper.scraper.WebScraper -        Q[80chars] | A[517chars] | Code[1]
2026-06-22 16:46:45.720 [main] DEBUG c.i.webscraper.scraper.WebScraper -        Q[59chars] | A[639chars] | Code[2]
2026-06-22 16:46:45.720 [main] DEBUG c.i.webscraper.scraper.WebScraper -        Q[69chars] | A[1120chars] | Code[0]
2026-06-22 16:46:45.720 [main] DEBUG c.i.webscraper.scraper.WebScraper -        Q[70chars] | A[335chars] | Code[1]
2026-06-22 16:46:45.720 [main] DEBUG c.i.webscraper.scraper.WebScraper -        Q[51chars] | A[276chars] | Code[1]
2026-06-22 16:46:45.721 [main] DEBUG c.i.webscraper.scraper.WebScraper -        Q[60chars] | A[713chars] | Code[1]
2026-06-22 16:46:45.721 [main] DEBUG c.i.webscraper.scraper.WebScraper -        Q[42chars] | A[1307chars] | Code[0]
2026-06-22 16:46:45.721 [main] INFO  c.i.webscraper.scraper.WebScraper -      9 Q&A pair(s) extracted.
2026-06-22 16:46:45.721 [main] INFO  c.i.webscraper.scraper.WebScraper -   → Section: 'Git Interview - Diagrams' (https://interview.in28minutes.com/interview-guides/git/git-interview-diagrams/)
2026-06-22 16:46:45.721 [main] DEBUG c.i.webscraper.scraper.WebScraper - Sleeping 2500ms (attempt 1/3) before: https://interview.in28minutes.com/interview-guides/git/git-interview-diagrams/
2026-06-22 16:46:48.726 [main] DEBUG c.i.webscraper.scraper.WebScraper - HTTP 200 ← https://interview.in28minutes.com/interview-guides/git/git-interview-diagrams/
2026-06-22 16:46:48.730 [main] DEBUG c.i.webscraper.scraper.WebScraper -      9 question heading(s) in 'Git Interview - Diagrams'.
2026-06-22 16:46:48.730 [main] DEBUG c.i.webscraper.scraper.WebScraper -          Image captured: Terraform State → https://interview.in28minutes.com/img/git/one-branch.jpg
2026-06-22 16:46:48.730 [main] DEBUG c.i.webscraper.scraper.WebScraper -          Image captured: Terraform State → https://interview.in28minutes.com/img/git/multiple-branches.jpg
2026-06-22 16:46:48.730 [main] DEBUG c.i.webscraper.scraper.WebScraper -          Image captured: Terraform State → https://interview.in28minutes.com/img/git/git-flow.jpg
2026-06-22 16:46:48.730 [main] DEBUG c.i.webscraper.scraper.WebScraper -        Q[9chars] | A[298chars] | Code[0]
2026-06-22 16:46:48.730 [main] DEBUG c.i.webscraper.scraper.WebScraper -        Q[16chars] | A[0chars] | Code[1]
2026-06-22 16:46:48.730 [main] DEBUG c.i.webscraper.scraper.WebScraper -        Q[15chars] | A[0chars] | Code[1]
2026-06-22 16:46:48.732 [main] DEBUG c.i.webscraper.scraper.WebScraper -        Q[20chars] | A[0chars] | Code[1]
2026-06-22 16:46:48.732 [main] DEBUG c.i.webscraper.scraper.WebScraper -        Q[19chars] | A[0chars] | Code[1]
2026-06-22 16:46:48.732 [main] DEBUG c.i.webscraper.scraper.WebScraper -        Q[19chars] | A[0chars] | Code[1]
2026-06-22 16:46:48.732 [main] DEBUG c.i.webscraper.scraper.WebScraper -        Q[38chars] | A[0chars] | Code[1]
2026-06-22 16:46:48.732 [main] DEBUG c.i.webscraper.scraper.WebScraper -        Q[7chars] | A[0chars] | Code[1]
2026-06-22 16:46:48.732 [main] DEBUG c.i.webscraper.scraper.WebScraper -        Q[10chars] | A[0chars] | Code[1]
2026-06-22 16:46:48.733 [main] INFO  c.i.webscraper.scraper.WebScraper -      9 Q&A pair(s) extracted.
2026-06-22 16:46:48.733 [main] INFO  c.i.webscraper.scraper.WebScraper - Topic 'Git' complete → 4 section(s).
2026-06-22 16:46:48.733 [main] INFO  c.i.webscraper.scraper.WebScraper - ===== Done. 7 book(s) populated. =====
2026-06-22 16:46:48.733 [main] INFO  com.in28minutes.webscraper.Main - Phase 1 complete. 7 topic(s) scraped successfully:
2026-06-22 16:46:48.733 [main] INFO  com.in28minutes.webscraper.Main -   • Java → 17 section(s)
2026-06-22 16:46:48.733 [main] INFO  com.in28minutes.webscraper.Main -   • DevOps → 2 section(s)
2026-06-22 16:46:48.734 [main] INFO  com.in28minutes.webscraper.Main -   • Cloud → 8 section(s)
2026-06-22 16:46:48.734 [main] INFO  com.in28minutes.webscraper.Main -   • Docker → 10 section(s)
2026-06-22 16:46:48.734 [main] INFO  com.in28minutes.webscraper.Main -   • Kubernetes → 10 section(s)
2026-06-22 16:46:48.734 [main] INFO  com.in28minutes.webscraper.Main -   • Terraform → 5 section(s)
2026-06-22 16:46:48.734 [main] INFO  com.in28minutes.webscraper.Main -   • Git → 4 section(s)
2026-06-22 16:46:48.734 [main] INFO  com.in28minutes.webscraper.Main - Phase 2: PDF generation initiated.
2026-06-22 16:46:49.041 [main] INFO  c.i.webscraper.pdf.PdfGenerator - ===== PDF generation: 7 book(s) =====
2026-06-22 16:46:49.043 [main] INFO  c.i.webscraper.pdf.PdfGenerator - Generating: Java_Interview_Guide.pdf
2026-06-22 16:46:51.194 [main] INFO  c.i.webscraper.pdf.PdfGenerator -   Written: Java_Interview_Guide.pdf (592 KB)
2026-06-22 16:46:51.194 [main] INFO  c.i.webscraper.pdf.PdfGenerator - Generating: DevOps_Interview_Guide.pdf
2026-06-22 16:47:00.370 [main] INFO  c.i.webscraper.pdf.PdfGenerator -   Written: DevOps_Interview_Guide.pdf (1618 KB)
2026-06-22 16:47:00.370 [main] INFO  c.i.webscraper.pdf.PdfGenerator - Generating: Cloud_Interview_Guide.pdf
2026-06-22 16:47:43.842 [main] INFO  c.i.webscraper.pdf.PdfGenerator -   Written: Cloud_Interview_Guide.pdf (5493 KB)
2026-06-22 16:47:43.842 [main] INFO  c.i.webscraper.pdf.PdfGenerator - Generating: Docker_Interview_Guide.pdf
2026-06-22 16:47:55.153 [main] INFO  c.i.webscraper.pdf.PdfGenerator -   Written: Docker_Interview_Guide.pdf (1723 KB)
2026-06-22 16:47:55.153 [main] INFO  c.i.webscraper.pdf.PdfGenerator - Generating: Kubernetes_Interview_Guide.pdf
2026-06-22 16:48:07.845 [main] INFO  c.i.webscraper.pdf.PdfGenerator -   Written: Kubernetes_Interview_Guide.pdf (5080 KB)
2026-06-22 16:48:07.845 [main] INFO  c.i.webscraper.pdf.PdfGenerator - Generating: Terraform_Interview_Guide.pdf
2026-06-22 16:48:11.184 [main] INFO  c.i.webscraper.pdf.PdfGenerator -   Written: Terraform_Interview_Guide.pdf (594 KB)
2026-06-22 16:48:11.185 [main] INFO  c.i.webscraper.pdf.PdfGenerator - Generating: Git_Interview_Guide.pdf
2026-06-22 16:48:12.363 [main] INFO  c.i.webscraper.pdf.PdfGenerator -   Written: Git_Interview_Guide.pdf (448 KB)
2026-06-22 16:48:12.363 [main] INFO  c.i.webscraper.pdf.PdfGenerator - ===== Done. 7/7 PDF(s) in 'C:\Users\mmohamm1\OneDrive - Capgemini\Desktop\WebScraper\output' =====
2026-06-22 16:48:12.364 [main] INFO  com.in28minutes.webscraper.Main - Phase 3: JSON export for React website initiated.
2026-06-22 16:48:12.764 [main] INFO  c.i.webscraper.json.JsonExporter -   [JSON] Exported: java.json
2026-06-22 16:48:12.773 [main] INFO  c.i.webscraper.json.JsonExporter -   [PDF]  Copied: Java_Interview_Guide.pdf
2026-06-22 16:48:12.778 [main] INFO  c.i.webscraper.json.JsonExporter -   [JSON] Exported: devops.json
2026-06-22 16:48:12.784 [main] INFO  c.i.webscraper.json.JsonExporter -   [PDF]  Copied: DevOps_Interview_Guide.pdf
2026-06-22 16:48:12.793 [main] INFO  c.i.webscraper.json.JsonExporter -   [JSON] Exported: cloud.json
2026-06-22 16:48:12.802 [main] INFO  c.i.webscraper.json.JsonExporter -   [PDF]  Copied: Cloud_Interview_Guide.pdf
2026-06-22 16:48:12.811 [main] INFO  c.i.webscraper.json.JsonExporter -   [JSON] Exported: docker.json
2026-06-22 16:48:12.816 [main] INFO  c.i.webscraper.json.JsonExporter -   [PDF]  Copied: Docker_Interview_Guide.pdf
2026-06-22 16:48:12.823 [main] INFO  c.i.webscraper.json.JsonExporter -   [JSON] Exported: kubernetes.json
2026-06-22 16:48:12.831 [main] INFO  c.i.webscraper.json.JsonExporter -   [PDF]  Copied: Kubernetes_Interview_Guide.pdf
2026-06-22 16:48:12.836 [main] INFO  c.i.webscraper.json.JsonExporter -   [JSON] Exported: terraform.json
2026-06-22 16:48:12.841 [main] INFO  c.i.webscraper.json.JsonExporter -   [PDF]  Copied: Terraform_Interview_Guide.pdf
2026-06-22 16:48:12.847 [main] INFO  c.i.webscraper.json.JsonExporter -   [JSON] Exported: git.json
2026-06-22 16:48:12.851 [main] INFO  c.i.webscraper.json.JsonExporter -   [PDF]  Copied: Git_Interview_Guide.pdf
2026-06-22 16:48:12.855 [main] INFO  c.i.webscraper.json.JsonExporter -   [JSON] index.json written (7 entries).
2026-06-22 16:48:12.855 [main] INFO  com.in28minutes.webscraper.Main - Phase 3 complete. Data written to frontend/public/data/
2026-06-22 16:48:12.855 [main] INFO  com.in28minutes.webscraper.Main - =========================================================
2026-06-22 16:48:12.855 [main] INFO  com.in28minutes.webscraper.Main -   All done!  Elapsed time: 282s
2026-06-22 16:48:12.855 [main] INFO  com.in28minutes.webscraper.Main -   Output directory: C:\Users\mmohamm1\OneDrive - Capgemini\Desktop\WebScraper\output
2026-06-22 16:48:12.857 [main] INFO  com.in28minutes.webscraper.Main -   7 PDF file(s) generated:
2026-06-22 16:48:12.857 [main] INFO  com.in28minutes.webscraper.Main -     → Cloud_Interview_Guide.pdf (5493 KB)
2026-06-22 16:48:12.857 [main] INFO  com.in28minutes.webscraper.Main -     → DevOps_Interview_Guide.pdf (1618 KB)
2026-06-22 16:48:12.857 [main] INFO  com.in28minutes.webscraper.Main -     → Docker_Interview_Guide.pdf (1723 KB)
2026-06-22 16:48:12.857 [main] INFO  com.in28minutes.webscraper.Main -     → Git_Interview_Guide.pdf (448 KB)
2026-06-22 16:48:12.857 [main] INFO  com.in28minutes.webscraper.Main -     → Java_Interview_Guide.pdf (592 KB)
2026-06-22 16:48:12.857 [main] INFO  com.in28minutes.webscraper.Main -     → Kubernetes_Interview_Guide.pdf (5080 KB)
2026-06-22 16:48:12.857 [main] INFO  com.in28minutes.webscraper.Main -     → Terraform_Interview_Guide.pdf (594 KB)
2026-06-22 16:48:12.857 [main] INFO  com.in28minutes.webscraper.Main - =========================================================
